source_dataset,source_row,native_key,native_holder_or_license_id,credential_class,source_status,is_current_active,holder_name_raw,associated_business_name_raw,holder_authority_code,classification,existing_business_id,new_business_candidate_key,reason_code
fl_dbpr_asbestos_59,1,59:AX:AX0000021,AX0000021,AX,C|I,NO,"GROBE, TIMOTHY ALAN",,ff73f08789,PERSON,,,88d06495f9
fl_dbpr_asbestos_59,2,59:AX:AX0000026,AX0000026,AX,C|A,YES,"ROSSINSKY, VICTOR",CRB GEOLOGICAL & ENVIRONMENTAL SERVICES,ff73f08789,PERSON,,,88d06495f9
fl_dbpr_asbestos_59,3,59:AX:AX0000049,AX0000049,AX,C|A,YES,"JUNTUNEN, KURT MICHAEL","WOLF CONSULTING, INC.",ff73f08789,PERSON,,,88d06495f9
fl_dbpr_asbestos_59,4,59:AX:AX0000038,AX0000038,AX,C|A,YES,"DUVALL, MICHAEL C",,ff73f08789,PERSON,,,88d06495f9
fl_dbpr_asbestos_59,5,59:AX:AX0000050,AX0000050,AX,C|A,YES,"BARKEY, JOHN GERARD","CONESTOGA-ROVERS & ASSOCIATES, INC.",ff73f08789,PERSON,,,88d06495f9
fl_dbpr_asbestos_59,6,59:AX:AX0000043,AX0000043,AX,C|A,YES,"LIPSON, STEVEN ANDREW",AIR QUALITY CONSULTING INC,ff73f08789,PERSON,,,88d06495f9
fl_dbpr_asbestos_59,7,59:AX:AX0000022,AX0000022,AX,C|A,YES,"HILLMANN, MARIANNE",,ff73f08789,PERSON,,,88d06495f9
fl_dbpr_asbestos_59,8,59:AX:AX0000042,AX0000042,AX,C|A,YES,"STUMP, JOHN M",,ff73f08789,PERSON,,,88d06495f9
fl_dbpr_asbestos_59,9,59:AX:AX0000030,AX0000030,AX,C|A,YES,"FELL, MADELINE A",,ff73f08789,PERSON,,,88d06495f9
fl_dbpr_asbestos_59,10,59:AX:AX0000034,AX0000034,AX,C|A,YES,"KLAWINSKI, MARK JOSEPH",,ff73f08789,PERSON,,,88d06495f9
fl_dbpr_asbestos_59,11,59:AX:AX0000008,AX0000008,AX,C|A,YES,"OSLEY, PAUL LAWRENCE",J.S. HELD LLC,ff73f08789,PERSON,,,88d06495f9
fl_dbpr_asbestos_59,12,59:AX:AX0000009,AX0000009,AX,C|A,YES,"SCHMALTZ, LAWRENCE GERARD",,ff73f08789,PERSON,,,88d06495f9
fl_dbpr_asbestos_59,13,59:AX:AX0000048,AX0000048,AX,C|A,YES,"NUNEZ, EDWARD A SR",AIR ANALYTICS LLC,ff73f08789,PERSON,,,88d06495f9
fl_dbpr_asbestos_59,14,59:AX:AX0000033,AX0000033,AX,C|A,YES,"MEYER, KAREN M",,ff73f08789,PERSON,,,88d06495f9
fl_dbpr_asbestos_59,15,59:AX:AX0000040,AX0000040,AX,C|A,YES,"BRITAIN, BRIAN JOSEPH",,ff73f08789,PERSON,,,88d06495f9
fl_dbpr_asbestos_59,16,59:AX:AX0000010,AX0000010,AX,C|A,YES,"SCHNEIDER, MARK EDWARD",P.T. & L. ENVIRONMENTAL CONSULTANTS INC,ff73f08789,PERSON,,,88d06495f9
fl_dbpr_asbestos_59,17,59:ZA:ZA0000017,ZA0000017,ZA,C|A,YES,"UNIVERSAL ENGINEERING SCIENCE, INC.",LINDSEY N WEAVER,c8e4558bd3,NEW_BUSINESS_WITH_AUTHORITATIVE_ID,,FL|DBPR|59|ZA|ZA0000017,550a2c612e
fl_dbpr_asbestos_59,18,59:ZA:ZA0000120,ZA0000120,ZA,C|A,YES,"AIS GULF COAST INDUSTRIAL, INC.",DOUG C RICHARDS,c8e4558bd3,NEW_BUSINESS_WITH_AUTHORITATIVE_ID,,FL|DBPR|59|ZA|ZA0000120,550a2c612e
fl_dbpr_asbestos_59,19,59:ZA:ZA0000046,ZA0000046,ZA,C|A,YES,"ENVIRONMENTAL ENGINEERING CONSULTANTS, INC.",JOHN M STUMP,c8e4558bd3,NEW_BUSINESS_WITH_AUTHORITATIVE_ID,,FL|DBPR|59|ZA|ZA0000046,550a2c612e
fl_dbpr_asbestos_59,20,59:ZA:ZA0000096,ZA0000096,ZA,C|A,YES,"DPC GENERAL CONTRACTORS, INC.",FREDERIC CULLTON,c8e4558bd3,NEW_BUSINESS_WITH_AUTHORITATIVE_ID,,FL|DBPR|59|ZA|ZA0000096,550a2c612e
fl_dbpr_asbestos_59,21,59:ZA:ZA0000064,ZA0000064,ZA,C|A,YES,"SUNRISE SYSTEMS OF BREVARD, INC.",MICHAEL E. CROWE,c8e4558bd3,NEW_BUSINESS_WITH_AUTHORITATIVE_ID,,FL|DBPR|59|ZA|ZA0000064,550a2c612e
fl_dbpr_asbestos_59,22,59:ZA:ZA0000045,ZA0000045,ZA,C|A,YES,DYNATECH ENGINEERING CORP.,WISSAM S NAAMANI,c8e4558bd3,NEW_BUSINESS_WITH_AUTHORITATIVE_ID,,FL|DBPR|59|ZA|ZA0000045,550a2c612e
fl_dbpr_asbestos_59,23,59:ZA:ZA0000001,ZA0000001,ZA,C|A,YES,APOLLO ENVIRONMENTAL INC,TIMOTHY F CAUGHEY,c8e4558bd3,NEW_BUSINESS_WITH_AUTHORITATIVE_ID,,FL|DBPR|59|ZA|ZA0000001,550a2c612e
fl_dbpr_asbestos_59,24,59:ZA:ZA0000063,ZA0000063,ZA,C|A,YES,"WOLF CONSULTING, INC.",DANIEL EDWARD WOLF,c8e4558bd3,NEW_BUSINESS_WITH_AUTHORITATIVE_ID,,FL|DBPR|59|ZA|ZA0000063,550a2c612e
fl_dbpr_asbestos_59,25,59:ZA:ZA0000005,ZA0000005,ZA,C|A,YES,DARCCO ENVIRONMENTAL INC,ELISEO GARCIA BUNDOC JR,c8e4558bd3,NEW_BUSINESS_WITH_AUTHORITATIVE_ID,,FL|DBPR|59|ZA|ZA0000005,550a2c612e
fl_dbpr_asbestos_59,26,59:ZA:ZA0000193,ZA0000193,ZA,C|A,YES,COOPER & ASSOCIATES OF FLORIDA,ARTHUR G. KNOX,c8e4558bd3,NEW_BUSINESS_WITH_AUTHORITATIVE_ID,,FL|DBPR|59|ZA|ZA0000193,550a2c612e
fl_dbpr_asbestos_59,27,59:ZA:ZA0000130,ZA0000130,ZA,C|A,YES,PURITY ENVIRONMENTAL SERVICES INC,STEVEN A LIPSON,c8e4558bd3,NEW_BUSINESS_WITH_AUTHORITATIVE_ID,,FL|DBPR|59|ZA|ZA0000130,550a2c612e
fl_dbpr_asbestos_59,28,59:ZA:ZA0000282,ZA0000282,ZA,C|A,YES,"CROSS CONSTRUCTION SERVICES, INC.","ARNEY, RUSSELL E.",c8e4558bd3,NEW_BUSINESS_WITH_AUTHORITATIVE_ID,,FL|DBPR|59|ZA|ZA0000282,550a2c612e
fl_dbpr_asbestos_59,29,59:ZA:ZA0000231,ZA0000231,ZA,C|A,YES,DIVERSIFIED MANAGEMENT & CONSTRUCTION INC,J. MICHAEL BRADSHAW,c8e4558bd3,NEW_BUSINESS_WITH_AUTHORITATIVE_ID,,FL|DBPR|59|ZA|ZA0000231,550a2c612e
fl_dbpr_asbestos_59,30,59:ZA:ZA0000207,ZA0000207,ZA,C|A,YES,"GHP1.COM, INC.","GHP, INC.",c8e4558bd3,NEW_BUSINESS_WITH_AUTHORITATIVE_ID,,FL|DBPR|59|ZA|ZA0000207,550a2c612e
fl_dbpr_asbestos_59,31,59:ZA:ZA0000177,ZA0000177,ZA,C|A,YES,SGF ENVIRONMENT CONSULTANTS INC,"MADELINE A. FELL, P.G.",c8e4558bd3,NEW_BUSINESS_WITH_AUTHORITATIVE_ID,,FL|DBPR|59|ZA|ZA0000177,550a2c612e
fl_dbpr_asbestos_59,32,59:ZA:ZA0000196,ZA0000196,ZA,C|A,YES,"BEST-TEC ASBESTOS ABATEMENT, INC",GREGORY ALAN KLEINRICHERT,c8e4558bd3,NEW_BUSINESS_WITH_AUTHORITATIVE_ID,,FL|DBPR|59|ZA|ZA0000196,550a2c612e
fl_dbpr_asbestos_59,33,59:ZA:ZA0000033,ZA0000033,ZA,C|A,YES,ENVIRONMENTAL SAFETY CONSULTANTS INC,SCOTT A RUSSELL,c8e4558bd3,NEW_BUSINESS_WITH_AUTHORITATIVE_ID,,FL|DBPR|59|ZA|ZA0000033,550a2c612e
fl_dbpr_asbestos_59,34,59:ZA:ZA0000267,ZA0000267,ZA,C|A,YES,SITECH ENVIRONMENTAL CORPORATION,MONA P. JOHNSON,c8e4558bd3,NEW_BUSINESS_WITH_AUTHORITATIVE_ID,,FL|DBPR|59|ZA|ZA0000267,550a2c612e
fl_dbpr_asbestos_59,35,59:ZA:ZA0000271,ZA0000271,ZA,C|A,YES,"ENVIRONMENTAL CONTROL INDUSTRIES, INC.",ROBERT J. LOZANO,c8e4558bd3,NEW_BUSINESS_WITH_AUTHORITATIVE_ID,,FL|DBPR|59|ZA|ZA0000271,550a2c612e
fl_dbpr_asbestos_59,36,59:ZA:ZA0000047,ZA0000047,ZA,C|A,YES,ENVIROW SCIENCE & TECHNOLOGY INC,TIMOTHY F CAUGHEY,c8e4558bd3,NEW_BUSINESS_WITH_AUTHORITATIVE_ID,,FL|DBPR|59|ZA|ZA0000047,550a2c612e
fl_dbpr_asbestos_59,37,59:ZA:ZA0000276,ZA0000276,ZA,C|A,YES,"TIERRA CONSULTING GROUP, LLC",SCOTT C ZEDNEK,c8e4558bd3,NEW_BUSINESS_WITH_AUTHORITATIVE_ID,,FL|DBPR|59|ZA|ZA0000276,550a2c612e
fl_dbpr_asbestos_59,38,59:ZA:ZA101,ZA101,ZA,C|A,YES,"PROFESSIONAL SERVICE INDUSTRIES, INC.",,c8e4558bd3,NEW_BUSINESS_WITH_AUTHORITATIVE_ID,,FL|DBPR|59|ZA|ZA101,550a2c612e
fl_dbpr_asbestos_59,39,59:ZA:ZA0000198,ZA0000198,ZA,C|A,YES,"QUALITY SPECIALTIES, INC",D. BOWEN HYATT,c8e4558bd3,NEW_BUSINESS_WITH_AUTHORITATIVE_ID,,FL|DBPR|59|ZA|ZA0000198,550a2c612e
fl_dbpr_asbestos_59,40,59:ZA:ZA0000094,ZA0000094,ZA,C|A,YES,S&ME INC,KENNETH R. WARREN,c8e4558bd3,NEW_BUSINESS_WITH_AUTHORITATIVE_ID,,FL|DBPR|59|ZA|ZA0000094,550a2c612e
fl_dbpr_asbestos_59,41,59:ZA:ZA0000031,ZA0000031,ZA,C|A,YES,ATC GROUP SERVICES LLC,,c8e4558bd3,NEW_BUSINESS_WITH_AUTHORITATIVE_ID,,FL|DBPR|59|ZA|ZA0000031,550a2c612e
fl_dbpr_asbestos_59,42,59:ZA:ZA0000187,ZA0000187,ZA,C|A,YES,"DEMOLITION & ASBESTOS REMOVAL, INC.",IRVING L. LONDON,c8e4558bd3,NEW_BUSINESS_WITH_AUTHORITATIVE_ID,,FL|DBPR|59|ZA|ZA0000187,550a2c612e
fl_dbpr_asbestos_59,43,59:ZA:ZA0000026,ZA0000026,ZA,C|A,YES,"THE WINTER CONSTRUCTION COMPANY, LLC",THE WINTER CONSTRUCTION COMPANY,c8e4558bd3,NEW_BUSINESS_WITH_AUTHORITATIVE_ID,,FL|DBPR|59|ZA|ZA0000026,550a2c612e
fl_dbpr_asbestos_59,44,59:ZA:ZA0000114,ZA0000114,ZA,C|A,YES,FALKANGER & SNYDER ASBESTOS CONSULTING SVCS,JEFF FALKANGER,c8e4558bd3,NEW_BUSINESS_WITH_AUTHORITATIVE_ID,,FL|DBPR|59|ZA|ZA0000114,550a2c612e
fl_dbpr_asbestos_59,45,59:ZA:ZA0000129,ZA0000129,ZA,C|A,YES,CRB GEOLOGICAL & ENVIRONMENTAL SERVICES INC,"VICTOR ROSSINSKY, JR.",c8e4558bd3,NEW_BUSINESS_WITH_AUTHORITATIVE_ID,,FL|DBPR|59|ZA|ZA0000129,550a2c612e
fl_dbpr_asbestos_59,46,59:ZA:ZA0000164,ZA0000164,ZA,C|A,YES,"ARS ENVIRONMENTAL, INC.",TIMOTHY CAUGHEY,c8e4558bd3,NEW_BUSINESS_WITH_AUTHORITATIVE_ID,,FL|DBPR|59|ZA|ZA0000164,550a2c612e
fl_dbpr_asbestos_59,47,59:ZA:ZA0000010,ZA0000010,ZA,C|A,YES,"ENVIRONMENTAL ASSESSMENTS & CONSULTING, INC.",CHARLES A. OTERO,c8e4558bd3,NEW_BUSINESS_WITH_AUTHORITATIVE_ID,,FL|DBPR|59|ZA|ZA0000010,550a2c612e
fl_dbpr_asbestos_59,48,59:ZA:ZA0000069,ZA0000069,ZA,C|A,YES,EBS ENGINEERING INC,BENJAMIN S. ESSIEN,c8e4558bd3,NEW_BUSINESS_WITH_AUTHORITATIVE_ID,,FL|DBPR|59|ZA|ZA0000069,550a2c612e
fl_dbpr_asbestos_59,49,59:ZA:ZA0000218,ZA0000218,ZA,C|A,YES,ETS ENVIRONMENTAL TESTING SERVICE INC,BRUCE MARCHETTE,c8e4558bd3,NEW_BUSINESS_WITH_AUTHORITATIVE_ID,,FL|DBPR|59|ZA|ZA0000218,550a2c612e
fl_dbpr_asbestos_59,50,59:ZA:ZA0000011,ZA0000011,ZA,C|A,YES,"GAUDET ASSOCIATES, INC.",JOSEPH E. GAUDET,c8e4558bd3,NEW_BUSINESS_WITH_AUTHORITATIVE_ID,,FL|DBPR|59|ZA|ZA0000011,550a2c612e
fl_dbpr_asbestos_59,51,59:ZA:ZA0000235,ZA0000235,ZA,C|A,YES,"BIERLEIN DEMOLITION CONTRACTORS, INC.",PATRICK A. WURTZEL,c8e4558bd3,NEW_BUSINESS_WITH_AUTHORITATIVE_ID,,FL|DBPR|59|ZA|ZA0000235,550a2c612e
fl_dbpr_asbestos_59,52,59:ZA:ZA0000243,ZA0000243,ZA,C|A,YES,ENVIRONEERING INC,TIMOTHY RUDOLPH/ JEANETTE RUDOPLH,c8e4558bd3,NEW_BUSINESS_WITH_AUTHORITATIVE_ID,,FL|DBPR|59|ZA|ZA0000243,550a2c612e
fl_dbpr_asbestos_59,53,59:ZA:ZA0000060,ZA0000060,ZA,C|A,YES,"OHC ENVIRONMENTAL ENGINEERING, INC.",,c8e4558bd3,NEW_BUSINESS_WITH_AUTHORITATIVE_ID,,FL|DBPR|59|ZA|ZA0000060,550a2c612e
fl_dbpr_asbestos_59,54,59:ZA:ZA0000163,ZA0000163,ZA,C|A,YES,ENVIRONMENTAL CONTRACTORS INC,KELLY J. MORAN,c8e4558bd3,NEW_BUSINESS_WITH_AUTHORITATIVE_ID,,FL|DBPR|59|ZA|ZA0000163,550a2c612e
fl_dbpr_asbestos_59,55,59:ZA:ZA0000023,ZA0000023,ZA,C|A,YES,LANG ENVIRONMENTAL INC,CHARLES WAYNE MOWAT,c8e4558bd3,NEW_BUSINESS_WITH_AUTHORITATIVE_ID,,FL|DBPR|59|ZA|ZA0000023,550a2c612e
fl_dbpr_asbestos_59,56,59:ZA:ZA0000009,ZA0000009,ZA,C|A,YES,"CROSS ENVIRONMENTAL SERVICES, INC.",CLYDE A. BISTON,c8e4558bd3,NEW_BUSINESS_WITH_AUTHORITATIVE_ID,,FL|DBPR|59|ZA|ZA0000009,550a2c612e
fl_dbpr_asbestos_59,57,59:ZA:ZA0000018,ZA0000018,ZA,C|A,YES,"BIG BEND ABATEMENT, INC.",THOMAS W. SOWELL,c8e4558bd3,NEW_BUSINESS_WITH_AUTHORITATIVE_ID,,FL|DBPR|59|ZA|ZA0000018,550a2c612e
fl_dbpr_asbestos_59,58,59:ZA:ZA0000013,ZA0000013,ZA,C|A,YES,HARMAC INC,THOMAS HARTLEY,c8e4558bd3,NEW_BUSINESS_WITH_AUTHORITATIVE_ID,,FL|DBPR|59|ZA|ZA0000013,550a2c612e
fl_dbpr_asbestos_59,59,59:ZA:ZA0000034,ZA0000034,ZA,C|A,YES,GLE ASSOCIATES INC,ROBERT BLAIR GREENE,c8e4558bd3,NEW_BUSINESS_WITH_AUTHORITATIVE_ID,,FL|DBPR|59|ZA|ZA0000034,550a2c612e
fl_dbpr_asbestos_59,60,59:ZA:ZA0000029,ZA0000029,ZA,C|A,YES,"ARDAMAN & ASSOCIATES, INC.",ASHBY BEE HOOVER,c8e4558bd3,NEW_BUSINESS_WITH_AUTHORITATIVE_ID,,FL|DBPR|59|ZA|ZA0000029,550a2c612e
fl_dbpr_asbestos_59,61,59:ZA:ZA0000190,ZA0000190,ZA,C|A,YES,BRADCO ABATEMENT CONTRACTORS INC,JERRY F. BRADLEY,c8e4558bd3,NEW_BUSINESS_WITH_AUTHORITATIVE_ID,,FL|DBPR|59|ZA|ZA0000190,550a2c612e
fl_dbpr_asbestos_59,62,59:ZA:ZA0000210,ZA0000210,ZA,C|A,YES,A AND L REMEDIATION SERVICES INC,NATASHA MCDONALD,c8e4558bd3,NEW_BUSINESS_WITH_AUTHORITATIVE_ID,,FL|DBPR|59|ZA|ZA0000210,550a2c612e
fl_dbpr_asbestos_59,63,59:ZA:ZA0000226,ZA0000226,ZA,C|A,YES,DONLYN ENVIRONMENTAL INC,LYNDON HUGHES,c8e4558bd3,NEW_BUSINESS_WITH_AUTHORITATIVE_ID,,FL|DBPR|59|ZA|ZA0000226,550a2c612e
fl_dbpr_asbestos_59,64,59:ZA:ZA0000268,ZA0000268,ZA,C|A,YES,GREENFIELD ENVIRONMENTAL INC,"LENTZ, TIMOTHY DAVID",c8e4558bd3,NEW_BUSINESS_WITH_AUTHORITATIVE_ID,,FL|DBPR|59|ZA|ZA0000268,550a2c612e
fl_dbpr_asbestos_59,65,59:ZA:ZA0000270,ZA0000270,ZA,C|A,YES,"MIHIR ENVIRONICS, INC",AJAYKUMAR J. THAKKAR,c8e4558bd3,NEW_BUSINESS_WITH_AUTHORITATIVE_ID,,FL|DBPR|59|ZA|ZA0000270,550a2c612e
fl_dbpr_asbestos_59,66,59:ZA:ZA0000290,ZA0000290,ZA,C|A,YES,ALACHUA ENVIRONMENTAL SERVICES INC,OWEN E THORNTON,c8e4558bd3,NEW_BUSINESS_WITH_AUTHORITATIVE_ID,,FL|DBPR|59|ZA|ZA0000290,550a2c612e
fl_dbpr_asbestos_59,67,59:ZA:ZA0000092,ZA0000092,ZA,C|A,YES,SOUTHERN EARTH SCIENCES INC,MARK E. WILSON,c8e4558bd3,NEW_BUSINESS_WITH_AUTHORITATIVE_ID,,FL|DBPR|59|ZA|ZA0000092,550a2c612e
fl_dbpr_asbestos_59,68,59:ZA:ZA0000081,ZA0000081,ZA,C|A,YES,DECON ENVIRONMENTAL & ENGINEERING INC,ALON LEVIN,c8e4558bd3,NEW_BUSINESS_WITH_AUTHORITATIVE_ID,,FL|DBPR|59|ZA|ZA0000081,550a2c612e
fl_dbpr_asbestos_59,69,59:ZA:ZA0000171,ZA0000171,ZA,C|A,YES,DRS OF CENTRAL FLORIDA INC,RICHARD RAO,c8e4558bd3,NEW_BUSINESS_WITH_AUTHORITATIVE_ID,,FL|DBPR|59|ZA|ZA0000171,550a2c612e
fl_dbpr_asbestos_59,70,59:ZA:ZA0000139,ZA0000139,ZA,C|A,YES,AMERICAN MANAGEMENT RESOURCES CORPORATION,JACK SNIDER III,c8e4558bd3,NEW_BUSINESS_WITH_AUTHORITATIVE_ID,,FL|DBPR|59|ZA|ZA0000139,550a2c612e
fl_dbpr_asbestos_59,71,59:CJC:CJC056710,CJC056710,CJC,C|I,NO,"LIVINGSTON, DEBBIE K",,ff73f08789,PERSON,,,88d06495f9
fl_dbpr_asbestos_59,72,59:CJC:CJC056717,CJC056717,CJC,C|I,NO,"SIMPSON, WILTON EARL",,ff73f08789,PERSON,,,88d06495f9
fl_dbpr_asbestos_59,73,59:CJC:CJC054110,CJC054110,CJC,C|I,NO,"BLACKWELL, SAMUEL WAYNE",,ff73f08789,PERSON,,,88d06495f9
fl_dbpr_asbestos_59,74,59:CJC:CJC046271,CJC046271,CJC,C|I,NO,"OTAZO, JULIO OSCAR",,ff73f08789,PERSON,,,88d06495f9
fl_dbpr_asbestos_59,75,59:CJC:CJC056658,CJC056658,CJC,C|I,NO,"SCHACHT, THOMAS J",,ff73f08789,PERSON,,,88d06495f9
fl_dbpr_asbestos_59,76,59:CJC:CJC056716,CJC056716,CJC,C|A,YES,"VAUGHN, ROY NEIL","FLORIDA ABATEMENT AND DEMOLITION, INC",ff73f08789,PERSON,,,88d06495f9
fl_dbpr_asbestos_59,77,59:CJC:CJC056715,CJC056715,CJC,C|A,YES,"LEVIN, ALON",,ff73f08789,PERSON,,,88d06495f9
fl_dbpr_asbestos_59,78,59:CJC:CJCA46305,CJCA46305,CJC,C|A,YES,"ROBERTS, RUSSEL L",,ff73f08789,PERSON,,,88d06495f9
fl_dbpr_asbestos_59,79,59:CJC:CJC056727,CJC056727,CJC,C|A,YES,"ANDERSON, JAMES DANIEL JR",,ff73f08789,PERSON,,,88d06495f9
fl_dbpr_asbestos_59,80,59:CJC:CJC046288,CJC046288,CJC,C|A,YES,"GREENE, ROBERT BLAIR",GLE ASSOCIATES INC,ff73f08789,PERSON,,,88d06495f9
fl_dbpr_asbestos_59,81,59:CJC:CJC056718,CJC056718,CJC,C|A,YES,"FRONT, ALEXANDER",,ff73f08789,PERSON,,,88d06495f9
fl_dbpr_asbestos_59,82,59:CJC:CJC051793,CJC051793,CJC,C|A,YES,"RUDDOCK, KENNETH G",KRANE DEVELOPMENT INC D/B/A ADS SERVICES INC,ff73f08789,PERSON,,,88d06495f9
fl_dbpr_asbestos_59,83,59:CJC:CJC056721,CJC056721,CJC,C|A,YES,"COON, THOMAS W",EARTH FRIENDLY CONTRACTING LLC,ff73f08789,PERSON,,,88d06495f9
fl_dbpr_asbestos_59,84,59:CJC:CJC046267,CJC046267,CJC,C|A,YES,"KLEINRICHERT, GREGORY ALAN",,ff73f08789,PERSON,,,88d06495f9
fl_dbpr_asbestos_59,85,59:CJC:CJC056698,CJC056698,CJC,C|A,YES,"HUGHES, LYNDON TODD",DONLYN ENVIRONMENTAL INC,ff73f08789,PERSON,,,88d06495f9
fl_dbpr_asbestos_59,86,59:CJC:CJC054123,CJC054123,CJC,C|A,YES,"WURTZEL, PATRICK ALAN",BIERLEIN COMPANIES,ff73f08789,PERSON,,,88d06495f9
fl_dbpr_asbestos_59,87,59:CJC:CJC056725,CJC056725,CJC,C|A,YES,"ARNEY, RUSSELL E.",,ff73f08789,PERSON,,,88d06495f9
fl_dbpr_asbestos_59,88,59:CJC:CJC048509,CJC048509,CJC,C|A,YES,"KNOX, ARTHUR GERALD",,ff73f08789,PERSON,,,88d06495f9
fl_dbpr_asbestos_59,89,59:CJC:CJC056693,CJC056693,CJC,C|A,YES,"LOZANO, ROBERT JOSE",,ff73f08789,PERSON,,,88d06495f9
fl_dbpr_asbestos_59,90,59:CJC:CJCA54116,CJCA54116,CJC,C|A,YES,"MCCOY, DONALD ROBERT",SOUTHERN GULF ENVIRONMENTAL SERVICES INC.,ff73f08789,PERSON,,,88d06495f9
fl_dbpr_asbestos_59,91,59:CJC:CJC055780,CJC055780,CJC,C|A,YES,"SIEVERS, MARK",MORLEY ENVIRONMENTAL INC,ff73f08789,PERSON,,,88d06495f9
fl_dbpr_asbestos_59,92,59:CJC:CJC056577,CJC056577,CJC,C|A,YES,"HYATT, D BOWEN",,ff73f08789,PERSON,,,88d06495f9
fl_dbpr_asbestos_59,93,59:CJC:CJC056708,CJC056708,CJC,C|A,YES,"MORELL, BRIAN M",,ff73f08789,PERSON,,,88d06495f9
fl_dbpr_asbestos_59,94,59:CJC:CJC049572,CJC049572,CJC,C|A,YES,"BISTON, CLYDE ALAN","CROSS ENVIRONMENTAL SERVICES, INC.",ff73f08789,PERSON,,,88d06495f9
fl_dbpr_asbestos_59,95,59:CJC:CJC056664,CJC056664,CJC,C|A,YES,"CARTER, JERRY WAYNE",,ff73f08789,PERSON,,,88d06495f9
fl_dbpr_asbestos_59,96,59:CJC:CJC056642,CJC056642,CJC,C|A,YES,"BRADLEY, JERRY FULLER II",,ff73f08789,PERSON,,,88d06495f9
fl_dbpr_asbestos_59,97,59:CJC:CJC046328,CJC046328,CJC,C|A,YES,"MORAN, KELLY JOHN",,ff73f08789,PERSON,,,88d06495f9
fl_dbpr_asbestos_59,98,59:CJC:CJC056670,CJC056670,CJC,C|A,YES,"REEVES, JAMES OSCAR",,ff73f08789,PERSON,,,88d06495f9
fl_dbpr_asbestos_59,99,59:CJC:CJC046240,CJC046240,CJC,C|A,YES,"CROWE, MICHAEL E","SUNRISE SYSTEMS OF BREVARD, INC.",ff73f08789,PERSON,,,88d06495f9
fl_dbpr_asbestos_59,100,59:CJC:CJC056661,CJC056661,CJC,C|A,YES,"SOSA, JOSE J",,ff73f08789,PERSON,,,88d06495f9
fl_dbpr_asbestos_59,101,59:CJC:CJC046221,CJC046221,CJC,C|A,YES,"CULLETON, FREDERIC","DPC GENERAL CONTRACTORS, INC.",ff73f08789,PERSON,,,88d06495f9
fl_dbpr_asbestos_59,102,59:CJC:CJC056711,CJC056711,CJC,C|A,YES,"ANDERS, DAVID SCOTT",ANDERS ENVIRONMENTAL GROUP INC,ff73f08789,PERSON,,,88d06495f9
fl_dbpr_asbestos_59,103,59:AF:AF0000019,AF0000019,AF,C|I,NO,"SNYDER, W DOUGLAS",,ff73f08789,PERSON,,,88d06495f9
fl_dbpr_asbestos_59,104,59:AF:AF0000020,AF0000020,AF,C|I,NO,"DOLIN, CHERYL LESLIE",,ff73f08789,PERSON,,,88d06495f9
fl_dbpr_asbestos_59,105,59:AF:AF0000001,AF0000001,AF,C|A,YES,"FALKANGER, JEFFREY",FALKANGER & SNYDER ASBESTOS CONSULT. SV,ff73f08789,PERSON,,,88d06495f9
fl_dbpr_asbestos_59,106,59:DD:DD0000007,DD0000007,DD,C|A,YES,"MITCHELL, ROBERT DAVID",APOLLO ENVIRONMENTAL INC,ff73f08789,PERSON,,,88d06495f9
fl_dbpr_asbestos_59,107,59:EA:EA0000035,EA0000035,EA,C|I,NO,"WOOD, RICHARD GRANT",,ff73f08789,PERSON,,,88d06495f9
fl_dbpr_asbestos_59,108,59:EA:EA0000050,EA0000050,EA,C|A,YES,"CZERWINSKI, DOUGLAS A",,ff73f08789,PERSON,,,88d06495f9
fl_dbpr_asbestos_59,109,59:EA:EA0000072,EA0000072,EA,C|A,YES,"OTERO, CHARLES A",,ff73f08789,PERSON,,,88d06495f9
fl_dbpr_asbestos_59,110,59:EA:EA0000044,EA0000044,EA,C|A,YES,"WINSLOW, KELLY S",ENVIROHOME INC,ff73f08789,PERSON,,,88d06495f9
fl_dbpr_asbestos_59,111,59:EA:EA0000075,EA0000075,EA,C|A,YES,"DUCHENE, BRIAN JAMES",TERRACON CONSULTANTS INC.,ff73f08789,PERSON,,,88d06495f9
fl_dbpr_asbestos_59,112,59:EA:EA0000078,EA0000078,EA,C|A,YES,"MOSHER, DAVID WARNER","APTIM ENVIRONMENTAL & INFRASTRUCTURE, LLC",ff73f08789,PERSON,,,88d06495f9
fl_dbpr_asbestos_59,113,59:EA:EA0000009,EA0000009,EA,C|A,YES,"GREENE, ROBERT BLAIR",GLE ASSOCIATES INC,ff73f08789,PERSON,,,88d06495f9
fl_dbpr_asbestos_59,114,59:EA:EA0000016,EA0000016,EA,C|A,YES,"STAUFFER, RUSSELL E",RESCO RESULTS LLC,ff73f08789,PERSON,,,88d06495f9
fl_dbpr_asbestos_59,115,59:EA:EA0000060,EA0000060,EA,C|A,YES,"CRANDALL, SCOTT S",DIVERSIFIED PROFESSIONAL SERVICES CORP,ff73f08789,PERSON,,,88d06495f9
fl_dbpr_asbestos_59,116,59:EA:EA0000063,EA0000063,EA,C|A,YES,"SWARR, PETER CHRISTIAN","PBO3 ENVIRONMENTAL TESTING & SVC COMPANY, INC.",ff73f08789,PERSON,,,88d06495f9
fl_dbpr_asbestos_59,117,59:EA:EA0000077,EA0000077,EA,C|A,YES,"GARCIA, LEO",,ff73f08789,PERSON,,,88d06495f9
fl_dbpr_asbestos_59,118,59:EA:EA0000066,EA0000066,EA,C|A,YES,"BRADSHAW, JOHN MICHAEL",,ff73f08789,PERSON,,,88d06495f9
fl_dbpr_asbestos_59,119,59:EA:EA0000045,EA0000045,EA,C|A,YES,"NAAMANI, WISSAM S",,ff73f08789,PERSON,,,88d06495f9
fl_dbpr_asbestos_59,120,59:EA:EA0000041,EA0000041,EA,C|A,YES,"ROTHENBURG, MICHAEL WHEYLAND",,ff73f08789,PERSON,,,88d06495f9
fl_dbpr_asbestos_59,121,59:EA:EA0000055,EA0000055,EA,C|A,YES,"SOSA, JOSE J",,ff73f08789,PERSON,,,88d06495f9
fl_dbpr_asbestos_59,122,59:EA:EA0000079,EA0000079,EA,C|A,YES,"ESSIEN, BENJAMIN SAM",,ff73f08789,PERSON,,,88d06495f9
fl_dbpr_asbestos_59,123,59:IA:IA0000016,IA0000016,IA,C|A,YES,"CAUGHEY, TIMOTHY F","HENDERSON/BUNDOC ASSOCIATES, LLC",ff73f08789,PERSON,,,88d06495f9
fl_dbpr_asbestos_59,124,59:IA:IA0000041,IA0000041,IA,C|A,YES,"MARCHETTE, BRUCE ERVIN",,ff73f08789,PERSON,,,88d06495f9
fl_dbpr_asbestos_59,125,59:IA:IA0000056,IA0000056,IA,C|A,YES,"THAKKAR, AJAYKUMAR J",,ff73f08789,PERSON,,,88d06495f9
fl_dbpr_asbestos_59,126,59:IA:IA0000022,IA0000022,IA,C|A,YES,"RIZK, JAMES FAHMY",,ff73f08789,PERSON,,,88d06495f9
fl_dbpr_asbestos_59,127,59:IA:IA0000055,IA0000055,IA,C|A,YES,"DURBIN, MICHAEL FRANK",,ff73f08789,PERSON,,,88d06495f9
fl_dbpr_asbestos_59,128,59:IA:IA0000009,IA0000009,IA,C|A,YES,"LITRIDES, JAMES STEPHEN",,ff73f08789,PERSON,,,88d06495f9
fl_dbpr_asbestos_59,129,59:AX:AX51,AX51,AX,C|A,YES,"ELLIOTT, JAMES EDWARD",GLE ASSOCIATES INC,ff73f08789,PERSON,,,88d06495f9
fl_dbpr_asbestos_59,130,59:CJC:CJC1154126,CJC1154126,CJC,C|A,YES,"ROTH, WILLIAM STANLEY JR",LAKESHORE ENVIRONMENTAL CONTRACTORS LLC,ff73f08789,PERSON,,,88d06495f9
fl_dbpr_asbestos_59,131,59:FO:FO4,FO4,FO,C|-,NO,"EVANS, CHARLES CARROLL",,33aff3115f,EVIDENCE_ONLY,,,8c98bdbd2c
fl_dbpr_asbestos_59,132,59:PVDR:35,35,PVDR,C|-,NO,UNIVERSITY OF FLORIDA/TREEO CENTER,,33aff3115f,EVIDENCE_ONLY,,,8c98bdbd2c
fl_dbpr_asbestos_59,133,59:PVDR:36,36,PVDR,C|-,NO,RETRA TRAINING SERVICES,,33aff3115f,EVIDENCE_ONLY,,,8c98bdbd2c
fl_dbpr_asbestos_59,134,59:PVDR:37,37,PVDR,C|-,NO,AIR ANALYTICS LLC,,33aff3115f,EVIDENCE_ONLY,,,8c98bdbd2c
fl_dbpr_asbestos_59,135,59:PVDR:42,42,PVDR,C|-,NO,ENVIRONMENTAL SAFETY & HEALTH INSTITUTE - FSU,,33aff3115f,EVIDENCE_ONLY,,,8c98bdbd2c
fl_dbpr_asbestos_59,136,59:PVDR:PVD93,PVD93,PVDR,C|-,NO,"GAUDET ASSOCIATES, INC.",JOSEPH E. GAUDET,33aff3115f,EVIDENCE_ONLY,,,8c98bdbd2c
fl_dbpr_asbestos_59,137,59:PVDR:45,45,PVDR,C|-,NO,GLE ASSOCIATES INC,,33aff3115f,EVIDENCE_ONLY,,,8c98bdbd2c
fl_dbpr_asbestos_59,138,59:PVDR:48,48,PVDR,C|-,NO,"MAYHEW ENVIRONMENTAL TRAINING ASSOCIATES, INC",,33aff3115f,EVIDENCE_ONLY,,,8c98bdbd2c
fl_dbpr_asbestos_59,139,59:PVDR:59,59,PVDR,C|-,NO,THE ENVIRONMENTAL INSTITUTE,,33aff3115f,EVIDENCE_ONLY,,,8c98bdbd2c
fl_dbpr_asbestos_59,140,59:PVDR:65,65,PVDR,C|-,NO,AMERICAN MANAGEMENT RESOURCES CORPORATION,,33aff3115f,EVIDENCE_ONLY,,,8c98bdbd2c
fl_dbpr_asbestos_59,141,59:PVDR:46,46,PVDR,C|-,NO,LABORERS SOUTHEAST REGION TRAINING FUND,,33aff3115f,EVIDENCE_ONLY,,,8c98bdbd2c
fl_dbpr_asbestos_59,142,59:PVDR:58,58,PVDR,C|-,NO,ASBESTOS WORKERS REGIONAL LOCAL #207,,33aff3115f,EVIDENCE_ONLY,,,8c98bdbd2c
fl_dbpr_asbestos_59,143,59:AX:AX53,AX53,AX,C|A,YES,"SMITH, LUIS EDUARDO",URS CORPORATION,ff73f08789,PERSON,,,88d06495f9
fl_dbpr_asbestos_59,144,59:ZA:ZA295,ZA295,ZA,C|A,YES,URS CORPORATION,LUIS SMITH,c8e4558bd3,NEW_BUSINESS_WITH_AUTHORITATIVE_ID,,FL|DBPR|59|ZA|ZA295,550a2c612e
fl_dbpr_asbestos_59,145,59:FO:FO7,FO7,FO,C|-,NO,"HORNER, DENNIS",,33aff3115f,EVIDENCE_ONLY,,,8c98bdbd2c
fl_dbpr_asbestos_59,146,59:FO:FO6,FO6,FO,C|-,NO,"DEVINE, MICHAEL J.",,33aff3115f,EVIDENCE_ONLY,,,8c98bdbd2c
fl_dbpr_asbestos_59,147,59:FO:FO5,FO5,FO,C|-,NO,"FRANKS, ROBIN DAVIS",,33aff3115f,EVIDENCE_ONLY,,,8c98bdbd2c
fl_dbpr_asbestos_59,148,59:FO:FO9,FO9,FO,C|-,NO,"EVANS, CHARLES L",,33aff3115f,EVIDENCE_ONLY,,,8c98bdbd2c
fl_dbpr_asbestos_59,149,59:FO:FO8,FO8,FO,C|-,NO,"MAHAN, RICK D",,33aff3115f,EVIDENCE_ONLY,,,8c98bdbd2c
fl_dbpr_asbestos_59,150,59:FO:FO10,FO10,FO,C|-,NO,"BLACKLEDGE, K DAWN",,33aff3115f,EVIDENCE_ONLY,,,8c98bdbd2c
fl_dbpr_asbestos_59,151,59:FO:FO11,FO11,FO,C|-,NO,"BARROSO, ALEX",,33aff3115f,EVIDENCE_ONLY,,,8c98bdbd2c
fl_dbpr_asbestos_59,152,59:FO:FO12,FO12,FO,C|-,NO,"RICHARDSON, WALTER",,33aff3115f,EVIDENCE_ONLY,,,8c98bdbd2c
fl_dbpr_asbestos_59,153,59:FO:FO13,FO13,FO,C|-,NO,"GREENE, ROBERT BLAIR",,33aff3115f,EVIDENCE_ONLY,,,8c98bdbd2c
fl_dbpr_asbestos_59,154,59:FO:FO15,FO15,FO,C|-,NO,"HAMMOND, CLINTON",,33aff3115f,EVIDENCE_ONLY,,,8c98bdbd2c
fl_dbpr_asbestos_59,155,59:FO:FO14,FO14,FO,C|-,NO,"AINSWORTH, KENT P",,33aff3115f,EVIDENCE_ONLY,,,8c98bdbd2c
fl_dbpr_asbestos_59,156,59:FO:FO16,FO16,FO,C|-,NO,"COCHRAN, JOHN PATRICK",,33aff3115f,EVIDENCE_ONLY,,,8c98bdbd2c
fl_dbpr_asbestos_59,157,59:FO:FO17,FO17,FO,C|-,NO,"COOPER, GLENN JR",,33aff3115f,EVIDENCE_ONLY,,,8c98bdbd2c
fl_dbpr_asbestos_59,158,59:FO:FO18,FO18,FO,C|-,NO,"CUNILL, BUENAVENTURA C",,33aff3115f,EVIDENCE_ONLY,,,8c98bdbd2c
fl_dbpr_asbestos_59,159,59:ZA:ZA299,ZA299,ZA,C|-,NO,LAKESHORE ENVIRONMENTAL CONTRACTORS LLC,WILLIAM STANLEY ROTH,c8e4558bd3,NEW_BUSINESS_WITH_AUTHORITATIVE_ID,,FL|DBPR|59|ZA|ZA299,550a2c612e
fl_dbpr_asbestos_59,160,59:FO:FO19,FO19,FO,C|-,NO,"WEILAND, MARK",,33aff3115f,EVIDENCE_ONLY,,,8c98bdbd2c
fl_dbpr_asbestos_59,161,59:CJC:CJC1154131,CJC1154131,CJC,C|A,YES,"KLING, JOHN E",F H ARC ABATEMENT LLC,ff73f08789,PERSON,,,88d06495f9
fl_dbpr_asbestos_59,162,59:CJC:CJC1154133,CJC1154133,CJC,C|A,YES,"RAO, RICHARD",DRS OF CENTRAL FLORIDA INC,ff73f08789,PERSON,,,88d06495f9
fl_dbpr_asbestos_59,163,59:ZA:ZA304,ZA304,ZA,C|-,NO,"AIRQUEST ENVIRONMENTAL, INC.",TRACI-ANNE BOYLE,c8e4558bd3,NEW_BUSINESS_WITH_AUTHORITATIVE_ID,,FL|DBPR|59|ZA|ZA304,550a2c612e
fl_dbpr_asbestos_59,164,59:ZA:ZA308,ZA308,ZA,C|A,YES,"NOVA ENGINEERING AND ENVIRONMENTAL, LLC",LAWRENCE GERARD SCHMALTZ,c8e4558bd3,NEW_BUSINESS_WITH_AUTHORITATIVE_ID,,FL|DBPR|59|ZA|ZA308,550a2c612e
fl_dbpr_asbestos_59,165,59:FO:FO20,FO20,FO,C|-,NO,LAKESHORE ENVIRONMENTAL CONTRACTORS LLC,,33aff3115f,EVIDENCE_ONLY,,,8c98bdbd2c
fl_dbpr_asbestos_59,166,59:FO:FO21,FO21,FO,C|-,NO,"ROTH, WILLIAM STANLEY JR",,33aff3115f,EVIDENCE_ONLY,,,8c98bdbd2c
fl_dbpr_asbestos_59,167,59:CRS1:2,2,CRS1,C|-,NO,"MAYHEW ENVIRONMENTAL TRAINING ASSOCIATES, INC",,33aff3115f,EVIDENCE_ONLY,,,8c98bdbd2c
fl_dbpr_asbestos_59,168,59:CRS1:3,3,CRS1,C|-,NO,RETRA TRAINING SERVICES,,33aff3115f,EVIDENCE_ONLY,,,8c98bdbd2c
fl_dbpr_asbestos_59,169,59:CRS1:6,6,CRS1,C|-,NO,ENVIRONMENTAL SAFETY & HEALTH INSTITUTE - FSU,,33aff3115f,EVIDENCE_ONLY,,,8c98bdbd2c
fl_dbpr_asbestos_59,170,59:CRS1:CRS125,CRS125,CRS1,C|-,NO,ENVIRONMENTAL SAFETY & HEALTH INSTITUTE - FSU,,33aff3115f,EVIDENCE_ONLY,,,8c98bdbd2c
fl_dbpr_asbestos_59,171,59:CRS1:8,8,CRS1,C|-,NO,THE ENVIRONMENTAL INSTITUTE,,33aff3115f,EVIDENCE_ONLY,,,8c98bdbd2c
fl_dbpr_asbestos_59,172,59:CRS1:9,9,CRS1,C|-,NO,THE ENVIRONMENTAL INSTITUTE,,33aff3115f,EVIDENCE_ONLY,,,8c98bdbd2c
fl_dbpr_asbestos_59,173,59:CRS1:14,14,CRS1,C|-,NO,INTERNATIONAL TRAINING INSTITUTE OF S FLA,,33aff3115f,EVIDENCE_ONLY,,,8c98bdbd2c
fl_dbpr_asbestos_59,174,59:CRS1:23,23,CRS1,C|-,NO,RETRA TRAINING SERVICES,,33aff3115f,EVIDENCE_ONLY,,,8c98bdbd2c
fl_dbpr_asbestos_59,175,59:CRS1:31,31,CRS1,C|-,NO,UNIVERSITY OF FLORIDA/TREEO CENTER,,33aff3115f,EVIDENCE_ONLY,,,8c98bdbd2c
fl_dbpr_asbestos_59,176,59:CRS1:32,32,CRS1,C|-,NO,UNIVERSITY OF FLORIDA/TREEO CENTER,,33aff3115f,EVIDENCE_ONLY,,,8c98bdbd2c
fl_dbpr_asbestos_59,177,59:CRS1:33,33,CRS1,C|-,NO,UNIVERSITY OF FLORIDA/TREEO CENTER,,33aff3115f,EVIDENCE_ONLY,,,8c98bdbd2c
fl_dbpr_asbestos_59,178,59:CRS1:34,34,CRS1,C|-,NO,UNIVERSITY OF FLORIDA/TREEO CENTER,,33aff3115f,EVIDENCE_ONLY,,,8c98bdbd2c
fl_dbpr_asbestos_59,179,59:CRS1:38,38,CRS1,C|-,NO,ASBESTOS WORKERS REGIONAL LOCAL #207,,33aff3115f,EVIDENCE_ONLY,,,8c98bdbd2c
fl_dbpr_asbestos_59,180,59:CRS1:39,39,CRS1,C|-,NO,ASBESTOS WORKERS REGIONAL LOCAL #207,,33aff3115f,EVIDENCE_ONLY,,,8c98bdbd2c
fl_dbpr_asbestos_59,181,59:CRS1:41,41,CRS1,C|-,NO,LABORERS SOUTHEAST REGION TRAINING FUND,,33aff3115f,EVIDENCE_ONLY,,,8c98bdbd2c
fl_dbpr_asbestos_59,182,59:CRS1:43,43,CRS1,C|-,NO,"MAYHEW ENVIRONMENTAL TRAINING ASSOCIATES, INC",,33aff3115f,EVIDENCE_ONLY,,,8c98bdbd2c
fl_dbpr_asbestos_59,183,59:CRS1:44,44,CRS1,C|-,NO,"MAYHEW ENVIRONMENTAL TRAINING ASSOCIATES, INC",,33aff3115f,EVIDENCE_ONLY,,,8c98bdbd2c
fl_dbpr_asbestos_59,184,59:CRS1:45,45,CRS1,C|-,NO,"MAYHEW ENVIRONMENTAL TRAINING ASSOCIATES, INC",,33aff3115f,EVIDENCE_ONLY,,,8c98bdbd2c
fl_dbpr_asbestos_59,185,59:CRS1:46,46,CRS1,C|-,NO,"MAYHEW ENVIRONMENTAL TRAINING ASSOCIATES, INC",,33aff3115f,EVIDENCE_ONLY,,,8c98bdbd2c
fl_dbpr_asbestos_59,186,59:CRS1:47,47,CRS1,C|-,NO,RETRA TRAINING SERVICES,,33aff3115f,EVIDENCE_ONLY,,,8c98bdbd2c
fl_dbpr_asbestos_59,187,59:CRS1:CRS100,CRS100,CRS1,C|-,NO,EAGLE ENVIRONMENTAL TRAINING SCHOOL,,33aff3115f,EVIDENCE_ONLY,,,8c98bdbd2c
fl_dbpr_asbestos_59,188,59:CRS1:51,51,CRS1,C|-,NO,THE ENVIRONMENTAL INSTITUTE,,33aff3115f,EVIDENCE_ONLY,,,8c98bdbd2c
fl_dbpr_asbestos_59,189,59:CRS1:52,52,CRS1,C|-,NO,THE ENVIRONMENTAL INSTITUTE,,33aff3115f,EVIDENCE_ONLY,,,8c98bdbd2c
fl_dbpr_asbestos_59,190,59:CRS1:CRS129,CRS129,CRS1,C|-,NO,TENNESSEE ENVIRONMENTAL SERVICES,,33aff3115f,EVIDENCE_ONLY,,,8c98bdbd2c
fl_dbpr_asbestos_59,191,59:CRS2:3,3,CRS2,C|-,NO,"MAYHEW ENVIRONMENTAL TRAINING ASSOCIATES, INC",,33aff3115f,EVIDENCE_ONLY,,,8c98bdbd2c
fl_dbpr_asbestos_59,192,59:CRS2:CRS195,CRS195,CRS2,C|-,NO,AMERICAN MANAGEMENT RESOURCES CORPORATION,,33aff3115f,EVIDENCE_ONLY,,,8c98bdbd2c
fl_dbpr_asbestos_59,193,59:CRS2:CRS194,CRS194,CRS2,C|-,NO,AMERICAN MANAGEMENT RESOURCES CORPORATION,,33aff3115f,EVIDENCE_ONLY,,,8c98bdbd2c
fl_dbpr_asbestos_59,194,59:CRS2:6,6,CRS2,C|-,NO,EAGLE ENVIRONMENTAL TRAINING SCHOOL,,33aff3115f,EVIDENCE_ONLY,,,8c98bdbd2c
fl_dbpr_asbestos_59,195,59:CRS2:7,7,CRS2,C|-,NO,THE ENVIRONMENTAL INSTITUTE,,33aff3115f,EVIDENCE_ONLY,,,8c98bdbd2c
fl_dbpr_asbestos_59,196,59:CRS2:11,11,CRS2,C|-,NO,THE ENVIRONMENTAL INSTITUTE,,33aff3115f,EVIDENCE_ONLY,,,8c98bdbd2c
fl_dbpr_asbestos_59,197,59:CRS2:12,12,CRS2,C|-,NO,LABORERS SOUTHEAST REGION TRAINING FUND,,33aff3115f,EVIDENCE_ONLY,,,8c98bdbd2c
fl_dbpr_asbestos_59,198,59:CRS2:14,14,CRS2,C|-,NO,"MAYHEW ENVIRONMENTAL TRAINING ASSOCIATES, INC",,33aff3115f,EVIDENCE_ONLY,,,8c98bdbd2c
fl_dbpr_asbestos_59,199,59:CRS2:15,15,CRS2,C|-,NO,"MAYHEW ENVIRONMENTAL TRAINING ASSOCIATES, INC",,33aff3115f,EVIDENCE_ONLY,,,8c98bdbd2c
fl_dbpr_asbestos_59,200,59:CRS2:16,16,CRS2,C|-,NO,"MAYHEW ENVIRONMENTAL TRAINING ASSOCIATES, INC",,33aff3115f,EVIDENCE_ONLY,,,8c98bdbd2c
fl_dbpr_asbestos_59,201,59:CRS2:17,17,CRS2,C|-,NO,"MAYHEW ENVIRONMENTAL TRAINING ASSOCIATES, INC",,33aff3115f,EVIDENCE_ONLY,,,8c98bdbd2c
fl_dbpr_asbestos_59,202,59:CRS2:18,18,CRS2,C|-,NO,RETRA TRAINING SERVICES,,33aff3115f,EVIDENCE_ONLY,,,8c98bdbd2c
fl_dbpr_asbestos_59,203,59:CRS2:CRS241,CRS241,CRS2,C|-,NO,TENNESSEE ENVIRONMENTAL SERVICES,,33aff3115f,EVIDENCE_ONLY,,,8c98bdbd2c
fl_dbpr_asbestos_59,204,59:CRS2:20,20,CRS2,C|-,NO,UNIVERSITY OF FLORIDA/TREEO CENTER,,33aff3115f,EVIDENCE_ONLY,,,8c98bdbd2c
fl_dbpr_asbestos_59,205,59:CRS2:21,21,CRS2,C|-,NO,UNIVERSITY OF FLORIDA/TREEO CENTER,,33aff3115f,EVIDENCE_ONLY,,,8c98bdbd2c
fl_dbpr_asbestos_59,206,59:CRS2:22,22,CRS2,C|-,NO,UNIVERSITY OF FLORIDA/TREEO CENTER,,33aff3115f,EVIDENCE_ONLY,,,8c98bdbd2c
fl_dbpr_asbestos_59,207,59:CRS2:23,23,CRS2,C|-,NO,UNIVERSITY OF FLORIDA/TREEO CENTER,,33aff3115f,EVIDENCE_ONLY,,,8c98bdbd2c
fl_dbpr_asbestos_59,208,59:CRS2:CRS196,CRS196,CRS2,C|-,NO,AMERICAN MANAGEMENT RESOURCES CORPORATION,,33aff3115f,EVIDENCE_ONLY,,,8c98bdbd2c
fl_dbpr_asbestos_59,209,59:CRS2:CRS231,CRS231,CRS2,C|-,NO,"GAUDET ASSOCIATES, INC.",JOSEPH E. GAUDET,33aff3115f,EVIDENCE_ONLY,,,8c98bdbd2c
fl_dbpr_asbestos_59,210,59:CRS2:CRS232,CRS232,CRS2,C|-,NO,"GAUDET ASSOCIATES, INC.",JOSEPH E. GAUDET,33aff3115f,EVIDENCE_ONLY,,,8c98bdbd2c
fl_dbpr_asbestos_59,211,59:CRS2:CRS233,CRS233,CRS2,C|-,NO,"GAUDET ASSOCIATES, INC.",JOSEPH E. GAUDET,33aff3115f,EVIDENCE_ONLY,,,8c98bdbd2c
fl_dbpr_asbestos_59,212,59:CRS2:CRS166,CRS166,CRS2,C|-,NO,GLE ASSOCIATES INC,,33aff3115f,EVIDENCE_ONLY,,,8c98bdbd2c
fl_dbpr_asbestos_59,213,59:CRS2:CRS167,CRS167,CRS2,C|-,NO,GLE ASSOCIATES INC,,33aff3115f,EVIDENCE_ONLY,,,8c98bdbd2c
fl_dbpr_asbestos_59,214,59:CRS2:CRS168,CRS168,CRS2,C|-,NO,GLE ASSOCIATES INC,,33aff3115f,EVIDENCE_ONLY,,,8c98bdbd2c
fl_dbpr_asbestos_59,215,59:CRS2:53,53,CRS2,C|-,NO,RETRA TRAINING SERVICES,,33aff3115f,EVIDENCE_ONLY,,,8c98bdbd2c
fl_dbpr_asbestos_59,216,59:CRS2:54,54,CRS2,C|-,NO,RETRA TRAINING SERVICES,,33aff3115f,EVIDENCE_ONLY,,,8c98bdbd2c
fl_dbpr_asbestos_59,217,59:CRS2:55,55,CRS2,C|-,NO,RETRA TRAINING SERVICES,,33aff3115f,EVIDENCE_ONLY,,,8c98bdbd2c
fl_dbpr_asbestos_59,218,59:CRS2:64,64,CRS2,C|-,NO,ASBESTOS WORKERS REGIONAL LOCAL #207,,33aff3115f,EVIDENCE_ONLY,,,8c98bdbd2c
fl_dbpr_asbestos_59,219,59:CRS2:65,65,CRS2,C|-,NO,ASBESTOS WORKERS REGIONAL LOCAL #207,,33aff3115f,EVIDENCE_ONLY,,,8c98bdbd2c
fl_dbpr_asbestos_59,220,59:CRS2:69,69,CRS2,C|-,NO,THE ENVIRONMENTAL INSTITUTE,,33aff3115f,EVIDENCE_ONLY,,,8c98bdbd2c
fl_dbpr_asbestos_59,221,59:CRS2:70,70,CRS2,C|-,NO,THE ENVIRONMENTAL INSTITUTE,,33aff3115f,EVIDENCE_ONLY,,,8c98bdbd2c
fl_dbpr_asbestos_59,222,59:CRS2:71,71,CRS2,C|-,NO,THE ENVIRONMENTAL INSTITUTE,,33aff3115f,EVIDENCE_ONLY,,,8c98bdbd2c
fl_dbpr_asbestos_59,223,59:CRS2:CRS222,CRS222,CRS2,C|-,NO,ENVIRONMENTAL SAFETY & HEALTH INSTITUTE - FSU,,33aff3115f,EVIDENCE_ONLY,,,8c98bdbd2c
fl_dbpr_asbestos_59,224,59:CRS2:CRS239,CRS239,CRS2,C|-,NO,ENVIRONMENTAL SAFETY & HEALTH INSTITUTE - FSU,,33aff3115f,EVIDENCE_ONLY,,,8c98bdbd2c
fl_dbpr_asbestos_59,225,59:CRS2:CRS230,CRS230,CRS2,C|-,NO,ENVIRONMENTAL SAFETY & HEALTH INSTITUTE - FSU,,33aff3115f,EVIDENCE_ONLY,,,8c98bdbd2c
fl_dbpr_asbestos_59,226,59:CRS2:CRS128,CRS128,CRS2,C|-,NO,AIR ANALYTICS LLC,,33aff3115f,EVIDENCE_ONLY,,,8c98bdbd2c
fl_dbpr_asbestos_59,227,59:CRS2:CRS127,CRS127,CRS2,C|-,NO,AIR ANALYTICS LLC,,33aff3115f,EVIDENCE_ONLY,,,8c98bdbd2c
fl_dbpr_asbestos_59,228,59:CRS2:CRS126,CRS126,CRS2,C|-,NO,AIR ANALYTICS LLC,,33aff3115f,EVIDENCE_ONLY,,,8c98bdbd2c
fl_dbpr_asbestos_59,229,59:CJC:CJC1154129,CJC1154129,CJC,C|A,YES,"WINSLOW, KELLY S",ENVIROHOME INC,ff73f08789,PERSON,,,88d06495f9
fl_dbpr_asbestos_59,230,59:ZA:ZA303,ZA303,ZA,C|-,NO,AVANCO ENVIROMENTAL INC.,PAUL L. OSLEY,c8e4558bd3,NEW_BUSINESS_WITH_AUTHORITATIVE_ID,,FL|DBPR|59|ZA|ZA303,550a2c612e
fl_dbpr_asbestos_59,231,59:FO:FO22,FO22,FO,C|-,NO,"MARTINS, CARLOS",,33aff3115f,EVIDENCE_ONLY,,,8c98bdbd2c
fl_dbpr_asbestos_59,232,59:ZA:ZA310,ZA310,ZA,C|-,NO,CONTAMINANT CONTROL INC,MARK VESTAL,c8e4558bd3,NEW_BUSINESS_WITH_AUTHORITATIVE_ID,,FL|DBPR|59|ZA|ZA310,550a2c612e
fl_dbpr_asbestos_59,233,59:FO:FO23,FO23,FO,C|-,NO,"LANG, ROBERT ALBERT",,33aff3115f,EVIDENCE_ONLY,,,8c98bdbd2c
fl_dbpr_asbestos_59,234,59:FO:FO24,FO24,FO,C|-,NO,"MCALLEN, DAVID A",,33aff3115f,EVIDENCE_ONLY,,,8c98bdbd2c
fl_dbpr_asbestos_59,235,59:FO:FO25,FO25,FO,C|-,NO,"LUNSFORD, GARY A",,33aff3115f,EVIDENCE_ONLY,,,8c98bdbd2c
fl_dbpr_asbestos_59,236,59:FO:FO26,FO26,FO,C|-,NO,"BOYLE, TRACI-ANNE",,33aff3115f,EVIDENCE_ONLY,,,8c98bdbd2c
fl_dbpr_asbestos_59,237,59:FO:FO28,FO28,FO,C|-,NO,"CROCKET, STERLING",,33aff3115f,EVIDENCE_ONLY,,,8c98bdbd2c
fl_dbpr_asbestos_59,238,59:FO:FO27,FO27,FO,C|-,NO,"FERTITTA, DOMINICK PAUL",,33aff3115f,EVIDENCE_ONLY,,,8c98bdbd2c
fl_dbpr_asbestos_59,239,59:ZA:ZA305,ZA305,ZA,C|-,NO,APEX ENVIRONMENTAL RESOURCES INC,BRIAN MORELL,c8e4558bd3,NEW_BUSINESS_WITH_AUTHORITATIVE_ID,,FL|DBPR|59|ZA|ZA305,550a2c612e
fl_dbpr_asbestos_59,240,59:FO:FO29,FO29,FO,C|-,NO,"MORELL, BRIAN M",,33aff3115f,EVIDENCE_ONLY,,,8c98bdbd2c
fl_dbpr_asbestos_59,241,59:CJC:CJC1154135,CJC1154135,CJC,C|A,YES,"MORALES, ROBERTO B",SUNSHINE ENVIRONMENTAL & DEMOLITION LLC,ff73f08789,PERSON,,,88d06495f9
fl_dbpr_asbestos_59,242,59:FO:FO30,FO30,FO,C|-,NO,"MALOT, THOMAS E",,33aff3115f,EVIDENCE_ONLY,,,8c98bdbd2c
fl_dbpr_asbestos_59,243,59:FO:FO31,FO31,FO,C|-,NO,"WINSLOW, KELLY S",,33aff3115f,EVIDENCE_ONLY,,,8c98bdbd2c
fl_dbpr_asbestos_59,244,59:FO:FO32,FO32,FO,C|-,NO,"MATES, LARRY C",,33aff3115f,EVIDENCE_ONLY,,,8c98bdbd2c
fl_dbpr_asbestos_59,245,59:ZA:ZA317,ZA317,ZA,C|-,NO,"APTIM ENVIRONMENTAL & INFRASTRUCTURE, LLC",,c8e4558bd3,NEW_BUSINESS_WITH_AUTHORITATIVE_ID,,FL|DBPR|59|ZA|ZA317,550a2c612e
fl_dbpr_asbestos_59,246,59:FO:FO33,FO33,FO,C|-,NO,"MUSSELWHITE, G C JR",,33aff3115f,EVIDENCE_ONLY,,,8c98bdbd2c
fl_dbpr_asbestos_59,247,59:FO:FO34,FO34,FO,C|-,NO,"GUNTER, CHAD E",,33aff3115f,EVIDENCE_ONLY,,,8c98bdbd2c
fl_dbpr_asbestos_59,248,59:ZA:ZA318,ZA318,ZA,C|-,NO,JJ MORLEY ENTERPRISES INC,OWNER: JOHN J MORLEY,c8e4558bd3,NEW_BUSINESS_WITH_AUTHORITATIVE_ID,,FL|DBPR|59|ZA|ZA318,550a2c612e
fl_dbpr_asbestos_59,249,59:ZA:ZA323,ZA323,ZA,C|-,NO,"RL REED & ASSOCIATES, INC",EDWARD A. NUNEZ,c8e4558bd3,NEW_BUSINESS_WITH_AUTHORITATIVE_ID,,FL|DBPR|59|ZA|ZA323,550a2c612e
fl_dbpr_asbestos_59,250,59:FO:FO35,FO35,FO,C|-,NO,"BURKE, U J JR",,33aff3115f,EVIDENCE_ONLY,,,8c98bdbd2c
fl_dbpr_asbestos_59,251,59:FO:FO36,FO36,FO,C|-,NO,"SCHUMACHER, MARK",,33aff3115f,EVIDENCE_ONLY,,,8c98bdbd2c
fl_dbpr_asbestos_59,252,59:FO:FO38,FO38,FO,C|-,NO,"BLACK, STEVEN EUGENE",,33aff3115f,EVIDENCE_ONLY,,,8c98bdbd2c
fl_dbpr_asbestos_59,253,59:FO:FO37,FO37,FO,C|-,NO,"HEINTZ, JANE",,33aff3115f,EVIDENCE_ONLY,,,8c98bdbd2c
fl_dbpr_asbestos_59,254,59:FO:FO39,FO39,FO,C|-,NO,"CUTRELL, GARY",,33aff3115f,EVIDENCE_ONLY,,,8c98bdbd2c
fl_dbpr_asbestos_59,255,59:AX:AX56,AX56,AX,C|A,YES,"GRIFFIN, PATRICK TIMOTHY","ACM ENVIRONMENTAL, INC.",ff73f08789,PERSON,,,88d06495f9
fl_dbpr_asbestos_59,256,59:FO:FO40,FO40,FO,C|-,NO,"CARTER, JERRY WAYNE",,33aff3115f,EVIDENCE_ONLY,,,8c98bdbd2c
fl_dbpr_asbestos_59,257,59:FO:FO41,FO41,FO,C|-,NO,"RUDOLPH, TIMOTHY WILLIAM",,33aff3115f,EVIDENCE_ONLY,,,8c98bdbd2c
fl_dbpr_asbestos_59,258,59:FO:FO42,FO42,FO,C|-,NO,"MUMME, RALPH F",,33aff3115f,EVIDENCE_ONLY,,,8c98bdbd2c
fl_dbpr_asbestos_59,259,59:FO:FO44,FO44,FO,C|-,NO,"MORLEY, JOHN",,33aff3115f,EVIDENCE_ONLY,,,8c98bdbd2c
fl_dbpr_asbestos_59,260,59:FO:FO45,FO45,FO,C|-,NO,"DODDS, KEITH S",,33aff3115f,EVIDENCE_ONLY,,,8c98bdbd2c
fl_dbpr_asbestos_59,261,59:FO:FO43,FO43,FO,C|-,NO,"LAGRANGE, SCOTT PAUL",,33aff3115f,EVIDENCE_ONLY,,,8c98bdbd2c
fl_dbpr_asbestos_59,262,59:FO:FO46,FO46,FO,C|-,NO,"ANDREYEV, NICHOLAS E",,33aff3115f,EVIDENCE_ONLY,,,8c98bdbd2c
fl_dbpr_asbestos_59,263,59:FO:FO47,FO47,FO,C|-,NO,"KLEIN, LARRY",,33aff3115f,EVIDENCE_ONLY,,,8c98bdbd2c
fl_dbpr_asbestos_59,264,59:FO:FO48,FO48,FO,C|-,NO,"SHERRILL, KENDALL H",,33aff3115f,EVIDENCE_ONLY,,,8c98bdbd2c
fl_dbpr_asbestos_59,265,59:FO:FO49,FO49,FO,C|-,NO,"RAO, RICHARD",,33aff3115f,EVIDENCE_ONLY,,,8c98bdbd2c
fl_dbpr_asbestos_59,266,59:FO:FO50,FO50,FO,C|-,NO,"MARTIN, WILLIAM G",,33aff3115f,EVIDENCE_ONLY,,,8c98bdbd2c
fl_dbpr_asbestos_59,267,59:FO:FO51,FO51,FO,C|-,NO,"FERNANDEZ, ROGELIO P",,33aff3115f,EVIDENCE_ONLY,,,8c98bdbd2c
fl_dbpr_asbestos_59,268,59:FO:FO53,FO53,FO,C|-,NO,"BACCI, GEOFFREY J.",,33aff3115f,EVIDENCE_ONLY,,,8c98bdbd2c
fl_dbpr_asbestos_59,269,59:FO:FO52,FO52,FO,C|-,NO,"BELK, ROBERT L",,33aff3115f,EVIDENCE_ONLY,,,8c98bdbd2c
fl_dbpr_asbestos_59,270,59:FO:FO54,FO54,FO,C|-,NO,"REED, REBECCA L",,33aff3115f,EVIDENCE_ONLY,,,8c98bdbd2c
fl_dbpr_asbestos_59,271,59:ZA:ZA341,ZA341,ZA,C|-,NO,"LANGAN ENGINEERING & ENVIRONMENTAL SERVICES, INC",THOMAS BRYCE CHAMBERS,c8e4558bd3,NEW_BUSINESS_WITH_AUTHORITATIVE_ID,,FL|DBPR|59|ZA|ZA341,550a2c612e
fl_dbpr_asbestos_59,272,59:FO:FO55,FO55,FO,C|-,NO,"CAPARELLI, ANGELO G",,33aff3115f,EVIDENCE_ONLY,,,8c98bdbd2c
fl_dbpr_asbestos_59,273,59:CRS2:CRS197,CRS197,CRS2,C|-,NO,AMERICAN MANAGEMENT RESOURCES CORPORATION,,33aff3115f,EVIDENCE_ONLY,,,8c98bdbd2c
fl_dbpr_asbestos_59,274,59:AX:AX58,AX58,AX,C|A,YES,"RUDOLPH, TIMOTHY WILLIAM",ENVIRONEERING INC,ff73f08789,PERSON,,,88d06495f9
fl_dbpr_asbestos_59,275,59:AX:AX59,AX59,AX,C|A,YES,"POOLE, JAMES L",RAMBOLL ENVIRON US CORPORATION,ff73f08789,PERSON,,,88d06495f9
fl_dbpr_asbestos_59,276,59:AX:AX57,AX57,AX,C|A,YES,"SNIDER, JACK MARTIN III",AMERICAN MANAGEMENT RESOURCES CORPORATION,ff73f08789,PERSON,,,88d06495f9
fl_dbpr_asbestos_59,277,59:CRS1:CRS71,CRS71,CRS1,C|-,NO,"SEAGULL ENVIRONMENTAL MANAGEMENT COMPANY, INC",,33aff3115f,EVIDENCE_ONLY,,,8c98bdbd2c
fl_dbpr_asbestos_59,278,59:CRS1:CRS58,CRS58,CRS1,C|-,NO,"SEAGULL ENVIRONMENTAL MANAGEMENT COMPANY, INC",,33aff3115f,EVIDENCE_ONLY,,,8c98bdbd2c
fl_dbpr_asbestos_59,279,59:CRS1:CRS59,CRS59,CRS1,C|-,NO,"SEAGULL ENVIRONMENTAL MANAGEMENT COMPANY, INC",,33aff3115f,EVIDENCE_ONLY,,,8c98bdbd2c
fl_dbpr_asbestos_59,280,59:CRS1:CRS70,CRS70,CRS1,C|-,NO,"SEAGULL ENVIRONMENTAL MANAGEMENT COMPANY, INC",,33aff3115f,EVIDENCE_ONLY,,,8c98bdbd2c
fl_dbpr_asbestos_59,281,59:CRS1:CRS56,CRS56,CRS1,C|-,NO,INTERNATIONAL ASSOC OF HEAT & FROST INSULATORS #67,,33aff3115f,EVIDENCE_ONLY,,,8c98bdbd2c
fl_dbpr_asbestos_59,282,59:CRS1:CRS113,CRS113,CRS1,C|-,NO,"MAYHEW ENVIRONMENTAL TRAINING ASSOCIATES, INC",,33aff3115f,EVIDENCE_ONLY,,,8c98bdbd2c
fl_dbpr_asbestos_59,283,59:CRS1:CRS69,CRS69,CRS1,C|-,NO,"MAYHEW ENVIRONMENTAL TRAINING ASSOCIATES, INC",,33aff3115f,EVIDENCE_ONLY,,,8c98bdbd2c
fl_dbpr_asbestos_59,284,59:CRS1:CRS72,CRS72,CRS1,C|-,NO,UNIVERSITY OF FLORIDA/TREEO CENTER,,33aff3115f,EVIDENCE_ONLY,,,8c98bdbd2c
fl_dbpr_asbestos_59,285,59:CRS1:CRS67,CRS67,CRS1,C|-,NO,THE ENVIRONMENTAL INSTITUTE,,33aff3115f,EVIDENCE_ONLY,,,8c98bdbd2c
fl_dbpr_asbestos_59,286,59:CRS2:CRS93,CRS93,CRS2,C|-,NO,"SEAGULL ENVIRONMENTAL MANAGEMENT COMPANY, INC",,33aff3115f,EVIDENCE_ONLY,,,8c98bdbd2c
fl_dbpr_asbestos_59,287,59:CRS2:CRS94,CRS94,CRS2,C|-,NO,"SEAGULL ENVIRONMENTAL MANAGEMENT COMPANY, INC",,33aff3115f,EVIDENCE_ONLY,,,8c98bdbd2c
fl_dbpr_asbestos_59,288,59:CRS2:CRS92,CRS92,CRS2,C|-,NO,"SEAGULL ENVIRONMENTAL MANAGEMENT COMPANY, INC",,33aff3115f,EVIDENCE_ONLY,,,8c98bdbd2c
fl_dbpr_asbestos_59,289,59:CRS2:CRS87,CRS87,CRS2,C|-,NO,"SEAGULL ENVIRONMENTAL MANAGEMENT COMPANY, INC",,33aff3115f,EVIDENCE_ONLY,,,8c98bdbd2c
fl_dbpr_asbestos_59,290,59:CRS2:CRS83,CRS83,CRS2,C|-,NO,INTERNATIONAL ASSOC OF HEAT & FROST INSULATORS #67,,33aff3115f,EVIDENCE_ONLY,,,8c98bdbd2c
fl_dbpr_asbestos_59,291,59:CRS2:CRS141,CRS141,CRS2,C|-,NO,INTERNATIONAL ASSOC. OF HEAT & FROST INSULATORS #96,,33aff3115f,EVIDENCE_ONLY,,,8c98bdbd2c
fl_dbpr_asbestos_59,292,59:PVDR:PVD73,PVD73,PVDR,C|-,NO,"SEAGULL ENVIRONMENTAL MANAGEMENT COMPANY, INC",,33aff3115f,EVIDENCE_ONLY,,,8c98bdbd2c
fl_dbpr_asbestos_59,293,59:PVDR:PVD70,PVD70,PVDR,C|-,NO,INTERNATIONAL ASSOC OF HEAT & FROST INSULATORS #67,,33aff3115f,EVIDENCE_ONLY,,,8c98bdbd2c
fl_dbpr_asbestos_59,294,59:PVDR:PVD71,PVD71,PVDR,C|-,NO,INTERNATIONAL ASSOC. OF HEAT & FROST INSULATORS #96,,33aff3115f,EVIDENCE_ONLY,,,8c98bdbd2c
fl_dbpr_asbestos_59,295,59:CRS1:CRS90,CRS90,CRS1,C|-,NO,AIR ANALYTICS LLC,,33aff3115f,EVIDENCE_ONLY,,,8c98bdbd2c
fl_dbpr_asbestos_59,296,59:CRS1:CRS60,CRS60,CRS1,C|-,NO,INTERNATIONAL ASSOC OF HEAT & FROST INSULATORS #67,,33aff3115f,EVIDENCE_ONLY,,,8c98bdbd2c
fl_dbpr_asbestos_59,297,59:CRS1:CRS62,CRS62,CRS1,C|-,NO,MSK AMBIENTAL,,33aff3115f,EVIDENCE_ONLY,,,8c98bdbd2c
fl_dbpr_asbestos_59,298,59:CRS2:CRS95,CRS95,CRS2,C|-,NO,INTERNATIONAL ASSOC OF HEAT & FROST INSULATORS #67,,33aff3115f,EVIDENCE_ONLY,,,8c98bdbd2c
fl_dbpr_asbestos_59,299,59:CRS2:CRS142,CRS142,CRS2,C|-,NO,INTERNATIONAL ASSOC. OF HEAT & FROST INSULATORS #96,,33aff3115f,EVIDENCE_ONLY,,,8c98bdbd2c
fl_dbpr_asbestos_59,300,59:CRS2:CRS97,CRS97,CRS2,C|-,NO,MSK AMBIENTAL,,33aff3115f,EVIDENCE_ONLY,,,8c98bdbd2c
fl_dbpr_asbestos_59,301,59:PVDR:PVD74,PVD74,PVDR,C|-,NO,MSK AMBIENTAL,,33aff3115f,EVIDENCE_ONLY,,,8c98bdbd2c
fl_dbpr_asbestos_59,302,59:FO:FO56,FO56,FO,C|-,NO,"GRIFFIN, PATRICK TIMOTHY",,33aff3115f,EVIDENCE_ONLY,,,8c98bdbd2c
fl_dbpr_asbestos_59,303,59:FO:FO57,FO57,FO,C|-,NO,"YOUNG, JANICE",,33aff3115f,EVIDENCE_ONLY,,,8c98bdbd2c
fl_dbpr_asbestos_59,304,59:CJC:CJC1154137,CJC1154137,CJC,C|A,YES,"VESTAL, MARK F",CONTAMINANT CONTROL INC,ff73f08789,PERSON,,,88d06495f9
fl_dbpr_asbestos_59,305,59:ZA:ZA327,ZA327,ZA,C|-,NO,NICHOLAS INSULATION SERVICES INC,OWNER KENNETH NICHOLAS,c8e4558bd3,NEW_BUSINESS_WITH_AUTHORITATIVE_ID,,FL|DBPR|59|ZA|ZA327,550a2c612e
fl_dbpr_asbestos_59,306,59:FO:FO59,FO59,FO,C|-,NO,"TRAN, PAUL T",,33aff3115f,EVIDENCE_ONLY,,,8c98bdbd2c
fl_dbpr_asbestos_59,307,59:FO:FO60,FO60,FO,C|-,NO,"OHC ENVIRONMENTAL ENGINEERING, INC.",,33aff3115f,EVIDENCE_ONLY,,,8c98bdbd2c
fl_dbpr_asbestos_59,308,59:FO:FO61,FO61,FO,C|-,NO,"RIZK, JAMES F",,33aff3115f,EVIDENCE_ONLY,,,8c98bdbd2c
fl_dbpr_asbestos_59,309,59:FO:FO62,FO62,FO,C|-,NO,"PENVOSE, JOHN",,33aff3115f,EVIDENCE_ONLY,,,8c98bdbd2c
fl_dbpr_asbestos_59,310,59:FO:FO58,FO58,FO,C|-,NO,"SNIDER, JACK MARTIN III",,33aff3115f,EVIDENCE_ONLY,,,8c98bdbd2c
fl_dbpr_asbestos_59,311,59:ZA:ZA328,ZA328,ZA,C|-,NO,"ENPURICON, INC.",,c8e4558bd3,NEW_BUSINESS_WITH_AUTHORITATIVE_ID,,FL|DBPR|59|ZA|ZA328,550a2c612e
fl_dbpr_asbestos_59,312,59:FO:FO63,FO63,FO,C|-,NO,"NICHOLAS, KENNETH",,33aff3115f,EVIDENCE_ONLY,,,8c98bdbd2c
fl_dbpr_asbestos_59,313,59:AX:AX60,AX60,AX,C|A,YES,"BOYLE, TRACI-ANNE",AIRQUEST ENVIRONMENTAL INC,ff73f08789,PERSON,,,88d06495f9
fl_dbpr_asbestos_59,314,59:FO:FO64,FO64,FO,C|-,NO,"GIBSON, MALCOM",,33aff3115f,EVIDENCE_ONLY,,,8c98bdbd2c
fl_dbpr_asbestos_59,315,59:FO:FO65,FO65,FO,C|-,NO,"KHARA, SUBHAS",,33aff3115f,EVIDENCE_ONLY,,,8c98bdbd2c
fl_dbpr_asbestos_59,316,59:FO:FO66,FO66,FO,C|-,NO,"JONES, RANDALL",,33aff3115f,EVIDENCE_ONLY,,,8c98bdbd2c
fl_dbpr_asbestos_59,317,59:ZA:ZA361,ZA361,ZA,C|-,NO,AIR QUALITY ENVIRONMENTAL INC,STEVEN A LIPSON,c8e4558bd3,NEW_BUSINESS_WITH_AUTHORITATIVE_ID,,FL|DBPR|59|ZA|ZA361,550a2c612e
fl_dbpr_asbestos_59,318,59:FO:FO67,FO67,FO,C|-,NO,"HART, JACK",,33aff3115f,EVIDENCE_ONLY,,,8c98bdbd2c
fl_dbpr_asbestos_59,319,59:FO:FO69,FO69,FO,C|-,NO,"WINDES, MICHAEL",,33aff3115f,EVIDENCE_ONLY,,,8c98bdbd2c
fl_dbpr_asbestos_59,320,59:FO:FO70,FO70,FO,C|-,NO,"CHALK, GARY N",,33aff3115f,EVIDENCE_ONLY,,,8c98bdbd2c
fl_dbpr_asbestos_59,321,59:FO:FO68,FO68,FO,C|-,NO,"ROBINSON, SARAH",,33aff3115f,EVIDENCE_ONLY,,,8c98bdbd2c
fl_dbpr_asbestos_59,322,59:CRS1:CRS81,CRS81,CRS1,C|-,NO,LABORERS SOUTHEAST REGION TRAINING FUND,,33aff3115f,EVIDENCE_ONLY,,,8c98bdbd2c
fl_dbpr_asbestos_59,323,59:CRS2:CRS103,CRS103,CRS2,C|-,NO,LABORERS SOUTHEAST REGION TRAINING FUND,,33aff3115f,EVIDENCE_ONLY,,,8c98bdbd2c
fl_dbpr_asbestos_59,324,59:CJC:CJC1154162,CJC1154162,CJC,C|A,YES,"THORNTON, OWEN EALEY",ALACHUA ENVIRONMENTAL SERVICES INC,ff73f08789,PERSON,,,88d06495f9
fl_dbpr_asbestos_59,325,59:ZA:ZA334,ZA334,ZA,C|-,NO,"AMERICAN COMPLIANCE TECHNOLOGIES, INC.",ROBERT KINCART,c8e4558bd3,NEW_BUSINESS_WITH_AUTHORITATIVE_ID,,FL|DBPR|59|ZA|ZA334,550a2c612e
fl_dbpr_asbestos_59,326,59:ZA:ZA337,ZA337,ZA,C|-,NO,TERRACON CONSULTANTS INC,MICHAEL W SCHRUM,c8e4558bd3,NEW_BUSINESS_WITH_AUTHORITATIVE_ID,,FL|DBPR|59|ZA|ZA337,550a2c612e
fl_dbpr_asbestos_59,327,59:ZA:ZA336,ZA336,ZA,C|-,NO,"SIMPSON ENVIRONMENTAL SERVICES, LLC",TIM R YAEGER,c8e4558bd3,NEW_BUSINESS_WITH_AUTHORITATIVE_ID,,FL|DBPR|59|ZA|ZA336,550a2c612e
fl_dbpr_asbestos_59,328,59:FO:FO71,FO71,FO,C|-,NO,"KINCART, ROBERT",,33aff3115f,EVIDENCE_ONLY,,,8c98bdbd2c
fl_dbpr_asbestos_59,329,59:FO:FO72,FO72,FO,C|-,NO,"POOLE, JAMES",,33aff3115f,EVIDENCE_ONLY,,,8c98bdbd2c
fl_dbpr_asbestos_59,330,59:CJC:CJC1154142,CJC1154142,CJC,C|A,YES,"MOWAT, CHARLES WAYNE",LANG ENVIRONMETAL INC,ff73f08789,PERSON,,,88d06495f9
fl_dbpr_asbestos_59,331,59:CRS2:CRS147,CRS147,CRS2,C|-,NO,DEPARTMENT OF BUSINESS AND PROFESSIONAL REGULATION,,33aff3115f,EVIDENCE_ONLY,,,8c98bdbd2c
fl_dbpr_asbestos_59,332,59:PVDR:PVD131,PVD131,PVDR,C|-,NO,DEPARTMENT OF BUSINESS AND PROFESSIONAL REGULATION,,33aff3115f,EVIDENCE_ONLY,,,8c98bdbd2c
fl_dbpr_asbestos_59,333,59:FO:FO74,FO74,FO,C|-,NO,"HERTING, ROBERT",,33aff3115f,EVIDENCE_ONLY,,,8c98bdbd2c
fl_dbpr_asbestos_59,334,59:FO:FO75,FO75,FO,C|-,NO,"SCOTT, DAVID",,33aff3115f,EVIDENCE_ONLY,,,8c98bdbd2c
fl_dbpr_asbestos_59,335,59:CRS2:CRS161,CRS161,CRS2,C|-,NO,NATIONAL ABATEMENT TECHNOLOGY CENTER,,33aff3115f,EVIDENCE_ONLY,,,8c98bdbd2c
fl_dbpr_asbestos_59,336,59:CRS2:CRS162,CRS162,CRS2,C|-,NO,NATIONAL ABATEMENT TECHNOLOGY CENTER,,33aff3115f,EVIDENCE_ONLY,,,8c98bdbd2c
fl_dbpr_asbestos_59,337,59:PVDR:PVD78,PVD78,PVDR,C|-,NO,FRSA EDUCATIONAL AND RESEARCH FOUNDATION,,33aff3115f,EVIDENCE_ONLY,,,8c98bdbd2c
fl_dbpr_asbestos_59,338,59:PVDR:PVD80,PVD80,PVDR,C|-,NO,NATIONAL ABATEMENT TECHNOLOGY CENTER,,33aff3115f,EVIDENCE_ONLY,,,8c98bdbd2c
fl_dbpr_asbestos_59,339,59:ZA:ZA339,ZA339,ZA,C|-,NO,"BRISTOL ENVIRONMENTAL, LLC",,c8e4558bd3,NEW_BUSINESS_WITH_AUTHORITATIVE_ID,,FL|DBPR|59|ZA|ZA339,550a2c612e
fl_dbpr_asbestos_59,340,59:FO:FO77,FO77,FO,C|-,NO,"THORNTON, OWEN",,33aff3115f,EVIDENCE_ONLY,,,8c98bdbd2c
fl_dbpr_asbestos_59,341,59:FO:FO76,FO76,FO,C|-,NO,"DECARO, ERNEST M III",,33aff3115f,EVIDENCE_ONLY,,,8c98bdbd2c
fl_dbpr_asbestos_59,342,59:FO:FO78,FO78,FO,C|-,NO,"GIPE, TIMOTHY",,33aff3115f,EVIDENCE_ONLY,,,8c98bdbd2c
fl_dbpr_asbestos_59,343,59:CJC:CJC1154144,CJC1154144,CJC,C|A,YES,"LEVY, AVI N",ENVIROLOGICAL ELEMENTS INC,ff73f08789,PERSON,,,88d06495f9
fl_dbpr_asbestos_59,344,59:FO:FO79,FO79,FO,C|-,NO,"GOLDSTEIN, MICHAEL",,33aff3115f,EVIDENCE_ONLY,,,8c98bdbd2c
fl_dbpr_asbestos_59,345,59:FO:FO80,FO80,FO,C|-,NO,"NELSON, EDWIN",,33aff3115f,EVIDENCE_ONLY,,,8c98bdbd2c
fl_dbpr_asbestos_59,346,59:FO:FO81,FO81,FO,C|-,NO,"PAGE, DOUGLAS",,33aff3115f,EVIDENCE_ONLY,,,8c98bdbd2c
fl_dbpr_asbestos_59,347,59:CRS2:CRS108,CRS108,CRS2,C|-,NO,JOINT BASE LEWIS-MCCHORD (FRMLY FORT LEWIS PUBLIC WORKS),,33aff3115f,EVIDENCE_ONLY,,,8c98bdbd2c
fl_dbpr_asbestos_59,348,59:CRS2:CRS107,CRS107,CRS2,C|-,NO,JOINT BASE LEWIS-MCCHORD (FRMLY FORT LEWIS PUBLIC WORKS),,33aff3115f,EVIDENCE_ONLY,,,8c98bdbd2c
fl_dbpr_asbestos_59,349,59:PVDR:PVD81,PVD81,PVDR,C|-,NO,JOINT BASE LEWIS-MCCHORD (FRMLY FORT LEWIS PUBLIC WORKS),,33aff3115f,EVIDENCE_ONLY,,,8c98bdbd2c
fl_dbpr_asbestos_59,350,59:CRS1:CRS95,CRS95,CRS1,C|-,NO,"COLE & ASSOCIATES, TRAINING & CONSULTING, INC.",,33aff3115f,EVIDENCE_ONLY,,,8c98bdbd2c
fl_dbpr_asbestos_59,351,59:CRS2:CRS152,CRS152,CRS2,C|-,NO,"COLE & ASSOCIATES, TRAINING & CONSULTING, INC.",,33aff3115f,EVIDENCE_ONLY,,,8c98bdbd2c
fl_dbpr_asbestos_59,352,59:CRS2:CRS153,CRS153,CRS2,C|-,NO,"COLE & ASSOCIATES, TRAINING & CONSULTING, INC.",,33aff3115f,EVIDENCE_ONLY,,,8c98bdbd2c
fl_dbpr_asbestos_59,353,59:CRS2:CRS154,CRS154,CRS2,C|-,NO,"COLE & ASSOCIATES, TRAINING & CONSULTING, INC.",,33aff3115f,EVIDENCE_ONLY,,,8c98bdbd2c
fl_dbpr_asbestos_59,354,59:PVDR:PVD82,PVD82,PVDR,C|-,NO,"COLE & ASSOCIATES, TRAINING & CONSULTING, INC.",,33aff3115f,EVIDENCE_ONLY,,,8c98bdbd2c
fl_dbpr_asbestos_59,355,59:ZA:ZA355,ZA355,ZA,C|-,NO,ECS FLORIDA LLC,"STUMP, JOHN M",c8e4558bd3,NEW_BUSINESS_WITH_AUTHORITATIVE_ID,,FL|DBPR|59|ZA|ZA355,550a2c612e
fl_dbpr_asbestos_59,356,59:FO:FO82,FO82,FO,C|-,NO,"KIRKLAND, GORDON",,33aff3115f,EVIDENCE_ONLY,,,8c98bdbd2c
fl_dbpr_asbestos_59,357,59:FO:FO83,FO83,FO,C|-,NO,"HEINEY, JODY E",,33aff3115f,EVIDENCE_ONLY,,,8c98bdbd2c
fl_dbpr_asbestos_59,358,59:FO:FO84,FO84,FO,C|-,NO,"HAROZ, PINI",,33aff3115f,EVIDENCE_ONLY,,,8c98bdbd2c
fl_dbpr_asbestos_59,359,59:FO:FO85,FO85,FO,C|-,NO,"MURRAY, TOM",,33aff3115f,EVIDENCE_ONLY,,,8c98bdbd2c
fl_dbpr_asbestos_59,360,59:FO:FO86,FO86,FO,C|-,NO,"ANDERSON, DARYL L",,33aff3115f,EVIDENCE_ONLY,,,8c98bdbd2c
fl_dbpr_asbestos_59,361,59:PVDR:PVD89,PVD89,PVDR,C|-,NO,TENNESSEE ENVIRONMENTAL SERVICES,,33aff3115f,EVIDENCE_ONLY,,,8c98bdbd2c
fl_dbpr_asbestos_59,362,59:ZA:ZA382,ZA382,ZA,C|-,NO,AIR ENVIRONMENTAL SERVICES INC,RUSSEL L ROBERTS,c8e4558bd3,NEW_BUSINESS_WITH_AUTHORITATIVE_ID,,FL|DBPR|59|ZA|ZA382,550a2c612e
fl_dbpr_asbestos_59,363,59:FO:FO87,FO87,FO,C|-,NO,"HARTLEY, THOMAS WILLIAM",,33aff3115f,EVIDENCE_ONLY,,,8c98bdbd2c
fl_dbpr_asbestos_59,364,59:CJC:CJC1154163,CJC1154163,CJC,C|A,YES,"YAEGER, TIM ROBERT","SIMPSON ENVIRONMENTAL SERVICES, LLC",ff73f08789,PERSON,,,88d06495f9
fl_dbpr_asbestos_59,365,59:FO:FO90,FO90,FO,C|-,NO,"POWER, TRACY M",,33aff3115f,EVIDENCE_ONLY,,,8c98bdbd2c
fl_dbpr_asbestos_59,366,59:FO:FO88,FO88,FO,C|-,NO,"GREENFIELD, JAMES",,33aff3115f,EVIDENCE_ONLY,,,8c98bdbd2c
fl_dbpr_asbestos_59,367,59:FO:FO89,FO89,FO,C|-,NO,"KARCHNER, DAVID",,33aff3115f,EVIDENCE_ONLY,,,8c98bdbd2c
fl_dbpr_asbestos_59,368,59:CRS2:CRS225,CRS225,CRS2,C|-,NO,SHEET METAL WORKERS LU 32 J.A.T.C.,,33aff3115f,EVIDENCE_ONLY,,,8c98bdbd2c
fl_dbpr_asbestos_59,369,59:CRS2:CRS224,CRS224,CRS2,C|-,NO,SHEET METAL WORKERS LU 32 J.A.T.C.,,33aff3115f,EVIDENCE_ONLY,,,8c98bdbd2c
fl_dbpr_asbestos_59,370,59:AX:AX64,AX64,AX,C|A,YES,"FITCH, PAUL M JR",AEROSTAR SES LLC,ff73f08789,PERSON,,,88d06495f9
fl_dbpr_asbestos_59,371,59:FO:FO91,FO91,FO,C|-,NO,"SMITH, PHIL",,33aff3115f,EVIDENCE_ONLY,,,8c98bdbd2c
fl_dbpr_asbestos_59,372,59:CRS1:CRS85,CRS85,CRS1,C|-,NO,"VERN ROBERTS ENVIRONMENTAL TRAINING, INC.",,33aff3115f,EVIDENCE_ONLY,,,8c98bdbd2c
fl_dbpr_asbestos_59,373,59:CRS1:CRS86,CRS86,CRS1,C|-,NO,"VERN ROBERTS ENVIRONMENTAL TRAINING, INC.",,33aff3115f,EVIDENCE_ONLY,,,8c98bdbd2c
fl_dbpr_asbestos_59,374,59:CRS1:CRS87,CRS87,CRS1,C|-,NO,"VERN ROBERTS ENVIRONMENTAL TRAINING, INC.",,33aff3115f,EVIDENCE_ONLY,,,8c98bdbd2c
fl_dbpr_asbestos_59,375,59:CRS1:CRS88,CRS88,CRS1,C|-,NO,"VERN ROBERTS ENVIRONMENTAL TRAINING, INC.",,33aff3115f,EVIDENCE_ONLY,,,8c98bdbd2c
fl_dbpr_asbestos_59,376,59:CRS2:CRS119,CRS119,CRS2,C|-,NO,"VERN ROBERTS ENVIRONMENTAL TRAINING, INC.",,33aff3115f,EVIDENCE_ONLY,,,8c98bdbd2c
fl_dbpr_asbestos_59,377,59:CRS2:CRS120,CRS120,CRS2,C|-,NO,"VERN ROBERTS ENVIRONMENTAL TRAINING, INC.",,33aff3115f,EVIDENCE_ONLY,,,8c98bdbd2c
fl_dbpr_asbestos_59,378,59:CRS2:CRS121,CRS121,CRS2,C|-,NO,"VERN ROBERTS ENVIRONMENTAL TRAINING, INC.",,33aff3115f,EVIDENCE_ONLY,,,8c98bdbd2c
fl_dbpr_asbestos_59,379,59:CRS2:CRS122,CRS122,CRS2,C|-,NO,"VERN ROBERTS ENVIRONMENTAL TRAINING, INC.",,33aff3115f,EVIDENCE_ONLY,,,8c98bdbd2c
fl_dbpr_asbestos_59,380,59:PVDR:PVD88,PVD88,PVDR,C|-,NO,"VERN ROBERTS ENVIRONMENTAL TRAINING, INC.",,33aff3115f,EVIDENCE_ONLY,,,8c98bdbd2c
fl_dbpr_asbestos_59,381,59:ZA:ZA364,ZA364,ZA,C|-,NO,"EFI GLOBAL, INC.",,c8e4558bd3,NEW_BUSINESS_WITH_AUTHORITATIVE_ID,,FL|DBPR|59|ZA|ZA364,550a2c612e
fl_dbpr_asbestos_59,382,59:FO:FO92,FO92,FO,C|-,NO,"DIAZ, JORGE",,33aff3115f,EVIDENCE_ONLY,,,8c98bdbd2c
fl_dbpr_asbestos_59,383,59:FO:FO93,FO93,FO,C|-,NO,"BROTHERTON, CHRIS",,33aff3115f,EVIDENCE_ONLY,,,8c98bdbd2c
fl_dbpr_asbestos_59,384,59:FO:FO94,FO94,FO,C|-,NO,"ALLEMAN, DAVID D",,33aff3115f,EVIDENCE_ONLY,,,8c98bdbd2c
fl_dbpr_asbestos_59,385,59:CJC:CJC1154157,CJC1154157,CJC,C|A,YES,"AZEVEDO, THOMAS EDWARD",AMERICAN REMEDIATION SERVICES LLC,ff73f08789,PERSON,,,88d06495f9
fl_dbpr_asbestos_59,386,59:ZA:ZA358,ZA358,ZA,C|-,NO,ENVIRONMENTAL CONSTRUCTION INC,MICHAEL C GRAISBERY,c8e4558bd3,NEW_BUSINESS_WITH_AUTHORITATIVE_ID,,FL|DBPR|59|ZA|ZA358,550a2c612e
fl_dbpr_asbestos_59,387,59:AX:AX66,AX66,AX,C|A,YES,"RUSSELL, SCOTT A",ENVIRONMENTAL SAFETY CONSULTANTS INC,ff73f08789,PERSON,,,88d06495f9
fl_dbpr_asbestos_59,388,59:FO:FO95,FO95,FO,C|-,NO,"SILVER, DAVID",,33aff3115f,EVIDENCE_ONLY,,,8c98bdbd2c
fl_dbpr_asbestos_59,389,59:FO:FO96,FO96,FO,C|-,NO,"WINSLOW, KELLY",,33aff3115f,EVIDENCE_ONLY,,,8c98bdbd2c
fl_dbpr_asbestos_59,390,59:FO:FO97,FO97,FO,C|-,NO,"BAKSHI, GIL",,33aff3115f,EVIDENCE_ONLY,,,8c98bdbd2c
fl_dbpr_asbestos_59,391,59:CJC:CJC1154160,CJC1154160,CJC,C|A,YES,"MORALES, RICARDO BOLANOS",BLUE SKY MULTI SERVICES INC,ff73f08789,PERSON,,,88d06495f9
fl_dbpr_asbestos_59,392,59:ZA:ZA363,ZA363,ZA,C|-,NO,KIMMINS ABATEMENT CORP,JOHN JOSEPH WARYCH,c8e4558bd3,NEW_BUSINESS_WITH_AUTHORITATIVE_ID,,FL|DBPR|59|ZA|ZA363,550a2c612e
fl_dbpr_asbestos_59,393,59:FO:FO98,FO98,FO,C|-,NO,"FIORILLO, ANTHONY",,33aff3115f,EVIDENCE_ONLY,,,8c98bdbd2c
fl_dbpr_asbestos_59,394,59:FO:FO99,FO99,FO,C|-,NO,"FENNIE, VERONICA",,33aff3115f,EVIDENCE_ONLY,,,8c98bdbd2c
fl_dbpr_asbestos_59,395,59:FO:FO100,FO100,FO,C|-,NO,"WIEST, DON",,33aff3115f,EVIDENCE_ONLY,,,8c98bdbd2c
fl_dbpr_asbestos_59,396,59:FO:FO101,FO101,FO,C|-,NO,"GRAISBERY, MICHAEL",,33aff3115f,EVIDENCE_ONLY,,,8c98bdbd2c
fl_dbpr_asbestos_59,397,59:FO:FO102,FO102,FO,C|-,NO,"LONG, HARRY JR",,33aff3115f,EVIDENCE_ONLY,,,8c98bdbd2c
fl_dbpr_asbestos_59,398,59:CRS2:CRS123,CRS123,CRS2,C|-,NO,DEPARTMENT OF BUSINESS AND PROFESSIONAL REGULATION,,33aff3115f,EVIDENCE_ONLY,,,8c98bdbd2c
fl_dbpr_asbestos_59,399,59:AX:AX69,AX69,AX,C|A,YES,"DUKAT, DAVID ALAN",WATTERSON ENVIRONMENTAL GROUP LLC,ff73f08789,PERSON,,,88d06495f9
fl_dbpr_asbestos_59,400,59:CRS1:CRS89,CRS89,CRS1,C|-,NO,"VERN ROBERTS ENVIRONMENTAL TRAINING, INC.",,33aff3115f,EVIDENCE_ONLY,,,8c98bdbd2c
fl_dbpr_asbestos_59,401,59:FO:FO103,FO103,FO,C|-,NO,"WELSCH, RICHARD",,33aff3115f,EVIDENCE_ONLY,,,8c98bdbd2c
fl_dbpr_asbestos_59,402,59:AX:AX70,AX70,AX,C|A,YES,"MAGNAVITA, JOHN",,ff73f08789,PERSON,,,88d06495f9
fl_dbpr_asbestos_59,403,59:CRS2:CRS125,CRS125,CRS2,C|-,NO,AIR ANALYTICS LLC,,33aff3115f,EVIDENCE_ONLY,,,8c98bdbd2c
fl_dbpr_asbestos_59,404,59:FO:FO104,FO104,FO,C|-,NO,"NORTON, DANIEL",,33aff3115f,EVIDENCE_ONLY,,,8c98bdbd2c
fl_dbpr_asbestos_59,405,59:CRS2:CRS124,CRS124,CRS2,C|-,NO,DEPARTMENT OF BUSINESS AND PROFESSIONAL REGULATION,,33aff3115f,EVIDENCE_ONLY,,,8c98bdbd2c
fl_dbpr_asbestos_59,406,59:ZA:ZA370,ZA370,ZA,C|-,NO,RHINO DEMOLITION & ENVIRONMENTAL SERVICES CORP,CHARLES G SMITH,c8e4558bd3,NEW_BUSINESS_WITH_AUTHORITATIVE_ID,,FL|DBPR|59|ZA|ZA370,550a2c612e
fl_dbpr_asbestos_59,407,59:FO:FO105,FO105,FO,C|-,NO,"FULD, JENNIFER",,33aff3115f,EVIDENCE_ONLY,,,8c98bdbd2c
fl_dbpr_asbestos_59,408,59:FO:FO106,FO106,FO,C|-,NO,"GIBSON, MALCOLM",,33aff3115f,EVIDENCE_ONLY,,,8c98bdbd2c
fl_dbpr_asbestos_59,409,59:CRS2:CRS129,CRS129,CRS2,C|-,NO,DEPARTMENT OF BUSINESS AND PROFESSIONAL REGULATION,,33aff3115f,EVIDENCE_ONLY,,,8c98bdbd2c
fl_dbpr_asbestos_59,410,59:FO:FO107,FO107,FO,C|-,NO,"MICHAEL, JEFFREY",,33aff3115f,EVIDENCE_ONLY,,,8c98bdbd2c
fl_dbpr_asbestos_59,411,59:CRS2:CRS240,CRS240,CRS2,C|-,NO,ENVIRONMENTAL SAFETY & HEALTH INSTITUTE - FSU,,33aff3115f,EVIDENCE_ONLY,,,8c98bdbd2c
fl_dbpr_asbestos_59,412,59:CRS2:CRS135,CRS135,CRS2,C|-,NO,PRINCETON INDUSTRIAL TRAINING INSTITUTE,,33aff3115f,EVIDENCE_ONLY,,,8c98bdbd2c
fl_dbpr_asbestos_59,413,59:FO:FO108,FO108,FO,C|-,NO,"YERDON, EDWIN",,33aff3115f,EVIDENCE_ONLY,,,8c98bdbd2c
fl_dbpr_asbestos_59,414,59:FO:FO109,FO109,FO,C|-,NO,"DANIEL, RON",,33aff3115f,EVIDENCE_ONLY,,,8c98bdbd2c
fl_dbpr_asbestos_59,415,59:CRS2:CRS131,CRS131,CRS2,C|-,NO,DEPARTMENT OF BUSINESS AND PROFESSIONAL REGULATION,,33aff3115f,EVIDENCE_ONLY,,,8c98bdbd2c
fl_dbpr_asbestos_59,416,59:CRS2:CRS130,CRS130,CRS2,C|-,NO,DEPARTMENT OF BUSINESS AND PROFESSIONAL REGULATION,,33aff3115f,EVIDENCE_ONLY,,,8c98bdbd2c
fl_dbpr_asbestos_59,417,59:FO:FO110,FO110,FO,C|-,NO,"CUTRONE, PAUL",,33aff3115f,EVIDENCE_ONLY,,,8c98bdbd2c
fl_dbpr_asbestos_59,418,59:CRS2:CRS133,CRS133,CRS2,C|-,NO,"VERN ROBERTS ENVIRONMENTAL TRAINING, INC.",,33aff3115f,EVIDENCE_ONLY,,,8c98bdbd2c
fl_dbpr_asbestos_59,419,59:ZA:ZA372,ZA372,ZA,C|-,NO,BLUE SKY MULTI SERVICES INC,RICARDO MORALES,c8e4558bd3,NEW_BUSINESS_WITH_AUTHORITATIVE_ID,,FL|DBPR|59|ZA|ZA372,550a2c612e
fl_dbpr_asbestos_59,420,59:FO:FO111,FO111,FO,C|-,NO,"HILLMANN, JOSEPH",,33aff3115f,EVIDENCE_ONLY,,,8c98bdbd2c
fl_dbpr_asbestos_59,421,59:FO:FO112,FO112,FO,C|-,NO,"CHANDIRAMANI, MAHESH",,33aff3115f,EVIDENCE_ONLY,,,8c98bdbd2c
fl_dbpr_asbestos_59,422,59:FO:FO113,FO113,FO,C|-,NO,"COOPER, RAYMOND",,33aff3115f,EVIDENCE_ONLY,,,8c98bdbd2c
fl_dbpr_asbestos_59,423,59:FO:FO114,FO114,FO,C|-,NO,"AZEVEDO, THOMAS",,33aff3115f,EVIDENCE_ONLY,,,8c98bdbd2c
fl_dbpr_asbestos_59,424,59:FO:FO115,FO115,FO,C|-,NO,"MANSFIELD, TED",,33aff3115f,EVIDENCE_ONLY,,,8c98bdbd2c
fl_dbpr_asbestos_59,425,59:FO:FO116,FO116,FO,C|-,NO,"COOK, ROGER",,33aff3115f,EVIDENCE_ONLY,,,8c98bdbd2c
fl_dbpr_asbestos_59,426,59:AX:AX67,AX67,AX,C|A,YES,"VOIGTMANN, ORIS LEE",IBC ENGINERRING ENVIRONMENTAL CONSTRUCTION LLC,ff73f08789,PERSON,,,88d06495f9
fl_dbpr_asbestos_59,427,59:ZA:ZA394,ZA394,ZA,C|-,NO,AFR ENVIRONMENTAL CORP,ADESH RAMROOP,c8e4558bd3,NEW_BUSINESS_WITH_AUTHORITATIVE_ID,,FL|DBPR|59|ZA|ZA394,550a2c612e
fl_dbpr_asbestos_59,428,59:FO:FO118,FO118,FO,C|-,NO,"MITCHELL, ROBERT",,33aff3115f,EVIDENCE_ONLY,,,8c98bdbd2c
fl_dbpr_asbestos_59,429,59:FO:FO117,FO117,FO,C|-,NO,"SMITH, CHARLES",,33aff3115f,EVIDENCE_ONLY,,,8c98bdbd2c
fl_dbpr_asbestos_59,430,59:FO:FO119,FO119,FO,C|-,NO,"MORALES, RICARDO",,33aff3115f,EVIDENCE_ONLY,,,8c98bdbd2c
fl_dbpr_asbestos_59,431,59:FO:FO120,FO120,FO,C|-,NO,"COPPERUD, JOANN",,33aff3115f,EVIDENCE_ONLY,,,8c98bdbd2c
fl_dbpr_asbestos_59,432,59:CJC:CJC1154172,CJC1154172,CJC,C|A,YES,"GRAISBERY, MICHAEL C",ENVIRONMENTAL CONSTRUCTION INC,ff73f08789,PERSON,,,88d06495f9
fl_dbpr_asbestos_59,433,59:FO:FO121,FO121,FO,C|-,NO,"ORLANDO, JOSEPH",,33aff3115f,EVIDENCE_ONLY,,,8c98bdbd2c
fl_dbpr_asbestos_59,434,59:FO:FO122,FO122,FO,C|-,NO,"RUSSELL, SCOTT",,33aff3115f,EVIDENCE_ONLY,,,8c98bdbd2c
fl_dbpr_asbestos_59,435,59:FO:FO123,FO123,FO,C|-,NO,"JENKINS, STEVEN",,33aff3115f,EVIDENCE_ONLY,,,8c98bdbd2c
fl_dbpr_asbestos_59,436,59:FO:FO124,FO124,FO,C|-,NO,"FERNANDEZ, MARINO",,33aff3115f,EVIDENCE_ONLY,,,8c98bdbd2c
fl_dbpr_asbestos_59,437,59:FO:FO125,FO125,FO,C|-,NO,"SONGER, WILLIAM H",,33aff3115f,EVIDENCE_ONLY,,,8c98bdbd2c
fl_dbpr_asbestos_59,438,59:CRS1:CRS93,CRS93,CRS1,C|-,NO,AIR ANALYTICS LLC,,33aff3115f,EVIDENCE_ONLY,,,8c98bdbd2c
fl_dbpr_asbestos_59,439,59:CRS1:CRS92,CRS92,CRS1,C|-,NO,AIR ANALYTICS LLC,,33aff3115f,EVIDENCE_ONLY,,,8c98bdbd2c
fl_dbpr_asbestos_59,440,59:CRS2:CRS134,CRS134,CRS2,C|-,NO,AIR ANALYTICS LLC,,33aff3115f,EVIDENCE_ONLY,,,8c98bdbd2c
fl_dbpr_asbestos_59,441,59:ZA:ZA379,ZA379,ZA,C|-,NO,PROFESSIONAL AIR MONITORING LLC,EDWARD A NUNEZ,c8e4558bd3,NEW_BUSINESS_WITH_AUTHORITATIVE_ID,,FL|DBPR|59|ZA|ZA379,550a2c612e
fl_dbpr_asbestos_59,442,59:ZA:ZA388,ZA388,ZA,C|-,NO,IBC ENGINEERING ENVIRONMENTAL & CONSTRUCTION LLC,ORIS VOIGTMANN,c8e4558bd3,NEW_BUSINESS_WITH_AUTHORITATIVE_ID,,FL|DBPR|59|ZA|ZA388,550a2c612e
fl_dbpr_asbestos_59,443,59:CJC:CJC1154174,CJC1154174,CJC,C|A,YES,"JENSEN, ELI J",JENSAFE ENVIRONMENTAL LLC,ff73f08789,PERSON,,,88d06495f9
fl_dbpr_asbestos_59,444,59:FO:FO126,FO126,FO,C|-,NO,"PRIZMONTE, PAUL",,33aff3115f,EVIDENCE_ONLY,,,8c98bdbd2c
fl_dbpr_asbestos_59,445,59:FO:FO127,FO127,FO,C|-,NO,"NOLTON, ROXANN",,33aff3115f,EVIDENCE_ONLY,,,8c98bdbd2c
fl_dbpr_asbestos_59,446,59:FO:FO128,FO128,FO,C|-,NO,"CIOLINO, JOE",,33aff3115f,EVIDENCE_ONLY,,,8c98bdbd2c
fl_dbpr_asbestos_59,447,59:FO:FO130,FO130,FO,C|-,NO,"PINTO, MICHAEL A",,33aff3115f,EVIDENCE_ONLY,,,8c98bdbd2c
fl_dbpr_asbestos_59,448,59:FO:FO129,FO129,FO,C|-,NO,"MILLER, NORMAN",,33aff3115f,EVIDENCE_ONLY,,,8c98bdbd2c
fl_dbpr_asbestos_59,449,59:ZA:ZA389,ZA389,ZA,C|-,NO,LEAD CONSULTANTS OF AMERICA,THOMAS MURRAY,c8e4558bd3,NEW_BUSINESS_WITH_AUTHORITATIVE_ID,,FL|DBPR|59|ZA|ZA389,550a2c612e
fl_dbpr_asbestos_59,450,59:FO:FO131,FO131,FO,C|-,NO,"STRICKLIN, RICKY",,33aff3115f,EVIDENCE_ONLY,,,8c98bdbd2c
fl_dbpr_asbestos_59,451,59:FO:FO132,FO132,FO,C|-,NO,"CASON, ROBERT MELL JR",,33aff3115f,EVIDENCE_ONLY,,,8c98bdbd2c
fl_dbpr_asbestos_59,452,59:FO:FO133,FO133,FO,C|-,NO,"SARTAIN, CHARLOTTE A",,33aff3115f,EVIDENCE_ONLY,,,8c98bdbd2c
fl_dbpr_asbestos_59,453,59:ZA:ZA387,ZA387,ZA,C|-,NO,WATTERSON ENVIRONMENTAL GROUP LLC,DAVID DUKAT,c8e4558bd3,NEW_BUSINESS_WITH_AUTHORITATIVE_ID,,FL|DBPR|59|ZA|ZA387,550a2c612e
fl_dbpr_asbestos_59,454,59:FO:FO134,FO134,FO,C|-,NO,"DADD, DELROY A",,33aff3115f,EVIDENCE_ONLY,,,8c98bdbd2c
fl_dbpr_asbestos_59,455,59:ZA:ZA390,ZA390,ZA,C|-,NO,EE&G CONSTRUCTION & ELECTRICAL LLC,DONALD ANTHONY SCHAMBACH JR,c8e4558bd3,NEW_BUSINESS_WITH_AUTHORITATIVE_ID,,FL|DBPR|59|ZA|ZA390,550a2c612e
fl_dbpr_asbestos_59,456,59:FO:FO135,FO135,FO,C|-,NO,"MILLER, JAMES V.",,33aff3115f,EVIDENCE_ONLY,,,8c98bdbd2c
fl_dbpr_asbestos_59,457,59:CJC:CJC1154177,CJC1154177,CJC,C|A,YES,"JENKINS, JOHN JOSEPH",NORTHSTAR DEMOLITION AND REMEDIATION LP,ff73f08789,PERSON,,,88d06495f9
fl_dbpr_asbestos_59,458,59:FO:FO136,FO136,FO,C|-,NO,"WEBB, ELTON CONLEY II",,33aff3115f,EVIDENCE_ONLY,,,8c98bdbd2c
fl_dbpr_asbestos_59,459,59:FO:FO137,FO137,FO,C|-,NO,"KOZAK, FRANK",,33aff3115f,EVIDENCE_ONLY,,,8c98bdbd2c
fl_dbpr_asbestos_59,460,59:FO:FO138,FO138,FO,C|-,NO,"MASTYKARZ, CARL",,33aff3115f,EVIDENCE_ONLY,,,8c98bdbd2c
fl_dbpr_asbestos_59,461,59:FO:FO139,FO139,FO,C|-,NO,"ZVENYACH, FIEENA",,33aff3115f,EVIDENCE_ONLY,,,8c98bdbd2c
fl_dbpr_asbestos_59,462,59:FO:FO140,FO140,FO,C|-,NO,"SKWERES, MARK",,33aff3115f,EVIDENCE_ONLY,,,8c98bdbd2c
fl_dbpr_asbestos_59,463,59:FO:FO141,FO141,FO,C|-,NO,"WISSA, ANWAR",,33aff3115f,EVIDENCE_ONLY,,,8c98bdbd2c
fl_dbpr_asbestos_59,464,59:ZA:ZA427,ZA427,ZA,C|-,NO,ENVIROLOGICAL ELEMENTS INC,AVI LEVY,c8e4558bd3,NEW_BUSINESS_WITH_AUTHORITATIVE_ID,,FL|DBPR|59|ZA|ZA427,550a2c612e
fl_dbpr_asbestos_59,465,59:FO:FO142,FO142,FO,C|-,NO,"JASINOWSKI, LYNN M",,33aff3115f,EVIDENCE_ONLY,,,8c98bdbd2c
fl_dbpr_asbestos_59,466,59:FO:FO143,FO143,FO,C|-,NO,"COLLIER, LEWIS G",,33aff3115f,EVIDENCE_ONLY,,,8c98bdbd2c
fl_dbpr_asbestos_59,467,59:FO:FO144,FO144,FO,C|-,NO,"ATKINS, JANE",,33aff3115f,EVIDENCE_ONLY,,,8c98bdbd2c
fl_dbpr_asbestos_59,468,59:ZA:ZA401,ZA401,ZA,C|-,NO,RAMBOLL ENVIRON US CORPORATION,,c8e4558bd3,NEW_BUSINESS_WITH_AUTHORITATIVE_ID,,FL|DBPR|59|ZA|ZA401,550a2c612e
fl_dbpr_asbestos_59,469,59:FO:FO145,FO145,FO,C|-,NO,"RAMROOP, ADESH",,33aff3115f,EVIDENCE_ONLY,,,8c98bdbd2c
fl_dbpr_asbestos_59,470,59:ZA:ZA395,ZA395,ZA,C|-,NO,DIVERSIFIED PROFESSIONAL SERVICES CORP.,SCOTT S CRANDALL,c8e4558bd3,NEW_BUSINESS_WITH_AUTHORITATIVE_ID,,FL|DBPR|59|ZA|ZA395,550a2c612e
fl_dbpr_asbestos_59,471,59:AX:AX101,AX101,AX,C|A,YES,"GAUDET, JOSEPH EDWARD III","GAUDET ASSOCIATES, INC.",ff73f08789,PERSON,,,88d06495f9
fl_dbpr_asbestos_59,472,59:ZA:ZA397,ZA397,ZA,C|-,NO,JENSAFE ENVIRONMENTAL LLC,ELI J JENSEN,c8e4558bd3,NEW_BUSINESS_WITH_AUTHORITATIVE_ID,,FL|DBPR|59|ZA|ZA397,550a2c612e
fl_dbpr_asbestos_59,473,59:FO:FO146,FO146,FO,C|-,NO,"REGAN, JOHN C",,33aff3115f,EVIDENCE_ONLY,,,8c98bdbd2c
fl_dbpr_asbestos_59,474,59:AX:AX71,AX71,AX,C|A,YES,"KAUB, FREDERICK GEORGE",GFA INTERNATIONAL INC,ff73f08789,PERSON,,,88d06495f9
fl_dbpr_asbestos_59,475,59:ZA:ZA396,ZA396,ZA,C|-,NO,BROCK GROUP LIMITED PARTNERSHIP DBA BROCK SERVICES LTD,KURT C JONES,c8e4558bd3,NEW_BUSINESS_WITH_AUTHORITATIVE_ID,,FL|DBPR|59|ZA|ZA396,550a2c612e
fl_dbpr_asbestos_59,476,59:ZA:ZA398,ZA398,ZA,C|-,NO,PECE OF MIND DISPOSAL INC,THOMAS EDWARD AZEVEDO,c8e4558bd3,NEW_BUSINESS_WITH_AUTHORITATIVE_ID,,FL|DBPR|59|ZA|ZA398,550a2c612e
fl_dbpr_asbestos_59,477,59:FO:FO147,FO147,FO,C|-,NO,"POLANIS, SANDRA L",,33aff3115f,EVIDENCE_ONLY,,,8c98bdbd2c
fl_dbpr_asbestos_59,478,59:FO:FO149,FO149,FO,C|-,NO,"HAMMACK, MARSHALL",PROFESSIONAL SERVICE INDUSTRIES INC,33aff3115f,EVIDENCE_ONLY,,,8c98bdbd2c
fl_dbpr_asbestos_59,479,59:FO:FO150,FO150,FO,C|-,NO,"COLLARD, KELVIN R",,33aff3115f,EVIDENCE_ONLY,,,8c98bdbd2c
fl_dbpr_asbestos_59,480,59:FO:FO148,FO148,FO,C|-,NO,"JENSEN, ELI J",,33aff3115f,EVIDENCE_ONLY,,,8c98bdbd2c
fl_dbpr_asbestos_59,481,59:FO:FO152,FO152,FO,C|-,NO,"PECE, STEVEN A",,33aff3115f,EVIDENCE_ONLY,,,8c98bdbd2c
fl_dbpr_asbestos_59,482,59:FO:FO151,FO151,FO,C|-,NO,"PEREZ, MANUEL A",,33aff3115f,EVIDENCE_ONLY,,,8c98bdbd2c
fl_dbpr_asbestos_59,483,59:CJC:CJC1154182,CJC1154182,CJC,C|A,YES,"RAMROOP, ADESH",AFR ENVIRONMENTAL CORP,ff73f08789,PERSON,,,88d06495f9
fl_dbpr_asbestos_59,484,59:FO:FO153,FO153,FO,C|-,NO,"VALLADARES, ROBERT JR",,33aff3115f,EVIDENCE_ONLY,,,8c98bdbd2c
fl_dbpr_asbestos_59,485,59:FO:FO154,FO154,FO,C|-,NO,"GROSS, LEROY P",,33aff3115f,EVIDENCE_ONLY,,,8c98bdbd2c
fl_dbpr_asbestos_59,486,59:FO:FO155,FO155,FO,C|-,NO,"LEWIS, GUY",,33aff3115f,EVIDENCE_ONLY,,,8c98bdbd2c
fl_dbpr_asbestos_59,487,59:CJC:CJC1154181,CJC1154181,CJC,C|A,YES,"YOUNG, RONALD DEAN",JARDY GROUP LLC,ff73f08789,PERSON,,,88d06495f9
fl_dbpr_asbestos_59,488,59:FO:FO156,FO156,FO,C|-,NO,"JENKINS, JEFFREY",,33aff3115f,EVIDENCE_ONLY,,,8c98bdbd2c
fl_dbpr_asbestos_59,489,59:FO:FO157,FO157,FO,C|-,NO,"HARGROV, CATHERINE R",,33aff3115f,EVIDENCE_ONLY,,,8c98bdbd2c
fl_dbpr_asbestos_59,490,59:CJC:CJC1154179,CJC1154179,CJC,C|A,YES,"SCHAMBACH, DONALD ANTHONY JR",EE&G CONSTRUCTION & ELECTRICAL LLC,ff73f08789,PERSON,,,88d06495f9
fl_dbpr_asbestos_59,491,59:AX:AX73,AX73,AX,C|A,YES,"JERNIGAN, JEREMY RYAN","PROFESSIONAL SERVICE INDUSTRIES, INC.",ff73f08789,PERSON,,,88d06495f9
fl_dbpr_asbestos_59,492,59:ZA:ZA404,ZA404,ZA,C|-,NO,GFA INTERNATIONAL INC,FREDERICK GEORGE KAUB,c8e4558bd3,NEW_BUSINESS_WITH_AUTHORITATIVE_ID,,FL|DBPR|59|ZA|ZA404,550a2c612e
fl_dbpr_asbestos_59,493,59:FO:FO158,FO158,FO,C|-,NO,"PEITZ, MARK T SR",,33aff3115f,EVIDENCE_ONLY,,,8c98bdbd2c
fl_dbpr_asbestos_59,494,59:FO:FO159,FO159,FO,C|-,NO,"RYAN, JAMES C",,33aff3115f,EVIDENCE_ONLY,,,8c98bdbd2c
fl_dbpr_asbestos_59,495,59:CJC:CJC1154180,CJC1154180,CJC,C|A,YES,"KLEIN, KEVIN JOHN",CLEANBUILDING INC,ff73f08789,PERSON,,,88d06495f9
fl_dbpr_asbestos_59,496,59:FO:FO160,FO160,FO,C|-,NO,"WILLIAMSON, KAY G",,33aff3115f,EVIDENCE_ONLY,,,8c98bdbd2c
fl_dbpr_asbestos_59,497,59:FO:FO161,FO161,FO,C|-,NO,"KAUB, FREDERICK",,33aff3115f,EVIDENCE_ONLY,,,8c98bdbd2c
fl_dbpr_asbestos_59,498,59:ZA:ZA405,ZA405,ZA,C|-,NO,TIERRA INC,SCOTT S CRANDALL,c8e4558bd3,NEW_BUSINESS_WITH_AUTHORITATIVE_ID,,FL|DBPR|59|ZA|ZA405,550a2c612e
fl_dbpr_asbestos_59,499,59:CJC:CJC1154189,CJC1154189,CJC,C|A,YES,"SWEENEY, JENNIFER CHRISTINE",ABATEMENT CENTRAL INC,ff73f08789,PERSON,,,88d06495f9
fl_dbpr_asbestos_59,500,59:ZA:ZA408,ZA408,ZA,C|-,NO,CLEANBUILDING INC,KEVIN JOHN KLEIN,c8e4558bd3,NEW_BUSINESS_WITH_AUTHORITATIVE_ID,,FL|DBPR|59|ZA|ZA408,550a2c612e
fl_dbpr_asbestos_59,501,59:ZA:ZA406,ZA406,ZA,C|-,NO,"KRANE DEVELOPMENT, INC",ADS SERVICES INC,c8e4558bd3,NEW_BUSINESS_WITH_AUTHORITATIVE_ID,,FL|DBPR|59|ZA|ZA406,550a2c612e
fl_dbpr_asbestos_59,502,59:FO:FO162,FO162,FO,C|-,NO,"MAHIQUEZ, LUIS F",,33aff3115f,EVIDENCE_ONLY,,,8c98bdbd2c
fl_dbpr_asbestos_59,503,59:FO:FO164,FO164,FO,C|-,NO,"OVERTON, JOAN M",,33aff3115f,EVIDENCE_ONLY,,,8c98bdbd2c
fl_dbpr_asbestos_59,504,59:FO:FO163,FO163,FO,C|-,NO,"RUDDOCK, KENNETH G",,33aff3115f,EVIDENCE_ONLY,,,8c98bdbd2c
fl_dbpr_asbestos_59,505,59:FO:FO165,FO165,FO,C|-,NO,"KLEIN, KEVIN JOHN",,33aff3115f,EVIDENCE_ONLY,,,8c98bdbd2c
fl_dbpr_asbestos_59,506,59:FO:FO166,FO166,FO,C|-,NO,"DUGAS, DAVID",,33aff3115f,EVIDENCE_ONLY,,,8c98bdbd2c
fl_dbpr_asbestos_59,507,59:FO:FO167,FO167,FO,C|-,NO,"KATZ, MARK",,33aff3115f,EVIDENCE_ONLY,,,8c98bdbd2c
fl_dbpr_asbestos_59,508,59:FO:FO168,FO168,FO,C|-,NO,"SUBRAMANIA, HARI",,33aff3115f,EVIDENCE_ONLY,,,8c98bdbd2c
fl_dbpr_asbestos_59,509,59:CJC:CJC1154204,CJC1154204,CJC,C|A,YES,"LEONARD, JIM","BALCO, LLC",ff73f08789,PERSON,,,88d06495f9
fl_dbpr_asbestos_59,510,59:FO:FO169,FO169,FO,C|-,NO,"SILVER, DAVID J",,33aff3115f,EVIDENCE_ONLY,,,8c98bdbd2c
fl_dbpr_asbestos_59,511,59:FO:FO170,FO170,FO,C|-,NO,"WINSLOW, KELLY S",,33aff3115f,EVIDENCE_ONLY,,,8c98bdbd2c
fl_dbpr_asbestos_59,512,59:AX:AX76,AX76,AX,C|A,YES,"GRANHOLM, PETER MICHAEL",APEX COMPANIES LLC,ff73f08789,PERSON,,,88d06495f9
fl_dbpr_asbestos_59,513,59:ZA:ZA414,ZA414,ZA,C|-,NO,PRISM RESPONSE LLC,RYAN REGAN,c8e4558bd3,NEW_BUSINESS_WITH_AUTHORITATIVE_ID,,FL|DBPR|59|ZA|ZA414,550a2c612e
fl_dbpr_asbestos_59,514,59:FO:FO171,FO171,FO,C|-,NO,"BAGWELL, RANDALL L",,33aff3115f,EVIDENCE_ONLY,,,8c98bdbd2c
fl_dbpr_asbestos_59,515,59:FO:FO172,FO172,FO,C|-,NO,"CROWE, WILLIAM H",,33aff3115f,EVIDENCE_ONLY,,,8c98bdbd2c
fl_dbpr_asbestos_59,516,59:FO:FO173,FO173,FO,C|-,NO,"MAIRE, DULCIA",PRISM RESPONSE LLC,33aff3115f,EVIDENCE_ONLY,,,8c98bdbd2c
fl_dbpr_asbestos_59,517,59:CJC:CJC1154184,CJC1154184,CJC,C|A,YES,"COOPER, ANTHONY ROBERT",MILICON INC. DBA ZUTO,ff73f08789,PERSON,,,88d06495f9
fl_dbpr_asbestos_59,518,59:FO:FO174,FO174,FO,C|-,NO,"FERGUSON, PATRICK",,33aff3115f,EVIDENCE_ONLY,,,8c98bdbd2c
fl_dbpr_asbestos_59,519,59:CJC:CJC1154186,CJC1154186,CJC,C|A,YES,"REGAN, RYAN PATRICK",PRISM RESPONSE LLC,ff73f08789,PERSON,,,88d06495f9
fl_dbpr_asbestos_59,520,59:ZA:ZA418,ZA418,ZA,C|-,NO,APEX COMPANIES LLC,PETER MICHAEL GRANHOLM,c8e4558bd3,NEW_BUSINESS_WITH_AUTHORITATIVE_ID,,FL|DBPR|59|ZA|ZA418,550a2c612e
fl_dbpr_asbestos_59,521,59:CRS2:CRS234,CRS234,CRS2,C|-,NO,"GAUDET ASSOCIATES, INC.",JOSEPH E. GAUDET,33aff3115f,EVIDENCE_ONLY,,,8c98bdbd2c
fl_dbpr_asbestos_59,522,59:CRS2:CRS160,CRS160,CRS2,C|-,NO,NATIONAL ABATEMENT TECHNOLOGY CENTER,,33aff3115f,EVIDENCE_ONLY,,,8c98bdbd2c
fl_dbpr_asbestos_59,523,59:AX:AX77,AX77,AX,C|A,YES,"TERRY, KAREN A",ATLANTIS INDUSTRIAL HYGIENE LLC,ff73f08789,PERSON,,,88d06495f9
fl_dbpr_asbestos_59,524,59:FO:FO175,FO175,FO,C|-,NO,"DAMASCENO, LUIS",,33aff3115f,EVIDENCE_ONLY,,,8c98bdbd2c
fl_dbpr_asbestos_59,525,59:ZA:ZA419,ZA419,ZA,C|-,NO,"NV5, INC",STEVEN ANDREW LIPSON,c8e4558bd3,NEW_BUSINESS_WITH_AUTHORITATIVE_ID,,FL|DBPR|59|ZA|ZA419,550a2c612e
fl_dbpr_asbestos_59,526,59:FO:FO176,FO176,FO,C|-,NO,"WOLF, DANIEL",,33aff3115f,EVIDENCE_ONLY,,,8c98bdbd2c
fl_dbpr_asbestos_59,527,59:FO:FO177,FO177,FO,C|-,NO,"JUNGERS, DAVID A",,33aff3115f,EVIDENCE_ONLY,,,8c98bdbd2c
fl_dbpr_asbestos_59,528,59:FO:FO178,FO178,FO,C|-,NO,"GRANHOLM, PETER MICHAEL",,33aff3115f,EVIDENCE_ONLY,,,8c98bdbd2c
fl_dbpr_asbestos_59,529,59:CRS2:CRS158,CRS158,CRS2,C|-,NO,ACTIVE ENVIRONMENTAL TRAINING,,33aff3115f,EVIDENCE_ONLY,,,8c98bdbd2c
fl_dbpr_asbestos_59,530,59:PVDR:PVD94,PVD94,PVDR,C|-,NO,ACTIVE ENVIRONMENTAL TRAINING,,33aff3115f,EVIDENCE_ONLY,,,8c98bdbd2c
fl_dbpr_asbestos_59,531,59:FO:FO179,FO179,FO,C|-,NO,"BLACK, STEVEN EUGENE",,33aff3115f,EVIDENCE_ONLY,,,8c98bdbd2c
fl_dbpr_asbestos_59,532,59:FO:FO180,FO180,FO,C|-,NO,"FIORINI, MICHAEL",,33aff3115f,EVIDENCE_ONLY,,,8c98bdbd2c
fl_dbpr_asbestos_59,533,59:ZA:ZA422,ZA422,ZA,C|-,NO,ARCADIS US INC,EDWARD HIRSHENSON,c8e4558bd3,NEW_BUSINESS_WITH_AUTHORITATIVE_ID,,FL|DBPR|59|ZA|ZA422,550a2c612e
fl_dbpr_asbestos_59,534,59:CRS1:CRS128,CRS128,CRS1,C|-,NO,TENNESSEE ENVIRONMENTAL SERVICES,,33aff3115f,EVIDENCE_ONLY,,,8c98bdbd2c
fl_dbpr_asbestos_59,535,59:CRS2:CRS242,CRS242,CRS2,C|-,NO,TENNESSEE ENVIRONMENTAL SERVICES,,33aff3115f,EVIDENCE_ONLY,,,8c98bdbd2c
fl_dbpr_asbestos_59,536,59:FO:FO181,FO181,FO,C|-,NO,"COOK, BARNEY C",,33aff3115f,EVIDENCE_ONLY,,,8c98bdbd2c
fl_dbpr_asbestos_59,537,59:FO:FO182,FO182,FO,C|-,NO,"COOPER, ANTHONY",,33aff3115f,EVIDENCE_ONLY,,,8c98bdbd2c
fl_dbpr_asbestos_59,538,59:FO:FO183,FO183,FO,C|-,NO,"JOHNSON, DEAN C",,33aff3115f,EVIDENCE_ONLY,,,8c98bdbd2c
fl_dbpr_asbestos_59,539,59:FO:FO184,FO184,FO,C|-,NO,"SOSA, JOSE J",,33aff3115f,EVIDENCE_ONLY,,,8c98bdbd2c
fl_dbpr_asbestos_59,540,59:CRS2:CRS159,CRS159,CRS2,C|-,NO,ACTIVE ENVIRONMENTAL TRAINING,,33aff3115f,EVIDENCE_ONLY,,,8c98bdbd2c
fl_dbpr_asbestos_59,541,59:ZA:ZA432,ZA432,ZA,C|-,NO,TRC ENVIRONMENTAL CORPORATION,KAREN A TERRY,c8e4558bd3,NEW_BUSINESS_WITH_AUTHORITATIVE_ID,,FL|DBPR|59|ZA|ZA432,550a2c612e
fl_dbpr_asbestos_59,542,59:FO:FO185,FO185,FO,C|-,NO,"RABB, ANTHONY",BRANDSAFWAY LLC,33aff3115f,EVIDENCE_ONLY,,,8c98bdbd2c
fl_dbpr_asbestos_59,543,59:FO:FO186,FO186,FO,C|-,NO,"BROWN, MICHAEL J",,33aff3115f,EVIDENCE_ONLY,,,8c98bdbd2c
fl_dbpr_asbestos_59,544,59:FO:FO187,FO187,FO,C|-,NO,"LEAR, STEPHEN O JR",,33aff3115f,EVIDENCE_ONLY,,,8c98bdbd2c
fl_dbpr_asbestos_59,545,59:CJC:CJC1154193,CJC1154193,CJC,C|A,YES,"SMITH, CHARLES GEORGE",RHINO DEMOLITION & ENVIRONMENTAL SERVICES CORP.,ff73f08789,PERSON,,,88d06495f9
fl_dbpr_asbestos_59,546,59:ZA:ZA433,ZA433,ZA,C|-,NO,A C R ENVIRONMENTAL INC,ALEXANDER FRONT,c8e4558bd3,NEW_BUSINESS_WITH_AUTHORITATIVE_ID,,FL|DBPR|59|ZA|ZA433,550a2c612e
fl_dbpr_asbestos_59,547,59:ZA:ZA429,ZA429,ZA,C|-,NO,AIRMD,SCOTT A RUSSELL,c8e4558bd3,NEW_BUSINESS_WITH_AUTHORITATIVE_ID,,FL|DBPR|59|ZA|ZA429,550a2c612e
fl_dbpr_asbestos_59,548,59:FO:FO188,FO188,FO,C|-,NO,"LEVY, AVI",,33aff3115f,EVIDENCE_ONLY,,,8c98bdbd2c
fl_dbpr_asbestos_59,549,59:FO:FO191,FO191,FO,C|-,NO,"CRONIN, KATIE T",,33aff3115f,EVIDENCE_ONLY,,,8c98bdbd2c
fl_dbpr_asbestos_59,550,59:FO:FO190,FO190,FO,C|-,NO,"SIMON, HAHESSY",,33aff3115f,EVIDENCE_ONLY,,,8c98bdbd2c
fl_dbpr_asbestos_59,551,59:FO:FO192,FO192,FO,C|-,NO,"RAMEY, ROBERT",,33aff3115f,EVIDENCE_ONLY,,,8c98bdbd2c
fl_dbpr_asbestos_59,552,59:CJC:CJC1154188,CJC1154188,CJC,C|A,YES,"BRIGHAM, SHAWN ELLIOT","SIMPSON ENVIRONMENTAL SERVICES, LLC",ff73f08789,PERSON,,,88d06495f9
fl_dbpr_asbestos_59,553,59:ZA:ZA436,ZA436,ZA,C|-,NO,MORLEY ENVIRONMENTAL INC,MARK SIEVERS,c8e4558bd3,NEW_BUSINESS_WITH_AUTHORITATIVE_ID,,FL|DBPR|59|ZA|ZA436,550a2c612e
fl_dbpr_asbestos_59,554,59:FO:FO193,FO193,FO,C|-,NO,"BENNET, THOMAS W JR",,33aff3115f,EVIDENCE_ONLY,,,8c98bdbd2c
fl_dbpr_asbestos_59,555,59:FO:FO194,FO194,FO,C|-,NO,"HODGSON, ADOLFO",,33aff3115f,EVIDENCE_ONLY,,,8c98bdbd2c
fl_dbpr_asbestos_59,556,59:FO:FO196,FO196,FO,C|-,NO,"ROBERTS, JOSE",,33aff3115f,EVIDENCE_ONLY,,,8c98bdbd2c
fl_dbpr_asbestos_59,557,59:FO:FO195,FO195,FO,C|-,NO,"GIBSON, MALCOLM E",,33aff3115f,EVIDENCE_ONLY,,,8c98bdbd2c
fl_dbpr_asbestos_59,558,59:AX:AX78,AX78,AX,C|A,YES,"SCHRUM, MICHAEL W",TERRACON CONSULTANTS INC,ff73f08789,PERSON,,,88d06495f9
fl_dbpr_asbestos_59,559,59:FO:FO197,FO197,FO,C|-,NO,"MORLEY, JOHN J",,33aff3115f,EVIDENCE_ONLY,,,8c98bdbd2c
fl_dbpr_asbestos_59,560,59:CRS1:CRS98,CRS98,CRS1,C|-,NO,ACTIVE ENVIRONMENTAL TRAINING,,33aff3115f,EVIDENCE_ONLY,,,8c98bdbd2c
fl_dbpr_asbestos_59,561,59:ZA:ZA440,ZA440,ZA,C|-,NO,"HENDERSON/BUNDOC ASSOCIATES, LLC",TIMOTHY F CAUGHEY,c8e4558bd3,NEW_BUSINESS_WITH_AUTHORITATIVE_ID,,FL|DBPR|59|ZA|ZA440,550a2c612e
fl_dbpr_asbestos_59,562,59:ZA:ZA438,ZA438,ZA,C|-,NO,ABATEMENT CENTRAL INC,JENNIFER CHRISTINE SWEENEY,c8e4558bd3,NEW_BUSINESS_WITH_AUTHORITATIVE_ID,,FL|DBPR|59|ZA|ZA438,550a2c612e
fl_dbpr_asbestos_59,563,59:CRS1:CRS122,CRS122,CRS1,C|-,NO,ENVIRONMENTAL SAFETY & HEALTH INSTITUTE - FSU,,33aff3115f,EVIDENCE_ONLY,,,8c98bdbd2c
fl_dbpr_asbestos_59,564,59:FO:FO199,FO199,FO,C|-,NO,"SWEENEY, JENNIFER C",,33aff3115f,EVIDENCE_ONLY,,,8c98bdbd2c
fl_dbpr_asbestos_59,565,59:FO:FO198,FO198,FO,C|-,NO,"RUDDOCK, KENNETH G",,33aff3115f,EVIDENCE_ONLY,,,8c98bdbd2c
fl_dbpr_asbestos_59,566,59:FO:FO200,FO200,FO,C|-,NO,"HICKEY, MICHAEL A",,33aff3115f,EVIDENCE_ONLY,,,8c98bdbd2c
fl_dbpr_asbestos_59,567,59:ZA:ZA443,ZA443,ZA,C|-,NO,PHOENIX REMEDIATION GROUP LLC,ALEXANDER FRONT,c8e4558bd3,NEW_BUSINESS_WITH_AUTHORITATIVE_ID,,FL|DBPR|59|ZA|ZA443,550a2c612e
fl_dbpr_asbestos_59,568,59:FO:FO201,FO201,FO,C|-,NO,"HENDERSON, JOHN J",,33aff3115f,EVIDENCE_ONLY,,,8c98bdbd2c
fl_dbpr_asbestos_59,569,59:FO:FO202,FO202,FO,C|-,NO,"LONG, RANDALL",,33aff3115f,EVIDENCE_ONLY,,,8c98bdbd2c
fl_dbpr_asbestos_59,570,59:FO:FO203,FO203,FO,C|-,NO,"BERRY, CLIFFORD L II",,33aff3115f,EVIDENCE_ONLY,,,8c98bdbd2c
fl_dbpr_asbestos_59,571,59:CRS2:CRS170,CRS170,CRS2,C|-,NO,ASBESTOS ONLINE TRAINING LLC,,33aff3115f,EVIDENCE_ONLY,,,8c98bdbd2c
fl_dbpr_asbestos_59,572,59:PVDR:PVD96,PVD96,PVDR,C|-,NO,ASBESTOS ONLINE TRAINING LLC,,33aff3115f,EVIDENCE_ONLY,,,8c98bdbd2c
fl_dbpr_asbestos_59,573,59:ZA:ZA448,ZA448,ZA,C|-,NO,"AWARD ENGINEERING, INC.",JOHN M STUMP,c8e4558bd3,NEW_BUSINESS_WITH_AUTHORITATIVE_ID,,FL|DBPR|59|ZA|ZA448,550a2c612e
fl_dbpr_asbestos_59,574,59:FO:FO204,FO204,FO,C|-,NO,"MEYER, KAREN M",,33aff3115f,EVIDENCE_ONLY,,,8c98bdbd2c
fl_dbpr_asbestos_59,575,59:FO:FO205,FO205,FO,C|-,NO,"TOLSON, BILLY E",,33aff3115f,EVIDENCE_ONLY,,,8c98bdbd2c
fl_dbpr_asbestos_59,576,59:CRS1:CRS108,CRS108,CRS1,C|-,NO,"COLE & ASSOCIATES, TRAINING & CONSULTING, INC.",,33aff3115f,EVIDENCE_ONLY,,,8c98bdbd2c
fl_dbpr_asbestos_59,577,59:CRS2:CRS220,CRS220,CRS2,C|-,NO,ALPHA ENVIRONMENTAL TRAINING,,33aff3115f,EVIDENCE_ONLY,,,8c98bdbd2c
fl_dbpr_asbestos_59,578,59:PVDR:PVD100,PVD100,PVDR,C|-,NO,ALPHA ENVIRONMENTAL TRAINING,,33aff3115f,EVIDENCE_ONLY,,,8c98bdbd2c
fl_dbpr_asbestos_59,579,59:ZA:ZA446,ZA446,ZA,C|-,NO,ALL PHASE SOLUTIONS LLC,SALEH RABAH,c8e4558bd3,NEW_BUSINESS_WITH_AUTHORITATIVE_ID,,FL|DBPR|59|ZA|ZA446,550a2c612e
fl_dbpr_asbestos_59,580,59:FO:FO206,FO206,FO,C|-,NO,"RABAH, SALEH",,33aff3115f,EVIDENCE_ONLY,,,8c98bdbd2c
fl_dbpr_asbestos_59,581,59:AX:AX79,AX79,AX,C|A,YES,"ZEDNEK, SCOTT CHARLES","TIERRA CONSULTING GROUP, LLC",ff73f08789,PERSON,,,88d06495f9
fl_dbpr_asbestos_59,582,59:FO:FO207,FO207,FO,C|-,NO,"CAPARELLI, ANGELO",,33aff3115f,EVIDENCE_ONLY,,,8c98bdbd2c
fl_dbpr_asbestos_59,583,59:ZA:ZA450,ZA450,ZA,C|-,NO,DAYBREAK INSULATION CO. INC.,JAMES DANIEL ANDERSON JR,c8e4558bd3,NEW_BUSINESS_WITH_AUTHORITATIVE_ID,,FL|DBPR|59|ZA|ZA450,550a2c612e
fl_dbpr_asbestos_59,584,59:FO:FO209,FO209,FO,C|-,NO,"ZEDNEK, SCOTT C",,33aff3115f,EVIDENCE_ONLY,,,8c98bdbd2c
fl_dbpr_asbestos_59,585,59:FO:FO208,FO208,FO,C|-,NO,"TERNIKAR, YASMEEN K",,33aff3115f,EVIDENCE_ONLY,,,8c98bdbd2c
fl_dbpr_asbestos_59,586,59:FO:FO210,FO210,FO,C|-,NO,"CLARKE, JOHN JAMES",,33aff3115f,EVIDENCE_ONLY,,,8c98bdbd2c
fl_dbpr_asbestos_59,587,59:CRS1:CRS103,CRS103,CRS1,C|-,NO,AIR ANALYTICS LLC,,33aff3115f,EVIDENCE_ONLY,,,8c98bdbd2c
fl_dbpr_asbestos_59,588,59:FO:FO211,FO211,FO,C|-,NO,"ANDERSON, JAMES DANIEL JR",,33aff3115f,EVIDENCE_ONLY,,,8c98bdbd2c
fl_dbpr_asbestos_59,589,59:CRS2:CRS175,CRS175,CRS2,C|-,NO,"PROFESSIONAL TRAINING ASSOCIATES, INC.",,33aff3115f,EVIDENCE_ONLY,,,8c98bdbd2c
fl_dbpr_asbestos_59,590,59:CRS1:CRS126,CRS126,CRS1,C|-,NO,ENVIRONMENTAL SAFETY & HEALTH INSTITUTE - FSU,,33aff3115f,EVIDENCE_ONLY,,,8c98bdbd2c
fl_dbpr_asbestos_59,591,59:CRS1:CRS105,CRS105,CRS1,C|-,NO,ACTIVE ENVIRONMENTAL TRAINING,,33aff3115f,EVIDENCE_ONLY,,,8c98bdbd2c
fl_dbpr_asbestos_59,592,59:FO:FO212,FO212,FO,C|-,NO,"TOLSON, BILLY E",,33aff3115f,EVIDENCE_ONLY,,,8c98bdbd2c
fl_dbpr_asbestos_59,593,59:FO:FO213,FO213,FO,C|-,NO,"KRUID, DAMON B",,33aff3115f,EVIDENCE_ONLY,,,8c98bdbd2c
fl_dbpr_asbestos_59,594,59:ZA:ZA453,ZA453,ZA,C|-,NO,"CHEROKEE ENTERPRISES, INC.",ADESH RAMROOP,c8e4558bd3,NEW_BUSINESS_WITH_AUTHORITATIVE_ID,,FL|DBPR|59|ZA|ZA453,550a2c612e
fl_dbpr_asbestos_59,595,59:ZA:ZA454,ZA454,ZA,C|-,NO,JARDY GROUP LLC,RONALD DEAN YOUNG,c8e4558bd3,NEW_BUSINESS_WITH_AUTHORITATIVE_ID,,FL|DBPR|59|ZA|ZA454,550a2c612e
fl_dbpr_asbestos_59,596,59:FO:FO216,FO216,FO,C|-,NO,"YOUNG, RONALD DEAN",,33aff3115f,EVIDENCE_ONLY,,,8c98bdbd2c
fl_dbpr_asbestos_59,597,59:FO:FO214,FO214,FO,C|-,NO,"MEDERER, DAVID B",,33aff3115f,EVIDENCE_ONLY,,,8c98bdbd2c
fl_dbpr_asbestos_59,598,59:FO:FO215,FO215,FO,C|-,NO,"SANCHEZ, ALEJANDRO E",,33aff3115f,EVIDENCE_ONLY,,,8c98bdbd2c
fl_dbpr_asbestos_59,599,59:ZA:ZA455,ZA455,ZA,C|-,NO,AEROSTAR SES LLC,JOHN HAMPTON HUBBARD JR,c8e4558bd3,NEW_BUSINESS_WITH_AUTHORITATIVE_ID,,FL|DBPR|59|ZA|ZA455,550a2c612e
fl_dbpr_asbestos_59,600,59:FO:FO217,FO217,FO,C|-,NO,"SKELTON, BASIL ARNOLD",,33aff3115f,EVIDENCE_ONLY,,,8c98bdbd2c
fl_dbpr_asbestos_59,601,59:FO:FO218,FO218,FO,C|-,NO,"SWINDLE, EDWARD DALE","BRACE INTEGRATED SERVICES, INC.",33aff3115f,EVIDENCE_ONLY,,,8c98bdbd2c
fl_dbpr_asbestos_59,602,59:CJC:CJC1154220,CJC1154220,CJC,C|A,YES,"JOHNSON, SHARON LOUISE",JES ABATEMENT INC,ff73f08789,PERSON,,,88d06495f9
fl_dbpr_asbestos_59,603,59:CJC:CJC1154196,CJC1154196,CJC,C|A,YES,"JOHNSON, DONATHAN ANDREW","JOHNSON'S EXCAVATION & SERVICES, INC.",ff73f08789,PERSON,,,88d06495f9
fl_dbpr_asbestos_59,604,59:ZA:ZA458,ZA458,ZA,C|-,NO,GREENPOINT BUILDING TECHNOLOGIES INC,ANGELO G CAPARELLI,c8e4558bd3,NEW_BUSINESS_WITH_AUTHORITATIVE_ID,,FL|DBPR|59|ZA|ZA458,550a2c612e
fl_dbpr_asbestos_59,605,59:CRS2:CRS182,CRS182,CRS2,C|-,NO,ASBESTOS ONLINE TRAINING LLC,,33aff3115f,EVIDENCE_ONLY,,,8c98bdbd2c
fl_dbpr_asbestos_59,606,59:AX:AX82,AX82,AX,C|A,YES,"HIRSHENSON, EDWARD",ARCADIS US INC,ff73f08789,PERSON,,,88d06495f9
fl_dbpr_asbestos_59,607,59:CJC:CJC1154386,CJC1154386,CJC,C|A,YES,"BARTON, MATTHEW EDWARD",INTEGRITY ENVIRONMENTAL GROUP,ff73f08789,PERSON,,,88d06495f9
fl_dbpr_asbestos_59,608,59:CJC:CJC1154198,CJC1154198,CJC,C|A,YES,"SNIDER, JACK MARTIN III",AMERICAN MANAGEMENT RESOURCES CORPORATION,ff73f08789,PERSON,,,88d06495f9
fl_dbpr_asbestos_59,609,59:FO:FO219,FO219,FO,C|-,NO,"DECARO, ERNEST M III",,33aff3115f,EVIDENCE_ONLY,,,8c98bdbd2c
fl_dbpr_asbestos_59,610,59:FO:FO220,FO220,FO,C|-,NO,"CALLAHAN, ROBERT","MORAN ENVIRONMENTAL RECOVERY, LLC",33aff3115f,EVIDENCE_ONLY,,,8c98bdbd2c
fl_dbpr_asbestos_59,611,59:FO:FO221,FO221,FO,C|-,NO,"O'DONNELL, PATRICK M",,33aff3115f,EVIDENCE_ONLY,,,8c98bdbd2c
fl_dbpr_asbestos_59,612,59:ZA:ZA457,ZA457,ZA,C|-,NO,"JOHNSON'S EXCAVATION & SERVICES, INC.",DONATHAN A JOHNSON,c8e4558bd3,NEW_BUSINESS_WITH_AUTHORITATIVE_ID,,FL|DBPR|59|ZA|ZA457,550a2c612e
fl_dbpr_asbestos_59,613,59:ZA:ZA473,ZA473,ZA,C|-,NO,"HRP ASSOCIATES, INC.",HRP ENGINEERING INC,c8e4558bd3,NEW_BUSINESS_WITH_AUTHORITATIVE_ID,,FL|DBPR|59|ZA|ZA473,550a2c612e
fl_dbpr_asbestos_59,614,59:FO:FO222,FO222,FO,C|-,NO,"JOHNSON, DONATHAN A",,33aff3115f,EVIDENCE_ONLY,,,8c98bdbd2c
fl_dbpr_asbestos_59,615,59:ZA:ZA461,ZA461,ZA,C|-,NO,"APTIM GOVERNMENT SOLUTIONS, LLC",DAVID W. MOSHER,c8e4558bd3,NEW_BUSINESS_WITH_AUTHORITATIVE_ID,,FL|DBPR|59|ZA|ZA461,550a2c612e
fl_dbpr_asbestos_59,616,59:FO:FO223,FO223,FO,C|-,NO,"REICHENBACH, JOHN M",,33aff3115f,EVIDENCE_ONLY,,,8c98bdbd2c
fl_dbpr_asbestos_59,617,59:FO:FO224,FO224,FO,C|-,NO,"MCFEE, RICHARD D",,33aff3115f,EVIDENCE_ONLY,,,8c98bdbd2c
fl_dbpr_asbestos_59,618,59:FO:FO225,FO225,FO,C|-,NO,"THORNTON, KEITH",,33aff3115f,EVIDENCE_ONLY,,,8c98bdbd2c
fl_dbpr_asbestos_59,619,59:CJC:CJC1154223,CJC1154223,CJC,C|A,YES,"DENISON, NANCY ELIZABETH",,ff73f08789,PERSON,,,88d06495f9
fl_dbpr_asbestos_59,620,59:CJC:CJC1154201,CJC1154201,CJC,C|A,YES,"SMITH, RODNEY FERRELL","AIS GULF COAST INDUSTRIAL, INC.",ff73f08789,PERSON,,,88d06495f9
fl_dbpr_asbestos_59,621,59:CRS2:CRS183,CRS183,CRS2,C|-,NO,ASBESTOS ONLINE TRAINING LLC,,33aff3115f,EVIDENCE_ONLY,,,8c98bdbd2c
fl_dbpr_asbestos_59,622,59:FO:FO226,FO226,FO,C|-,NO,"JENKINS, JEFFREY S","CB&I GOVERNMENT SOLUTIONS, LLC",33aff3115f,EVIDENCE_ONLY,,,8c98bdbd2c
fl_dbpr_asbestos_59,623,59:AX:AX83,AX83,AX,C|A,YES,"JONSSON, ERIC ANDREW","AMERICAN COMPLIANCE TECHNOLOGIES, INC.",ff73f08789,PERSON,,,88d06495f9
fl_dbpr_asbestos_59,624,59:FO:FO227,FO227,FO,C|-,NO,"TAYLOR, STEVE",,33aff3115f,EVIDENCE_ONLY,,,8c98bdbd2c
fl_dbpr_asbestos_59,625,59:FO:FO228,FO228,FO,C|-,NO,"BOSANIC, PETER SAMUEL",,33aff3115f,EVIDENCE_ONLY,,,8c98bdbd2c
fl_dbpr_asbestos_59,626,59:CJC:CJC1154200,CJC1154200,CJC,C|A,YES,"MULICKA, DAVID SCOTT","HONC ENVIRONMENTAL SERVICES, INC.",ff73f08789,PERSON,,,88d06495f9
fl_dbpr_asbestos_59,627,59:FO:FO229,FO229,FO,C|-,NO,"WEIR, AMANDA",,33aff3115f,EVIDENCE_ONLY,,,8c98bdbd2c
fl_dbpr_asbestos_59,628,59:CJC:CJC1154211,CJC1154211,CJC,C|A,YES,"NUNEZ, EDWARD A SR",ADVANCED INDOOR REMEDIATORS INC.,ff73f08789,PERSON,,,88d06495f9
fl_dbpr_asbestos_59,629,59:CJC:CJC1154207,CJC1154207,CJC,C|A,YES,"KEMPF, DOUGLAS LEE",DAY & ZIMMERMANN NPS INC,ff73f08789,PERSON,,,88d06495f9
fl_dbpr_asbestos_59,630,59:CJC:CJC1154205,CJC1154205,CJC,C|A,YES,"WARYCH, JOHN JOSEPH",KIMMINS ABATEMENT CORP,ff73f08789,PERSON,,,88d06495f9
fl_dbpr_asbestos_59,631,59:FO:FO230,FO230,FO,C|-,NO,"MULICKA, DAVID SCOTT",,33aff3115f,EVIDENCE_ONLY,,,8c98bdbd2c
fl_dbpr_asbestos_59,632,59:CJC:CJC1154202,CJC1154202,CJC,C|A,YES,"LIVINGSTON, BENJAMIN JAMES","BAND OF BROTHERS GROUP, LLC",ff73f08789,PERSON,,,88d06495f9
fl_dbpr_asbestos_59,633,59:FO:FO231,FO231,FO,C|-,NO,"SHERRILL, KENDALL HARRIS",,33aff3115f,EVIDENCE_ONLY,,,8c98bdbd2c
fl_dbpr_asbestos_59,634,59:CRS1:CRS114,CRS114,CRS1,C|-,NO,AMERICAN MANAGEMENT RESOURCES CORPORATION,,33aff3115f,EVIDENCE_ONLY,,,8c98bdbd2c
fl_dbpr_asbestos_59,635,59:CJC:CJC1154216,CJC1154216,CJC,C|A,YES,"DIAZ, EDGARDO",911 PROTECTION CORP,ff73f08789,PERSON,,,88d06495f9
fl_dbpr_asbestos_59,636,59:ZA:ZA468,ZA468,ZA,C|-,NO,HILLMANN CONSULTING LLC,MARIANNE HILLMANN,c8e4558bd3,NEW_BUSINESS_WITH_AUTHORITATIVE_ID,,FL|DBPR|59|ZA|ZA468,550a2c612e
fl_dbpr_asbestos_59,637,59:FO:FO232,FO232,FO,C|-,NO,"VRANA, DONALD JAMES",,33aff3115f,EVIDENCE_ONLY,,,8c98bdbd2c
fl_dbpr_asbestos_59,638,59:ZA:ZA467,ZA467,ZA,C|-,NO,"FLORIDA ABATEMENT AND DEMOLITION, INC",ROBERTO B. MORALES,c8e4558bd3,NEW_BUSINESS_WITH_AUTHORITATIVE_ID,,FL|DBPR|59|ZA|ZA467,550a2c612e
fl_dbpr_asbestos_59,639,59:ZA:ZA466,ZA466,ZA,C|-,NO,"BAND OF BROTHERS GROUP, LLC",BENJAMIN JAMES LIVINGSTON,c8e4558bd3,NEW_BUSINESS_WITH_AUTHORITATIVE_ID,,FL|DBPR|59|ZA|ZA466,550a2c612e
fl_dbpr_asbestos_59,640,59:FO:FO233,FO233,FO,C|-,NO,"LIVINGSTON, BENJAMIN JAMES",,33aff3115f,EVIDENCE_ONLY,,,8c98bdbd2c
fl_dbpr_asbestos_59,641,59:FO:FO234,FO234,FO,C|-,NO,"MORALES, RAFAEL BOLANOS",,33aff3115f,EVIDENCE_ONLY,,,8c98bdbd2c
fl_dbpr_asbestos_59,642,59:CRS2:CRS186,CRS186,CRS2,C|-,NO,UNIVERSITY OF FLORIDA/TREEO CENTER,,33aff3115f,EVIDENCE_ONLY,,,8c98bdbd2c
fl_dbpr_asbestos_59,643,59:FO:FO235,FO235,FO,C|-,NO,"SZULC, KAZIMIERZ",,33aff3115f,EVIDENCE_ONLY,,,8c98bdbd2c
fl_dbpr_asbestos_59,644,59:FO:FO236,FO236,FO,C|-,NO,"GRILLO, PAUL JOSEPH",,33aff3115f,EVIDENCE_ONLY,,,8c98bdbd2c
fl_dbpr_asbestos_59,645,59:AX:AX85,AX85,AX,C|A,YES,"WILSON, MARK E",SOUTHERN EARTH SCIENCES INC,ff73f08789,PERSON,,,88d06495f9
fl_dbpr_asbestos_59,646,59:FO:FO238,FO238,FO,C|-,NO,"LEONARD, JIM","BALCO, LLC",33aff3115f,EVIDENCE_ONLY,,,8c98bdbd2c
fl_dbpr_asbestos_59,647,59:FO:FO237,FO237,FO,C|-,NO,"BAUER, JOHN T",,33aff3115f,EVIDENCE_ONLY,,,8c98bdbd2c
fl_dbpr_asbestos_59,648,59:CRS1:CRS110,CRS110,CRS1,C|-,NO,UNIVERSITY OF FLORIDA/TREEO CENTER,,33aff3115f,EVIDENCE_ONLY,,,8c98bdbd2c
fl_dbpr_asbestos_59,649,59:FO:FO239,FO239,FO,C|-,NO,"ZEMINA, JOHN LEWIS",,33aff3115f,EVIDENCE_ONLY,,,8c98bdbd2c
fl_dbpr_asbestos_59,650,59:FO:FO240,FO240,FO,C|-,NO,"BROWN, CHARLIE WILLIAMS",,33aff3115f,EVIDENCE_ONLY,,,8c98bdbd2c
fl_dbpr_asbestos_59,651,59:FO:FO241,FO241,FO,C|-,NO,"MCMAHON, MICHAEL P",,33aff3115f,EVIDENCE_ONLY,,,8c98bdbd2c
fl_dbpr_asbestos_59,652,59:FO:FO242,FO242,FO,C|-,NO,"JANG, CURTIS P","STEARNS, CONRAD AND SCHMIDT, CONSULTING ENGINEERS, INC.",33aff3115f,EVIDENCE_ONLY,,,8c98bdbd2c
fl_dbpr_asbestos_59,653,59:FO:FO243,FO243,FO,C|-,NO,"YATES, JEFFREY O",,33aff3115f,EVIDENCE_ONLY,,,8c98bdbd2c
fl_dbpr_asbestos_59,654,59:FO:FO244,FO244,FO,C|-,NO,"SANTIAGO, MILDRED I",,33aff3115f,EVIDENCE_ONLY,,,8c98bdbd2c
fl_dbpr_asbestos_59,655,59:AX:AX84,AX84,AX,C|A,YES,"LENTZ, TIMOTHY DAVID","GALLAGHER BASSETT SERVICES, INC.",ff73f08789,PERSON,,,88d06495f9
fl_dbpr_asbestos_59,656,59:FO:FO246,FO246,FO,C|-,NO,"MARSHALL, JAMES M","ENERCON SERVICES, INC.",33aff3115f,EVIDENCE_ONLY,,,8c98bdbd2c
fl_dbpr_asbestos_59,657,59:FO:FO245,FO245,FO,C|-,NO,"ISAACS, SHANE LYNARD",,33aff3115f,EVIDENCE_ONLY,,,8c98bdbd2c
fl_dbpr_asbestos_59,658,59:FO:FO247,FO247,FO,C|-,NO,"HIRSHENSON, EDWARD",,33aff3115f,EVIDENCE_ONLY,,,8c98bdbd2c
fl_dbpr_asbestos_59,659,59:CRS2:CRS192,CRS192,CRS2,C|-,NO,ASBESTOS ONLINE TRAINING LLC,,33aff3115f,EVIDENCE_ONLY,,,8c98bdbd2c
fl_dbpr_asbestos_59,660,59:FO:FO248,FO248,FO,C|-,NO,"YING, ANTHONY C",,33aff3115f,EVIDENCE_ONLY,,,8c98bdbd2c
fl_dbpr_asbestos_59,661,59:CJC:CJC1154210,CJC1154210,CJC,C|A,YES,"SALAMANCA, ANGELO F","FUNDISA COMPANY, INC. DBA FUNDISA RESTORATION GROUP",ff73f08789,PERSON,,,88d06495f9
fl_dbpr_asbestos_59,662,59:FO:FO249,FO249,FO,C|-,NO,"VARNER, MICHAEL KEITH",,33aff3115f,EVIDENCE_ONLY,,,8c98bdbd2c
fl_dbpr_asbestos_59,663,59:FO:FO250,FO250,FO,C|-,NO,"PIROLOZZI, JOSEPH",,33aff3115f,EVIDENCE_ONLY,,,8c98bdbd2c
fl_dbpr_asbestos_59,664,59:AX:AX87,AX87,AX,C|A,YES,"WOLF, DANIEL EDWARD",,ff73f08789,PERSON,,,88d06495f9
fl_dbpr_asbestos_59,665,59:ZA:ZA479,ZA479,ZA,C|-,NO,"FUNDISA COMPANY, INC. DBA FUNDISA RESTORATION GROUP",ANGELO F SALAMANCA,c8e4558bd3,NEW_BUSINESS_WITH_AUTHORITATIVE_ID,,FL|DBPR|59|ZA|ZA479,550a2c612e
fl_dbpr_asbestos_59,666,59:FO:FO251,FO251,FO,C|-,NO,"SALAMANCA, ANGELO F","FUNDISA COMPANY, INC. DBA FUNDISA RESTORATION GROUP",33aff3115f,EVIDENCE_ONLY,,,8c98bdbd2c
fl_dbpr_asbestos_59,667,59:FO:FO252,FO252,FO,C|-,NO,"DENISON, NANCY ELIZABETH",,33aff3115f,EVIDENCE_ONLY,,,8c98bdbd2c
fl_dbpr_asbestos_59,668,59:ZA:ZA483,ZA483,ZA,C|-,NO,PRESTIGE DEVELOPMENT SERVICES INC.,KENNETH G RUDDOCK,c8e4558bd3,NEW_BUSINESS_WITH_AUTHORITATIVE_ID,,FL|DBPR|59|ZA|ZA483,550a2c612e
fl_dbpr_asbestos_59,669,59:FO:FO253,FO253,FO,C|-,NO,"KOSKI, CHRISTINE YVONNE",,33aff3115f,EVIDENCE_ONLY,,,8c98bdbd2c
fl_dbpr_asbestos_59,670,59:PVDR:PVD102,PVD102,PVDR,C|-,NO,"ENVIRONMENTAL TRAINING GROUP, LLC",,33aff3115f,EVIDENCE_ONLY,,,8c98bdbd2c
fl_dbpr_asbestos_59,671,59:CRS2:CRS193,CRS193,CRS2,C|-,NO,"ENVIRONMENTAL TRAINING GROUP, LLC",,33aff3115f,EVIDENCE_ONLY,,,8c98bdbd2c
fl_dbpr_asbestos_59,672,59:FO:FO254,FO254,FO,C|-,NO,"NUNEZ, EDWARD A SR",,33aff3115f,EVIDENCE_ONLY,,,8c98bdbd2c
fl_dbpr_asbestos_59,673,59:ZA:ZA484,ZA484,ZA,C|-,NO,ATLANTIS INDUSTRIAL HYGIENE LLC,KAREN A TERRY,c8e4558bd3,NEW_BUSINESS_WITH_AUTHORITATIVE_ID,,FL|DBPR|59|ZA|ZA484,550a2c612e
fl_dbpr_asbestos_59,674,59:FO:FO256,FO256,FO,C|-,NO,"FITZPATRICK, CLAUDIA C",,33aff3115f,EVIDENCE_ONLY,,,8c98bdbd2c
fl_dbpr_asbestos_59,675,59:ZA:ZA485,ZA485,ZA,C|-,NO,"AGC CONSULTANTS, LLC",BRUCE E MARCHETTE,c8e4558bd3,NEW_BUSINESS_WITH_AUTHORITATIVE_ID,,FL|DBPR|59|ZA|ZA485,550a2c612e
fl_dbpr_asbestos_59,676,59:FO:FO257,FO257,FO,C|-,NO,"TERRY, KAREN A",,33aff3115f,EVIDENCE_ONLY,,,8c98bdbd2c
fl_dbpr_asbestos_59,677,59:FO:FO258,FO258,FO,C|-,NO,"PUGLISI, MATTHEW LAWRENCE",,33aff3115f,EVIDENCE_ONLY,,,8c98bdbd2c
fl_dbpr_asbestos_59,678,59:ZA:ZA487,ZA487,ZA,C|-,NO,"ADAPTIVE ENVIRONMENTAL CONSULTING III, INC.",MAX EDWIN WHITE,c8e4558bd3,NEW_BUSINESS_WITH_AUTHORITATIVE_ID,,FL|DBPR|59|ZA|ZA487,550a2c612e
fl_dbpr_asbestos_59,679,59:FO:FO259,FO259,FO,C|-,NO,"SOBASKI, DAVID PATRICK",,33aff3115f,EVIDENCE_ONLY,,,8c98bdbd2c
fl_dbpr_asbestos_59,680,59:FO:FO260,FO260,FO,C|-,NO,"GUSICK, MICHAEL CHRISTOPHER JR.",,33aff3115f,EVIDENCE_ONLY,,,8c98bdbd2c
fl_dbpr_asbestos_59,681,59:ZA:ZA489,ZA489,ZA,C|-,NO,SOUTHERN GULF ENVIRONMENTAL SERVICES INC.,,c8e4558bd3,NEW_BUSINESS_WITH_AUTHORITATIVE_ID,,FL|DBPR|59|ZA|ZA489,550a2c612e
fl_dbpr_asbestos_59,682,59:FO:FO261,FO261,FO,C|-,NO,"LIPSON, STEVEN ANDREW",,33aff3115f,EVIDENCE_ONLY,,,8c98bdbd2c
fl_dbpr_asbestos_59,683,59:CJC:CJC1154219,CJC1154219,CJC,C|A,YES,"ROBERTS, VERNON HERBERT JR",INDIVIDUAL,ff73f08789,PERSON,,,88d06495f9
fl_dbpr_asbestos_59,684,59:CJC:CJC1154217,CJC1154217,CJC,C|I,NO,"CARDONA, ALEXANDER JULIAN",,ff73f08789,PERSON,,,88d06495f9
fl_dbpr_asbestos_59,685,59:ZA:ZA491,ZA491,ZA,C|-,NO,911 PROTECTION CORP,EDGARDO DIAZ,c8e4558bd3,NEW_BUSINESS_WITH_AUTHORITATIVE_ID,,FL|DBPR|59|ZA|ZA491,550a2c612e
fl_dbpr_asbestos_59,686,59:FO:FO262,FO262,FO,C|-,NO,"FUNGAROLI, ROBERT J",,33aff3115f,EVIDENCE_ONLY,,,8c98bdbd2c
fl_dbpr_asbestos_59,687,59:AX:AX89,AX89,AX,C|A,YES,"JOHNSON, MONA PHILLIPS","EC ENVIRONMENTAL, LLC",ff73f08789,PERSON,,,88d06495f9
fl_dbpr_asbestos_59,688,59:FO:FO263,FO263,FO,C|-,NO,"MCCOY, SHAWN A",,33aff3115f,EVIDENCE_ONLY,,,8c98bdbd2c
fl_dbpr_asbestos_59,689,59:FO:FO264,FO264,FO,C|-,NO,"MARINO, VICKI L",,33aff3115f,EVIDENCE_ONLY,,,8c98bdbd2c
fl_dbpr_asbestos_59,690,59:ZA:ZA492,ZA492,ZA,C|-,NO,"ELS ABATEMENT & CONSTRUCTION, INC.",ALEXANDER JULIAN CARDONA,c8e4558bd3,NEW_BUSINESS_WITH_AUTHORITATIVE_ID,,FL|DBPR|59|ZA|ZA492,550a2c612e
fl_dbpr_asbestos_59,691,59:FO:FO365,FO365,FO,C|-,NO,"MOORE, GARY",,33aff3115f,EVIDENCE_ONLY,,,8c98bdbd2c
fl_dbpr_asbestos_59,692,59:FO:FO265,FO265,FO,C|-,NO,"DIAZ, EDGARDO",,33aff3115f,EVIDENCE_ONLY,,,8c98bdbd2c
fl_dbpr_asbestos_59,693,59:FO:FO266,FO266,FO,C|-,NO,"CARDONA, ALEXANDER JULIAN",,33aff3115f,EVIDENCE_ONLY,,,8c98bdbd2c
fl_dbpr_asbestos_59,694,59:AX:AX91,AX91,AX,C|A,YES,"SMYTH, JOHN CHARLES",,ff73f08789,PERSON,,,88d06495f9
fl_dbpr_asbestos_59,695,59:FO:FO267,FO267,FO,C|-,NO,"UEBELHOER, GARY PHILIP",,33aff3115f,EVIDENCE_ONLY,,,8c98bdbd2c
fl_dbpr_asbestos_59,696,59:CJC:CJC1154218,CJC1154218,CJC,C|A,YES,"WHITTEN, DAVID CHRISTOPHER","ASBESTOS SPECIALISTS, INC.",ff73f08789,PERSON,,,88d06495f9
fl_dbpr_asbestos_59,697,59:AX:AX90,AX90,AX,C|A,YES,"SAVAGE, JAMES STACY",SAVAGE CONSULTANTS,ff73f08789,PERSON,,,88d06495f9
fl_dbpr_asbestos_59,698,59:ZA:ZA494,ZA494,ZA,C|-,NO,"ASBESTOS SPECIALISTS, INC.",DAVID WHITTEN,c8e4558bd3,NEW_BUSINESS_WITH_AUTHORITATIVE_ID,,FL|DBPR|59|ZA|ZA494,550a2c612e
fl_dbpr_asbestos_59,699,59:CRS2:CRS198,CRS198,CRS2,C|-,NO,ASBESTOS ONLINE TRAINING LLC,,33aff3115f,EVIDENCE_ONLY,,,8c98bdbd2c
fl_dbpr_asbestos_59,700,59:ZA:ZA500,ZA500,ZA,C|-,NO,HUSKY CORP,SCOTT S CRANDALL,c8e4558bd3,NEW_BUSINESS_WITH_AUTHORITATIVE_ID,,FL|DBPR|59|ZA|ZA500,550a2c612e
fl_dbpr_asbestos_59,701,59:ZA:ZA496,ZA496,ZA,C|-,NO,SAVAGE CONSULTANTS,JAMES STACY SAVAGE,c8e4558bd3,NEW_BUSINESS_WITH_AUTHORITATIVE_ID,,FL|DBPR|59|ZA|ZA496,550a2c612e
fl_dbpr_asbestos_59,702,59:FO:FO268,FO268,FO,C|-,NO,"CHAIRS, TODD ANDREW",,33aff3115f,EVIDENCE_ONLY,,,8c98bdbd2c
fl_dbpr_asbestos_59,703,59:FO:FO269,FO269,FO,C|-,NO,"MOWAT, CHARLES WAYNE",,33aff3115f,EVIDENCE_ONLY,,,8c98bdbd2c
fl_dbpr_asbestos_59,704,59:ZA:ZA497,ZA497,ZA,C|-,NO,"CSI ENVIRONMENTAL SERVICES, INC.",PAUL LAWRENCE OSLEY,c8e4558bd3,NEW_BUSINESS_WITH_AUTHORITATIVE_ID,,FL|DBPR|59|ZA|ZA497,550a2c612e
fl_dbpr_asbestos_59,705,59:FO:FO270,FO270,FO,C|-,NO,"SAVAGE, JAMES STACY",,33aff3115f,EVIDENCE_ONLY,,,8c98bdbd2c
fl_dbpr_asbestos_59,706,59:FO:FO271,FO271,FO,C|-,NO,"OSLEY, PAUL LAWRENCE",,33aff3115f,EVIDENCE_ONLY,,,8c98bdbd2c
fl_dbpr_asbestos_59,707,59:ZA:ZA499,ZA499,ZA,C|-,NO,JES ABATEMENT INC,SHARON LOUISE JOHNSON,c8e4558bd3,NEW_BUSINESS_WITH_AUTHORITATIVE_ID,,FL|DBPR|59|ZA|ZA499,550a2c612e
fl_dbpr_asbestos_59,708,59:ZA:ZA501,ZA501,ZA,C|-,NO,"G&S GOOD ENVIRONMENTAL, INC.",,c8e4558bd3,NEW_BUSINESS_WITH_AUTHORITATIVE_ID,,FL|DBPR|59|ZA|ZA501,550a2c612e
fl_dbpr_asbestos_59,709,59:FO:FO272,FO272,FO,C|-,NO,"ROBERTS, VERNON HERBERT JR",,33aff3115f,EVIDENCE_ONLY,,,8c98bdbd2c
fl_dbpr_asbestos_59,710,59:FO:FO273,FO273,FO,C|-,NO,"JOHNSON, SHARON LOUISE",,33aff3115f,EVIDENCE_ONLY,,,8c98bdbd2c
fl_dbpr_asbestos_59,711,59:ZA:ZA502,ZA502,ZA,C|-,NO,TRILEAF CORPORATION,KAREN A TERRY,c8e4558bd3,NEW_BUSINESS_WITH_AUTHORITATIVE_ID,,FL|DBPR|59|ZA|ZA502,550a2c612e
fl_dbpr_asbestos_59,712,59:FO:FO274,FO274,FO,C|-,NO,"CRANDALL, SCOTT S",,33aff3115f,EVIDENCE_ONLY,,,8c98bdbd2c
fl_dbpr_asbestos_59,713,59:CJC:CJC1154229,CJC1154229,CJC,C|A,YES,"RADHAY, WINSTON",SITECH ENVIRONMENTAL CORPORATION,ff73f08789,PERSON,,,88d06495f9
fl_dbpr_asbestos_59,714,59:FO:FO275,FO275,FO,C|-,NO,"GOOD, GEORGE WILLIAM","GOOD ENVIRONMENTAL SOLUTIONS, INC",33aff3115f,EVIDENCE_ONLY,,,8c98bdbd2c
fl_dbpr_asbestos_59,715,59:FO:FO276,FO276,FO,C|-,NO,"MUSCHANY, THEODORE SCOTT",TRILEAF CORPORATION,33aff3115f,EVIDENCE_ONLY,,,8c98bdbd2c
fl_dbpr_asbestos_59,716,59:AX:AX98,AX98,AX,C|A,YES,"AKIEN, TOI A","PREEMPTIVE STRIKE ENVIRONMENTAL INSPECTIONS, LLC",ff73f08789,PERSON,,,88d06495f9
fl_dbpr_asbestos_59,717,59:FO:FO277,FO277,FO,C|-,NO,"HERNDON, CHRISTINE THERESE",,33aff3115f,EVIDENCE_ONLY,,,8c98bdbd2c
fl_dbpr_asbestos_59,718,59:FO:FO278,FO278,FO,C|-,NO,"MURRAY, DIANA JOYCE",,33aff3115f,EVIDENCE_ONLY,,,8c98bdbd2c
fl_dbpr_asbestos_59,719,59:AX:AX95,AX95,AX,C|A,YES,"JOHNSON, PAUL ELIOT",INDIVIDUAL,ff73f08789,PERSON,,,88d06495f9
fl_dbpr_asbestos_59,720,59:AX:AX94,AX94,AX,C|A,YES,"HOOVER, ASHBY BEE JR","ARDAMAN & ASSOCIATES, INC.",ff73f08789,PERSON,,,88d06495f9
fl_dbpr_asbestos_59,721,59:FO:FO279,FO279,FO,C|-,NO,"DILORENZO, SALVATORE J",,33aff3115f,EVIDENCE_ONLY,,,8c98bdbd2c
fl_dbpr_asbestos_59,722,59:FO:FO280,FO280,FO,C|-,NO,"GARCIA, KATHLEEN I",,33aff3115f,EVIDENCE_ONLY,,,8c98bdbd2c
fl_dbpr_asbestos_59,723,59:FO:FO281,FO281,FO,C|-,NO,"ROMERO, ELIO RAMON",,33aff3115f,EVIDENCE_ONLY,,,8c98bdbd2c
fl_dbpr_asbestos_59,724,59:FO:FO282,FO282,FO,C|-,NO,"FRIDMAN, ALEXANDER",,33aff3115f,EVIDENCE_ONLY,,,8c98bdbd2c
fl_dbpr_asbestos_59,725,59:FO:FO283,FO283,FO,C|-,NO,"HOOVER, ASHBY BEE JR",,33aff3115f,EVIDENCE_ONLY,,,8c98bdbd2c
fl_dbpr_asbestos_59,726,59:PVDR:PVD103,PVD103,PVDR,C|-,NO,UNITY IN THE FAMILY MINISTRY INC,,33aff3115f,EVIDENCE_ONLY,,,8c98bdbd2c
fl_dbpr_asbestos_59,727,59:CRS1:CRS115,CRS115,CRS1,C|-,NO,"ENVIRONMENTAL TRAINING GROUP, LLC",,33aff3115f,EVIDENCE_ONLY,,,8c98bdbd2c
fl_dbpr_asbestos_59,728,59:CRS2:CRS246,CRS246,CRS2,C|-,NO,UNITY IN THE FAMILY MINISTRY INC,,33aff3115f,EVIDENCE_ONLY,,,8c98bdbd2c
fl_dbpr_asbestos_59,729,59:AX:AX96,AX96,AX,C|A,YES,"BLACKLEDGE, KRISTA DAWN","THE BLACKLEDGE GROUP, INC.",ff73f08789,PERSON,,,88d06495f9
fl_dbpr_asbestos_59,730,59:FO:FO284,FO284,FO,C|-,NO,"LOPEZ, DAVID",,33aff3115f,EVIDENCE_ONLY,,,8c98bdbd2c
fl_dbpr_asbestos_59,731,59:AX:AX97,AX97,AX,C|A,YES,"HUBBARD, JOHN HAMPTON JR",AEROSTAR ENVIRONMENTAL AND CONSTRUCTION LLC,ff73f08789,PERSON,,,88d06495f9
fl_dbpr_asbestos_59,732,59:PVDR:PVD104,PVD104,PVDR,C|-,NO,"BETTERCERTIFY, LLC",,33aff3115f,EVIDENCE_ONLY,,,8c98bdbd2c
fl_dbpr_asbestos_59,733,59:ZA:ZA509,ZA509,ZA,C|-,NO,"PREEMPTIVE STRIKE ENVIRONMENTAL INSPECTIONS, LLC",TOI A AKIEN,c8e4558bd3,NEW_BUSINESS_WITH_AUTHORITATIVE_ID,,FL|DBPR|59|ZA|ZA509,550a2c612e
fl_dbpr_asbestos_59,734,59:CRS2:CRS201,CRS201,CRS2,C|-,NO,RETRA TRAINING SERVICES,,33aff3115f,EVIDENCE_ONLY,,,8c98bdbd2c
fl_dbpr_asbestos_59,735,59:CRS2:CRS203,CRS203,CRS2,C|-,NO,RETRA TRAINING SERVICES,,33aff3115f,EVIDENCE_ONLY,,,8c98bdbd2c
fl_dbpr_asbestos_59,736,59:CRS2:CRS204,CRS204,CRS2,C|-,NO,RETRA TRAINING SERVICES,,33aff3115f,EVIDENCE_ONLY,,,8c98bdbd2c
fl_dbpr_asbestos_59,737,59:CRS2:CRS202,CRS202,CRS2,C|-,NO,RETRA TRAINING SERVICES,,33aff3115f,EVIDENCE_ONLY,,,8c98bdbd2c
fl_dbpr_asbestos_59,738,59:ZA:ZA510,ZA510,ZA,C|-,NO,"AMR ENVIRONMENTAL, INC.",ALEXANDER FRONT,c8e4558bd3,NEW_BUSINESS_WITH_AUTHORITATIVE_ID,,FL|DBPR|59|ZA|ZA510,550a2c612e
fl_dbpr_asbestos_59,739,59:ZA:ZA515,ZA515,ZA,C|-,NO,THE NDN COMPANIES,EDWARD A NUNEZ SR,c8e4558bd3,NEW_BUSINESS_WITH_AUTHORITATIVE_ID,,FL|DBPR|59|ZA|ZA515,550a2c612e
fl_dbpr_asbestos_59,740,59:CRS2:CRS205,CRS205,CRS2,C|-,NO,"BETTERCERTIFY, LLC",,33aff3115f,EVIDENCE_ONLY,,,8c98bdbd2c
fl_dbpr_asbestos_59,741,59:AX:AX100,AX100,AX,C|A,YES,"LEJEUNE, JOHN CHARLES JR",GALLAGHER BASSETT SERVICES INC,ff73f08789,PERSON,,,88d06495f9
fl_dbpr_asbestos_59,742,59:FO:FO285,FO285,FO,C|-,NO,"COOPER, ANTHONY ROBERT",MILICON INC. DBA ZUTO,33aff3115f,EVIDENCE_ONLY,,,8c98bdbd2c
fl_dbpr_asbestos_59,743,59:FO:FO286,FO286,FO,C|-,NO,"AKIEN, TOI A","PREEMPTIVE STRIKE ENVIRONMENTAL INSPECTIONS, LLC",33aff3115f,EVIDENCE_ONLY,,,8c98bdbd2c
fl_dbpr_asbestos_59,744,59:AX:AX104,AX104,AX,C|I,NO,"SCHRADER, ANDREW BARRETT",,ff73f08789,PERSON,,,88d06495f9
fl_dbpr_asbestos_59,745,59:FO:FO287,FO287,FO,C|-,NO,"RICHARDSON, CONNIE H","GOBBELL HAYS PARTNERS, INC.",33aff3115f,EVIDENCE_ONLY,,,8c98bdbd2c
fl_dbpr_asbestos_59,746,59:FO:FO289,FO289,FO,C|-,NO,"SIEVERS, MARK",AMR ENVIRONMENTAL SERVICES INC.,33aff3115f,EVIDENCE_ONLY,,,8c98bdbd2c
fl_dbpr_asbestos_59,747,59:FO:FO288,FO288,FO,C|-,NO,"BASIL-RODRIGUEZ, MARIA DEL PILAR","AMR ENVIRONMENTAL, INC.",33aff3115f,EVIDENCE_ONLY,,,8c98bdbd2c
fl_dbpr_asbestos_59,748,59:ZA:ZA512,ZA512,ZA,C|-,NO,ACM ENGINEERING & ENVIRONMENTAL SERVICES INC.,PATRICK T GRIFFIN,c8e4558bd3,NEW_BUSINESS_WITH_AUTHORITATIVE_ID,,FL|DBPR|59|ZA|ZA512,550a2c612e
fl_dbpr_asbestos_59,749,59:FO:FO290,FO290,FO,C|-,NO,"GRIFFIN, PATRICK T",ACM ENGINEERING & ENVIRONMENTAL SERVICES INC.,33aff3115f,EVIDENCE_ONLY,,,8c98bdbd2c
fl_dbpr_asbestos_59,750,59:ZA:ZA513,ZA513,ZA,C|-,NO,F H ARC ABATEMENT LLC,,c8e4558bd3,NEW_BUSINESS_WITH_AUTHORITATIVE_ID,,FL|DBPR|59|ZA|ZA513,550a2c612e
fl_dbpr_asbestos_59,751,59:AX:AX103,AX103,AX,C|A,YES,"BONES, ADELMARIE","JH1 CONSULTANTS, LLC",ff73f08789,PERSON,,,88d06495f9
fl_dbpr_asbestos_59,752,59:FO:FO291,FO291,FO,C|-,NO,"DANIEL, RONALD",F H ARC ABATEMENT LLC,33aff3115f,EVIDENCE_ONLY,,,8c98bdbd2c
fl_dbpr_asbestos_59,753,59:CJC:CJC1154385,CJC1154385,CJC,C|A,YES,"ANDERSON, JOHN ANTON SR",ERS CORP,ff73f08789,PERSON,,,88d06495f9
fl_dbpr_asbestos_59,754,59:CRS2:CRS212,CRS212,CRS2,C|-,NO,UNIVERSITY OF FLORIDA/TREEO CENTER,,33aff3115f,EVIDENCE_ONLY,,,8c98bdbd2c
fl_dbpr_asbestos_59,755,59:PVDR:PVD135,PVD135,PVDR,C|-,NO,METROPOLITAN SOLUTIONS INC,,33aff3115f,EVIDENCE_ONLY,,,8c98bdbd2c
fl_dbpr_asbestos_59,756,59:CRS2:CRS213,CRS213,CRS2,C|-,NO,METROPOLITAN SOLUTIONS INC,,33aff3115f,EVIDENCE_ONLY,,,8c98bdbd2c
fl_dbpr_asbestos_59,757,59:FO:FO292,FO292,FO,C|-,NO,"BOBEK, MICHAEL E",ENVIROW SCIENCE & TECHNOLOGY INC,33aff3115f,EVIDENCE_ONLY,,,8c98bdbd2c
fl_dbpr_asbestos_59,758,59:ZA:ZA514,ZA514,ZA,C|-,NO,"NORTHSTAR CONTRACTING GROUP, INC.",JOHN J. JENKINS,c8e4558bd3,NEW_BUSINESS_WITH_AUTHORITATIVE_ID,,FL|DBPR|59|ZA|ZA514,550a2c612e
fl_dbpr_asbestos_59,759,59:FO:FO293,FO293,FO,C|-,NO,"ADIX, JEFFREY PAUL","NORTHSTAR CONTRACTING GROUP, INC.",33aff3115f,EVIDENCE_ONLY,,,8c98bdbd2c
fl_dbpr_asbestos_59,760,59:FO:FO294,FO294,FO,C|-,NO,"BLACKLEDGE, KRISTA DAWN","TBG FACILITY SOLUTIONS, LLC",33aff3115f,EVIDENCE_ONLY,,,8c98bdbd2c
fl_dbpr_asbestos_59,761,59:FO:FO295,FO295,FO,C|-,NO,"ORMSBY, KEVIN J",,33aff3115f,EVIDENCE_ONLY,,,8c98bdbd2c
fl_dbpr_asbestos_59,762,59:PVDR:PVD111,PVD111,PVDR,C|-,NO,THE ASBESTOS INSTITUTE INC,,33aff3115f,EVIDENCE_ONLY,,,8c98bdbd2c
fl_dbpr_asbestos_59,763,59:CRS2:CRS214,CRS214,CRS2,C|-,NO,METROPOLITAN SOLUTIONS INC,,33aff3115f,EVIDENCE_ONLY,,,8c98bdbd2c
fl_dbpr_asbestos_59,764,59:FO:FO296,FO296,FO,C|-,NO,"RADHAY, WINSTON",SITECH ENVIRONMENTAL CORPORATION,33aff3115f,EVIDENCE_ONLY,,,8c98bdbd2c
fl_dbpr_asbestos_59,765,59:ZA:ZA522,ZA522,ZA,C|-,NO,PARTNER ASSESSMENT CORPORATION,"PARTNER ENGINEERING AND SCIENCE, INC.",c8e4558bd3,NEW_BUSINESS_WITH_AUTHORITATIVE_ID,,FL|DBPR|59|ZA|ZA522,550a2c612e
fl_dbpr_asbestos_59,766,59:CRS2:CRS215,CRS215,CRS2,C|-,NO,UNIVERSITY OF FLORIDA/TREEO CENTER,,33aff3115f,EVIDENCE_ONLY,,,8c98bdbd2c
fl_dbpr_asbestos_59,767,59:ZA:ZA517,ZA517,ZA,C|-,NO,"ARMOR, HILL AND COMPANY INC.",JOHN M STUMP,c8e4558bd3,NEW_BUSINESS_WITH_AUTHORITATIVE_ID,,FL|DBPR|59|ZA|ZA517,550a2c612e
fl_dbpr_asbestos_59,768,59:FO:FO297,FO297,FO,C|-,NO,"BRANDON, DAVID SEAN","GULF SERVICES CONTRACTING, INC.",33aff3115f,EVIDENCE_ONLY,,,8c98bdbd2c
fl_dbpr_asbestos_59,769,59:FO:FO298,FO298,FO,C|-,NO,"HELLMANN, ROBERT K","ENVIROVAC HOLDINGS, LLC",33aff3115f,EVIDENCE_ONLY,,,8c98bdbd2c
fl_dbpr_asbestos_59,770,59:AX:AX106,AX106,AX,C|A,YES,"GRUBER, GLENN W","ENVIRONMENTAL MANAGEMENT SERVICES, LLC",ff73f08789,PERSON,,,88d06495f9
fl_dbpr_asbestos_59,771,59:ZA:ZA518,ZA518,ZA,C|-,NO,RECON RESPONSE ENGINEERING LLC,RECON RESPONSE ENGINEERING LLC,c8e4558bd3,NEW_BUSINESS_WITH_AUTHORITATIVE_ID,,FL|DBPR|59|ZA|ZA518,550a2c612e
fl_dbpr_asbestos_59,772,59:FO:FO299,FO299,FO,C|-,NO,"STUMP, JOHN M","ARMOR, HILL AND COMPANY INC.",33aff3115f,EVIDENCE_ONLY,,,8c98bdbd2c
fl_dbpr_asbestos_59,773,59:FO:FO300,FO300,FO,C|-,NO,"SCHRADER, ANDREW BARRETT",RECON RESPONSE ENGINEERING LLC,33aff3115f,EVIDENCE_ONLY,,,8c98bdbd2c
fl_dbpr_asbestos_59,774,59:CRS2:CRS217,CRS217,CRS2,C|-,NO,"BETTERCERTIFY, LLC",,33aff3115f,EVIDENCE_ONLY,,,8c98bdbd2c
fl_dbpr_asbestos_59,775,59:CRS2:CRS219,CRS219,CRS2,C|-,NO,"BETTERCERTIFY, LLC",,33aff3115f,EVIDENCE_ONLY,,,8c98bdbd2c
fl_dbpr_asbestos_59,776,59:CRS2:CRS218,CRS218,CRS2,C|-,NO,"BETTERCERTIFY, LLC",,33aff3115f,EVIDENCE_ONLY,,,8c98bdbd2c
fl_dbpr_asbestos_59,777,59:FO:FO301,FO301,FO,C|-,NO,"SYLVESTER, JAMES P","TURNER SPECIALTY SERVICES, L.L.C.",33aff3115f,EVIDENCE_ONLY,,,8c98bdbd2c
fl_dbpr_asbestos_59,778,59:AX:AX109,AX109,AX,C|A,YES,"JELIN, BENJAMIN ANDREW","EFI GLOBAL, INC.",ff73f08789,PERSON,,,88d06495f9
fl_dbpr_asbestos_59,779,59:AX:AX105,AX105,AX,C|A,YES,"LLOYD, RAYMOND ALAN",PENNONI ASSOCIATES INC.,ff73f08789,PERSON,,,88d06495f9
fl_dbpr_asbestos_59,780,59:CRS1:CRS119,CRS119,CRS1,C|-,NO,AIR ANALYTICS LLC,,33aff3115f,EVIDENCE_ONLY,,,8c98bdbd2c
fl_dbpr_asbestos_59,781,59:CJC:CJC1154392,CJC1154392,CJC,C|A,YES,"TINE, JOSEPH A III","MYCO-TEK RESTORATION, MOLD, ASBESTOS & PROPERTY SERVICES, INC.",ff73f08789,PERSON,,,88d06495f9
fl_dbpr_asbestos_59,782,59:FO:FO302,FO302,FO,C|-,NO,"LEJEUNE, JOHN CHARLES JR","JL5 SOLUTIONS, LLC",33aff3115f,EVIDENCE_ONLY,,,8c98bdbd2c
fl_dbpr_asbestos_59,783,59:ZA:ZA523,ZA523,ZA,C|-,NO,PENNONI ASSOCIATES INC.,RAYMOND ALAN LLOYD,c8e4558bd3,NEW_BUSINESS_WITH_AUTHORITATIVE_ID,,FL|DBPR|59|ZA|ZA523,550a2c612e
fl_dbpr_asbestos_59,784,59:CJC:CJC1154401,CJC1154401,CJC,C|A,YES,"FAUSETT, OTTIS PRESTON III",INDIVIDUAL,ff73f08789,PERSON,,,88d06495f9
fl_dbpr_asbestos_59,785,59:FO:FO303,FO303,FO,C|-,NO,"WALLACE, ANN F","ENVIRONMENTAL ENGINEERING CONSULTANTS, INC.",33aff3115f,EVIDENCE_ONLY,,,8c98bdbd2c
fl_dbpr_asbestos_59,786,59:FO:FO304,FO304,FO,C|-,NO,"NASSOF, KAREN S",RISKNOMICS LLC,33aff3115f,EVIDENCE_ONLY,,,8c98bdbd2c
fl_dbpr_asbestos_59,787,59:ZA:ZA524,ZA524,ZA,C|-,NO,"AERIS, LLC",KAREN A TERRY,c8e4558bd3,NEW_BUSINESS_WITH_AUTHORITATIVE_ID,,FL|DBPR|59|ZA|ZA524,550a2c612e
fl_dbpr_asbestos_59,788,59:FO:FO305,FO305,FO,C|-,NO,"ROMEO, FRANK S JR",,33aff3115f,EVIDENCE_ONLY,,,8c98bdbd2c
fl_dbpr_asbestos_59,789,59:CRS2:CRS226,CRS226,CRS2,C|-,NO,THE ASBESTOS INSTITUTE INC,,33aff3115f,EVIDENCE_ONLY,,,8c98bdbd2c
fl_dbpr_asbestos_59,790,59:CRS2:CRS228,CRS228,CRS2,C|-,NO,THE ASBESTOS INSTITUTE INC,,33aff3115f,EVIDENCE_ONLY,,,8c98bdbd2c
fl_dbpr_asbestos_59,791,59:CRS2:CRS229,CRS229,CRS2,C|-,NO,THE ASBESTOS INSTITUTE INC,,33aff3115f,EVIDENCE_ONLY,,,8c98bdbd2c
fl_dbpr_asbestos_59,792,59:CRS2:CRS227,CRS227,CRS2,C|-,NO,THE ASBESTOS INSTITUTE INC,,33aff3115f,EVIDENCE_ONLY,,,8c98bdbd2c
fl_dbpr_asbestos_59,793,59:FO:FO306,FO306,FO,C|-,NO,"LLOYD, RAYMOND ALAN",PENNONI ASSOCIATES INC.,33aff3115f,EVIDENCE_ONLY,,,8c98bdbd2c
fl_dbpr_asbestos_59,794,59:FO:FO307,FO307,FO,C|-,NO,"ALBAN, JESSE JOE",,33aff3115f,EVIDENCE_ONLY,,,8c98bdbd2c
fl_dbpr_asbestos_59,795,59:ZA:ZA527,ZA527,ZA,C|-,NO,"PBO3 ENVIRONMENTAL MONITORING, LLC",PETER C SWARR,c8e4558bd3,NEW_BUSINESS_WITH_AUTHORITATIVE_ID,,FL|DBPR|59|ZA|ZA527,550a2c612e
fl_dbpr_asbestos_59,796,59:FO:FO308,FO308,FO,C|-,NO,"WILSON, MARK E",SOUTHERN EARTH SCIENCES INC,33aff3115f,EVIDENCE_ONLY,,,8c98bdbd2c
fl_dbpr_asbestos_59,797,59:FO:FO309,FO309,FO,C|-,NO,"RUSH, VIRGINIA ROSE",K2 CONSTRUCTION & DEVELOPMENT LLC,33aff3115f,EVIDENCE_ONLY,,,8c98bdbd2c
fl_dbpr_asbestos_59,798,59:AX:AX108,AX108,AX,C|A,YES,"GARZA, KENNETH SCOTT",INDIVIDUAL,ff73f08789,PERSON,,,88d06495f9
fl_dbpr_asbestos_59,799,59:CJC:CJC1154234,CJC1154234,CJC,C|A,YES,"RAYBURN, BRANDON J","TURNER SPECIALTY SERVICES, L.L.C.",ff73f08789,PERSON,,,88d06495f9
fl_dbpr_asbestos_59,800,59:CRS1:CRS120,CRS120,CRS1,C|-,NO,AIR ANALYTICS LLC,,33aff3115f,EVIDENCE_ONLY,,,8c98bdbd2c
fl_dbpr_asbestos_59,801,59:FO:FO310,FO310,FO,C|-,NO,"SCHOPP, VICTORIA E",NATIONAL SALVAGE & SERVICE CORPORATION,33aff3115f,EVIDENCE_ONLY,,,8c98bdbd2c
fl_dbpr_asbestos_59,802,59:ZA:ZA528,ZA528,ZA,C|-,NO,J.S. HELD LLC,,c8e4558bd3,NEW_BUSINESS_WITH_AUTHORITATIVE_ID,,FL|DBPR|59|ZA|ZA528,550a2c612e
fl_dbpr_asbestos_59,803,59:ZA:ZA529,ZA529,ZA,C|-,NO,"BRANDSAFWAY SOLUTIONS, LLC",KARI AUSTIN SMITH,c8e4558bd3,NEW_BUSINESS_WITH_AUTHORITATIVE_ID,,FL|DBPR|59|ZA|ZA529,550a2c612e
fl_dbpr_asbestos_59,804,59:ZA:ZA530,ZA530,ZA,C|-,NO,DONALDSON ENVIRONMENTAL LLC,,c8e4558bd3,NEW_BUSINESS_WITH_AUTHORITATIVE_ID,,FL|DBPR|59|ZA|ZA530,550a2c612e
fl_dbpr_asbestos_59,805,59:FO:FO311,FO311,FO,C|-,NO,"RASMUSSEN, ROBERT TERRY","PBO3 ENVIRONMENTAL MONITORING, LLC",33aff3115f,EVIDENCE_ONLY,,,8c98bdbd2c
fl_dbpr_asbestos_59,806,59:FO:FO313,FO313,FO,C|-,NO,"SMITH, KARI AUSTIN","BRANDSAFWAY SOLUTIONS, LLC",33aff3115f,EVIDENCE_ONLY,,,8c98bdbd2c
fl_dbpr_asbestos_59,807,59:FO:FO312,FO312,FO,C|-,NO,"POLIN, RUSSELL C",J.S. HELD LLC,33aff3115f,EVIDENCE_ONLY,,,8c98bdbd2c
fl_dbpr_asbestos_59,808,59:PVDR:PVD125,PVD125,PVDR,C|-,NO,MIAMI DADE WATER AND SEWER DEPARTMENT,,33aff3115f,EVIDENCE_ONLY,,,8c98bdbd2c
fl_dbpr_asbestos_59,809,59:FO:FO314,FO314,FO,C|-,NO,"DONALDSON, ROBERT C",DONALDSON ENVIRONMENTAL LLC,33aff3115f,EVIDENCE_ONLY,,,8c98bdbd2c
fl_dbpr_asbestos_59,810,59:ZA:ZA533,ZA533,ZA,C|-,NO,"CHAMPION SERVICES OF FLORIDA, LLC",DAVID SCOTT ANDERS,c8e4558bd3,NEW_BUSINESS_WITH_AUTHORITATIVE_ID,,FL|DBPR|59|ZA|ZA533,550a2c612e
fl_dbpr_asbestos_59,811,59:FO:FO316,FO316,FO,C|-,NO,"STRAND, MITCHEL ADAM","CHASTAIN-SKILLMAN, INC.",33aff3115f,EVIDENCE_ONLY,,,8c98bdbd2c
fl_dbpr_asbestos_59,812,59:FO:FO315,FO315,FO,C|-,NO,"GAUDET, JOSEPH EDWARD III","GAUDET ASSOCIATES, INC.",33aff3115f,EVIDENCE_ONLY,,,8c98bdbd2c
fl_dbpr_asbestos_59,813,59:AX:AX110,AX110,AX,C|A,YES,"BOND, JULIE","ST. PETE ENVIRONMENTAL CONSULTING, LLC",ff73f08789,PERSON,,,88d06495f9
fl_dbpr_asbestos_59,814,59:CJC:CJC1154237,CJC1154237,CJC,C|A,YES,"POLANIS, DONALD RAY JR",DIVERSIFIED PROFESSIONAL SERVICES CORP.,ff73f08789,PERSON,,,88d06495f9
fl_dbpr_asbestos_59,815,59:AX:AX119,AX119,AX,C|A,YES,"BERLER, DANIEL HAAS","EBI CONSULTING, INC.",ff73f08789,PERSON,,,88d06495f9
fl_dbpr_asbestos_59,816,59:AX:AX111,AX111,AX,C|A,YES,"MEIER, KARL EDMUND",ATLAS TECHNICAL CONSULTANTS LLC,ff73f08789,PERSON,,,88d06495f9
fl_dbpr_asbestos_59,817,59:ZA:ZA532,ZA532,ZA,C|-,NO,"EC ENVIRONMENTAL, LLC",MONA P. JOHNSON,c8e4558bd3,NEW_BUSINESS_WITH_AUTHORITATIVE_ID,,FL|DBPR|59|ZA|ZA532,550a2c612e
fl_dbpr_asbestos_59,818,59:FO:FO317,FO317,FO,C|-,NO,"JOHNSON, MONA PHILLIPS",VERN ROBERTS ENVIRONMENTAL GROUP LLC,33aff3115f,EVIDENCE_ONLY,,,8c98bdbd2c
fl_dbpr_asbestos_59,819,59:FO:FO318,FO318,FO,C|-,NO,"GILMAN, MARK","CHAMPION SERVICES OF FLORIDA, LLC",33aff3115f,EVIDENCE_ONLY,,,8c98bdbd2c
fl_dbpr_asbestos_59,820,59:FO:FO319,FO319,FO,C|-,NO,"SAMPSON, KEITH A","SRP ENVIRONMENTAL, LLC",33aff3115f,EVIDENCE_ONLY,,,8c98bdbd2c
fl_dbpr_asbestos_59,821,59:FO:FO320,FO320,FO,C|-,NO,"HILFIKER, STEPHEN FRANK",ENVIRONMENTAL RISK MANAGEMENT INC,33aff3115f,EVIDENCE_ONLY,,,8c98bdbd2c
fl_dbpr_asbestos_59,822,59:FO:FO321,FO321,FO,C|-,NO,"YAZZIE, SHAWNA",THE NDN COMPANIES,33aff3115f,EVIDENCE_ONLY,,,8c98bdbd2c
fl_dbpr_asbestos_59,823,59:FO:FO322,FO322,FO,C|-,NO,"DOW, HENRY","KD CONSTRUCTION & CONSULTING, INC.",33aff3115f,EVIDENCE_ONLY,,,8c98bdbd2c
fl_dbpr_asbestos_59,824,59:AX:AX113,AX113,AX,C|A,YES,"CAPUTO, NACOLE LYNN",,ff73f08789,PERSON,,,88d06495f9
fl_dbpr_asbestos_59,825,59:FO:FO323,FO323,FO,C|-,NO,"SKWERES, MARK ANDREW","EE & G ENVIRONMENTAL SERVICES, LLC",33aff3115f,EVIDENCE_ONLY,,,8c98bdbd2c
fl_dbpr_asbestos_59,826,59:ZA:ZA539,ZA539,ZA,C|-,NO,"THE BLACKLEDGE GROUP, INC.",KRISTA DAWN BLACKLEDGE,c8e4558bd3,NEW_BUSINESS_WITH_AUTHORITATIVE_ID,,FL|DBPR|59|ZA|ZA539,550a2c612e
fl_dbpr_asbestos_59,827,59:FO:FO324,FO324,FO,C|-,NO,"MEININGER, ALBERT C","AZTEC SERVICES GROUP, INC.",33aff3115f,EVIDENCE_ONLY,,,8c98bdbd2c
fl_dbpr_asbestos_59,828,59:CRS1:CRS121,CRS121,CRS1,C|-,NO,GLOBAL ENVIRONMENTAL TRAINING SCHOOL,,33aff3115f,EVIDENCE_ONLY,,,8c98bdbd2c
fl_dbpr_asbestos_59,829,59:PVDR:PVD110,PVD110,PVDR,C|-,NO,GLOBAL ENVIRONMENTAL TRAINING SCHOOL,,33aff3115f,EVIDENCE_ONLY,,,8c98bdbd2c
fl_dbpr_asbestos_59,830,59:AX:AX117,AX117,AX,C|A,YES,"DEMPSEY, WILLIAM GLENN","APTIM ENVIRONMENTAL & INFRASTRUCTURE, LLC",ff73f08789,PERSON,,,88d06495f9
fl_dbpr_asbestos_59,831,59:FO:FO325,FO325,FO,C|-,NO,"PAROLINI, SAMUEL H",DENARD & MOORE CONSTRUCTION OF TENNESSEE LLC,33aff3115f,EVIDENCE_ONLY,,,8c98bdbd2c
fl_dbpr_asbestos_59,832,59:ZA:ZA538,ZA538,ZA,C|-,NO,CHAMPION PAINTING SPECIALTY SERVICES CORP.,NANCY ELIZABETH DENISON,c8e4558bd3,NEW_BUSINESS_WITH_AUTHORITATIVE_ID,,FL|DBPR|59|ZA|ZA538,550a2c612e
fl_dbpr_asbestos_59,833,59:FO:FO326,FO326,FO,C|-,NO,"HERNANDEZ, CARLOS M",CHAMPION PAINTING SPECIALTY SERVICES CORP.,33aff3115f,EVIDENCE_ONLY,,,8c98bdbd2c
fl_dbpr_asbestos_59,834,59:CRS2:CRS221,CRS221,CRS2,C|-,NO,GLOBAL ENVIRONMENTAL TRAINING SCHOOL,,33aff3115f,EVIDENCE_ONLY,,,8c98bdbd2c
fl_dbpr_asbestos_59,835,59:AX:AX114,AX114,AX,C|A,YES,"SAILSMAN, MICHAEL ERIC",INDIVIDUAL,ff73f08789,PERSON,,,88d06495f9
fl_dbpr_asbestos_59,836,59:AX:AX128,AX128,AX,C|A,YES,"NEILSON, BRANDON S","THE EI GROUP, INC.",ff73f08789,PERSON,,,88d06495f9
fl_dbpr_asbestos_59,837,59:FO:FO327,FO327,FO,C|-,NO,"BLACKLEDGE, KRISTA DAWN","THE BLACKLEDGE GROUP, INC.",33aff3115f,EVIDENCE_ONLY,,,8c98bdbd2c
fl_dbpr_asbestos_59,838,59:FO:FO328,FO328,FO,C|-,NO,"RIVERA, RAFAEL A",PUREAIR INDOOR SOLUTIONS INC,33aff3115f,EVIDENCE_ONLY,,,8c98bdbd2c
fl_dbpr_asbestos_59,839,59:CJC:CJC1154433,CJC1154433,CJC,C|A,YES,"CRADDOCK, WILLIAM LAWRENCE III",INDIVIDUAL,ff73f08789,PERSON,,,88d06495f9
fl_dbpr_asbestos_59,840,59:ZA:ZA543,ZA543,ZA,C|-,NO,"RGR ENVIRONMENTAL, LLC",ALEXANDER FRONT,c8e4558bd3,NEW_BUSINESS_WITH_AUTHORITATIVE_ID,,FL|DBPR|59|ZA|ZA543,550a2c612e
fl_dbpr_asbestos_59,841,59:FO:FO329,FO329,FO,C|-,NO,"PAROLINI, SAMUEL HENRY",DENARD & MOORE CONSTRUCTION CO INC OF FLORIDA,33aff3115f,EVIDENCE_ONLY,,,8c98bdbd2c
fl_dbpr_asbestos_59,842,59:FO:FO330,FO330,FO,C|-,NO,"CAPLAN, ERIC MORGAN","CAPI, LLC",33aff3115f,EVIDENCE_ONLY,,,8c98bdbd2c
fl_dbpr_asbestos_59,843,59:FO:FO331,FO331,FO,C|-,NO,"ROGERS, RUSSELL G","RGR ENVIRONMENTAL, LLC",33aff3115f,EVIDENCE_ONLY,,,8c98bdbd2c
fl_dbpr_asbestos_59,844,59:CJC:CJC1154238,CJC1154238,CJC,C|A,YES,"STUART, THOMAS STEVEN","ARK REMEDIATION, LLC",ff73f08789,PERSON,,,88d06495f9
fl_dbpr_asbestos_59,845,59:ZA:ZA578,ZA578,ZA,C|-,NO,AEROSTAR ENVIRONMENTAL AND CONSTRUCTION LLC,,c8e4558bd3,NEW_BUSINESS_WITH_AUTHORITATIVE_ID,,FL|DBPR|59|ZA|ZA578,550a2c612e
fl_dbpr_asbestos_59,846,59:FO:FO332,FO332,FO,C|-,NO,"ADIX, JEFFREY PAUL","NORTHSTAR DEMOLITION AND REMEDIATION, LP",33aff3115f,EVIDENCE_ONLY,,,8c98bdbd2c
fl_dbpr_asbestos_59,847,59:CJC:CJC1154407,CJC1154407,CJC,C|A,YES,"RAMIREZ, MARIO","HEALTHY HOME ENTERPRISES, LLC",ff73f08789,PERSON,,,88d06495f9
fl_dbpr_asbestos_59,848,59:CJC:CJC1154437,CJC1154437,CJC,C|A,YES,"REARDON, DREW M","ESW PLANT SERVICES, LLC",ff73f08789,PERSON,,,88d06495f9
fl_dbpr_asbestos_59,849,59:CJC:CJC1154382,CJC1154382,CJC,C|A,YES,"MEDINA, MICHAEL","TASMAN GEOSCIENCES, INC.",ff73f08789,PERSON,,,88d06495f9
fl_dbpr_asbestos_59,850,59:FO:FO333,FO333,FO,C|-,NO,"GODEC, GREGORY JAMES",SUNSHINE ENVIRONMENTAL & DEMOLITION LLC,33aff3115f,EVIDENCE_ONLY,,,8c98bdbd2c
fl_dbpr_asbestos_59,851,59:ZA:ZA545,ZA545,ZA,C|-,NO,"JH1 CONSULTANTS, LLC",ADELMARIE BONES,c8e4558bd3,NEW_BUSINESS_WITH_AUTHORITATIVE_ID,,FL|DBPR|59|ZA|ZA545,550a2c612e
fl_dbpr_asbestos_59,852,59:FO:FO334,FO334,FO,C|-,NO,"HARBISON, JAMES EDWARD","JH1 CONSULTANTS, LLC",33aff3115f,EVIDENCE_ONLY,,,8c98bdbd2c
fl_dbpr_asbestos_59,853,59:CJC:CJC1154239,CJC1154239,CJC,C|A,YES,"GIBSON, JEFFREY ANDREW","FOX ENVIRONMENTAL SOLUTIONS, LLC",ff73f08789,PERSON,,,88d06495f9
fl_dbpr_asbestos_59,854,59:ZA:ZA546,ZA546,ZA,C|-,NO,"ARK REMEDIATION, LLC",THOMAS STEVEN STUART,c8e4558bd3,NEW_BUSINESS_WITH_AUTHORITATIVE_ID,,FL|DBPR|59|ZA|ZA546,550a2c612e
fl_dbpr_asbestos_59,855,59:ZA:ZA548,ZA548,ZA,C|-,NO,"GALLAGHER BASSETT SERVICES, INC.",,c8e4558bd3,NEW_BUSINESS_WITH_AUTHORITATIVE_ID,,FL|DBPR|59|ZA|ZA548,550a2c612e
fl_dbpr_asbestos_59,856,59:ZA:ZA547,ZA547,ZA,C|-,NO,"TASMAN GEOSCIENCES, INC.","TASMAN GEOSCIENCES, INC.",c8e4558bd3,NEW_BUSINESS_WITH_AUTHORITATIVE_ID,,FL|DBPR|59|ZA|ZA547,550a2c612e
fl_dbpr_asbestos_59,857,59:FO:FO335,FO335,FO,C|-,NO,"STUART, THOMAS STEVEN","ARK REMEDIATION, LLC",33aff3115f,EVIDENCE_ONLY,,,8c98bdbd2c
fl_dbpr_asbestos_59,858,59:CJC:CJC1154391,CJC1154391,CJC,C|A,YES,"MEDINA, LIZA JENNIFER",MEDINA ENVIRONMENTAL AND DEMOLITION SERVICES LLC,ff73f08789,PERSON,,,88d06495f9
fl_dbpr_asbestos_59,859,59:ZA:ZA550,ZA550,ZA,C|-,NO,"FARMER ENVIRONMENTAL GROUP, LLC",,c8e4558bd3,NEW_BUSINESS_WITH_AUTHORITATIVE_ID,,FL|DBPR|59|ZA|ZA550,550a2c612e
fl_dbpr_asbestos_59,860,59:ZA:ZA552,ZA552,ZA,C|-,NO,"THE VERTEX COMPANIES, LLC","THE VERTEX COMPANIES, INC.",c8e4558bd3,NEW_BUSINESS_WITH_AUTHORITATIVE_ID,,FL|DBPR|59|ZA|ZA552,550a2c612e
fl_dbpr_asbestos_59,861,59:FO:FO336,FO336,FO,C|-,NO,"DEAN, MATTHEW","TASMAN GEOSCIENCES, INC.",33aff3115f,EVIDENCE_ONLY,,,8c98bdbd2c
fl_dbpr_asbestos_59,862,59:FO:FO337,FO337,FO,C|-,NO,"BOND, JAMES J",GALLAGHER BASSETT SERVICES INC,33aff3115f,EVIDENCE_ONLY,,,8c98bdbd2c
fl_dbpr_asbestos_59,863,59:FO:FO338,FO338,FO,C|-,NO,"WIESE, KENNETH EVERETT",GRAVITY SERVICES INC.,33aff3115f,EVIDENCE_ONLY,,,8c98bdbd2c
fl_dbpr_asbestos_59,864,59:FO:FO339,FO339,FO,C|-,NO,"FARMER, CRAIG W","FARMER ENVIRONMENTAL GROUP, LLC",33aff3115f,EVIDENCE_ONLY,,,8c98bdbd2c
fl_dbpr_asbestos_59,865,59:ZA:ZA554,ZA554,ZA,C|-,NO,MARKHAM RENOVATION SERVICES I INC,MARKHAM RENOVATION SERVICES I INC,c8e4558bd3,NEW_BUSINESS_WITH_AUTHORITATIVE_ID,,FL|DBPR|59|ZA|ZA554,550a2c612e
fl_dbpr_asbestos_59,866,59:ZA:ZA551,ZA551,ZA,C|-,NO,"FOX ENVIRONMENTAL SOLUTIONS, LLC",JEFFREY ANDREW GIBSON,c8e4558bd3,NEW_BUSINESS_WITH_AUTHORITATIVE_ID,,FL|DBPR|59|ZA|ZA551,550a2c612e
fl_dbpr_asbestos_59,867,59:CJC:CJC1154389,CJC1154389,CJC,C|A,YES,"BROWN, STEVEN WAYNE",,ff73f08789,PERSON,,,88d06495f9
fl_dbpr_asbestos_59,868,59:FO:FO341,FO341,FO,C|-,NO,"O'BRIEN, JAMES B","THE VERTEX COMPANIES, INC.",33aff3115f,EVIDENCE_ONLY,,,8c98bdbd2c
fl_dbpr_asbestos_59,869,59:FO:FO340,FO340,FO,C|-,NO,"GIBSON, JEFFREY ANDREW","FOX ENVIRONMENTAL SOLUTIONS, LLC",33aff3115f,EVIDENCE_ONLY,,,8c98bdbd2c
fl_dbpr_asbestos_59,870,59:ZA:ZA553,ZA553,ZA,C|-,NO,"BROWN AND LEONARD, LLC","BALCO, LLC",c8e4558bd3,NEW_BUSINESS_WITH_AUTHORITATIVE_ID,,FL|DBPR|59|ZA|ZA553,550a2c612e
fl_dbpr_asbestos_59,871,59:AX:AX118,AX118,AX,C|A,YES,"GOOD, GEORGE WILLIAM","G&S GOOD ENVIRONMENTAL, INC",ff73f08789,PERSON,,,88d06495f9
fl_dbpr_asbestos_59,872,59:FO:FO342,FO342,FO,C|-,NO,"LEONARD, JIM F","BALCO, LLC",33aff3115f,EVIDENCE_ONLY,,,8c98bdbd2c
fl_dbpr_asbestos_59,873,59:CRS1:CRS123,CRS123,CRS1,C|-,NO,"VERN ROBERTS ENVIRONMENTAL TRAINING, INC.",,33aff3115f,EVIDENCE_ONLY,,,8c98bdbd2c
fl_dbpr_asbestos_59,874,59:PVDR:PVD112,PVD112,PVDR,C|-,NO,JRH DEVELOPMENT INC,,33aff3115f,EVIDENCE_ONLY,,,8c98bdbd2c
fl_dbpr_asbestos_59,875,59:FO:FO343,FO343,FO,C|-,NO,"BARTON, MATTHEW EDWARD",ADS SERVICES INC,33aff3115f,EVIDENCE_ONLY,,,8c98bdbd2c
fl_dbpr_asbestos_59,876,59:FO:FO344,FO344,FO,C|-,NO,"HENDRIX, BILLY MICHAEL",MARKHAM SERVICES,33aff3115f,EVIDENCE_ONLY,,,8c98bdbd2c
fl_dbpr_asbestos_59,877,59:CRS1:CRS124,CRS124,CRS1,C|-,NO,JRH DEVELOPMENT INC,,33aff3115f,EVIDENCE_ONLY,,,8c98bdbd2c
fl_dbpr_asbestos_59,878,59:ZA:ZA555,ZA555,ZA,C|-,NO,ERS CORP,,c8e4558bd3,NEW_BUSINESS_WITH_AUTHORITATIVE_ID,,FL|DBPR|59|ZA|ZA555,550a2c612e
fl_dbpr_asbestos_59,879,59:CRS2:CRS235,CRS235,CRS2,C|-,NO,UNIVERSITY OF FLORIDA/TREEO CENTER,,33aff3115f,EVIDENCE_ONLY,,,8c98bdbd2c
fl_dbpr_asbestos_59,880,59:CRS2:CRS236,CRS236,CRS2,C|-,NO,UNIVERSITY OF FLORIDA/TREEO CENTER,,33aff3115f,EVIDENCE_ONLY,,,8c98bdbd2c
fl_dbpr_asbestos_59,881,59:ZA:ZA556,ZA556,ZA,C|-,NO,"BRIGHTWATER SOLUTIONS, LLC",,c8e4558bd3,NEW_BUSINESS_WITH_AUTHORITATIVE_ID,,FL|DBPR|59|ZA|ZA556,550a2c612e
fl_dbpr_asbestos_59,882,59:FO:FO345,FO345,FO,C|-,NO,"PETRIDES, JAMES ALLEN",ADVANCED NUCLEAR LLC,33aff3115f,EVIDENCE_ONLY,,,8c98bdbd2c
fl_dbpr_asbestos_59,883,59:FO:FO346,FO346,FO,C|-,NO,"ANDERSON, JOHN ANTON SR",ERS CORP,33aff3115f,EVIDENCE_ONLY,,,8c98bdbd2c
fl_dbpr_asbestos_59,884,59:CJC:CJC1154418,CJC1154418,CJC,C|A,YES,"LOZANO, JACOB BRENDAN DENNIS",INDIVIDUAL,ff73f08789,PERSON,,,88d06495f9
fl_dbpr_asbestos_59,885,59:ZA:ZA562,ZA562,ZA,C|-,NO,"MYCO-TEK RESTORATION, MOLD, ASBESTOS & PROPERTY SERVICES, INC.",,c8e4558bd3,NEW_BUSINESS_WITH_AUTHORITATIVE_ID,,FL|DBPR|59|ZA|ZA562,550a2c612e
fl_dbpr_asbestos_59,886,59:ZA:ZA561,ZA561,ZA,C|-,NO,"ENVIRONMENTAL MANAGEMENT SERVICES, LLC",,c8e4558bd3,NEW_BUSINESS_WITH_AUTHORITATIVE_ID,,FL|DBPR|59|ZA|ZA561,550a2c612e
fl_dbpr_asbestos_59,887,59:FO:FO348,FO348,FO,C|-,NO,"SCHRADER, ANDREW BARRETT",FLORIDA ASBESTOS SURVEY TEAM LLC,33aff3115f,EVIDENCE_ONLY,,,8c98bdbd2c
fl_dbpr_asbestos_59,888,59:FO:FO347,FO347,FO,C|-,NO,"BISHOP, KELLY LEIGH","BRIGHTWATER SOLUTIONS, LLC",33aff3115f,EVIDENCE_ONLY,,,8c98bdbd2c
fl_dbpr_asbestos_59,889,59:ZA:ZA559,ZA559,ZA,C|-,NO,MEDINA ENVIRONMENTAL AND DEMOLITION SERVICES LLC,,c8e4558bd3,NEW_BUSINESS_WITH_AUTHORITATIVE_ID,,FL|DBPR|59|ZA|ZA559,550a2c612e
fl_dbpr_asbestos_59,890,59:FO:FO350,FO350,FO,C|-,NO,"MEDINA, LIZA JENNIFER",MEDINA ENVIRONMENTAL AND DEMOLITION SERVICES LLC,33aff3115f,EVIDENCE_ONLY,,,8c98bdbd2c
fl_dbpr_asbestos_59,891,59:ZA:ZA560,ZA560,ZA,C|-,NO,"BLUSKY RESTORATION CONTRACTORS, LLC",,c8e4558bd3,NEW_BUSINESS_WITH_AUTHORITATIVE_ID,,FL|DBPR|59|ZA|ZA560,550a2c612e
fl_dbpr_asbestos_59,892,59:FO:FO351,FO351,FO,C|-,NO,"BROWN, STEVEN WAYNE",,33aff3115f,EVIDENCE_ONLY,,,8c98bdbd2c
fl_dbpr_asbestos_59,893,59:FO:FO352,FO352,FO,C|-,NO,"GRUBER, GLENN W",,33aff3115f,EVIDENCE_ONLY,,,8c98bdbd2c
fl_dbpr_asbestos_59,894,59:FO:FO353,FO353,FO,C|-,NO,"BATTAGLIA, GARRY SR","MYCO-TEK RESTORATION, MOLD, ASBESTOS & PROPERTY SERVICES, INC.",33aff3115f,EVIDENCE_ONLY,,,8c98bdbd2c
fl_dbpr_asbestos_59,895,59:CRS2:CRS238,CRS238,CRS2,C|-,NO,JRH DEVELOPMENT INC,,33aff3115f,EVIDENCE_ONLY,,,8c98bdbd2c
fl_dbpr_asbestos_59,896,59:AX:AX120,AX120,AX,C|A,YES,"DAY, JENNIFER ELISE","FARMER ENVIRONMENTAL GROUP, LLC",ff73f08789,PERSON,,,88d06495f9
fl_dbpr_asbestos_59,897,59:ZA:ZA563,ZA563,ZA,C|-,NO,"ENVIROBUSINESS, INC.","EBI CONSULTING, INC.",c8e4558bd3,NEW_BUSINESS_WITH_AUTHORITATIVE_ID,,FL|DBPR|59|ZA|ZA563,550a2c612e
fl_dbpr_asbestos_59,898,59:FO:FO354,FO354,FO,C|-,NO,"PREVITE, NOLAN P",,33aff3115f,EVIDENCE_ONLY,,,8c98bdbd2c
fl_dbpr_asbestos_59,899,59:CRS2:CRS237,CRS237,CRS2,C|-,NO,JRH DEVELOPMENT INC,,33aff3115f,EVIDENCE_ONLY,,,8c98bdbd2c
fl_dbpr_asbestos_59,900,59:CRS1:CRS127,CRS127,CRS1,C|-,NO,ENVIRONMENTAL SAFETY & HEALTH INSTITUTE - FSU,,33aff3115f,EVIDENCE_ONLY,,,8c98bdbd2c
fl_dbpr_asbestos_59,901,59:CJC:CJC1154409,CJC1154409,CJC,C|A,YES,"GORDON, SCOTT R","ENPURICON, INC.",ff73f08789,PERSON,,,88d06495f9
fl_dbpr_asbestos_59,902,59:CJC:CJC1154402,CJC1154402,CJC,C|A,YES,"BROGAN, DAVID CAUFIELD",BRISTOL ENVIRONMENTAL INC,ff73f08789,PERSON,,,88d06495f9
fl_dbpr_asbestos_59,903,59:ZA:ZA564,ZA564,ZA,C|-,NO,INCORP INDUSTRIES LLC,,c8e4558bd3,NEW_BUSINESS_WITH_AUTHORITATIVE_ID,,FL|DBPR|59|ZA|ZA564,550a2c612e
fl_dbpr_asbestos_59,904,59:FO:FO355,FO355,FO,C|-,NO,"SCHENK, RYAN",,33aff3115f,EVIDENCE_ONLY,,,8c98bdbd2c
fl_dbpr_asbestos_59,905,59:ZA:ZA565,ZA565,ZA,C|-,NO,CFL ENVIRONMENTAL SOLUTIONS INC,,c8e4558bd3,NEW_BUSINESS_WITH_AUTHORITATIVE_ID,,FL|DBPR|59|ZA|ZA565,550a2c612e
fl_dbpr_asbestos_59,906,59:ZA:ZA566,ZA566,ZA,C|-,NO,RESCO RESULTS LLC,"RESCO RESULTS, LLC",c8e4558bd3,NEW_BUSINESS_WITH_AUTHORITATIVE_ID,,FL|DBPR|59|ZA|ZA566,550a2c612e
fl_dbpr_asbestos_59,907,59:FO:FO356,FO356,FO,C|-,NO,"BROGDON, WILLIAM CHARLES JR",,33aff3115f,EVIDENCE_ONLY,,,8c98bdbd2c
fl_dbpr_asbestos_59,908,59:FO:FO357,FO357,FO,C|-,NO,"STAUFFER, RUSSELL E",RESCO RESULTS LLC,33aff3115f,EVIDENCE_ONLY,,,8c98bdbd2c
fl_dbpr_asbestos_59,909,59:AX:AX121,AX121,AX,C|A,YES,"EMERSON, EVAN JOHN","PROFESSIONAL SERVICE INDUSTRIES, INC.",ff73f08789,PERSON,,,88d06495f9
fl_dbpr_asbestos_59,910,59:FO:FO358,FO358,FO,C|-,NO,"LEWIS, DONALD L",,33aff3115f,EVIDENCE_ONLY,,,8c98bdbd2c
fl_dbpr_asbestos_59,911,59:CJC:CJC1154406,CJC1154406,CJC,C|A,YES,"LUBIN, FABRICE ERNEST DUMONT",1ST NOTICE RESTORATION INC.,ff73f08789,PERSON,,,88d06495f9
fl_dbpr_asbestos_59,912,59:CJC:CJC1154405,CJC1154405,CJC,C|A,YES,"MILLER, WILLIAM THOMAS",WT MILLER LLC,ff73f08789,PERSON,,,88d06495f9
fl_dbpr_asbestos_59,913,59:FO:FO359,FO359,FO,C|-,NO,"SELAMIE, FARSHAD","CONSULTING AND TESTING SERVICES, INC.",33aff3115f,EVIDENCE_ONLY,,,8c98bdbd2c
fl_dbpr_asbestos_59,914,59:CJC:CJC1154404,CJC1154404,CJC,C|A,YES,"AKIEN, TOI A","PREEMPTIVE STRIKE ENVIRONMENTAL INSPECTIONS, LLC",ff73f08789,PERSON,,,88d06495f9
fl_dbpr_asbestos_59,915,59:FO:FO360,FO360,FO,C|-,NO,"ARCHER, GEORGE KENNETH",,33aff3115f,EVIDENCE_ONLY,,,8c98bdbd2c
fl_dbpr_asbestos_59,916,59:CJC:CJC1154403,CJC1154403,CJC,C|A,YES,"BOBBY, JEREMY RICHARD",INCORP INDUSTRIES LLC,ff73f08789,PERSON,,,88d06495f9
fl_dbpr_asbestos_59,917,59:ZA:ZA570,ZA570,ZA,C|-,NO,"LUCE AIR QUALITY, LLC","LAQ, LLC",c8e4558bd3,NEW_BUSINESS_WITH_AUTHORITATIVE_ID,,FL|DBPR|59|ZA|ZA570,550a2c612e
fl_dbpr_asbestos_59,918,59:FO:FO362,FO362,FO,C|-,NO,"LUCE, DAVID",,33aff3115f,EVIDENCE_ONLY,,,8c98bdbd2c
fl_dbpr_asbestos_59,919,59:PVDR:PVD117,PVD117,PVDR,C|-,NO,ALFRED ALVAREZ,,33aff3115f,EVIDENCE_ONLY,,,8c98bdbd2c
fl_dbpr_asbestos_59,920,59:FO:FO361,FO361,FO,C|-,NO,"FRICKE, MARK J",,33aff3115f,EVIDENCE_ONLY,,,8c98bdbd2c
fl_dbpr_asbestos_59,921,59:ZA:ZA571,ZA571,ZA,C|-,NO,WT MILLER LLC,,c8e4558bd3,NEW_BUSINESS_WITH_AUTHORITATIVE_ID,,FL|DBPR|59|ZA|ZA571,550a2c612e
fl_dbpr_asbestos_59,922,59:CJC:CJC1154411,CJC1154411,CJC,C|A,YES,"PESTANA, ERNESTO",GDA ENVIRONMENTAL INC,ff73f08789,PERSON,,,88d06495f9
fl_dbpr_asbestos_59,923,59:AX:AX122,AX122,AX,C|A,YES,"NEMSER, SEAN","GALLAGHER BASSETT SERVICES, INC.",ff73f08789,PERSON,,,88d06495f9
fl_dbpr_asbestos_59,924,59:CJC:CJC1154408,CJC1154408,CJC,C|A,YES,"PACHECO, JULIAN",ATI RESTORATION LLC,ff73f08789,PERSON,,,88d06495f9
fl_dbpr_asbestos_59,925,59:FO:FO363,FO363,FO,C|-,NO,"MILLER, WILLIAM THOMAS",,33aff3115f,EVIDENCE_ONLY,,,8c98bdbd2c
fl_dbpr_asbestos_59,926,59:AX:AX124,AX124,AX,C|A,YES,"GREENE, CHRISTOPHER B",INDIVIDUAL,ff73f08789,PERSON,,,88d06495f9
fl_dbpr_asbestos_59,927,59:CJC:CJC1154410,CJC1154410,CJC,C|A,YES,"BOWLING, ADAM R",ACME ASBESTOS ABATEMENT & REMEDIATION LLC,ff73f08789,PERSON,,,88d06495f9
fl_dbpr_asbestos_59,928,59:ZA:ZA575,ZA575,ZA,C|-,NO,WESTCOAST ENVIRONMENTAL CONSULTING LLC,,c8e4558bd3,NEW_BUSINESS_WITH_AUTHORITATIVE_ID,,FL|DBPR|59|ZA|ZA575,550a2c612e
fl_dbpr_asbestos_59,929,59:ZA:ZA574,ZA574,ZA,C|-,NO,ATI RESTORATION LLC,,c8e4558bd3,NEW_BUSINESS_WITH_AUTHORITATIVE_ID,,FL|DBPR|59|ZA|ZA574,550a2c612e
fl_dbpr_asbestos_59,930,59:FO:FO364,FO364,FO,C|-,NO,"BOODOOSINGH, PREMNATH",,33aff3115f,EVIDENCE_ONLY,,,8c98bdbd2c
fl_dbpr_asbestos_59,931,59:CJC:CJC1154419,CJC1154419,CJC,C|A,YES,"KRUK, JAMES E",,ff73f08789,PERSON,,,88d06495f9
fl_dbpr_asbestos_59,932,59:CRS2:CRS244,CRS244,CRS2,C|-,NO,"MAYHEW ENVIRONMENTAL TRAINING ASSOCIATES, INC",,33aff3115f,EVIDENCE_ONLY,,,8c98bdbd2c
fl_dbpr_asbestos_59,933,59:CRS2:CRS243,CRS243,CRS2,C|-,NO,"MAYHEW ENVIRONMENTAL TRAINING ASSOCIATES, INC",,33aff3115f,EVIDENCE_ONLY,,,8c98bdbd2c
fl_dbpr_asbestos_59,934,59:FO:FO366,FO366,FO,C|-,NO,"WILLIS, EUGENE L",,33aff3115f,EVIDENCE_ONLY,,,8c98bdbd2c
fl_dbpr_asbestos_59,935,59:PVDR:PVD119,PVD119,PVDR,C|-,NO,"PREEMPTIVE STRIKE ENVIRONMENTAL INSPECTIONS, LLC",,33aff3115f,EVIDENCE_ONLY,,,8c98bdbd2c
fl_dbpr_asbestos_59,936,59:AX:AX125,AX125,AX,C|A,YES,"MYERS, COREY HANLON","MYERS, COREY HANLON",ff73f08789,PERSON,,,88d06495f9
fl_dbpr_asbestos_59,937,59:AX:AX123,AX123,AX,C|A,YES,"HOWARD, JOEL","JH ENVIRONMENTAL, LLC",ff73f08789,PERSON,,,88d06495f9
fl_dbpr_asbestos_59,938,59:ZA:ZA576,ZA576,ZA,C|-,NO,ACME ASBESTOS ABATEMENT & REMEDIATION LLC,,c8e4558bd3,NEW_BUSINESS_WITH_AUTHORITATIVE_ID,,FL|DBPR|59|ZA|ZA576,550a2c612e
fl_dbpr_asbestos_59,939,59:FO:FO367,FO367,FO,C|-,NO,"BERGFELD, WHITNEY",,33aff3115f,EVIDENCE_ONLY,,,8c98bdbd2c
fl_dbpr_asbestos_59,940,59:ZA:ZA577,ZA577,ZA,C|-,NO,1ST NOTICE RESTORATION INC.,,c8e4558bd3,NEW_BUSINESS_WITH_AUTHORITATIVE_ID,,FL|DBPR|59|ZA|ZA577,550a2c612e
fl_dbpr_asbestos_59,941,59:CRS1:CRS130,CRS130,CRS1,C|-,NO,UNITY IN THE FAMILY MINISTRY INC,,33aff3115f,EVIDENCE_ONLY,,,8c98bdbd2c
fl_dbpr_asbestos_59,942,59:CJC:CJC1154446,CJC1154446,CJC,C|A,YES,"CROWE, ROBERT D","SUNRISE SYSTEMS OF BREVARD, INC.",ff73f08789,PERSON,,,88d06495f9
fl_dbpr_asbestos_59,943,59:CRS2:CRS245,CRS245,CRS2,C|-,NO,"MAYHEW ENVIRONMENTAL TRAINING ASSOCIATES, INC",,33aff3115f,EVIDENCE_ONLY,,,8c98bdbd2c
fl_dbpr_asbestos_59,944,59:FO:FO368,FO368,FO,C|-,NO,"CARON, MICHAEL",,33aff3115f,EVIDENCE_ONLY,,,8c98bdbd2c
fl_dbpr_asbestos_59,945,59:CRS2:CRS247,CRS247,CRS2,C|-,NO,"MAYHEW ENVIRONMENTAL TRAINING ASSOCIATES, INC",,33aff3115f,EVIDENCE_ONLY,,,8c98bdbd2c
fl_dbpr_asbestos_59,946,59:FO:FO369,FO369,FO,C|-,NO,"BOWLING, ADAM R",,33aff3115f,EVIDENCE_ONLY,,,8c98bdbd2c
fl_dbpr_asbestos_59,947,59:CRS2:CRS248,CRS248,CRS2,C|-,NO,"MAYHEW ENVIRONMENTAL TRAINING ASSOCIATES, INC",,33aff3115f,EVIDENCE_ONLY,,,8c98bdbd2c
fl_dbpr_asbestos_59,948,59:CJC:CJC1154423,CJC1154423,CJC,C|A,YES,"TOMKINS, ALLAN WAYNE",,ff73f08789,PERSON,,,88d06495f9
fl_dbpr_asbestos_59,949,59:AX:AX127,AX127,AX,C|A,YES,"DOBSON, DANIEL COREY",,ff73f08789,PERSON,,,88d06495f9
fl_dbpr_asbestos_59,950,59:FO:FO370,FO370,FO,C|-,NO,"BOODOOSINGH, PREMCHAN",,33aff3115f,EVIDENCE_ONLY,,,8c98bdbd2c
fl_dbpr_asbestos_59,951,59:CRS2:CRS249,CRS249,CRS2,C|-,NO,MIDWEST TRAINING INSTITUTE- SOUTHEAST,,33aff3115f,EVIDENCE_ONLY,,,8c98bdbd2c
fl_dbpr_asbestos_59,952,59:PVDR:PVD121,PVD121,PVDR,C|-,NO,MIDWEST TRAINING INSTITUTE- SOUTHEAST,,33aff3115f,EVIDENCE_ONLY,,,8c98bdbd2c
fl_dbpr_asbestos_59,953,59:ZA:ZA579,ZA579,ZA,C|-,NO,GDA ENVIRONMENTAL INC,,c8e4558bd3,NEW_BUSINESS_WITH_AUTHORITATIVE_ID,,FL|DBPR|59|ZA|ZA579,550a2c612e
fl_dbpr_asbestos_59,954,59:CJC:CJC1154420,CJC1154420,CJC,C|A,YES,"HOLTZAPFEL, ANDREW JOSEPH",,ff73f08789,PERSON,,,88d06495f9
fl_dbpr_asbestos_59,955,59:ZA:ZA580,ZA580,ZA,C|-,NO,"JH ENVIRONMENTAL, LLC",,c8e4558bd3,NEW_BUSINESS_WITH_AUTHORITATIVE_ID,,FL|DBPR|59|ZA|ZA580,550a2c612e
fl_dbpr_asbestos_59,956,59:CRS2:CRS250,CRS250,CRS2,C|-,NO,ACTIVE ENVIRONMENTAL TRAINING,,33aff3115f,EVIDENCE_ONLY,,,8c98bdbd2c
fl_dbpr_asbestos_59,957,59:AX:AX126,AX126,AX,C|A,YES,"STEEPY, MICHAEL TODD",AIRSPEC,ff73f08789,PERSON,,,88d06495f9
fl_dbpr_asbestos_59,958,59:ZA:ZA581,ZA581,ZA,C|-,NO,"JW & ASSOCIATES OF LAKELAND (BLASTING), LLC",INTEGRITY ENVIRONMENTAL GROUP,c8e4558bd3,NEW_BUSINESS_WITH_AUTHORITATIVE_ID,,FL|DBPR|59|ZA|ZA581,550a2c612e
fl_dbpr_asbestos_59,959,59:CJC:CJC1154412,CJC1154412,CJC,C|A,YES,"CRANE, BRAGG COMER",,ff73f08789,PERSON,,,88d06495f9
fl_dbpr_asbestos_59,960,59:AX:AX130,AX130,AX,C|A,YES,"MCMANUS, SCOTT ALAN",INDIVIDUAL,ff73f08789,PERSON,,,88d06495f9
fl_dbpr_asbestos_59,961,59:AX:AX134,AX134,AX,C|A,YES,"LUCE, SHANNON RAE",INDIVIDUAL,ff73f08789,PERSON,,,88d06495f9
fl_dbpr_asbestos_59,962,59:ZA:ZA582,ZA582,ZA,C|-,NO,"AIRSPEC, INC.",,c8e4558bd3,NEW_BUSINESS_WITH_AUTHORITATIVE_ID,,FL|DBPR|59|ZA|ZA582,550a2c612e
fl_dbpr_asbestos_59,963,59:CJC:CJC1154413,CJC1154413,CJC,C|A,YES,"MILLARD, SCOTT A","CROSS ENVIRONMENTAL SERVICES, INC",ff73f08789,PERSON,,,88d06495f9
fl_dbpr_asbestos_59,964,59:FO:FO371,FO371,FO,C|-,NO,"STEEPY, MICHAEL TODD",,33aff3115f,EVIDENCE_ONLY,,,8c98bdbd2c
fl_dbpr_asbestos_59,965,59:AX:AX129,AX129,AX,C|A,YES,"SIMS, ANDREW CALEB","SOUTHERN EARTH SCIENCES, INC",ff73f08789,PERSON,,,88d06495f9
fl_dbpr_asbestos_59,966,59:CJC:CJC1154432,CJC1154432,CJC,C|A,YES,"NAVA, SERGIO SR","SOUTHEAST ABATEMENT SERVICES, INC.",ff73f08789,PERSON,,,88d06495f9
fl_dbpr_asbestos_59,967,59:FO:FO372,FO372,FO,C|-,NO,"KIDWELL, RICHARD L",,33aff3115f,EVIDENCE_ONLY,,,8c98bdbd2c
fl_dbpr_asbestos_59,968,59:FO:FO373,FO373,FO,C|-,NO,"ROBINSON, JAMES BRADSHAW JR",,33aff3115f,EVIDENCE_ONLY,,,8c98bdbd2c
fl_dbpr_asbestos_59,969,59:CJC:CJC1154415,CJC1154415,CJC,C|A,YES,"PATTERSON, LEE D","ORION ENVIRONMENTAL, INC.",ff73f08789,PERSON,,,88d06495f9
fl_dbpr_asbestos_59,970,59:CJC:CJC1154421,CJC1154421,CJC,C|A,YES,"SMITH, DUSTAN PAUL",,ff73f08789,PERSON,,,88d06495f9
fl_dbpr_asbestos_59,971,59:CJC:CJC1154424,CJC1154424,CJC,C|A,YES,"MILLER, RYAN WILSON",,ff73f08789,PERSON,,,88d06495f9
fl_dbpr_asbestos_59,972,59:FO:FO374,FO374,FO,C|-,NO,"EREKSON, MICHAEL CARLOS",,33aff3115f,EVIDENCE_ONLY,,,8c98bdbd2c
fl_dbpr_asbestos_59,973,59:CRS1:CRS131,CRS131,CRS1,C|-,NO,MIAMI DADE WATER AND SEWER DEPARTMENT,,33aff3115f,EVIDENCE_ONLY,,,8c98bdbd2c
fl_dbpr_asbestos_59,974,59:CRS2:CRS251,CRS251,CRS2,C|-,NO,MIAMI DADE WATER AND SEWER DEPARTMENT,,33aff3115f,EVIDENCE_ONLY,,,8c98bdbd2c
fl_dbpr_asbestos_59,975,59:AX:AX131,AX131,AX,C|A,YES,"HAAS, PAUL EDWARD",INDIVIDUAL,ff73f08789,PERSON,,,88d06495f9
fl_dbpr_asbestos_59,976,59:PVDR:PVD123,PVD123,PVDR,C|-,NO,OCCUPATIONAL TRAINING AND SUPPLY,,33aff3115f,EVIDENCE_ONLY,,,8c98bdbd2c
fl_dbpr_asbestos_59,977,59:AX:AX140,AX140,AX,C|A,YES,"MAVRELIS, ALEX REESE",,ff73f08789,PERSON,,,88d06495f9
fl_dbpr_asbestos_59,978,59:CJC:CJC1154414,CJC1154414,CJC,C|A,YES,"AIVALIOTIS, ANTONI",,ff73f08789,PERSON,,,88d06495f9
fl_dbpr_asbestos_59,979,59:ZA:ZA584,ZA584,ZA,C|-,NO,DYNATECH ENGINEERING & ENVIRONMENTAL CORP.,,c8e4558bd3,NEW_BUSINESS_WITH_AUTHORITATIVE_ID,,FL|DBPR|59|ZA|ZA584,550a2c612e
fl_dbpr_asbestos_59,980,59:CJC:CJC1154416,CJC1154416,CJC,C|A,YES,"RENFROE, MICHAEL LAMAR",,ff73f08789,PERSON,,,88d06495f9
fl_dbpr_asbestos_59,981,59:FO:FO403,FO403,FO,C|-,NO,"KING, JASON CORY",,33aff3115f,EVIDENCE_ONLY,,,8c98bdbd2c
fl_dbpr_asbestos_59,982,59:ZA:ZA586,ZA586,ZA,C|-,NO,"BIORESPONSE, CORP.",,c8e4558bd3,NEW_BUSINESS_WITH_AUTHORITATIVE_ID,,FL|DBPR|59|ZA|ZA586,550a2c612e
fl_dbpr_asbestos_59,983,59:FO:FO377,FO377,FO,C|-,NO,"POZO, MANUEL RICARDO",,33aff3115f,EVIDENCE_ONLY,,,8c98bdbd2c
fl_dbpr_asbestos_59,984,59:FO:FO376,FO376,FO,C|-,NO,"LOPEZ, SHAWN",,33aff3115f,EVIDENCE_ONLY,,,8c98bdbd2c
fl_dbpr_asbestos_59,985,59:AX:AX132,AX132,AX,C|A,YES,"FRICKE, MARK J","MODICA & ASSOCIATES, INC.",ff73f08789,PERSON,,,88d06495f9
fl_dbpr_asbestos_59,986,59:CRS2:CRS261,CRS261,CRS2,C|-,NO,RAMIREZ ENVIRONMENTAL TRAINING SCHOOL INC.,,33aff3115f,EVIDENCE_ONLY,,,8c98bdbd2c
fl_dbpr_asbestos_59,987,59:PVDR:PVD124,PVD124,PVDR,C|-,NO,RAMIREZ ENVIRONMENTAL TRAINING SCHOOL INC.,,33aff3115f,EVIDENCE_ONLY,,,8c98bdbd2c
fl_dbpr_asbestos_59,988,59:CJC:CJC1154417,CJC1154417,CJC,C|A,YES,"LYTLE, JOEL",,ff73f08789,PERSON,,,88d06495f9
fl_dbpr_asbestos_59,989,59:FO:FO375,FO375,FO,C|-,NO,"MELE, JEREMY J",,33aff3115f,EVIDENCE_ONLY,,,8c98bdbd2c
fl_dbpr_asbestos_59,990,59:CRS2:CRS256,CRS256,CRS2,C|-,NO,THE ENVIRONMENTAL INSTITUTE,,33aff3115f,EVIDENCE_ONLY,,,8c98bdbd2c
fl_dbpr_asbestos_59,991,59:CRS2:CRS254,CRS254,CRS2,C|-,NO,THE ENVIRONMENTAL INSTITUTE,,33aff3115f,EVIDENCE_ONLY,,,8c98bdbd2c
fl_dbpr_asbestos_59,992,59:CRS2:CRS253,CRS253,CRS2,C|-,NO,THE ENVIRONMENTAL INSTITUTE,,33aff3115f,EVIDENCE_ONLY,,,8c98bdbd2c
fl_dbpr_asbestos_59,993,59:CRS2:CRS255,CRS255,CRS2,C|-,NO,THE ENVIRONMENTAL INSTITUTE,,33aff3115f,EVIDENCE_ONLY,,,8c98bdbd2c
fl_dbpr_asbestos_59,994,59:ZA:ZA587,ZA587,ZA,C|-,NO,"PACIFIC TECHNOLOGIES, INC.",,c8e4558bd3,NEW_BUSINESS_WITH_AUTHORITATIVE_ID,,FL|DBPR|59|ZA|ZA587,550a2c612e
fl_dbpr_asbestos_59,995,59:AX:AX138,AX138,AX,C|A,YES,"COLEY, ALICIA NORMAN",,ff73f08789,PERSON,,,88d06495f9
fl_dbpr_asbestos_59,996,59:FO:FO378,FO378,FO,C|-,NO,"LYTLE, JOEL",,33aff3115f,EVIDENCE_ONLY,,,8c98bdbd2c
fl_dbpr_asbestos_59,997,59:AX:AX136,AX136,AX,C|A,YES,"CHAMBERS, THOMAS BRYCE","LANGAN ENGINEERING & ENVIRONMENTAL SERVICES, INC.",ff73f08789,PERSON,,,88d06495f9
fl_dbpr_asbestos_59,998,59:CJC:CJC1154422,CJC1154422,CJC,C|A,YES,"REED, ALAN FREDERICK","LUCY ENVIRONMENTAL SERVICES GROUP, INC.",ff73f08789,PERSON,,,88d06495f9
fl_dbpr_asbestos_59,999,59:FO:FO379,FO379,FO,C|-,NO,"BOYD, JOEL WILSON",,33aff3115f,EVIDENCE_ONLY,,,8c98bdbd2c
fl_dbpr_asbestos_59,1000,59:AX:AX133,AX133,AX,C|A,YES,"BULLEY, JONATHAN A",INDIVIDUAL,ff73f08789,PERSON,,,88d06495f9
fl_dbpr_asbestos_59,1001,59:PVDR:PVD126,PVD126,PVDR,C|-,NO,ACSI ENVIRONMENTAL CONSULTANTS,,33aff3115f,EVIDENCE_ONLY,,,8c98bdbd2c
fl_dbpr_asbestos_59,1002,59:FO:FO380,FO380,FO,C|-,NO,"ARRIETA, DOMINIQUE","GOBBELL, DOMINIQUE",33aff3115f,EVIDENCE_ONLY,,,8c98bdbd2c
fl_dbpr_asbestos_59,1003,59:ZA:ZA591,ZA591,ZA,C|-,NO,"DYNAMIC EARTH, LLC",,c8e4558bd3,NEW_BUSINESS_WITH_AUTHORITATIVE_ID,,FL|DBPR|59|ZA|ZA591,550a2c612e
fl_dbpr_asbestos_59,1004,59:FO:FO382,FO382,FO,C|-,NO,"SCHAUMBURG, JEFFREY W",,33aff3115f,EVIDENCE_ONLY,,,8c98bdbd2c
fl_dbpr_asbestos_59,1005,59:CJC:CJC1154430,CJC1154430,CJC,C|A,YES,"SENSALE, RYAN JAMES",TRIFECTA SERVICES COMPANY,ff73f08789,PERSON,,,88d06495f9
fl_dbpr_asbestos_59,1006,59:ZA:ZA592,ZA592,ZA,C|-,NO,BOWER GROUP LLC,,c8e4558bd3,NEW_BUSINESS_WITH_AUTHORITATIVE_ID,,FL|DBPR|59|ZA|ZA592,550a2c612e
fl_dbpr_asbestos_59,1007,59:CJC:CJC1154434,CJC1154434,CJC,C|A,YES,"BUNDOC, ELISEO GARCIA JR",DARCCO ENVIRONMENTAL INC,ff73f08789,PERSON,,,88d06495f9
fl_dbpr_asbestos_59,1008,59:ZA:ZA590,ZA590,ZA,C|-,NO,AIR ANALYTICS LLC,,c8e4558bd3,NEW_BUSINESS_WITH_AUTHORITATIVE_ID,,FL|DBPR|59|ZA|ZA590,550a2c612e
fl_dbpr_asbestos_59,1009,59:AX:AX139,AX139,AX,C|A,YES,"MOJICA, JUAN GABRIEL",,ff73f08789,PERSON,,,88d06495f9
fl_dbpr_asbestos_59,1010,59:ZA:ZA593,ZA593,ZA,C|-,NO,"COTTON COMMERCIAL USA, INC.",,c8e4558bd3,NEW_BUSINESS_WITH_AUTHORITATIVE_ID,,FL|DBPR|59|ZA|ZA593,550a2c612e
fl_dbpr_asbestos_59,1011,59:FO:FO381,FO381,FO,C|-,NO,"REED, ALAN FREDERICK",,33aff3115f,EVIDENCE_ONLY,,,8c98bdbd2c
fl_dbpr_asbestos_59,1012,59:CJC:CJC1154427,CJC1154427,CJC,C|A,YES,"GENUTH, ABRAHAM",LIGHTHOUSE ENVIRONMENTAL LLC,ff73f08789,PERSON,,,88d06495f9
fl_dbpr_asbestos_59,1013,59:CJC:CJC1154425,CJC1154425,CJC,C|A,YES,"ALEXANDER, DAVID KEITH",,ff73f08789,PERSON,,,88d06495f9
fl_dbpr_asbestos_59,1014,59:AX:AX137,AX137,AX,C|A,YES,"CUYLE, DIANE ELIZABETH","PARTNER ENGINEERING AND SCIENCE, INC.",ff73f08789,PERSON,,,88d06495f9
fl_dbpr_asbestos_59,1015,59:ZA:ZA603,ZA603,ZA,C|-,NO,TRIFECTA SERVICES COMPANY,,c8e4558bd3,NEW_BUSINESS_WITH_AUTHORITATIVE_ID,,FL|DBPR|59|ZA|ZA603,550a2c612e
fl_dbpr_asbestos_59,1016,59:AX:AX135,AX135,AX,C|A,YES,"GALLEY, STEPHEN SIDNEY",,ff73f08789,PERSON,,,88d06495f9
fl_dbpr_asbestos_59,1017,59:ZA:ZA595,ZA595,ZA,C|-,NO,"ALPHA ENVIROTECH CONSULTING, INC",,c8e4558bd3,NEW_BUSINESS_WITH_AUTHORITATIVE_ID,,FL|DBPR|59|ZA|ZA595,550a2c612e
fl_dbpr_asbestos_59,1018,59:FO:FO387,FO387,FO,C|-,NO,"FU, AMY Y",,33aff3115f,EVIDENCE_ONLY,,,8c98bdbd2c
fl_dbpr_asbestos_59,1019,59:PVDR:PVD127,PVD127,PVDR,C|-,NO,FALCON SAFETY TRAINING,,33aff3115f,EVIDENCE_ONLY,,,8c98bdbd2c
fl_dbpr_asbestos_59,1020,59:FO:FO383,FO383,FO,C|-,NO,"WYNN, KENNETH W",,33aff3115f,EVIDENCE_ONLY,,,8c98bdbd2c
fl_dbpr_asbestos_59,1021,59:FO:FO384,FO384,FO,C|-,NO,"THOMPSON, RANDALL JEFF",,33aff3115f,EVIDENCE_ONLY,,,8c98bdbd2c
fl_dbpr_asbestos_59,1022,59:FO:FO385,FO385,FO,C|-,NO,"FOSS, SHEA H",,33aff3115f,EVIDENCE_ONLY,,,8c98bdbd2c
fl_dbpr_asbestos_59,1023,59:FO:FO386,FO386,FO,C|-,NO,"SHARP, DALE W",,33aff3115f,EVIDENCE_ONLY,,,8c98bdbd2c
fl_dbpr_asbestos_59,1024,59:CJC:CJC1154426,CJC1154426,CJC,C|A,YES,"JASINOWSKI, JAY ALAN",,ff73f08789,PERSON,,,88d06495f9
fl_dbpr_asbestos_59,1025,59:FO:FO391,FO391,FO,C|-,NO,"KENNEDY, ROBERT TAYLOR III",,33aff3115f,EVIDENCE_ONLY,,,8c98bdbd2c
fl_dbpr_asbestos_59,1026,59:CJC:CJC1154445,CJC1154445,CJC,C|A,YES,"RITKO, CHRISTIAN DAVID","DK ENVIRONMENTAL & CONSTRUCTION SERVICES, INC.",ff73f08789,PERSON,,,88d06495f9
fl_dbpr_asbestos_59,1027,59:ZA:ZA596,ZA596,ZA,C|-,NO,C2C RESTORATION LLC,,c8e4558bd3,NEW_BUSINESS_WITH_AUTHORITATIVE_ID,,FL|DBPR|59|ZA|ZA596,550a2c612e
fl_dbpr_asbestos_59,1028,59:FO:FO388,FO388,FO,C|-,NO,"YARINA, VINCENT D",,33aff3115f,EVIDENCE_ONLY,,,8c98bdbd2c
fl_dbpr_asbestos_59,1029,59:FO:FO389,FO389,FO,C|-,NO,"HARKCOM, BLAKE A",,33aff3115f,EVIDENCE_ONLY,,,8c98bdbd2c
fl_dbpr_asbestos_59,1030,59:PVDR:PVD128,PVD128,PVDR,C|-,NO,LEAH CASTELLO,,33aff3115f,EVIDENCE_ONLY,,,8c98bdbd2c
fl_dbpr_asbestos_59,1031,59:AX:AX141,AX141,AX,C|A,YES,"MCGIMSEY, DANIEL THEODORE",INDIVIDUAL,ff73f08789,PERSON,,,88d06495f9
fl_dbpr_asbestos_59,1032,59:CJC:CJC1154431,CJC1154431,CJC,C|A,YES,"MARTINEZ, JOSE GABRIEL",INDIVIDUAL,ff73f08789,PERSON,,,88d06495f9
fl_dbpr_asbestos_59,1033,59:CRS2:CRS257,CRS257,CRS2,C|-,NO,THE ASBESTOS INSTITUTE INC,,33aff3115f,EVIDENCE_ONLY,,,8c98bdbd2c
fl_dbpr_asbestos_59,1034,59:AX:AX142,AX142,AX,C|A,YES,"DUNN, ROY LEE",INDIVIDUAL,ff73f08789,PERSON,,,88d06495f9
fl_dbpr_asbestos_59,1035,59:CJC:CJC1154438,CJC1154438,CJC,C|A,YES,"HARMON, KEVIN M",INDIVIDUAL,ff73f08789,PERSON,,,88d06495f9
fl_dbpr_asbestos_59,1036,59:ZA:ZA598,ZA598,ZA,C|-,NO,ENVIROTECH SOLUTIONS,,c8e4558bd3,NEW_BUSINESS_WITH_AUTHORITATIVE_ID,,FL|DBPR|59|ZA|ZA598,550a2c612e
fl_dbpr_asbestos_59,1037,59:ZA:ZA597,ZA597,ZA,C|-,NO,"OPTIMUM RESTORATION, INC.",,c8e4558bd3,NEW_BUSINESS_WITH_AUTHORITATIVE_ID,,FL|DBPR|59|ZA|ZA597,550a2c612e
fl_dbpr_asbestos_59,1038,59:FO:FO390,FO390,FO,C|-,NO,"WINTON, JOSHUA TODD",,33aff3115f,EVIDENCE_ONLY,,,8c98bdbd2c
fl_dbpr_asbestos_59,1039,59:PVDR:PVD129,PVD129,PVDR,C|-,NO,THE EI GROUP,,33aff3115f,EVIDENCE_ONLY,,,8c98bdbd2c
fl_dbpr_asbestos_59,1040,59:ZA:ZA600,ZA600,ZA,C|-,NO,ENVIROPRO PLUS INC.,,c8e4558bd3,NEW_BUSINESS_WITH_AUTHORITATIVE_ID,,FL|DBPR|59|ZA|ZA600,550a2c612e
fl_dbpr_asbestos_59,1041,59:ZA:ZA601,ZA601,ZA,C|-,NO,"CLINCHFIELD CONSULTING GROUP, INC.",,c8e4558bd3,NEW_BUSINESS_WITH_AUTHORITATIVE_ID,,FL|DBPR|59|ZA|ZA601,550a2c612e
fl_dbpr_asbestos_59,1042,59:FO:FO393,FO393,FO,C|-,NO,"MINSHALL, DAVID E",,33aff3115f,EVIDENCE_ONLY,,,8c98bdbd2c
fl_dbpr_asbestos_59,1043,59:FO:FO392,FO392,FO,C|-,NO,"GENUTH, ABRAHAM",,33aff3115f,EVIDENCE_ONLY,,,8c98bdbd2c
fl_dbpr_asbestos_59,1044,59:CJC:CJC1154440,CJC1154440,CJC,C|A,YES,"GEHLBACH, DANIEL",ENVIRONMENTAL ASSURANCE CO INC,ff73f08789,PERSON,,,88d06495f9
fl_dbpr_asbestos_59,1045,59:FO:FO394,FO394,FO,C|-,NO,"HOWELL, DAVID W",,33aff3115f,EVIDENCE_ONLY,,,8c98bdbd2c
fl_dbpr_asbestos_59,1046,59:PVDR:PVD130,PVD130,PVDR,C|-,NO,"ASSURED ENVIRONMENTAL, INC.",,33aff3115f,EVIDENCE_ONLY,,,8c98bdbd2c
fl_dbpr_asbestos_59,1047,59:CJC:CJC1154428,CJC1154428,CJC,C|A,YES,"BEHRENS, JEFFERY","PEAK ENVIRONMENTAL, INC",ff73f08789,PERSON,,,88d06495f9
fl_dbpr_asbestos_59,1048,59:ZA:ZA619,ZA619,ZA,C|-,NO,ENVIRONMENTAL ASSURANCE CO INC,,c8e4558bd3,NEW_BUSINESS_WITH_AUTHORITATIVE_ID,,FL|DBPR|59|ZA|ZA619,550a2c612e
fl_dbpr_asbestos_59,1049,59:CRS2:CRS258,CRS258,CRS2,C|-,NO,"ASSURED ENVIRONMENTAL, INC.",,33aff3115f,EVIDENCE_ONLY,,,8c98bdbd2c
fl_dbpr_asbestos_59,1050,59:CRS2:CRS259,CRS259,CRS2,C|-,NO,"ASSURED ENVIRONMENTAL, INC.",,33aff3115f,EVIDENCE_ONLY,,,8c98bdbd2c
fl_dbpr_asbestos_59,1051,59:AX:AX143,AX143,AX,C|A,YES,"GORMLEY, THOMAS BETS",J.S. HELD LLC,ff73f08789,PERSON,,,88d06495f9
fl_dbpr_asbestos_59,1052,59:CRS2:CRS260,CRS260,CRS2,C|-,NO,"ASSURED ENVIRONMENTAL, INC.",,33aff3115f,EVIDENCE_ONLY,,,8c98bdbd2c
fl_dbpr_asbestos_59,1053,59:CJC:CJC1154429,CJC1154429,CJC,C|A,YES,"CANTRELL, JAY PATRICK",INDIVIDUAL,ff73f08789,PERSON,,,88d06495f9
fl_dbpr_asbestos_59,1054,59:CJC:CJC1154435,CJC1154435,CJC,C|A,YES,"ALVAREZ, MARIO",ALVAREZ CONSTRUCTION & ENVIRONMENTAL SERVICES LLC,ff73f08789,PERSON,,,88d06495f9
fl_dbpr_asbestos_59,1055,59:ZA:ZA606,ZA606,ZA,C|-,NO,"GRIFFIN SERVICE SOLUTIONS, LLC",,c8e4558bd3,NEW_BUSINESS_WITH_AUTHORITATIVE_ID,,FL|DBPR|59|ZA|ZA606,550a2c612e
fl_dbpr_asbestos_59,1056,59:ZA:ZA604,ZA604,ZA,C|-,NO,BRANDENBURG INDUSTRIAL SERVICE COMPANY,,c8e4558bd3,NEW_BUSINESS_WITH_AUTHORITATIVE_ID,,FL|DBPR|59|ZA|ZA604,550a2c612e
fl_dbpr_asbestos_59,1057,59:PVDR:PVD132,PVD132,PVDR,C|-,NO,"A & O ENTERPRISES, INC. DBA SWC INSTITUTE",,33aff3115f,EVIDENCE_ONLY,,,8c98bdbd2c
fl_dbpr_asbestos_59,1058,59:ZA:ZA614,ZA614,ZA,C|-,NO,"THE EI GROUP, INC.",,c8e4558bd3,NEW_BUSINESS_WITH_AUTHORITATIVE_ID,,FL|DBPR|59|ZA|ZA614,550a2c612e
fl_dbpr_asbestos_59,1059,59:FO:FO395,FO395,FO,C|-,NO,"SCHOFIELD, SEAMUS",,33aff3115f,EVIDENCE_ONLY,,,8c98bdbd2c
fl_dbpr_asbestos_59,1060,59:ZA:ZA608,ZA608,ZA,C|-,NO,"ELEMENT 1, LLC",GERM MASTERS ENVIRONMENTAL,c8e4558bd3,NEW_BUSINESS_WITH_AUTHORITATIVE_ID,,FL|DBPR|59|ZA|ZA608,550a2c612e
fl_dbpr_asbestos_59,1061,59:ZA:ZA609,ZA609,ZA,C|-,NO,"COASTAL AIR ASSESSMENTS, LLC",,c8e4558bd3,NEW_BUSINESS_WITH_AUTHORITATIVE_ID,,FL|DBPR|59|ZA|ZA609,550a2c612e
fl_dbpr_asbestos_59,1062,59:ZA:ZA618,ZA618,ZA,C|-,NO,WSP USA INC.,"BONES, ADELMARIE",c8e4558bd3,NEW_BUSINESS_WITH_AUTHORITATIVE_ID,,FL|DBPR|59|ZA|ZA618,550a2c612e
fl_dbpr_asbestos_59,1063,59:FO:FO396,FO396,FO,C|-,NO,"BEHRENS, JEFFERY T",,33aff3115f,EVIDENCE_ONLY,,,8c98bdbd2c
fl_dbpr_asbestos_59,1064,59:ZA:ZA616,ZA616,ZA,C|-,NO,"RAMBOLL AMERICAS ENGINEERING SOLUTIONS, INC.",,c8e4558bd3,NEW_BUSINESS_WITH_AUTHORITATIVE_ID,,FL|DBPR|59|ZA|ZA616,550a2c612e
fl_dbpr_asbestos_59,1065,59:FO:FO398,FO398,FO,C|-,NO,"JASINOWSKI, JAY A",,33aff3115f,EVIDENCE_ONLY,,,8c98bdbd2c
fl_dbpr_asbestos_59,1066,59:FO:FO397,FO397,FO,C|-,NO,"SENSALE, RYAN JAMES",,33aff3115f,EVIDENCE_ONLY,,,8c98bdbd2c
fl_dbpr_asbestos_59,1067,59:FO:FO399,FO399,FO,C|-,NO,"GRIFFIN, DONNA PADGETT",,33aff3115f,EVIDENCE_ONLY,,,8c98bdbd2c
fl_dbpr_asbestos_59,1068,59:PVDR:PVD133,PVD133,PVDR,C|-,NO,"A.R.G. CONSTRUCTION, SAFETY AND HEALTH.",,33aff3115f,EVIDENCE_ONLY,,,8c98bdbd2c
fl_dbpr_asbestos_59,1069,59:AX:AX147,AX147,AX,C|A,YES,"HEYS, RANDI",INDIVIDUAL,ff73f08789,PERSON,,,88d06495f9
fl_dbpr_asbestos_59,1070,59:FO:FO400,FO400,FO,C|-,NO,"NAVA, SERGIO SR",,33aff3115f,EVIDENCE_ONLY,,,8c98bdbd2c
fl_dbpr_asbestos_59,1071,59:FO:FO401,FO401,FO,C|-,NO,"BUNDOC, ELISEO GARCIA JR",,33aff3115f,EVIDENCE_ONLY,,,8c98bdbd2c
fl_dbpr_asbestos_59,1072,59:FO:FO402,FO402,FO,C|-,NO,"METZLER, NICOLE MARIE",,33aff3115f,EVIDENCE_ONLY,,,8c98bdbd2c
fl_dbpr_asbestos_59,1073,59:PVDR:PVD134,PVD134,PVDR,C|-,NO,1STCHOICE-CE.COM,,33aff3115f,EVIDENCE_ONLY,,,8c98bdbd2c
fl_dbpr_asbestos_59,1074,59:CJC:CJC1154443,CJC1154443,CJC,C|A,YES,"DUSSAN, JEAN PIERRE","BRJ RESTORATION, LLC",ff73f08789,PERSON,,,88d06495f9
fl_dbpr_asbestos_59,1075,59:CJC:CJC1154436,CJC1154436,CJC,C|A,YES,"MONAGHAN, JERROD JAMES",,ff73f08789,PERSON,,,88d06495f9
fl_dbpr_asbestos_59,1076,59:CJC:CJC1154439,CJC1154439,CJC,C|A,YES,"MORGAN, GRANT ANDREW",,ff73f08789,PERSON,,,88d06495f9
fl_dbpr_asbestos_59,1077,59:CJC:CJC1154449,CJC1154449,CJC,C|A,YES,"MARTIN, KYLE JACOB","FLORIDA ASBESTOS REMOVAL, LLC",ff73f08789,PERSON,,,88d06495f9
fl_dbpr_asbestos_59,1078,59:ZA:ZA633,ZA633,ZA,C|-,NO,"ENVIRO KING, LLC",,c8e4558bd3,NEW_BUSINESS_WITH_AUTHORITATIVE_ID,,FL|DBPR|59|ZA|ZA633,550a2c612e
fl_dbpr_asbestos_59,1079,59:CJC:CJC1154441,CJC1154441,CJC,C|A,YES,"SATRUN, STUART BYRON III",,ff73f08789,PERSON,,,88d06495f9
fl_dbpr_asbestos_59,1080,59:ZA:ZA612,ZA612,ZA,C|-,NO,"N-TERPRISE CONSULTING, LLC",,c8e4558bd3,NEW_BUSINESS_WITH_AUTHORITATIVE_ID,,FL|DBPR|59|ZA|ZA612,550a2c612e
fl_dbpr_asbestos_59,1081,59:FO:FO404,FO404,FO,C|-,NO,"JENKINS, DAWN ALICEA",,33aff3115f,EVIDENCE_ONLY,,,8c98bdbd2c
fl_dbpr_asbestos_59,1082,59:CJC:CJC1154456,CJC1154456,CJC,C|A,YES,"AREVALO RODRIGUEZ, GABRIELA ELENA",1ST NOTICE RESTORATION INC.,ff73f08789,PERSON,,,88d06495f9
fl_dbpr_asbestos_59,1083,59:ZA:ZA613,ZA613,ZA,C|-,NO,AVALOTIS CORPORATION,ANTONI AIVALIOTIS,c8e4558bd3,NEW_BUSINESS_WITH_AUTHORITATIVE_ID,,FL|DBPR|59|ZA|ZA613,550a2c612e
fl_dbpr_asbestos_59,1084,59:FO:FO405,FO405,FO,C|-,NO,"CAPUTO, NACOLE LYNN",,33aff3115f,EVIDENCE_ONLY,,,8c98bdbd2c
fl_dbpr_asbestos_59,1085,59:FO:FO406,FO406,FO,C|-,NO,"AIVALIOTIS, ANTONI",,33aff3115f,EVIDENCE_ONLY,,,8c98bdbd2c
fl_dbpr_asbestos_59,1086,59:CJC:CJC1154454,CJC1154454,CJC,C|A,YES,"MORROW, JACK DAVID","ONE REEF, LLC",ff73f08789,PERSON,,,88d06495f9
fl_dbpr_asbestos_59,1087,59:ZA:ZA617,ZA617,ZA,C|-,NO,PRECISION ENVIRONMENTAL COMPANY,PRECISION ENVIRONMENTAL OF OHIO COMPANY,c8e4558bd3,NEW_BUSINESS_WITH_AUTHORITATIVE_ID,,FL|DBPR|59|ZA|ZA617,550a2c612e
fl_dbpr_asbestos_59,1088,59:FO:FO407,FO407,FO,C|-,NO,"LATHAN, GREGORY P",,33aff3115f,EVIDENCE_ONLY,,,8c98bdbd2c
fl_dbpr_asbestos_59,1089,59:ZA:ZA615,ZA615,ZA,C|-,NO,"SASSER COMPANIES, LLC",,c8e4558bd3,NEW_BUSINESS_WITH_AUTHORITATIVE_ID,,FL|DBPR|59|ZA|ZA615,550a2c612e
fl_dbpr_asbestos_59,1090,59:FO:FO408,FO408,FO,C|-,NO,"BROWN, STEVEN WAYNE",,33aff3115f,EVIDENCE_ONLY,,,8c98bdbd2c
fl_dbpr_asbestos_59,1091,59:FO:FO409,FO409,FO,C|-,NO,"REEVES, JAMES P",,33aff3115f,EVIDENCE_ONLY,,,8c98bdbd2c
fl_dbpr_asbestos_59,1092,59:AX:AX144,AX144,AX,C|A,YES,"HAWORTH, CHRISTINA MEG",INDIVIDUAL,ff73f08789,PERSON,,,88d06495f9
fl_dbpr_asbestos_59,1093,59:FO:FO411,FO411,FO,C|-,NO,"CLEVELAND, TED MARTIN",,33aff3115f,EVIDENCE_ONLY,,,8c98bdbd2c
fl_dbpr_asbestos_59,1094,59:FO:FO410,FO410,FO,C|-,NO,"ESPOSITO, ANDREW CHRISTOPHER",,33aff3115f,EVIDENCE_ONLY,,,8c98bdbd2c
fl_dbpr_asbestos_59,1095,59:CJC:CJC1154448,CJC1154448,CJC,C|A,YES,"YIM, EUN",,ff73f08789,PERSON,,,88d06495f9
fl_dbpr_asbestos_59,1096,59:CJC:CJC1154444,CJC1154444,CJC,C|A,YES,"CARROLL, DAVID COMER JR","ACME ROOFING & SHEET METAL COMPANY, INCORPORATED",ff73f08789,PERSON,,,88d06495f9
fl_dbpr_asbestos_59,1097,59:ZA:ZA623,ZA623,ZA,C|-,NO,"ACME ROOFING & SHEET METAL COMPANY, INCORPORATED",,c8e4558bd3,NEW_BUSINESS_WITH_AUTHORITATIVE_ID,,FL|DBPR|59|ZA|ZA623,550a2c612e
fl_dbpr_asbestos_59,1098,59:FO:FO412,FO412,FO,C|-,NO,"HART, JEFF A",,33aff3115f,EVIDENCE_ONLY,,,8c98bdbd2c
fl_dbpr_asbestos_59,1099,59:CJC:CJC1154442,CJC1154442,CJC,C|A,YES,"WESTERMAN, ALLAN KEITH","PALACIOS MARINE & INDUSTRIAL COATING, INC.",ff73f08789,PERSON,,,88d06495f9
fl_dbpr_asbestos_59,1100,59:FO:FO413,FO413,FO,C|-,NO,"PORCHE, BRYAN REED",,33aff3115f,EVIDENCE_ONLY,,,8c98bdbd2c
fl_dbpr_asbestos_59,1101,59:AX:AX145,AX145,AX,C|A,YES,"WESTCOTT, JEREMY",INDIVIDUAL,ff73f08789,PERSON,,,88d06495f9
fl_dbpr_asbestos_59,1102,59:ZA:ZA622,ZA622,ZA,C|-,NO,ALVAREZ CONSTRUCTION & ENVIRONMENTAL SERVICES LLC,,c8e4558bd3,NEW_BUSINESS_WITH_AUTHORITATIVE_ID,,FL|DBPR|59|ZA|ZA622,550a2c612e
fl_dbpr_asbestos_59,1103,59:CJC:CJC1154453,CJC1154453,CJC,C|A,YES,"RODRIGUEZ, DEREK CHRISTIAN","SUPER RESTORATION SERVICE CO., LLC",ff73f08789,PERSON,,,88d06495f9
fl_dbpr_asbestos_59,1104,59:FO:FO414,FO414,FO,C|-,NO,"DUSSAN, JEAN PIERRE",,33aff3115f,EVIDENCE_ONLY,,,8c98bdbd2c
fl_dbpr_asbestos_59,1105,59:FO:FO415,FO415,FO,C|-,NO,"ALVAREZ, MARIO",,33aff3115f,EVIDENCE_ONLY,,,8c98bdbd2c
fl_dbpr_asbestos_59,1106,59:AX:AX148,AX148,AX,C|A,YES,"SANTIAGO AGUAYO, LORRAINE M",INDIVIDUAL,ff73f08789,PERSON,,,88d06495f9
fl_dbpr_asbestos_59,1107,59:AX:AX146,AX146,AX,C|A,YES,"CLEMIS, JOSEPH GEORGE",INDIVIDUAL,ff73f08789,PERSON,,,88d06495f9
fl_dbpr_asbestos_59,1108,59:CJC:CJC1154447,CJC1154447,CJC,C|A,YES,"POZO, MANUEL RICARDO",,ff73f08789,PERSON,,,88d06495f9
fl_dbpr_asbestos_59,1109,59:ZA:ZA624,ZA624,ZA,C|-,NO,"DK ENVIRONMENTAL & CONSTRUCTION SERVICES, INC.",,c8e4558bd3,NEW_BUSINESS_WITH_AUTHORITATIVE_ID,,FL|DBPR|59|ZA|ZA624,550a2c612e
fl_dbpr_asbestos_59,1110,59:FO:FO416,FO416,FO,C|-,NO,"KOONTZ, DEBRA L",,33aff3115f,EVIDENCE_ONLY,,,8c98bdbd2c
fl_dbpr_asbestos_59,1111,59:PVDR:PVD136,PVD136,PVDR,C|-,NO,ACTION RENOVATION INC,,33aff3115f,EVIDENCE_ONLY,,,8c98bdbd2c
fl_dbpr_asbestos_59,1112,59:FO:FO417,FO417,FO,C|-,NO,"CARROLL, DAVID COMER JR",,33aff3115f,EVIDENCE_ONLY,,,8c98bdbd2c
fl_dbpr_asbestos_59,1113,59:CRS1:CRS132,CRS132,CRS1,C|-,NO,UNIVERSITY OF FLORIDA/TREEO CENTER,,33aff3115f,EVIDENCE_ONLY,,,8c98bdbd2c
fl_dbpr_asbestos_59,1114,59:ZA:ZA626,ZA626,ZA,C|-,NO,RNOMICS LLC,RISKNOMICS,c8e4558bd3,NEW_BUSINESS_WITH_AUTHORITATIVE_ID,,FL|DBPR|59|ZA|ZA626,550a2c612e
fl_dbpr_asbestos_59,1115,59:ZA:ZA625,ZA625,ZA,C|-,NO,"ST. PETE ENVIRONMENTAL CONSULTING, LLC",,c8e4558bd3,NEW_BUSINESS_WITH_AUTHORITATIVE_ID,,FL|DBPR|59|ZA|ZA625,550a2c612e
fl_dbpr_asbestos_59,1116,59:ZA:ZA627,ZA627,ZA,C|-,NO,"AIRSPEC ENVIRONMENTAL, LLC",AIRSPEC,c8e4558bd3,NEW_BUSINESS_WITH_AUTHORITATIVE_ID,,FL|DBPR|59|ZA|ZA627,550a2c612e
fl_dbpr_asbestos_59,1117,59:ZA:ZA635,ZA635,ZA,C|-,NO,"SUPER RESTORATION SERVICE CO., LLC",,c8e4558bd3,NEW_BUSINESS_WITH_AUTHORITATIVE_ID,,FL|DBPR|59|ZA|ZA635,550a2c612e
fl_dbpr_asbestos_59,1118,59:FO:FO418,FO418,FO,C|-,NO,"MOLER, CHRISTOPHER MATTHEW",,33aff3115f,EVIDENCE_ONLY,,,8c98bdbd2c
fl_dbpr_asbestos_59,1119,59:FO:FO419,FO419,FO,C|-,NO,"TITCOMB, COURTNEY MARIE",,33aff3115f,EVIDENCE_ONLY,,,8c98bdbd2c
fl_dbpr_asbestos_59,1120,59:FO:FO420,FO420,FO,C|-,NO,"LOPEMAN-CORTESE, THERESA LYNN",,33aff3115f,EVIDENCE_ONLY,,,8c98bdbd2c
fl_dbpr_asbestos_59,1121,59:FO:FO421,FO421,FO,C|-,NO,"STEEPY, OWEN JAMES",,33aff3115f,EVIDENCE_ONLY,,,8c98bdbd2c
fl_dbpr_asbestos_59,1122,59:ZA:ZA630,ZA630,ZA,C|-,NO,"HSG, LLC","HERNDON SOLUTIONS GROUP, LLC",c8e4558bd3,NEW_BUSINESS_WITH_AUTHORITATIVE_ID,,FL|DBPR|59|ZA|ZA630,550a2c612e
fl_dbpr_asbestos_59,1123,59:ZA:ZA628,ZA628,ZA,C|-,NO,"MODICA & ASSOCIATES, INC.",,c8e4558bd3,NEW_BUSINESS_WITH_AUTHORITATIVE_ID,,FL|DBPR|59|ZA|ZA628,550a2c612e
fl_dbpr_asbestos_59,1124,59:FO:FO426,FO426,FO,C|-,NO,"SITKO, TONYA",,33aff3115f,EVIDENCE_ONLY,,,8c98bdbd2c
fl_dbpr_asbestos_59,1125,59:FO:FO422,FO422,FO,C|-,NO,"IMBRUGLIA, ELAINE AKERS",,33aff3115f,EVIDENCE_ONLY,,,8c98bdbd2c
fl_dbpr_asbestos_59,1126,59:ZA:ZA629,ZA629,ZA,C|-,NO,"FLORIDA ASBESTOS REMOVAL, LLC",,c8e4558bd3,NEW_BUSINESS_WITH_AUTHORITATIVE_ID,,FL|DBPR|59|ZA|ZA629,550a2c612e
fl_dbpr_asbestos_59,1127,59:CRS1:CRS133,CRS133,CRS1,C|-,NO,RAMIREZ ENVIRONMENTAL TRAINING SCHOOL INC.,,33aff3115f,EVIDENCE_ONLY,,,8c98bdbd2c
fl_dbpr_asbestos_59,1128,59:PVDR:PVD137,PVD137,PVDR,C|-,NO,"THE SABAN ENGINEERING GROUP, INC.",,33aff3115f,EVIDENCE_ONLY,,,8c98bdbd2c
fl_dbpr_asbestos_59,1129,59:CJC:CJC1154451,CJC1154451,CJC,C|A,YES,"MCDONALD, NATASHA NIKOLE",A AND L REMEDIATION SERVICES INC,ff73f08789,PERSON,,,88d06495f9
fl_dbpr_asbestos_59,1130,59:FO:FO423,FO423,FO,C|-,NO,"DI BELLA, JEANNE",,33aff3115f,EVIDENCE_ONLY,,,8c98bdbd2c
fl_dbpr_asbestos_59,1131,59:CJC:CJC1154455,CJC1154455,CJC,C|A,YES,"HOLLAND, LOUIS F","CLEAN HARBORS ENVIRONMENTAL SERVICES, INC.",ff73f08789,PERSON,,,88d06495f9
fl_dbpr_asbestos_59,1132,59:FO:FO424,FO424,FO,C|-,NO,"MARTIN, KYLE JACOB",,33aff3115f,EVIDENCE_ONLY,,,8c98bdbd2c
fl_dbpr_asbestos_59,1133,59:ZA:ZA631,ZA631,ZA,C|-,NO,ATLAS TECHNICAL CONSULTANTS LLC,,c8e4558bd3,NEW_BUSINESS_WITH_AUTHORITATIVE_ID,,FL|DBPR|59|ZA|ZA631,550a2c612e
fl_dbpr_asbestos_59,1134,59:FO:FO425,FO425,FO,C|-,NO,"RECUPERO, FRANCIS",,33aff3115f,EVIDENCE_ONLY,,,8c98bdbd2c
fl_dbpr_asbestos_59,1135,59:CJC:CJC1154450,CJC1154450,CJC,C|A,YES,"BLOSSMAN, WILLIAM EDWARD II","GLOBAL CONTRACTING, LLC",ff73f08789,PERSON,,,88d06495f9
fl_dbpr_asbestos_59,1136,59:CJC:CJC1154452,CJC1154452,CJC,C|A,YES,"ROMA, FRANK",SOUTHERN CROSS SERVICES LLC,ff73f08789,PERSON,,,88d06495f9
fl_dbpr_asbestos_59,1137,59:ZA:ZA636,ZA636,ZA,C|-,NO,"ONE REEF, LLC",,c8e4558bd3,NEW_BUSINESS_WITH_AUTHORITATIVE_ID,,FL|DBPR|59|ZA|ZA636,550a2c612e
fl_dbpr_asbestos_59,1138,59:FO:FO427,FO427,FO,C|-,NO,"BASS, BRANDI GALE",,33aff3115f,EVIDENCE_ONLY,,,8c98bdbd2c
fl_dbpr_asbestos_59,1139,59:ZA:ZA634,ZA634,ZA,C|-,NO,SOUTHERN CROSS SERVICES LLC,,c8e4558bd3,NEW_BUSINESS_WITH_AUTHORITATIVE_ID,,FL|DBPR|59|ZA|ZA634,550a2c612e
fl_dbpr_asbestos_59,1140,59:ZA:ZA632,ZA632,ZA,C|-,NO,"GLOBAL CONTRACTING, LLC",,c8e4558bd3,NEW_BUSINESS_WITH_AUTHORITATIVE_ID,,FL|DBPR|59|ZA|ZA632,550a2c612e
fl_dbpr_asbestos_59,1141,59:FO:FO428,FO428,FO,C|-,NO,"BLOSSMAN, WILLIAM EDWARD II",,33aff3115f,EVIDENCE_ONLY,,,8c98bdbd2c
fl_dbpr_asbestos_59,1142,59:AX:AX150,AX150,AX,C|A,YES,"METZLER, NICOLE MARIE",INDIVIDUAL,ff73f08789,PERSON,,,88d06495f9
fl_dbpr_asbestos_59,1143,59:AX:AX149,AX149,AX,C|A,YES,"BONHAM, ROBERT EDWARD",INDIVIDUAL,ff73f08789,PERSON,,,88d06495f9
fl_dbpr_asbestos_59,1144,59:FO:FO429,FO429,FO,C|-,NO,"L'HOMMEDIEU, GLIBERT S",,33aff3115f,EVIDENCE_ONLY,,,8c98bdbd2c
fl_dbpr_asbestos_59,1145,59:FO:FO430,FO430,FO,C|-,NO,"CROWE, MICHAEL E",,33aff3115f,EVIDENCE_ONLY,,,8c98bdbd2c
fl_dbpr_asbestos_59,1146,59:PVDR:PVD138,PVD138,PVDR,C|-,NO,"AMERICAN SAFETY, INC.",,33aff3115f,EVIDENCE_ONLY,,,8c98bdbd2c
fl_dbpr_asbestos_59,1147,59:FO:FO431,FO431,FO,C|-,NO,"ROMA, FRANK",,33aff3115f,EVIDENCE_ONLY,,,8c98bdbd2c
fl_dbpr_asbestos_59,1148,59:FO:FO432,FO432,FO,C|-,NO,"SCHAMBACH, DONALD ANTHONY JR",,33aff3115f,EVIDENCE_ONLY,,,8c98bdbd2c
fl_dbpr_asbestos_59,1149,59:ZA:ZA638,ZA638,ZA,C|-,NO,LIGHTHOUSE ENVIRONMENTAL LLC,,c8e4558bd3,NEW_BUSINESS_WITH_AUTHORITATIVE_ID,,FL|DBPR|59|ZA|ZA638,550a2c612e
fl_dbpr_asbestos_59,1150,59:FO:FO433,FO433,FO,C|-,NO,"KATCHER, SCOTT",,33aff3115f,EVIDENCE_ONLY,,,8c98bdbd2c
fl_dbpr_asbestos_59,1151,59:ZA:ZA639,ZA639,ZA,C|-,NO,"TBG FACILITY SOLUTIONS, LLC",,c8e4558bd3,NEW_BUSINESS_WITH_AUTHORITATIVE_ID,,FL|DBPR|59|ZA|ZA639,550a2c612e
fl_dbpr_asbestos_59,1152,59:FO:FO434,FO434,FO,C|-,NO,"VARGAS, RENE J JR",,33aff3115f,EVIDENCE_ONLY,,,8c98bdbd2c
fl_dbpr_asbestos_59,1153,59:ZA:ZA637,ZA637,ZA,C|-,NO,"CLEAN HARBORS ENVIRONMENTAL SERVICES, INC.",,c8e4558bd3,NEW_BUSINESS_WITH_AUTHORITATIVE_ID,,FL|DBPR|59|ZA|ZA637,550a2c612e
fl_dbpr_asbestos_59,1154,59:FO:FO435,FO435,FO,C|-,NO,"MORROW, JACK DAVID",,33aff3115f,EVIDENCE_ONLY,,,8c98bdbd2c
fl_dbpr_asbestos_59,1155,59:FO:FO436,FO436,FO,C|-,NO,"HOLLAND, LOUIS F",,33aff3115f,EVIDENCE_ONLY,,,8c98bdbd2c
fl_dbpr_asbestos_59,1156,59:FO:FO437,FO437,FO,C|-,NO,"LIGHT, MARTIN",,33aff3115f,EVIDENCE_ONLY,,,8c98bdbd2c
fl_dbpr_asbestos_59,1157,59:FO:FO438,FO438,FO,C|-,NO,"MCDONALD, NATASHA NIKOLE",,33aff3115f,EVIDENCE_ONLY,,,8c98bdbd2c
