source_dataset,source_row,native_key,native_holder_or_license_id,credential_class,source_status,is_current_active,holder_name_raw,associated_business_name_raw,holder_authority_code,classification,existing_business_id,new_business_candidate_key,reason_code
ny_dol_mold,2,Mold Remediation Contractor License (SH126):26-6Z686-SHMO,26-6Z686-SHMO,Mold Remediation Contractor License (SH126),Active,YES,"A to Z  Restoration Environmental Contractor, Inc.",,c1d787d1b7,CREDENTIAL_ONLY,,,939a0ec586
ny_dol_mold,3,Mold Remediation Contractor License (SH126):01714,01714,Mold Remediation Contractor License (SH126),Expired,NO,"1-800-Flood Restoration, Inc.",,c1d787d1b7,CREDENTIAL_ONLY,,,939a0ec586
ny_dol_mold,4,Mold Remediation Contractor License (SH126):26-6I1OF-SHMO,26-6I1OF-SHMO,Mold Remediation Contractor License (SH126),Active,YES,"192 Branch Interior Service, Inc.",,c1d787d1b7,CREDENTIAL_ONLY,,,939a0ec586
ny_dol_mold,5,Mold Remediation Contractor License (SH126):25-67QB8-SHMO,25-67QB8-SHMO,Mold Remediation Contractor License (SH126),Active,YES,24 Plus Construction LLC,,c1d787d1b7,CREDENTIAL_ONLY,,,939a0ec586
ny_dol_mold,6,Mold Remediation Contractor License (SH126):26-6ZUVY-SHMO,26-6ZUVY-SHMO,Mold Remediation Contractor License (SH126),Active,YES,"360 NATIONAL RESTORATION, LTD.",,c1d787d1b7,CREDENTIAL_ONLY,,,939a0ec586
ny_dol_mold,7,Mold Assessment Contractor License (SH125):01701,01701,Mold Assessment Contractor License (SH125),Expired,NO,518 Mold LLC,,c1d787d1b7,CREDENTIAL_ONLY,,,939a0ec586
ny_dol_mold,8,Mold Assessment Contractor License (SH125):25-6LEIO-SHMO,25-6LEIO-SHMO,Mold Assessment Contractor License (SH125),Active,YES,911 Environmental Testing LLC,,c1d787d1b7,CREDENTIAL_ONLY,,,939a0ec586
ny_dol_mold,9,Mold Assessment Contractor License (SH125):26-63RRR-SHMO,26-63RRR-SHMO,Mold Assessment Contractor License (SH125),Active,YES,A & G Certified Mold Inspector LLC,,c1d787d1b7,CREDENTIAL_ONLY,,,939a0ec586
ny_dol_mold,10,Mold Remediation Contractor License (SH126):23-6UKNH-SHMO,23-6UKNH-SHMO,Mold Remediation Contractor License (SH126),Expired,NO,A Grade Property Restoration LLC,,c1d787d1b7,CREDENTIAL_ONLY,,,939a0ec586
ny_dol_mold,11,Mold Remediation Contractor License (SH126):01823,01823,Mold Remediation Contractor License (SH126),Expired,NO,A Pure Strive Service LLC,,c1d787d1b7,CREDENTIAL_ONLY,,,939a0ec586
ny_dol_mold,12,Mold Remediation Contractor License (SH126):01872,01872,Mold Remediation Contractor License (SH126),Expired,NO,A&A Mold inspection & Remediation Inc,,c1d787d1b7,CREDENTIAL_ONLY,,,939a0ec586
ny_dol_mold,13,Mold Assessment Contractor License (SH125):01843,01843,Mold Assessment Contractor License (SH125),Expired,NO,A&M Green Cleaning Inc,,c1d787d1b7,CREDENTIAL_ONLY,,,939a0ec586
ny_dol_mold,14,Mold Assessment Contractor License (SH125):01775,01775,Mold Assessment Contractor License (SH125),Expired,NO,"A-Pro Home Inspections (Upstate NY), LLC",,c1d787d1b7,CREDENTIAL_ONLY,,,939a0ec586
ny_dol_mold,15,Mold Remediation Contractor License (SH126):25-6HTFU-SHMO,25-6HTFU-SHMO,Mold Remediation Contractor License (SH126),Active,YES,A.M. Shield Waterproofing Corp.,,c1d787d1b7,CREDENTIAL_ONLY,,,939a0ec586
ny_dol_mold,16,Mold Assessment Contractor License (SH125):25-6HU41-SHMO,25-6HU41-SHMO,Mold Assessment Contractor License (SH125),Active,YES,A.S.P. Housing Enterprise Inc.,,c1d787d1b7,CREDENTIAL_ONLY,,,939a0ec586
ny_dol_mold,17,Mold Remediation Contractor License (SH126):25-6HP3V-SHMO,25-6HP3V-SHMO,Mold Remediation Contractor License (SH126),Active,YES,A2Z Restoration Group Corp,,c1d787d1b7,CREDENTIAL_ONLY,,,939a0ec586
ny_dol_mold,18,Mold Remediation Contractor License (SH126):25-6HTRU-SHMO,25-6HTRU-SHMO,Mold Remediation Contractor License (SH126),Active,YES,AAS PAINTING INC.,,c1d787d1b7,CREDENTIAL_ONLY,,,939a0ec586
ny_dol_mold,19,Mold Remediation Contractor License (SH126):25-6TKW8-SHMO,25-6TKW8-SHMO,Mold Remediation Contractor License (SH126),Active,YES,ABC Emergency Response LLC,,c1d787d1b7,CREDENTIAL_ONLY,,,939a0ec586
ny_dol_mold,20,Mold Assessment Contractor License (SH125):25-6L4X4-SHMO,25-6L4X4-SHMO,Mold Assessment Contractor License (SH125),Active,YES,AC & E Home Inspection Corp,,c1d787d1b7,CREDENTIAL_ONLY,,,939a0ec586
ny_dol_mold,21,Mold Assessment Contractor License (SH125):26-66AE4-SHMO,26-66AE4-SHMO,Mold Assessment Contractor License (SH125),Active,YES,"ACP BUFFALO, LLC",,c1d787d1b7,CREDENTIAL_ONLY,,,939a0ec586
ny_dol_mold,22,Mold Remediation Contractor License (SH126):01918,01918,Mold Remediation Contractor License (SH126),Expired,NO,ADNY23 Corp.,,c1d787d1b7,CREDENTIAL_ONLY,,,939a0ec586
ny_dol_mold,23,Mold Remediation Contractor License (SH126):23-6TQKE-SHMO,23-6TQKE-SHMO,Mold Remediation Contractor License (SH126),Expired,NO,"AFM Professional Services, LLC",,c1d787d1b7,CREDENTIAL_ONLY,,,939a0ec586
ny_dol_mold,24,Mold Remediation Contractor License (SH126):01819,01819,Mold Remediation Contractor License (SH126),Expired,NO,"AGG Contracting, Inc.",,c1d787d1b7,CREDENTIAL_ONLY,,,939a0ec586
ny_dol_mold,25,Mold Assessment Contractor License (SH125):26-6SSLN-SHMO,26-6SSLN-SHMO,Mold Assessment Contractor License (SH125),Active,YES,AIM Environmental LLC,,c1d787d1b7,CREDENTIAL_ONLY,,,939a0ec586
ny_dol_mold,26,Mold Remediation Contractor License (SH126):25-64PHJ-SHMO,25-64PHJ-SHMO,Mold Remediation Contractor License (SH126),Active,YES,AJS General Contracting & Home Improvements LLC,,c1d787d1b7,CREDENTIAL_ONLY,,,939a0ec586
ny_dol_mold,27,Mold Remediation Contractor License (SH126):25-6HIGI-SHMO,25-6HIGI-SHMO,Mold Remediation Contractor License (SH126),Active,YES,"ALPHA ENVIRONMENTAL SERVICES, INC",,c1d787d1b7,CREDENTIAL_ONLY,,,939a0ec586
ny_dol_mold,28,Mold Assessment Contractor License (SH125):25-65HGF-SHMO,25-65HGF-SHMO,Mold Assessment Contractor License (SH125),Active,YES,AMERICAN EIFS INSPECTORS AND ASSOCIATES INC,,c1d787d1b7,CREDENTIAL_ONLY,,,939a0ec586
ny_dol_mold,29,Mold Remediation Contractor License (SH126):26-6Z198-SHMO,26-6Z198-SHMO,Mold Remediation Contractor License (SH126),Active,YES,AMIT CONSTRUCTION CORP,,c1d787d1b7,CREDENTIAL_ONLY,,,939a0ec586
ny_dol_mold,30,Mold Remediation Contractor License (SH126):25-64SV1-SHMO,25-64SV1-SHMO,Mold Remediation Contractor License (SH126),Active,YES,ANNAS 4 CONTRACTING LLC,,c1d787d1b7,CREDENTIAL_ONLY,,,939a0ec586
ny_dol_mold,31,Mold Remediation Contractor License (SH126):01888,01888,Mold Remediation Contractor License (SH126),Expired,NO,APN Environmental LLC,,c1d787d1b7,CREDENTIAL_ONLY,,,939a0ec586
ny_dol_mold,32,Mold Remediation Contractor License (SH126):24-63U9U-SHMO,24-63U9U-SHMO,Mold Remediation Contractor License (SH126),Active,YES,"ARCS AND SPARKS, LLC",,c1d787d1b7,CREDENTIAL_ONLY,,,939a0ec586
ny_dol_mold,33,Mold Remediation Contractor License (SH126):25-659LZ-SHMO,25-659LZ-SHMO,Mold Remediation Contractor License (SH126),Active,YES,ARMOTECH CORP.,,c1d787d1b7,CREDENTIAL_ONLY,,,939a0ec586
ny_dol_mold,34,Mold Assessment Contractor License (SH125):24-6335T-SHMO,24-6335T-SHMO,Mold Assessment Contractor License (SH125),Active,YES,ASTONSHINE INCORPORATED,,c1d787d1b7,CREDENTIAL_ONLY,,,939a0ec586
ny_dol_mold,35,Mold Remediation Contractor License (SH126):26-6ZPFO-SHMO,26-6ZPFO-SHMO,Mold Remediation Contractor License (SH126),Active,YES,"AUAR Enterprises, Inc.",,c1d787d1b7,CREDENTIAL_ONLY,,,939a0ec586
ny_dol_mold,36,Mold Assessment Contractor License (SH125):26-6SAOF-SHMO,26-6SAOF-SHMO,Mold Assessment Contractor License (SH125),Active,YES,Aaction Environmental Services Inc.,,c1d787d1b7,CREDENTIAL_ONLY,,,939a0ec586
ny_dol_mold,37,Mold Remediation Contractor License (SH126):25-644CB-SHMO,25-644CB-SHMO,Mold Remediation Contractor License (SH126),Active,YES,Abatepro Mbe Environmental Corp.,,c1d787d1b7,CREDENTIAL_ONLY,,,939a0ec586
ny_dol_mold,38,Mold Assessment Contractor License (SH125):25-643SX-SHMO,25-643SX-SHMO,Mold Assessment Contractor License (SH125),Active,YES,Absolute Enviro LLC,,c1d787d1b7,CREDENTIAL_ONLY,,,939a0ec586
ny_dol_mold,39,Mold Remediation Contractor License (SH126):26-63BB8-SHMO,26-63BB8-SHMO,Mold Remediation Contractor License (SH126),Active,YES,Accredited Environmental Safety Corp.,,c1d787d1b7,CREDENTIAL_ONLY,,,939a0ec586
ny_dol_mold,40,Mold Remediation Contractor License (SH126):26-6SBCY-SHMO,26-6SBCY-SHMO,Mold Remediation Contractor License (SH126),Active,YES,"Accredited Lead Inspection, Inc.",,c1d787d1b7,CREDENTIAL_ONLY,,,939a0ec586
ny_dol_mold,41,Mold Assessment Contractor License (SH125):26-6ATL4-SHMO,26-6ATL4-SHMO,Mold Assessment Contractor License (SH125),Active,YES,"Ace Mold Inspection, Inc",,c1d787d1b7,CREDENTIAL_ONLY,,,939a0ec586
ny_dol_mold,42,Mold Remediation Contractor License (SH126):25-64SKA-SHMO,25-64SKA-SHMO,Mold Remediation Contractor License (SH126),Active,YES,Adam's European Contracting Inc,,c1d787d1b7,CREDENTIAL_ONLY,,,939a0ec586
ny_dol_mold,43,Mold Remediation Contractor License (SH126):01873,01873,Mold Remediation Contractor License (SH126),Expired,NO,"Advance Catastrophe Technologies, LLC",,c1d787d1b7,CREDENTIAL_ONLY,,,939a0ec586
ny_dol_mold,44,Mold Remediation Contractor License (SH126):25-6UKUZ-SHMO,25-6UKUZ-SHMO,Mold Remediation Contractor License (SH126),Active,YES,Advanced DRI LLC,,c1d787d1b7,CREDENTIAL_ONLY,,,939a0ec586
ny_dol_mold,45,Mold Remediation Contractor License (SH126):24-6ZIVL-SHMO,24-6ZIVL-SHMO,Mold Remediation Contractor License (SH126),Expired,NO,"Advantage Service Group Associates, Inc.",,c1d787d1b7,CREDENTIAL_ONLY,,,939a0ec586
ny_dol_mold,46,Mold Remediation Contractor License (SH126):23-6UMC8-SHMO,23-6UMC8-SHMO,Mold Remediation Contractor License (SH126),Expired,NO,Affordable Remediation & Emergency Services LLC,,c1d787d1b7,CREDENTIAL_ONLY,,,939a0ec586
ny_dol_mold,47,Mold Assessment Contractor License (SH125):23-6TJS9-SHMO,23-6TJS9-SHMO,Mold Assessment Contractor License (SH125),Expired,NO,Aimco Painting Inc.,,c1d787d1b7,CREDENTIAL_ONLY,,,939a0ec586
ny_dol_mold,48,Mold Assessment Contractor License (SH125):01796,01796,Mold Assessment Contractor License (SH125),Expired,NO,"Air Quality Solutions, LLC",,c1d787d1b7,CREDENTIAL_ONLY,,,939a0ec586
ny_dol_mold,49,Mold Assessment Contractor License (SH125):26-6647Y-SHMO,26-6647Y-SHMO,Mold Assessment Contractor License (SH125),Active,YES,AirQC LLC,,c1d787d1b7,CREDENTIAL_ONLY,,,939a0ec586
ny_dol_mold,50,Mold Assessment Contractor License (SH125):26-6LDTY-SHMO,26-6LDTY-SHMO,Mold Assessment Contractor License (SH125),Active,YES,"Airborne Inspection Pros, Inc.",,c1d787d1b7,CREDENTIAL_ONLY,,,939a0ec586
ny_dol_mold,51,Mold Assessment Contractor License (SH125):25-67QDV-SHMO,25-67QDV-SHMO,Mold Assessment Contractor License (SH125),Active,YES,Albert Einstein College of Medicine,,c1d787d1b7,CREDENTIAL_ONLY,,,939a0ec586
ny_dol_mold,52,Mold Assessment Contractor License (SH125):01724,01724,Mold Assessment Contractor License (SH125),Expired,NO,Alex Wolf,,c1d787d1b7,CREDENTIAL_ONLY,,,939a0ec586
ny_dol_mold,53,Mold Remediation Contractor License (SH126):25-6LZSE-SHMO,25-6LZSE-SHMO,Mold Remediation Contractor License (SH126),Active,YES,All Boro Cleaning Service Inc,,c1d787d1b7,CREDENTIAL_ONLY,,,939a0ec586
ny_dol_mold,54,Mold Remediation Contractor License (SH126):01409,01409,Mold Remediation Contractor License (SH126),Expired,NO,"All City Contracting & Cleaning, Inc.",,c1d787d1b7,CREDENTIAL_ONLY,,,939a0ec586
ny_dol_mold,55,Mold Assessment Contractor License (SH125):26-6ZETS-SHMO,26-6ZETS-SHMO,Mold Assessment Contractor License (SH125),Active,YES,"All Clear Environmental Services, Inc.",,c1d787d1b7,CREDENTIAL_ONLY,,,939a0ec586
ny_dol_mold,56,Mold Remediation Contractor License (SH126):25-6UYS1-SHMO,25-6UYS1-SHMO,Mold Remediation Contractor License (SH126),Active,YES,"All Green Contracting USA, Inc.",,c1d787d1b7,CREDENTIAL_ONLY,,,939a0ec586
ny_dol_mold,57,Mold Assessment Contractor License (SH125):23-6UXZ8-SHMO,23-6UXZ8-SHMO,Mold Assessment Contractor License (SH125),Expired,NO,All In One Home Inspections LLC,,c1d787d1b7,CREDENTIAL_ONLY,,,939a0ec586
ny_dol_mold,58,Mold Remediation Contractor License (SH126):24-638JN-SHMO,24-638JN-SHMO,Mold Remediation Contractor License (SH126),Active,YES,All Repair and Restoration LLC,,c1d787d1b7,CREDENTIAL_ONLY,,,939a0ec586
ny_dol_mold,59,Mold Remediation Contractor License (SH126):26-6AZZY-SHMO,26-6AZZY-SHMO,Mold Remediation Contractor License (SH126),Active,YES,"All Star Restoration, Inc.",,c1d787d1b7,CREDENTIAL_ONLY,,,939a0ec586
ny_dol_mold,60,Mold Remediation Contractor License (SH126):26-6Z5J8-SHMO,26-6Z5J8-SHMO,Mold Remediation Contractor License (SH126),Active,YES,"All Vac Environmental, Inc.",,c1d787d1b7,CREDENTIAL_ONLY,,,939a0ec586
ny_dol_mold,61,Mold Assessment Contractor License (SH125):25-6IDN9-SHMO,25-6IDN9-SHMO,Mold Assessment Contractor License (SH125),Active,YES,Ally Environmental LLC,,c1d787d1b7,CREDENTIAL_ONLY,,,939a0ec586
ny_dol_mold,62,Mold Assessment Contractor License (SH125):24-6ZEHG-SHMO,24-6ZEHG-SHMO,Mold Assessment Contractor License (SH125),Expired,NO,Alpha Phase Design And Construction LLC,,c1d787d1b7,CREDENTIAL_ONLY,,,939a0ec586
ny_dol_mold,63,Mold Assessment Contractor License (SH125):01257,01257,Mold Assessment Contractor License (SH125),Expired,NO,Alta Enterprise LLC,,c1d787d1b7,CREDENTIAL_ONLY,,,939a0ec586
ny_dol_mold,64,Mold Assessment Contractor License (SH125):24-6ASEC-SHMO,24-6ASEC-SHMO,Mold Assessment Contractor License (SH125),Expired,NO,"Alternative Construction & Environmental Solutions, Inc.",,c1d787d1b7,CREDENTIAL_ONLY,,,939a0ec586
ny_dol_mold,65,Mold Remediation Contractor License (SH126):24-6SIFU-SHMO,24-6SIFU-SHMO,Mold Remediation Contractor License (SH126),Active,YES,Ama Environmental LLC,,c1d787d1b7,CREDENTIAL_ONLY,,,939a0ec586
ny_dol_mold,66,Mold Assessment Contractor License (SH125):25-645Q7-SHMO,25-645Q7-SHMO,Mold Assessment Contractor License (SH125),Active,YES,"Ambient Group, Inc.",,c1d787d1b7,CREDENTIAL_ONLY,,,939a0ec586
ny_dol_mold,67,Mold Remediation Contractor License (SH126):25-6IXJ1-SHMO,25-6IXJ1-SHMO,Mold Remediation Contractor License (SH126),Active,YES,"American Fire Restoration, LLC",,c1d787d1b7,CREDENTIAL_ONLY,,,939a0ec586
ny_dol_mold,68,Mold Remediation Contractor License (SH126):25-6UOY3-SHMO,25-6UOY3-SHMO,Mold Remediation Contractor License (SH126),Active,YES,American Restoration Solutions Inc.,,c1d787d1b7,CREDENTIAL_ONLY,,,939a0ec586
ny_dol_mold,69,Mold Remediation Contractor License (SH126):26-69SR9-SHMO,26-69SR9-SHMO,Mold Remediation Contractor License (SH126),Active,YES,"Anchor Contracting NY, Corp.",,c1d787d1b7,CREDENTIAL_ONLY,,,939a0ec586
ny_dol_mold,70,Mold Assessment Contractor License (SH125):26-6A3DQ-SHMO,26-6A3DQ-SHMO,Mold Assessment Contractor License (SH125),Active,YES,Angstrom Testing Services L.L.C.,,c1d787d1b7,CREDENTIAL_ONLY,,,939a0ec586
ny_dol_mold,71,Mold Remediation Contractor License (SH126):25-6UJH8-SHMO,25-6UJH8-SHMO,Mold Remediation Contractor License (SH126),Active,YES,Anthony Siquier,,c1d787d1b7,CREDENTIAL_ONLY,,,939a0ec586
ny_dol_mold,72,Mold Assessment Contractor License (SH125):24-6I5BZ-SHMO,24-6I5BZ-SHMO,Mold Assessment Contractor License (SH125),Expired,NO,"Apex Cleaning, Inc.",,c1d787d1b7,CREDENTIAL_ONLY,,,939a0ec586
ny_dol_mold,73,Mold Assessment Contractor License (SH125):01793,01793,Mold Assessment Contractor License (SH125),Expired,NO,Apex Environmental Consulting Corp,,c1d787d1b7,CREDENTIAL_ONLY,,,939a0ec586
ny_dol_mold,74,Mold Assessment Contractor License (SH125):25-6HE5H-SHMO,25-6HE5H-SHMO,Mold Assessment Contractor License (SH125),Active,YES,Apex Mold Specialists inc.,,c1d787d1b7,CREDENTIAL_ONLY,,,939a0ec586
ny_dol_mold,75,Mold Remediation Contractor License (SH126):26-66C4Q-SHMO,26-66C4Q-SHMO,Mold Remediation Contractor License (SH126),Active,YES,Aqua-Pro Restoration LLC,,c1d787d1b7,CREDENTIAL_ONLY,,,939a0ec586
ny_dol_mold,76,Mold Assessment Contractor License (SH125):23-6LATO-SHMO,23-6LATO-SHMO,Mold Assessment Contractor License (SH125),Expired,NO,"Arch Environmental Compliance Service Associates, LLC",,c1d787d1b7,CREDENTIAL_ONLY,,,939a0ec586
ny_dol_mold,77,Mold Remediation Contractor License (SH126):01586,01586,Mold Remediation Contractor License (SH126),Expired,NO,Ari Cleaning - Water Damage - Mold Removal Inc.,,c1d787d1b7,CREDENTIAL_ONLY,,,939a0ec586
ny_dol_mold,78,Mold Remediation Contractor License (SH126):26-63RYV-SHMO,26-63RYV-SHMO,Mold Remediation Contractor License (SH126),Active,YES,Arric Corp.,,c1d787d1b7,CREDENTIAL_ONLY,,,939a0ec586
ny_dol_mold,79,Mold Remediation Contractor License (SH126):24-6A7U5-SHMO,24-6A7U5-SHMO,Mold Remediation Contractor License (SH126),Expired,NO,Ashley's Carpet Cleaning LLC,,c1d787d1b7,CREDENTIAL_ONLY,,,939a0ec586
ny_dol_mold,80,Mold Assessment Contractor License (SH125):24-6A9O3-SHMO,24-6A9O3-SHMO,Mold Assessment Contractor License (SH125),Expired,NO,"Assessment Resources & Technologies, Inc.",,c1d787d1b7,CREDENTIAL_ONLY,,,939a0ec586
ny_dol_mold,81,Mold Assessment Contractor License (SH125):26-6Z8C3-SHMO,26-6Z8C3-SHMO,Mold Assessment Contractor License (SH125),Active,YES,Atech Home Ispections Inc,,c1d787d1b7,CREDENTIAL_ONLY,,,939a0ec586
ny_dol_mold,82,Mold Assessment Contractor License (SH125):26-6AEOF-SHMO,26-6AEOF-SHMO,Mold Assessment Contractor License (SH125),Active,YES,Aurora Environmental LLC,,c1d787d1b7,CREDENTIAL_ONLY,,,939a0ec586
ny_dol_mold,83,Mold Remediation Contractor License (SH126):24-63PIR-SHMO,24-63PIR-SHMO,Mold Remediation Contractor License (SH126),Active,YES,Axiak Construction Corp,,c1d787d1b7,CREDENTIAL_ONLY,,,939a0ec586
ny_dol_mold,84,Mold Remediation Contractor License (SH126):25-6UPW3-SHMO,25-6UPW3-SHMO,Mold Remediation Contractor License (SH126),Active,YES,"B & N & K Restoration Co., Inc.",,c1d787d1b7,CREDENTIAL_ONLY,,,939a0ec586
ny_dol_mold,85,Mold Assessment Contractor License (SH125):01772,01772,Mold Assessment Contractor License (SH125),Expired,NO,B&M Cosntruction Design Inc.,,c1d787d1b7,CREDENTIAL_ONLY,,,939a0ec586
ny_dol_mold,86,Mold Assessment Contractor License (SH125):25-64SXX-SHMO,25-64SXX-SHMO,Mold Assessment Contractor License (SH125),Active,YES,"B.T.R. Home Inspections & Consulting, LLC",,c1d787d1b7,CREDENTIAL_ONLY,,,939a0ec586
ny_dol_mold,87,Mold Assessment Contractor License (SH125):24-64BKI-SHMO,24-64BKI-SHMO,Mold Assessment Contractor License (SH125),Active,YES,BEP Environmental Services Corp.,,c1d787d1b7,CREDENTIAL_ONLY,,,939a0ec586
ny_dol_mold,88,Mold Remediation Contractor License (SH126):25-654UB-SHMO,25-654UB-SHMO,Mold Remediation Contractor License (SH126),Active,YES,BIOSAFETY CORPORATION,,c1d787d1b7,CREDENTIAL_ONLY,,,939a0ec586
ny_dol_mold,89,Mold Assessment Contractor License (SH125):25-658GE-SHMO,25-658GE-SHMO,Mold Assessment Contractor License (SH125),Active,YES,BMH Environmental Corp.,,c1d787d1b7,CREDENTIAL_ONLY,,,939a0ec586
ny_dol_mold,90,Mold Remediation Contractor License (SH126):25-61VEK-SHMO,25-61VEK-SHMO,Mold Remediation Contractor License (SH126),Active,YES,"BNF Consulting, Inc.",,c1d787d1b7,CREDENTIAL_ONLY,,,939a0ec586
ny_dol_mold,91,Mold Remediation Contractor License (SH126):25-644VB-SHMO,25-644VB-SHMO,Mold Remediation Contractor License (SH126),Active,YES,BSB Construction Inc.,,c1d787d1b7,CREDENTIAL_ONLY,,,939a0ec586
ny_dol_mold,92,Mold Assessment Contractor License (SH125):25-6HZ3N-SHMO,25-6HZ3N-SHMO,Mold Assessment Contractor License (SH125),Active,YES,BUJAR KOCI,,c1d787d1b7,CREDENTIAL_ONLY,,,939a0ec586
ny_dol_mold,93,Mold Remediation Contractor License (SH126):24-6ZUZG-SHMO,24-6ZUZG-SHMO,Mold Remediation Contractor License (SH126),Expired,NO,Ba Global Construction Corp.,,c1d787d1b7,CREDENTIAL_ONLY,,,939a0ec586
ny_dol_mold,94,Mold Remediation Contractor License (SH126):25-65ADC-SHMO,25-65ADC-SHMO,Mold Remediation Contractor License (SH126),Active,YES,Bangir Construction & Supplies LLC,,c1d787d1b7,CREDENTIAL_ONLY,,,939a0ec586
ny_dol_mold,95,Mold Remediation Contractor License (SH126):25-65BAQ-SHMO,25-65BAQ-SHMO,Mold Remediation Contractor License (SH126),Active,YES,Beach Channel Solutions LLC,,c1d787d1b7,CREDENTIAL_ONLY,,,939a0ec586
ny_dol_mold,96,Mold Remediation Contractor License (SH126):26-6zuvs-shmo,26-6zuvs-shmo,Mold Remediation Contractor License (SH126),Active,YES,"Belfor USA Group, Inc.",,c1d787d1b7,CREDENTIAL_ONLY,,,939a0ec586
ny_dol_mold,97,Mold Remediation Contractor License (SH126):24-6SL1G-SHMO,24-6SL1G-SHMO,Mold Remediation Contractor License (SH126),Expired,NO,Benard Building Inspections LLC,,c1d787d1b7,CREDENTIAL_ONLY,,,939a0ec586
ny_dol_mold,98,Mold Remediation Contractor License (SH126):25-6TQ1X-SHMO,25-6TQ1X-SHMO,Mold Remediation Contractor License (SH126),Active,YES,Berko Mold Abatement Corp,,c1d787d1b7,CREDENTIAL_ONLY,,,939a0ec586
ny_dol_mold,99,Mold Assessment Contractor License (SH125):25-65KY8-SHMO,25-65KY8-SHMO,Mold Assessment Contractor License (SH125),Active,YES,"Bestos Home Services, LLC",,c1d787d1b7,CREDENTIAL_ONLY,,,939a0ec586
ny_dol_mold,100,Mold Remediation Contractor License (SH126):26-6ZUIK-SHMO,26-6ZUIK-SHMO,Mold Remediation Contractor License (SH126),Active,YES,"Big A's Solutions, LTD.",,c1d787d1b7,CREDENTIAL_ONLY,,,939a0ec586
ny_dol_mold,101,Mold Remediation Contractor License (SH126):26-6AOD3-SHMO,26-6AOD3-SHMO,Mold Remediation Contractor License (SH126),Active,YES,BioTek Environmental NYC LLC,,c1d787d1b7,CREDENTIAL_ONLY,,,939a0ec586
ny_dol_mold,102,Mold Assessment Contractor License (SH125):26-6ZD6S-SHMo,26-6ZD6S-SHMo,Mold Assessment Contractor License (SH125),Active,YES,Black Mountain Renovations LLC,,c1d787d1b7,CREDENTIAL_ONLY,,,939a0ec586
ny_dol_mold,103,Mold Assessment Contractor License (SH125):26-69KJ9-SHMO,26-69KJ9-SHMO,Mold Assessment Contractor License (SH125),Active,YES,"E  The Solution Associates, LLC",,c1d787d1b7,CREDENTIAL_ONLY,,,939a0ec586
ny_dol_mold,104,Mold Assessment Contractor License (SH125):24-6AY4Y-SHMO,24-6AY4Y-SHMO,Mold Assessment Contractor License (SH125),Expired,NO,100 Lincoln Blvd LLC,,c1d787d1b7,CREDENTIAL_ONLY,,,939a0ec586
ny_dol_mold,105,Mold Assessment Contractor License (SH125):23-61V9Y-SHMO,23-61V9Y-SHMO,Mold Assessment Contractor License (SH125),Expired,NO,"1st Call Home Inspections, Inc.",,c1d787d1b7,CREDENTIAL_ONLY,,,939a0ec586
ny_dol_mold,106,Mold Assessment Contractor License (SH125):26-6AKFB-SHMO,26-6AKFB-SHMO,Mold Assessment Contractor License (SH125),Active,YES,2SAFE Consulting Inc.,,c1d787d1b7,CREDENTIAL_ONLY,,,939a0ec586
ny_dol_mold,107,Mold Remediation Contractor License (SH126):25-65UJ9-SHMO,25-65UJ9-SHMO,Mold Remediation Contractor License (SH126),Active,YES,360 Property Restoration LLC,,c1d787d1b7,CREDENTIAL_ONLY,,,939a0ec586
ny_dol_mold,108,Mold Assessment Contractor License (SH125):25-6UODS-SHMO,25-6UODS-SHMO,Mold Assessment Contractor License (SH125),Active,YES,"56 Services, Inc.",,c1d787d1b7,CREDENTIAL_ONLY,,,939a0ec586
ny_dol_mold,109,Mold Remediation Contractor License (SH126):25-6T86Q-SHMO,25-6T86Q-SHMO,Mold Remediation Contractor License (SH126),Active,YES,911 Renovation LLC,,c1d787d1b7,CREDENTIAL_ONLY,,,939a0ec586
ny_dol_mold,110,Mold Remediation Contractor License (SH126):01756,01756,Mold Remediation Contractor License (SH126),Expired,NO,A & I Restoration LLC,,c1d787d1b7,CREDENTIAL_ONLY,,,939a0ec586
ny_dol_mold,111,Mold Assessment Contractor License (SH125):26-6IPGI-SHMO,26-6IPGI-SHMO,Mold Assessment Contractor License (SH125),Active,YES,A Plus Asbestos Investigation Inc.,,c1d787d1b7,CREDENTIAL_ONLY,,,939a0ec586
ny_dol_mold,112,Mold Remediation Contractor License (SH126):25-6TMXF-SHMO,25-6TMXF-SHMO,Mold Remediation Contractor License (SH126),Active,YES,A Quest Corporation,,c1d787d1b7,CREDENTIAL_ONLY,,,939a0ec586
ny_dol_mold,113,Mold Assessment Contractor License (SH125):25-6TPJI-SHMO,25-6TPJI-SHMO,Mold Assessment Contractor License (SH125),Active,YES,A&G Maintenance Inc,,c1d787d1b7,CREDENTIAL_ONLY,,,939a0ec586
ny_dol_mold,114,Mold Assessment Contractor License (SH125):24-63NUK-SHMO,24-63NUK-SHMO,Mold Assessment Contractor License (SH125),Expired,NO,A&S Complete Home Inspection LLC,,c1d787d1b7,CREDENTIAL_ONLY,,,939a0ec586
ny_dol_mold,115,Mold Remediation Contractor License (SH126):00115,00115,Mold Remediation Contractor License (SH126),Expired,NO,"A.A.C. Contracting, Inc.",,c1d787d1b7,CREDENTIAL_ONLY,,,939a0ec586
ny_dol_mold,116,Mold Remediation Contractor License (SH126):24-6SUVK-SHMO,24-6SUVK-SHMO,Mold Remediation Contractor License (SH126),Expired,NO,A.S. Construction & Development Inc,,c1d787d1b7,CREDENTIAL_ONLY,,,939a0ec586
ny_dol_mold,117,Mold Remediation Contractor License (SH126):25-6LCZU-SHMO,25-6LCZU-SHMO,Mold Remediation Contractor License (SH126),Active,YES,A.W.S. Environmental Inc.,,c1d787d1b7,CREDENTIAL_ONLY,,,939a0ec586
ny_dol_mold,118,Mold Remediation Contractor License (SH126):23-6IJJY-SHMO,23-6IJJY-SHMO,Mold Remediation Contractor License (SH126),Expired,NO,AAC Contracting LLC,,c1d787d1b7,CREDENTIAL_ONLY,,,939a0ec586
ny_dol_mold,119,Mold Remediation Contractor License (SH126):25-6I8N8-SHMO,25-6I8N8-SHMO,Mold Remediation Contractor License (SH126),Active,YES,ABATEK CORP,,c1d787d1b7,CREDENTIAL_ONLY,,,939a0ec586
ny_dol_mold,120,Mold Assessment Contractor License (SH125):26-69LUX-SHMO,26-69LUX-SHMO,Mold Assessment Contractor License (SH125),Active,YES,ABC environmental llc,,c1d787d1b7,CREDENTIAL_ONLY,,,939a0ec586
ny_dol_mold,121,Mold Remediation Contractor License (SH126):25-6LOKC-SHMO,25-6LOKC-SHMO,Mold Remediation Contractor License (SH126),Active,YES,ACA Environmental Services Inc,,c1d787d1b7,CREDENTIAL_ONLY,,,939a0ec586
ny_dol_mold,122,Mold Remediation Contractor License (SH126):26-669P7-SHMO,26-669P7-SHMO,Mold Remediation Contractor License (SH126),Active,YES,ACR Contracting Group LLC,,c1d787d1b7,CREDENTIAL_ONLY,,,939a0ec586
ny_dol_mold,123,Mold Assessment Contractor License (SH125):01832,01832,Mold Assessment Contractor License (SH125),Expired,NO,ADNY23 Corp.,,c1d787d1b7,CREDENTIAL_ONLY,,,939a0ec586
ny_dol_mold,124,Mold Remediation Contractor License (SH126):24-6S6Z1-SHMO,24-6S6Z1-SHMO,Mold Remediation Contractor License (SH126),Expired,NO,AGA Environmental Inc.,,c1d787d1b7,CREDENTIAL_ONLY,,,939a0ec586
ny_dol_mold,125,Mold Remediation Contractor License (SH126):24-63PG5-SHMO,24-63PG5-SHMO,Mold Remediation Contractor License (SH126),Active,YES,AI & I Links Inc.,,c1d787d1b7,CREDENTIAL_ONLY,,,939a0ec586
ny_dol_mold,126,Mold Assessment Contractor License (SH125):25-6UJ59-SHMO,25-6UJ59-SHMO,Mold Assessment Contractor License (SH125),Active,YES,AIR Environmental Consulting LLC,,c1d787d1b7,CREDENTIAL_ONLY,,,939a0ec586
ny_dol_mold,127,Mold Remediation Contractor License (SH126):24-63P1K-SHMO,24-63P1K-SHMO,Mold Remediation Contractor License (SH126),Active,YES,ALBA Environmental Inc,,c1d787d1b7,CREDENTIAL_ONLY,,,939a0ec586
ny_dol_mold,128,Mold Remediation Contractor License (SH126):25-6LT66-SHMO,25-6LT66-SHMO,Mold Remediation Contractor License (SH126),Active,YES,ALPS INTERIORS INC,,c1d787d1b7,CREDENTIAL_ONLY,,,939a0ec586
ny_dol_mold,129,Mold Assessment Contractor License (SH125):26-677N8-SHMO,26-677N8-SHMO,Mold Assessment Contractor License (SH125),Active,YES,AMERICAN PRECISION MOLD & ENVIROMENTAL,,c1d787d1b7,CREDENTIAL_ONLY,,,939a0ec586
ny_dol_mold,130,Mold Assessment Contractor License (SH125):00702,00702,Mold Assessment Contractor License (SH125),Expired,NO,"AMPM Environmental, Inc.",,c1d787d1b7,CREDENTIAL_ONLY,,,939a0ec586
ny_dol_mold,131,Mold Remediation Contractor License (SH126):25-6LLX1-SHMO,25-6LLX1-SHMO,Mold Remediation Contractor License (SH126),Active,YES,AOM Environmental LLC,,c1d787d1b7,CREDENTIAL_ONLY,,,939a0ec586
ny_dol_mold,132,Mold Assessment Contractor License (SH125):25-6U8J6-SHMO,25-6U8J6-SHMO,Mold Assessment Contractor License (SH125),Active,YES,APOLLO REAL PROPERTIES INC.,,c1d787d1b7,CREDENTIAL_ONLY,,,939a0ec586
ny_dol_mold,133,Mold Assessment Contractor License (SH125):26-6Z55F-SHMO,26-6Z55F-SHMO,Mold Assessment Contractor License (SH125),Active,YES,ARGENTO GENERAL CONSTRUCTION LLC,,c1d787d1b7,CREDENTIAL_ONLY,,,939a0ec586
ny_dol_mold,134,Mold Remediation Contractor License (SH126):25-6HU4Q-SHMO,25-6HU4Q-SHMO,Mold Remediation Contractor License (SH126),Active,YES,ASBESTOS CONTROL PROFESSIONAL LLC,,c1d787d1b7,CREDENTIAL_ONLY,,,939a0ec586
ny_dol_mold,135,Mold Assessment Contractor License (SH125):25-6SKOX-SHMO,25-6SKOX-SHMO,Mold Assessment Contractor License (SH125),Active,YES,ATC Group Services LLC,,c1d787d1b7,CREDENTIAL_ONLY,,,939a0ec586
ny_dol_mold,136,Mold Assessment Contractor License (SH125):26-66LA1-SHMO,26-66LA1-SHMO,Mold Assessment Contractor License (SH125),Active,YES,"AUAR Enterprises, Inc.",,c1d787d1b7,CREDENTIAL_ONLY,,,939a0ec586
ny_dol_mold,137,Mold Assessment Contractor License (SH125):01684,01684,Mold Assessment Contractor License (SH125),Expired,NO,Aaron Lozier,,c1d787d1b7,CREDENTIAL_ONLY,,,939a0ec586
ny_dol_mold,138,Mold Assessment Contractor License (SH125):23-6TK8W-SHMO,23-6TK8W-SHMO,Mold Assessment Contractor License (SH125),Expired,NO,Abby-Owen Environmental LLC,,c1d787d1b7,CREDENTIAL_ONLY,,,939a0ec586
ny_dol_mold,139,Mold Assessment Contractor License (SH125):24-6IZGP-SHMO,24-6IZGP-SHMO,Mold Assessment Contractor License (SH125),Expired,NO,"Absolutely Clean Environment, Inc.",,c1d787d1b7,CREDENTIAL_ONLY,,,939a0ec586
ny_dol_mold,140,Mold Assessment Contractor License (SH125):26-63BY7-SHMO,26-63BY7-SHMO,Mold Assessment Contractor License (SH125),Active,YES,Accredited Environmental Safety Corp.,,c1d787d1b7,CREDENTIAL_ONLY,,,939a0ec586
ny_dol_mold,141,Mold Remediation Contractor License (SH126):26-6sxbd-shmo,26-6sxbd-shmo,Mold Remediation Contractor License (SH126),Active,YES,"Accurate Pest Control, LLC",,c1d787d1b7,CREDENTIAL_ONLY,,,939a0ec586
ny_dol_mold,142,Mold Remediation Contractor License (SH126):00839,00839,Mold Remediation Contractor License (SH126),Expired,NO,"Ace Remediation, Inc.",,c1d787d1b7,CREDENTIAL_ONLY,,,939a0ec586
ny_dol_mold,143,Mold Assessment Contractor License (SH125):25-65O39-SHMO,25-65O39-SHMO,Mold Assessment Contractor License (SH125),Active,YES,Add Expertise Enviromental group corporation,,c1d787d1b7,CREDENTIAL_ONLY,,,939a0ec586
ny_dol_mold,144,Mold Assessment Contractor License (SH125):26-6uxmc-shmo,26-6uxmc-shmo,Mold Assessment Contractor License (SH125),Active,YES,"Advance Look, Inc.",,c1d787d1b7,CREDENTIAL_ONLY,,,939a0ec586
ny_dol_mold,145,Mold Assessment Contractor License (SH125):25-6INDU-SHMO,25-6INDU-SHMO,Mold Assessment Contractor License (SH125),Active,YES,Advanced Environmental Corp.,,c1d787d1b7,CREDENTIAL_ONLY,,,939a0ec586
ny_dol_mold,146,Mold Assessment Contractor License (SH125):26-6ACOR-SHMO,26-6ACOR-SHMO,Mold Assessment Contractor License (SH125),Active,YES,Aegean Environmental Services Corp.,,c1d787d1b7,CREDENTIAL_ONLY,,,939a0ec586
ny_dol_mold,147,Mold Assessment Contractor License (SH125):25-656GK-SHMO,25-656GK-SHMO,Mold Assessment Contractor License (SH125),Active,YES,AfterShock Mitigation & Construction Co. LLC,,c1d787d1b7,CREDENTIAL_ONLY,,,939a0ec586
ny_dol_mold,148,Mold Assessment Contractor License (SH125):25-6LZN5-SHMO,25-6LZN5-SHMO,Mold Assessment Contractor License (SH125),Active,YES,Air Guard LLC,,c1d787d1b7,CREDENTIAL_ONLY,,,939a0ec586
ny_dol_mold,149,Mold Assessment Contractor License (SH125):23-6LYUY-SHMO,23-6LYUY-SHMO,Mold Assessment Contractor License (SH125),Expired,NO,AirBio Testing LLC,,c1d787d1b7,CREDENTIAL_ONLY,,,939a0ec586
ny_dol_mold,150,Mold Remediation Contractor License (SH126):26-6ZXG5-SHMO,26-6ZXG5-SHMO,Mold Remediation Contractor License (SH126),Active,YES,"AirWater Environmental, LLC",,c1d787d1b7,CREDENTIAL_ONLY,,,939a0ec586
ny_dol_mold,151,Mold Assessment Contractor License (SH125):26-63DB9-SHMO,26-63DB9-SHMO,Mold Assessment Contractor License (SH125),Active,YES,"Airtek Environmental, LLC",,c1d787d1b7,CREDENTIAL_ONLY,,,939a0ec586
ny_dol_mold,152,Mold Assessment Contractor License (SH125):01790,01790,Mold Assessment Contractor License (SH125),Expired,NO,Albstars Contractors Corporation,,c1d787d1b7,CREDENTIAL_ONLY,,,939a0ec586
ny_dol_mold,153,Mold Remediation Contractor License (SH126):25-6ZGOL-SHMO,25-6ZGOL-SHMO,Mold Remediation Contractor License (SH126),Active,YES,Alfa Star Construction & Environmental Services Inc,,c1d787d1b7,CREDENTIAL_ONLY,,,939a0ec586
ny_dol_mold,154,Mold Remediation Contractor License (SH126):23-6IC9K-SHMO,23-6IC9K-SHMO,Mold Remediation Contractor License (SH126),Expired,NO,"All City Contracting & Cleaning, Inc.",,c1d787d1b7,CREDENTIAL_ONLY,,,939a0ec586
ny_dol_mold,155,Mold Assessment Contractor License (SH125):24-63QT5-SHMO,24-63QT5-SHMO,Mold Assessment Contractor License (SH125),Active,YES,All Clean Air LLC,,c1d787d1b7,CREDENTIAL_ONLY,,,939a0ec586
ny_dol_mold,156,Mold Assessment Contractor License (SH125):25-6IZLP-SHMO,25-6IZLP-SHMO,Mold Assessment Contractor License (SH125),Active,YES,All Environmental Inc,,c1d787d1b7,CREDENTIAL_ONLY,,,939a0ec586
ny_dol_mold,157,Mold Assessment Contractor License (SH125):26-66XJG-SHMO,26-66XJG-SHMO,Mold Assessment Contractor License (SH125),Active,YES,All Green Enviromental Corp,,c1d787d1b7,CREDENTIAL_ONLY,,,939a0ec586
ny_dol_mold,158,Mold Remediation Contractor License (SH126):26-6AHEZ-SHMO,26-6AHEZ-SHMO,Mold Remediation Contractor License (SH126),Active,YES,All Island Cleaning Corp.,,c1d787d1b7,CREDENTIAL_ONLY,,,939a0ec586
ny_dol_mold,159,Mold Remediation Contractor License (SH126):01900,01900,Mold Remediation Contractor License (SH126),Expired,NO,All Season Restoration Inc,,c1d787d1b7,CREDENTIAL_ONLY,,,939a0ec586
ny_dol_mold,160,Mold Remediation Contractor License (SH126):25-6IDNC-SHMO,25-6IDNC-SHMO,Mold Remediation Contractor License (SH126),Active,YES,All Things New Building & Restoration Corp.,,c1d787d1b7,CREDENTIAL_ONLY,,,939a0ec586
ny_dol_mold,161,Mold Assessment Contractor License (SH125):00261,00261,Mold Assessment Contractor License (SH125),Expired,NO,Allegiance Home Inspections Inc,,c1d787d1b7,CREDENTIAL_ONLY,,,939a0ec586
ny_dol_mold,162,Mold Remediation Contractor License (SH126):25-6toba-shmo,25-6toba-shmo,Mold Remediation Contractor License (SH126),Active,YES,Alma Improvement Corp.,,c1d787d1b7,CREDENTIAL_ONLY,,,939a0ec586
ny_dol_mold,163,Mold Remediation Contractor License (SH126):24-6ZEHN-SHMO,24-6ZEHN-SHMO,Mold Remediation Contractor License (SH126),Expired,NO,Alpha Phase Design And Construction LLC,,c1d787d1b7,CREDENTIAL_ONLY,,,939a0ec586
ny_dol_mold,164,Mold Remediation Contractor License (SH126):24-6ZG8H-SHMO,24-6ZG8H-SHMO,Mold Remediation Contractor License (SH126),Expired,NO,"Altared Construction, Inc.",,c1d787d1b7,CREDENTIAL_ONLY,,,939a0ec586
ny_dol_mold,165,Mold Remediation Contractor License (SH126):25-65YOQ-SHMO,25-65YOQ-SHMO,Mold Remediation Contractor License (SH126),Active,YES,Alvion Group Inc.,,c1d787d1b7,CREDENTIAL_ONLY,,,939a0ec586
ny_dol_mold,166,Mold Remediation Contractor License (SH126):25-64C5Y-SHMO,25-64C5Y-SHMO,Mold Remediation Contractor License (SH126),Active,YES,Amantia Construction Inc,,c1d787d1b7,CREDENTIAL_ONLY,,,939a0ec586
ny_dol_mold,167,Mold Assessment Contractor License (SH125):25-67QQZ-SHMO,25-67QQZ-SHMO,Mold Assessment Contractor License (SH125),Active,YES,"AmeriHome Property Inspections, LLC",,c1d787d1b7,CREDENTIAL_ONLY,,,939a0ec586
ny_dol_mold,168,Mold Assessment Contractor License (SH125):26-63LA4-SHMO,26-63LA4-SHMO,Mold Assessment Contractor License (SH125),Active,YES,"American National Builders, LLC",,c1d787d1b7,CREDENTIAL_ONLY,,,939a0ec586
ny_dol_mold,169,Mold Remediation Contractor License (SH126):26-6ZVUO-SHMO,26-6ZVUO-SHMO,Mold Remediation Contractor License (SH126),Active,YES,"American Restoration services, Inc",,c1d787d1b7,CREDENTIAL_ONLY,,,939a0ec586
ny_dol_mold,170,Mold Remediation Contractor License (SH126):25-64IJH-SHMO,25-64IJH-SHMO,Mold Remediation Contractor License (SH126),Active,YES,Andate Construction Corporation,,c1d787d1b7,CREDENTIAL_ONLY,,,939a0ec586
ny_dol_mold,171,Mold Assessment Contractor License (SH125):00682,00682,Mold Assessment Contractor License (SH125),Expired,NO,"Anna Regina, LLC",,c1d787d1b7,CREDENTIAL_ONLY,,,939a0ec586
ny_dol_mold,172,Mold Assessment Contractor License (SH125):00481,00481,Mold Assessment Contractor License (SH125),Expired,NO,Antone R. Irvin,,c1d787d1b7,CREDENTIAL_ONLY,,,939a0ec586
ny_dol_mold,173,Mold Remediation Contractor License (SH126):24-6I5B3-SHMO,24-6I5B3-SHMO,Mold Remediation Contractor License (SH126),Expired,NO,"Apex Cleaning, Inc.",,c1d787d1b7,CREDENTIAL_ONLY,,,939a0ec586
ny_dol_mold,174,Mold Assessment Contractor License (SH125):25-6L79X-SHMO,25-6L79X-SHMO,Mold Assessment Contractor License (SH125),Active,YES,Apex Environmental Group LLC,,c1d787d1b7,CREDENTIAL_ONLY,,,939a0ec586
ny_dol_mold,175,Mold Assessment Contractor License (SH125):24-6ZGLU-SHMO,24-6ZGLU-SHMO,Mold Assessment Contractor License (SH125),Expired,NO,"Applied Biomassferm Technologies, L.L.C.",,c1d787d1b7,CREDENTIAL_ONLY,,,939a0ec586
ny_dol_mold,176,Mold Assessment Contractor License (SH125):26-6A989-SHMO,26-6A989-SHMO,Mold Assessment Contractor License (SH125),Active,YES,Arber Holdings LLC,,c1d787d1b7,CREDENTIAL_ONLY,,,939a0ec586
ny_dol_mold,177,Mold Remediation Contractor License (SH126):25-67NFD-SHMO,25-67NFD-SHMO,Mold Remediation Contractor License (SH126),Active,YES,"Arch Environmental Compliance Service Associates, LLC",,c1d787d1b7,CREDENTIAL_ONLY,,,939a0ec586
ny_dol_mold,178,Mold Assessment Contractor License (SH125):24-63SO6-SHMO,24-63SO6-SHMO,Mold Assessment Contractor License (SH125),Active,YES,Arlene Puentes,,c1d787d1b7,CREDENTIAL_ONLY,,,939a0ec586
ny_dol_mold,179,Mold Assessment Contractor License (SH125):23-6TOPE-SHMO,23-6TOPE-SHMO,Mold Assessment Contractor License (SH125),Expired,NO,Arrow Home Inspection Services LLC,,c1d787d1b7,CREDENTIAL_ONLY,,,939a0ec586
ny_dol_mold,180,Mold Remediation Contractor License (SH126):26-69COD-SHMO,26-69COD-SHMO,Mold Remediation Contractor License (SH126),Active,YES,Ashley's Restoration LLC,,c1d787d1b7,CREDENTIAL_ONLY,,,939a0ec586
ny_dol_mold,181,Mold Remediation Contractor License (SH126):25-6H8RF-SHMO,25-6H8RF-SHMO,Mold Remediation Contractor License (SH126),Active,YES,Assured Property Solutions LLC,,c1d787d1b7,CREDENTIAL_ONLY,,,939a0ec586
ny_dol_mold,182,Mold Assessment Contractor License (SH125):25-644P4-SHMO,25-644P4-SHMO,Mold Assessment Contractor License (SH125),Active,YES,"Athenica Environmental Services, Inc.",,c1d787d1b7,CREDENTIAL_ONLY,,,939a0ec586
ny_dol_mold,183,Mold Remediation Contractor License (SH126):25-6UNQF-SHMO,25-6UNQF-SHMO,Mold Remediation Contractor License (SH126),Active,YES,Avante Contracting Corp,,c1d787d1b7,CREDENTIAL_ONLY,,,939a0ec586
ny_dol_mold,184,Mold Assessment Contractor License (SH125):26-6AVO3-SHMO,26-6AVO3-SHMO,Mold Assessment Contractor License (SH125),Active,YES,"Azar Design Co, Architecture, Landscape Architecture, Engineering and Surveying, P.C.",,c1d787d1b7,CREDENTIAL_ONLY,,,939a0ec586
ny_dol_mold,185,Mold Assessment Contractor License (SH125):26-6ZE9L-SHMO,26-6ZE9L-SHMO,Mold Assessment Contractor License (SH125),Active,YES,B&B Mold Consulting LLC,,c1d787d1b7,CREDENTIAL_ONLY,,,939a0ec586
ny_dol_mold,186,Mold Remediation Contractor License (SH126):25-6TPQC-SHMO,25-6TPQC-SHMO,Mold Remediation Contractor License (SH126),Active,YES,B-One Construction Inc.,,c1d787d1b7,CREDENTIAL_ONLY,,,939a0ec586
ny_dol_mold,187,Mold Remediation Contractor License (SH126):26-6S78A-SHMO,26-6S78A-SHMO,Mold Remediation Contractor License (SH126),Active,YES,BARROS CONSTRUCTION CORP.,,c1d787d1b7,CREDENTIAL_ONLY,,,939a0ec586
ny_dol_mold,188,Mold Remediation Contractor License (SH126):25-6UJQH-SHMO,25-6UJQH-SHMO,Mold Remediation Contractor License (SH126),Active,YES,"BERWEN CONTRACTING CO., INC",,c1d787d1b7,CREDENTIAL_ONLY,,,939a0ec586
ny_dol_mold,189,Mold Remediation Contractor License (SH126):25-671QC-SHMO,25-671QC-SHMO,Mold Remediation Contractor License (SH126),Active,YES,"BJS RENOVATIONS, INC",,c1d787d1b7,CREDENTIAL_ONLY,,,939a0ec586
ny_dol_mold,190,Mold Remediation Contractor License (SH126):25-6UJ38-SHMO,25-6UJ38-SHMO,Mold Remediation Contractor License (SH126),Active,YES,"BMS Cat of New Jersey, LLC",,c1d787d1b7,CREDENTIAL_ONLY,,,939a0ec586
ny_dol_mold,191,Mold Assessment Contractor License (SH125):25-6IHT8-SHMO,25-6IHT8-SHMO,Mold Assessment Contractor License (SH125),Active,YES,"BNF Consulting, Inc.",,c1d787d1b7,CREDENTIAL_ONLY,,,939a0ec586
ny_dol_mold,192,Mold Assessment Contractor License (SH125):26-6AF3R-SHMO,26-6AF3R-SHMO,Mold Assessment Contractor License (SH125),Active,YES,BSI America Professional Services Inc.,,c1d787d1b7,CREDENTIAL_ONLY,,,939a0ec586
ny_dol_mold,193,Mold Assessment Contractor License (SH125):25-6HKFA-SHMO,25-6HKFA-SHMO,Mold Assessment Contractor License (SH125),Active,YES,BULLSEYE INSPECTIONS LLC,,c1d787d1b7,CREDENTIAL_ONLY,,,939a0ec586
ny_dol_mold,194,Mold Remediation Contractor License (SH126):23-6U8XY-SHMO,23-6U8XY-SHMO,Mold Remediation Contractor License (SH126),Expired,NO,Bajwa Construction Corp,,c1d787d1b7,CREDENTIAL_ONLY,,,939a0ec586
ny_dol_mold,195,Mold Remediation Contractor License (SH126):25-61VCZ-SHMO,25-61VCZ-SHMO,Mold Remediation Contractor License (SH126),Active,YES,Bannie Builders Inc.,,c1d787d1b7,CREDENTIAL_ONLY,,,939a0ec586
ny_dol_mold,196,Mold Remediation Contractor License (SH126):25-65RZ8-SHMO,25-65RZ8-SHMO,Mold Remediation Contractor License (SH126),Active,YES,"Beam Enterprises, Inc.",,c1d787d1b7,CREDENTIAL_ONLY,,,939a0ec586
ny_dol_mold,197,Mold Remediation Contractor License (SH126):01760,01760,Mold Remediation Contractor License (SH126),Expired,NO,Below Market LLC,,c1d787d1b7,CREDENTIAL_ONLY,,,939a0ec586
ny_dol_mold,198,Mold Assessment Contractor License (SH125):26-664GP-SHMO,26-664GP-SHMO,Mold Assessment Contractor License (SH125),Active,YES,Benitez Remodeling Corp,,c1d787d1b7,CREDENTIAL_ONLY,,,939a0ec586
ny_dol_mold,199,Mold Remediation Contractor License (SH126):25-647VF-SHMO,25-647VF-SHMO,Mold Remediation Contractor License (SH126),Active,YES,Best Choice Environmental & Restoration LLC,,c1d787d1b7,CREDENTIAL_ONLY,,,939a0ec586
ny_dol_mold,200,Mold Remediation Contractor License (SH126):25-6UJRF-SHMO,25-6UJRF-SHMO,Mold Remediation Contractor License (SH126),Active,YES,"Better Energy Solutions, Inc.",,c1d787d1b7,CREDENTIAL_ONLY,,,939a0ec586
ny_dol_mold,201,Mold Assessment Contractor License (SH125):26-6A59X-SHMO,26-6A59X-SHMO,Mold Assessment Contractor License (SH125),Active,YES,"Big East Environmental, LLC",,c1d787d1b7,CREDENTIAL_ONLY,,,939a0ec586
ny_dol_mold,202,Mold Assessment Contractor License (SH125):25-65GV5-SHMO,25-65GV5-SHMO,Mold Assessment Contractor License (SH125),Active,YES,BioTek Environmental NYC LLC,,c1d787d1b7,CREDENTIAL_ONLY,,,939a0ec586
ny_dol_mold,203,Mold Remediation Contractor License (SH126):26-6ZD61-SHMO,26-6ZD61-SHMO,Mold Remediation Contractor License (SH126),Active,YES,Black Mountain Renovations LLC,,c1d787d1b7,CREDENTIAL_ONLY,,,939a0ec586
ny_dol_mold,204,Mold Assessment Contractor License (SH125):00776,00776,Mold Assessment Contractor License (SH125),Expired,NO,"E  The Solution Associates, LLC",,c1d787d1b7,CREDENTIAL_ONLY,,,939a0ec586
ny_dol_mold,205,Mold Remediation Contractor License (SH126):24-6AY3B-SHMO,24-6AY3B-SHMO,Mold Remediation Contractor License (SH126),Expired,NO,100 Lincoln Blvd LLC,,c1d787d1b7,CREDENTIAL_ONLY,,,939a0ec586
ny_dol_mold,206,Mold Assessment Contractor License (SH125):23-61VKQ-SHMO,23-61VKQ-SHMO,Mold Assessment Contractor License (SH125),Expired,NO,1st Priority Inspections Inc.,,c1d787d1b7,CREDENTIAL_ONLY,,,939a0ec586
ny_dol_mold,207,Mold Assessment Contractor License (SH125):26-6ZAKV-SHMO,26-6ZAKV-SHMO,Mold Assessment Contractor License (SH125),Active,YES,3 Little Js LLC,,c1d787d1b7,CREDENTIAL_ONLY,,,939a0ec586
ny_dol_mold,208,Mold Remediation Contractor License (SH126):25-6Z6JK-SHMO,25-6Z6JK-SHMO,Mold Remediation Contractor License (SH126),Active,YES,3D Design & build Corp.,,c1d787d1b7,CREDENTIAL_ONLY,,,939a0ec586
ny_dol_mold,209,Mold Remediation Contractor License (SH126):25-64SBU-SHMO,25-64SBU-SHMO,Mold Remediation Contractor License (SH126),Active,YES,"716 Cleanup & Restoration, Corp.",,c1d787d1b7,CREDENTIAL_ONLY,,,939a0ec586
ny_dol_mold,210,Mold Remediation Contractor License (SH126):26-6ATDN-SHMO,26-6ATDN-SHMO,Mold Remediation Contractor License (SH126),Active,YES,914 Services LLC,,c1d787d1b7,CREDENTIAL_ONLY,,,939a0ec586
ny_dol_mold,211,Mold Remediation Contractor License (SH126):24-6SACD-SHMO,24-6SACD-SHMO,Mold Remediation Contractor License (SH126),Expired,NO,A & J Home Renovations Corp,,c1d787d1b7,CREDENTIAL_ONLY,,,939a0ec586
ny_dol_mold,212,Mold Remediation Contractor License (SH126):25-64C4A-SHMO,25-64C4A-SHMO,Mold Remediation Contractor License (SH126),Active,YES,A Plus Complete Restoration LLC,,c1d787d1b7,CREDENTIAL_ONLY,,,939a0ec586
ny_dol_mold,213,Mold Assessment Contractor License (SH125):01831,01831,Mold Assessment Contractor License (SH125),Expired,NO,A Testing Inspection Company Inc,,c1d787d1b7,CREDENTIAL_ONLY,,,939a0ec586
ny_dol_mold,214,Mold Remediation Contractor License (SH126):25-6TPJU-SHMO,25-6TPJU-SHMO,Mold Remediation Contractor License (SH126),Active,YES,A&G Maintenance Inc,,c1d787d1b7,CREDENTIAL_ONLY,,,939a0ec586
ny_dol_mold,215,Mold Remediation Contractor License (SH126):01764,01764,Mold Remediation Contractor License (SH126),Expired,NO,"A+ Mold Remediation, LLC",,c1d787d1b7,CREDENTIAL_ONLY,,,939a0ec586
ny_dol_mold,216,Mold Remediation Contractor License (SH126):26-6Z9HH-SHMO,26-6Z9HH-SHMO,Mold Remediation Contractor License (SH126),Active,YES,A.C.M. Consulting Corp,,c1d787d1b7,CREDENTIAL_ONLY,,,939a0ec586
ny_dol_mold,217,Mold Remediation Contractor License (SH126):26-693H9-SHMO,26-693H9-SHMO,Mold Remediation Contractor License (SH126),Active,YES,A.S.A.R. International Corp.,,c1d787d1b7,CREDENTIAL_ONLY,,,939a0ec586
ny_dol_mold,218,Mold Assessment Contractor License (SH125):01523,01523,Mold Assessment Contractor License (SH125),Expired,NO,A1 Quality Air Inc.,,c1d787d1b7,CREDENTIAL_ONLY,,,939a0ec586
ny_dol_mold,219,Mold Remediation Contractor License (SH126):25-67LTT-SHMO,25-67LTT-SHMO,Mold Remediation Contractor License (SH126),Active,YES,"AAC Contracting, LLC",,c1d787d1b7,CREDENTIAL_ONLY,,,939a0ec586
ny_dol_mold,220,Mold Remediation Contractor License (SH126):23-6TKED-SHMO,23-6TKED-SHMO,Mold Remediation Contractor License (SH126),Expired,NO,ABBN Environmental Service LLC,,c1d787d1b7,CREDENTIAL_ONLY,,,939a0ec586
ny_dol_mold,221,Mold Remediation Contractor License (SH126):25-6UPIY-SHMO,25-6UPIY-SHMO,Mold Remediation Contractor License (SH126),Active,YES,ABC environmental llc,,c1d787d1b7,CREDENTIAL_ONLY,,,939a0ec586
ny_dol_mold,222,Mold Remediation Contractor License (SH126):26-6Z6HD-SHMO,26-6Z6HD-SHMO,Mold Remediation Contractor License (SH126),Active,YES,ACCURATE WATER AND FIRE RESTORATION,,c1d787d1b7,CREDENTIAL_ONLY,,,939a0ec586
ny_dol_mold,223,Mold Remediation Contractor License (SH126):26-6ZUZD-SHMO,26-6ZUZD-SHMO,Mold Remediation Contractor License (SH126),Active,YES,"ACS Cleaning and Restoration, LLC",,c1d787d1b7,CREDENTIAL_ONLY,,,939a0ec586
ny_dol_mold,224,Mold Assessment Contractor License (SH125):25-6SBKQ-SHMO,25-6SBKQ-SHMO,Mold Assessment Contractor License (SH125),Active,YES,"AECOM Technical Services, Inc.",,c1d787d1b7,CREDENTIAL_ONLY,,,939a0ec586
ny_dol_mold,225,Mold Remediation Contractor License (SH126):25-65P3R-SHMO,25-65P3R-SHMO,Mold Remediation Contractor License (SH126),Active,YES,AGD Contracting Corp.,,c1d787d1b7,CREDENTIAL_ONLY,,,939a0ec586
ny_dol_mold,226,Mold Assessment Contractor License (SH125):26-63383-SHMO,26-63383-SHMO,Mold Assessment Contractor License (SH125),Active,YES,AI & I Links Inc.,,c1d787d1b7,CREDENTIAL_ONLY,,,939a0ec586
ny_dol_mold,227,Mold Remediation Contractor License (SH126):23-6UGJ3-SHMO,23-6UGJ3-SHMO,Mold Remediation Contractor License (SH126),Expired,NO,AJD Contractor Corp.,,c1d787d1b7,CREDENTIAL_ONLY,,,939a0ec586
ny_dol_mold,228,Mold Assessment Contractor License (SH125):25-6HL4I-SHMO,25-6HL4I-SHMO,Mold Assessment Contractor License (SH125),Active,YES,ALL CLEAR COMPLIANCE LLC,,c1d787d1b7,CREDENTIAL_ONLY,,,939a0ec586
ny_dol_mold,229,Mold Assessment Contractor License (SH125):25-64C41-SHMO,25-64C41-SHMO,Mold Assessment Contractor License (SH125),Active,YES,AM Property Services LLC,,c1d787d1b7,CREDENTIAL_ONLY,,,939a0ec586
ny_dol_mold,230,Mold Assessment Contractor License (SH125):25-6TOBS-SHMO,25-6TOBS-SHMO,Mold Assessment Contractor License (SH125),Active,YES,AMG Environmental Services Corp,,c1d787d1b7,CREDENTIAL_ONLY,,,939a0ec586
ny_dol_mold,231,Mold Remediation Contractor License (SH126):00702,00702,Mold Remediation Contractor License (SH126),Expired,NO,"AMPM Environmental, Inc.",,c1d787d1b7,CREDENTIAL_ONLY,,,939a0ec586
ny_dol_mold,232,Mold Assessment Contractor License (SH125):23-6UG3J-SHMO,23-6UG3J-SHMO,Mold Assessment Contractor License (SH125),Expired,NO,AOM Environmental LLC,,c1d787d1b7,CREDENTIAL_ONLY,,,939a0ec586
ny_dol_mold,233,Mold Remediation Contractor License (SH126):26-6AR36-SHMO,26-6AR36-SHMO,Mold Remediation Contractor License (SH126),Active,YES,AQA INC,,c1d787d1b7,CREDENTIAL_ONLY,,,939a0ec586
ny_dol_mold,234,Mold Remediation Contractor License (SH126):26-6ZOQA-SHMO,26-6ZOQA-SHMO,Mold Remediation Contractor License (SH126),Active,YES,ARGENTO GENERAL CONSTRUCTION LLC,,c1d787d1b7,CREDENTIAL_ONLY,,,939a0ec586
ny_dol_mold,235,Mold Assessment Contractor License (SH125):24-64N3F-SHMO,24-64N3F-SHMO,Mold Assessment Contractor License (SH125),Active,YES,"ASPN CONSTRUCTION, INC.",,c1d787d1b7,CREDENTIAL_ONLY,,,939a0ec586
ny_dol_mold,236,Mold Remediation Contractor License (SH126):24-63O5N-SHMO,24-63O5N-SHMO,Mold Remediation Contractor License (SH126),Active,YES,"ATCO Contracting Group, Inc.",,c1d787d1b7,CREDENTIAL_ONLY,,,939a0ec586
ny_dol_mold,237,Mold Remediation Contractor License (SH126):25-6LJC1-SHMO,25-6LJC1-SHMO,Mold Remediation Contractor License (SH126),Active,YES,AW Restoration Inc,,c1d787d1b7,CREDENTIAL_ONLY,,,939a0ec586
ny_dol_mold,238,Mold Remediation Contractor License (SH126):25-6L6FO-SHMO,25-6L6FO-SHMO,Mold Remediation Contractor License (SH126),Active,YES,"Abatech Industries, Inc.",,c1d787d1b7,CREDENTIAL_ONLY,,,939a0ec586
ny_dol_mold,239,Mold Assessment Contractor License (SH125):26-6SL11-SHMO,26-6SL11-SHMO,Mold Assessment Contractor License (SH125),Active,YES,"Aberdeen Building Consulting, Inc.",,c1d787d1b7,CREDENTIAL_ONLY,,,939a0ec586
ny_dol_mold,240,Mold Remediation Contractor License (SH126):00279,00279,Mold Remediation Contractor License (SH126),Expired,NO,Abtron Corp,,c1d787d1b7,CREDENTIAL_ONLY,,,939a0ec586
ny_dol_mold,241,Mold Assessment Contractor License (SH125):25-64TB5-SHMO,25-64TB5-SHMO,Mold Assessment Contractor License (SH125),Active,YES,"Accredited Environmental Technologies, Inc",,c1d787d1b7,CREDENTIAL_ONLY,,,939a0ec586
ny_dol_mold,242,Mold Remediation Contractor License (SH126):26-6ZVQF-SHMO,26-6ZVQF-SHMO,Mold Remediation Contractor License (SH126),Active,YES,"Ace Cleaning & Restoration Services, Inc.",,c1d787d1b7,CREDENTIAL_ONLY,,,939a0ec586
ny_dol_mold,243,Mold Remediation Contractor License (SH126):26-6A65C-SHMO,26-6A65C-SHMO,Mold Remediation Contractor License (SH126),Active,YES,Acme National Corp,,c1d787d1b7,CREDENTIAL_ONLY,,,939a0ec586
ny_dol_mold,244,Mold Assessment Contractor License (SH125):25-6IG9A-SHMO,25-6IG9A-SHMO,Mold Assessment Contractor License (SH125),Active,YES,"Adelaide Environmental Health Associates, Inc.",,c1d787d1b7,CREDENTIAL_ONLY,,,939a0ec586
ny_dol_mold,245,Mold Remediation Contractor License (SH126):24-63GFJ-SHMO,24-63GFJ-SHMO,Mold Remediation Contractor License (SH126),Active,YES,Advanced Abatement Corp.,,c1d787d1b7,CREDENTIAL_ONLY,,,939a0ec586
ny_dol_mold,246,Mold Remediation Contractor License (SH126):00285,00285,Mold Remediation Contractor License (SH126),Expired,NO,Advanced Land & Development Construction Corp,,c1d787d1b7,CREDENTIAL_ONLY,,,939a0ec586
ny_dol_mold,247,Mold Remediation Contractor License (SH126):26-6ACOE-SHMO,26-6ACOE-SHMO,Mold Remediation Contractor License (SH126),Active,YES,Aegean Environmental Services Corp.,,c1d787d1b7,CREDENTIAL_ONLY,,,939a0ec586
ny_dol_mold,248,Mold Remediation Contractor License (SH126):25-67VAP-SHMO,25-67VAP-SHMO,Mold Remediation Contractor License (SH126),Active,YES,AfterShock Mitigation & Construction Co. LLC,,c1d787d1b7,CREDENTIAL_ONLY,,,939a0ec586
ny_dol_mold,249,Mold Assessment Contractor License (SH125):26-6SC8G-SHMO,26-6SC8G-SHMO,Mold Assessment Contractor License (SH125),Active,YES,"Air Quality Insights, LLC",,c1d787d1b7,CREDENTIAL_ONLY,,,939a0ec586
ny_dol_mold,250,Mold Assessment Contractor License (SH125):26-6SDEG-SHMO,26-6SDEG-SHMO,Mold Assessment Contractor License (SH125),Active,YES,"AirCare Environmental, LLC",,c1d787d1b7,CREDENTIAL_ONLY,,,939a0ec586
ny_dol_mold,251,Mold Assessment Contractor License (SH125):26-6ZXG4-SHMO,26-6ZXG4-SHMO,Mold Assessment Contractor License (SH125),Active,YES,"AirWater Environmental, LLC",,c1d787d1b7,CREDENTIAL_ONLY,,,939a0ec586
ny_dol_mold,252,Mold Remediation Contractor License (SH126):25-6T8HJ-SHMO,25-6T8HJ-SHMO,Mold Remediation Contractor License (SH126),Active,YES,Akros mgmt Inc,,c1d787d1b7,CREDENTIAL_ONLY,,,939a0ec586
ny_dol_mold,253,Mold Remediation Contractor License (SH126):01876,01876,Mold Remediation Contractor License (SH126),Expired,NO,Albstars Contractors Corporation,,c1d787d1b7,CREDENTIAL_ONLY,,,939a0ec586
ny_dol_mold,254,Mold Remediation Contractor License (SH126):00193,00193,Mold Remediation Contractor License (SH126),Expired,NO,Alidan Restoration Inc,,c1d787d1b7,CREDENTIAL_ONLY,,,939a0ec586
ny_dol_mold,255,Mold Remediation Contractor License (SH126):26-66VSI-SHMO,26-66VSI-SHMO,Mold Remediation Contractor License (SH126),Active,YES,"All City Contracting & Cleaning, Inc.",,c1d787d1b7,CREDENTIAL_ONLY,,,939a0ec586
ny_dol_mold,256,Mold Remediation Contractor License (SH126):00339,00339,Mold Remediation Contractor License (SH126),Expired,NO,All Clean Environmental LLC,,c1d787d1b7,CREDENTIAL_ONLY,,,939a0ec586
ny_dol_mold,257,Mold Remediation Contractor License (SH126):25-65O3R-SHMO,25-65O3R-SHMO,Mold Remediation Contractor License (SH126),Active,YES,All Fire and Water Restoration Inc.,,c1d787d1b7,CREDENTIAL_ONLY,,,939a0ec586
ny_dol_mold,258,Mold Remediation Contractor License (SH126):26-66XJJ-SHMO,26-66XJJ-SHMO,Mold Remediation Contractor License (SH126),Active,YES,All Green Enviromental Corp,,c1d787d1b7,CREDENTIAL_ONLY,,,939a0ec586
ny_dol_mold,259,Mold Remediation Contractor License (SH126):25-61VAZ-SHMO,25-61VAZ-SHMO,Mold Remediation Contractor License (SH126),Active,YES,"All Island Homes, Ltd.",,c1d787d1b7,CREDENTIAL_ONLY,,,939a0ec586
ny_dol_mold,260,Mold Assessment Contractor License (SH125):01738,01738,Mold Assessment Contractor License (SH125),Expired,NO,"All Seasons Inspections, LLC",,c1d787d1b7,CREDENTIAL_ONLY,,,939a0ec586
ny_dol_mold,261,Mold Assessment Contractor License (SH125):25-6LPOL-SHMO,25-6LPOL-SHMO,Mold Assessment Contractor License (SH125),Active,YES,All Things New Building & Restoration Corp.,,c1d787d1b7,CREDENTIAL_ONLY,,,939a0ec586
ny_dol_mold,262,Mold Remediation Contractor License (SH126):25-644CR-SHMO,25-644CR-SHMO,Mold Remediation Contractor License (SH126),Active,YES,Allpro Group LLC,,c1d787d1b7,CREDENTIAL_ONLY,,,939a0ec586
ny_dol_mold,263,Mold Assessment Contractor License (SH125):26-6IPD3-SHMO,26-6IPD3-SHMO,Mold Assessment Contractor License (SH125),Active,YES,"Alpha Labs, LLC",,c1d787d1b7,CREDENTIAL_ONLY,,,939a0ec586
ny_dol_mold,264,Mold Assessment Contractor License (SH125):26-6SDOG-SHMO,26-6SDOG-SHMO,Mold Assessment Contractor License (SH125),Active,YES,Alpha Property Preservation LLC,,c1d787d1b7,CREDENTIAL_ONLY,,,939a0ec586
ny_dol_mold,265,Mold Assessment Contractor License (SH125):24-63GKK-SHMO,24-63GKK-SHMO,Mold Assessment Contractor License (SH125),Active,YES,Altavista Lead Improvement Inc.,,c1d787d1b7,CREDENTIAL_ONLY,,,939a0ec586
ny_dol_mold,266,Mold Remediation Contractor License (SH126):26-6I9E7-SHMO,26-6I9E7-SHMO,Mold Remediation Contractor License (SH126),Active,YES,Always Dry LLC,,c1d787d1b7,CREDENTIAL_ONLY,,,939a0ec586
ny_dol_mold,267,Mold Remediation Contractor License (SH126):25-6TJZ1-SHMO,25-6TJZ1-SHMO,Mold Remediation Contractor License (SH126),Active,YES,Amazonas Painting Corp.,,c1d787d1b7,CREDENTIAL_ONLY,,,939a0ec586
ny_dol_mold,268,Mold Remediation Contractor License (SH126):26-6ANSJ-SHMO,26-6ANSJ-SHMO,Mold Remediation Contractor License (SH126),Active,YES,American Environmental & Remediation Corp.,,c1d787d1b7,CREDENTIAL_ONLY,,,939a0ec586
ny_dol_mold,269,Mold Remediation Contractor License (SH126):24-6A4A9-SHMO,24-6A4A9-SHMO,Mold Remediation Contractor License (SH126),Expired,NO,American Painting & Cleaning Corp.,,c1d787d1b7,CREDENTIAL_ONLY,,,939a0ec586
ny_dol_mold,270,Mold Remediation Contractor License (SH126):26-66C6Y-SHMO,26-66C6Y-SHMO,Mold Remediation Contractor License (SH126),Active,YES,American Straight Lines Inc,,c1d787d1b7,CREDENTIAL_ONLY,,,939a0ec586
ny_dol_mold,271,Mold Remediation Contractor License (SH126):26-6L7OS-SHMO,26-6L7OS-SHMO,Mold Remediation Contractor License (SH126),Active,YES,"Anderson Contracting Company of Long Island, Inc.",,c1d787d1b7,CREDENTIAL_ONLY,,,939a0ec586
ny_dol_mold,272,Mold Assessment Contractor License (SH125):25-6ICUA-SHMO,25-6ICUA-SHMO,Mold Assessment Contractor License (SH125),Active,YES,Anthi Environmental Corp,,c1d787d1b7,CREDENTIAL_ONLY,,,939a0ec586
ny_dol_mold,273,Mold Assessment Contractor License (SH125):26-69LYY-SHMO,26-69LYY-SHMO,Mold Assessment Contractor License (SH125),Active,YES,Apache Legend Group Corp,,c1d787d1b7,CREDENTIAL_ONLY,,,939a0ec586
ny_dol_mold,274,Mold Assessment Contractor License (SH125):26-6ZUEC-SHMO,26-6ZUEC-SHMO,Mold Assessment Contractor License (SH125),Active,YES,"Apex Companies, LLC",,c1d787d1b7,CREDENTIAL_ONLY,,,939a0ec586
ny_dol_mold,275,Mold Remediation Contractor License (SH126):26-66HOX-SHMO,26-66HOX-SHMO,Mold Remediation Contractor License (SH126),Active,YES,"Apex Fire & Water Restoration, Inc.",,c1d787d1b7,CREDENTIAL_ONLY,,,939a0ec586
ny_dol_mold,276,Mold Assessment Contractor License (SH125):26-6SV59-SHMO,26-6SV59-SHMO,Mold Assessment Contractor License (SH125),Active,YES,"Applied Technology Services, Inc.",,c1d787d1b7,CREDENTIAL_ONLY,,,939a0ec586
ny_dol_mold,277,Mold Remediation Contractor License (SH126):26-6AZSU-SHMO,26-6AZSU-SHMO,Mold Remediation Contractor License (SH126),Active,YES,Arber Holdings LLC,,c1d787d1b7,CREDENTIAL_ONLY,,,939a0ec586
ny_dol_mold,278,Mold Assessment Contractor License (SH125):26-6ZU8K-SHMO,26-6ZU8K-SHMO,Mold Assessment Contractor License (SH125),Active,YES,"Arctic Enterprises, Inc.",,c1d787d1b7,CREDENTIAL_ONLY,,,939a0ec586
ny_dol_mold,279,Mold Remediation Contractor License (SH126):25-65VOD-SHMO,25-65VOD-SHMO,Mold Remediation Contractor License (SH126),Active,YES,Armor Mold Remediation LLC,,c1d787d1b7,CREDENTIAL_ONLY,,,939a0ec586
ny_dol_mold,280,Mold Remediation Contractor License (SH126):25-65UNE-SHMO,25-65UNE-SHMO,Mold Remediation Contractor License (SH126),Active,YES,"Asbestos & Mold Services, Corp.",,c1d787d1b7,CREDENTIAL_ONLY,,,939a0ec586
ny_dol_mold,281,Mold Assessment Contractor License (SH125):26-69A16-SHMO,26-69A16-SHMO,Mold Assessment Contractor License (SH125),Active,YES,"Assessment Resources & Technologies, Inc.",,c1d787d1b7,CREDENTIAL_ONLY,,,939a0ec586
ny_dol_mold,282,Mold Assessment Contractor License (SH125):26-6ANFB-SHMO,26-6ANFB-SHMO,Mold Assessment Contractor License (SH125),Active,YES,Assured Property Solutions LLC,,c1d787d1b7,CREDENTIAL_ONLY,,,939a0ec586
ny_dol_mold,283,Mold Remediation Contractor License (SH126):25-6UNP9-SHMO,25-6UNP9-SHMO,Mold Remediation Contractor License (SH126),Active,YES,Atko Construction Corp,,c1d787d1b7,CREDENTIAL_ONLY,,,939a0ec586
ny_dol_mold,284,Mold Assessment Contractor License (SH125):25-6TJBF-SHMO,25-6TJBF-SHMO,Mold Assessment Contractor License (SH125),Active,YES,Avante Contracting Corp,,c1d787d1b7,CREDENTIAL_ONLY,,,939a0ec586
ny_dol_mold,285,Mold Remediation Contractor License (SH126):25-6H9UJ-SHMO,25-6H9UJ-SHMO,Mold Remediation Contractor License (SH126),Active,YES,Azark Inc.,,c1d787d1b7,CREDENTIAL_ONLY,,,939a0ec586
ny_dol_mold,286,Mold Remediation Contractor License (SH126):24-64JEF-SHMO,24-64JEF-SHMO,Mold Remediation Contractor License (SH126),Active,YES,B&C Mold LLC,,c1d787d1b7,CREDENTIAL_ONLY,,,939a0ec586
ny_dol_mold,287,Mold Assessment Contractor License (SH125):24-63Q31-SHMO,24-63Q31-SHMO,Mold Assessment Contractor License (SH125),Active,YES,B. Certain Home Inspection LLC,,c1d787d1b7,CREDENTIAL_ONLY,,,939a0ec586
ny_dol_mold,288,Mold Remediation Contractor License (SH126):25-6UD9D-SHMO,25-6UD9D-SHMO,Mold Remediation Contractor License (SH126),Active,YES,"BBMK CONTRACTING, LLC",,c1d787d1b7,CREDENTIAL_ONLY,,,939a0ec586
ny_dol_mold,289,Mold Remediation Contractor License (SH126):26-63BVY-SHMO,26-63BVY-SHMO,Mold Remediation Contractor License (SH126),Active,YES,BEST ENVIRONMENTAL SERVICES INC,,c1d787d1b7,CREDENTIAL_ONLY,,,939a0ec586
ny_dol_mold,290,Mold Assessment Contractor License (SH125):25-671QV-SHMO,25-671QV-SHMO,Mold Assessment Contractor License (SH125),Active,YES,"BJS RENOVATIONS, INC",,c1d787d1b7,CREDENTIAL_ONLY,,,939a0ec586
ny_dol_mold,291,Mold Remediation Contractor License (SH126):26-63CR3-SHMO,26-63CR3-SHMO,Mold Remediation Contractor License (SH126),Active,YES,"BNB Holdings, Inc.",,c1d787d1b7,CREDENTIAL_ONLY,,,939a0ec586
ny_dol_mold,292,Mold Assessment Contractor License (SH125):26-69QAC-SHMO,26-69QAC-SHMO,Mold Assessment Contractor License (SH125),Active,YES,BOCES of Sole Supervisory District of Putnam & Westchester Counties,,c1d787d1b7,CREDENTIAL_ONLY,,,939a0ec586
ny_dol_mold,293,Mold Remediation Contractor License (SH126):24-6ZY1D-SHMO,24-6ZY1D-SHMO,Mold Remediation Contractor License (SH126),Expired,NO,BUF DL LLC,,c1d787d1b7,CREDENTIAL_ONLY,,,939a0ec586
ny_dol_mold,294,Mold Assessment Contractor License (SH125):24-6ZX5A-SHMO,24-6ZX5A-SHMO,Mold Assessment Contractor License (SH125),Expired,NO,"BVTHL, LLC",,c1d787d1b7,CREDENTIAL_ONLY,,,939a0ec586
ny_dol_mold,295,Mold Assessment Contractor License (SH125):26-6ZA5V-SHMO,26-6ZA5V-SHMO,Mold Assessment Contractor License (SH125),Active,YES,"Bald Eagle Inspection Services, LLC",,c1d787d1b7,CREDENTIAL_ONLY,,,939a0ec586
ny_dol_mold,296,Mold Assessment Contractor License (SH125):26-6SNNY-SHMO,26-6SNNY-SHMO,Mold Assessment Contractor License (SH125),Active,YES,"Barton & Loguidice, D.P.C.",,c1d787d1b7,CREDENTIAL_ONLY,,,939a0ec586
ny_dol_mold,297,Mold Remediation Contractor License (SH126):24-6AN3Q-SHMO,24-6AN3Q-SHMO,Mold Remediation Contractor License (SH126),Expired,NO,Beirut Repairs Corp,,c1d787d1b7,CREDENTIAL_ONLY,,,939a0ec586
ny_dol_mold,298,Mold Assessment Contractor License (SH125):24-6Z4ZE-SHMO,24-6Z4ZE-SHMO,Mold Assessment Contractor License (SH125),Expired,NO,Below Market LLC,,c1d787d1b7,CREDENTIAL_ONLY,,,939a0ec586
ny_dol_mold,299,Mold Assessment Contractor License (SH125):23-6UY4C-SHMO,23-6UY4C-SHMO,Mold Assessment Contractor License (SH125),Expired,NO,"Bergmann Associates, Architects, Engineers, Landscape Architects & Surveyors, D.P.C.",,c1d787d1b7,CREDENTIAL_ONLY,,,939a0ec586
ny_dol_mold,300,Mold Assessment Contractor License (SH125):25-6H3SS-SHMO,25-6H3SS-SHMO,Mold Assessment Contractor License (SH125),Active,YES,Best Commercial Hood Cleaning Inc,,c1d787d1b7,CREDENTIAL_ONLY,,,939a0ec586
ny_dol_mold,301,Mold Assessment Contractor License (SH125):25-65H83-SHMO,25-65H83-SHMO,Mold Assessment Contractor License (SH125),Active,YES,Bharat Construction Corp.,,c1d787d1b7,CREDENTIAL_ONLY,,,939a0ec586
ny_dol_mold,302,Mold Remediation Contractor License (SH126):25-6U91O-SHMO,25-6U91O-SHMO,Mold Remediation Contractor License (SH126),Active,YES,"Bio-One, Inc.",,c1d787d1b7,CREDENTIAL_ONLY,,,939a0ec586
ny_dol_mold,303,Mold Assessment Contractor License (SH125):25-6UGJO-SHMO,25-6UGJO-SHMO,Mold Assessment Contractor License (SH125),Active,YES,Black Hawk Restoration Inc,,c1d787d1b7,CREDENTIAL_ONLY,,,939a0ec586
ny_dol_mold,304,Mold Remediation Contractor License (SH126):26-6AGS7-SHMO,26-6AGS7-SHMO,Mold Remediation Contractor License (SH126),Active,YES,"BluSky Restoration Contractors, LLC",,c1d787d1b7,CREDENTIAL_ONLY,,,939a0ec586
ny_dol_mold,305,Mold Remediation Contractor License (SH126):24-63DZB-SHMO,24-63DZB-SHMO,Mold Remediation Contractor License (SH126),Active,YES,1 Call Building Maintenance Corp.,,c1d787d1b7,CREDENTIAL_ONLY,,,939a0ec586
ny_dol_mold,306,Mold Assessment Contractor License (SH125):26-6ZIVR-SHMO,26-6ZIVR-SHMO,Mold Assessment Contractor License (SH125),Active,YES,111 Home Inspections LLC,,c1d787d1b7,CREDENTIAL_ONLY,,,939a0ec586
ny_dol_mold,307,Mold Remediation Contractor License (SH126):24-6ZEDG-SHMO,24-6ZEDG-SHMO,Mold Remediation Contractor License (SH126),Expired,NO,"212 Services, LLC",,c1d787d1b7,CREDENTIAL_ONLY,,,939a0ec586
ny_dol_mold,308,Mold Remediation Contractor License (SH126):26-6SBKG-SHMO,26-6SBKG-SHMO,Mold Remediation Contractor License (SH126),Active,YES,"317 SAYAY INTERIOR SERVICES, LLC",,c1d787d1b7,CREDENTIAL_ONLY,,,939a0ec586
ny_dol_mold,309,Mold Remediation Contractor License (SH126):26-666JZ-SHMO,26-666JZ-SHMO,Mold Remediation Contractor License (SH126),Active,YES,518 1st Response Restoration & Construction LLC,,c1d787d1b7,CREDENTIAL_ONLY,,,939a0ec586
ny_dol_mold,310,Mold Assessment Contractor License (SH125):26-6ZIO3-SHMO,26-6ZIO3-SHMO,Mold Assessment Contractor License (SH125),Active,YES,87 Home Inspection Services LLC,,c1d787d1b7,CREDENTIAL_ONLY,,,939a0ec586
ny_dol_mold,311,Mold Assessment Contractor License (SH125):26-6ZG1B-SHMO,26-6ZG1B-SHMO,Mold Assessment Contractor License (SH125),Active,YES,"A & B INSPECTION SERVICES, CORP.",,c1d787d1b7,CREDENTIAL_ONLY,,,939a0ec586
ny_dol_mold,312,Mold Assessment Contractor License (SH125):25-6HXVI-SHMO,25-6HXVI-SHMO,Mold Assessment Contractor License (SH125),Active,YES,A & M Property Specialists LLC,,c1d787d1b7,CREDENTIAL_ONLY,,,939a0ec586
ny_dol_mold,313,Mold Assessment Contractor License (SH125):01707,01707,Mold Assessment Contractor License (SH125),Expired,NO,"A Plus Construction, Maintenance, and Inspection Inc",,c1d787d1b7,CREDENTIAL_ONLY,,,939a0ec586
ny_dol_mold,314,Mold Assessment Contractor License (SH125):01778,01778,Mold Assessment Contractor License (SH125),Expired,NO,A&A Mold inspection & Remediation Inc,,c1d787d1b7,CREDENTIAL_ONLY,,,939a0ec586
ny_dol_mold,315,Mold Remediation Contractor License (SH126):26-6ZJTU-SHMO,26-6ZJTU-SHMO,Mold Remediation Contractor License (SH126),Active,YES,"A&I General Contractors, LLC",,c1d787d1b7,CREDENTIAL_ONLY,,,939a0ec586
ny_dol_mold,316,Mold Assessment Contractor License (SH125):24-63AVK-SHMO,24-63AVK-SHMO,Mold Assessment Contractor License (SH125),Active,YES,"A-Pro Home Inspections (Upstate NY), LLC",,c1d787d1b7,CREDENTIAL_ONLY,,,939a0ec586
ny_dol_mold,317,Mold Remediation Contractor License (SH126):01916,01916,Mold Remediation Contractor License (SH126),Expired,NO,A.C.M. Consulting Corp,,c1d787d1b7,CREDENTIAL_ONLY,,,939a0ec586
ny_dol_mold,318,Mold Remediation Contractor License (SH126):25-6HU4U-SHMO,25-6HU4U-SHMO,Mold Remediation Contractor License (SH126),Active,YES,A.S.P. Housing Enterprise Inc.,,c1d787d1b7,CREDENTIAL_ONLY,,,939a0ec586
ny_dol_mold,319,Mold Remediation Contractor License (SH126):23-6TMYR-SHMO,23-6TMYR-SHMO,Mold Remediation Contractor License (SH126),Expired,NO,A1A Restoration Inc.,,c1d787d1b7,CREDENTIAL_ONLY,,,939a0ec586
ny_dol_mold,320,Mold Assessment Contractor License (SH125):25-6HTYA-SHMO,25-6HTYA-SHMO,Mold Assessment Contractor License (SH125),Active,YES,AAS PAINTING INC.,,c1d787d1b7,CREDENTIAL_ONLY,,,939a0ec586
ny_dol_mold,321,Mold Remediation Contractor License (SH126):26-6SKCE-SHMO,26-6SKCE-SHMO,Mold Remediation Contractor License (SH126),Active,YES,ABC Construction Contracting Inc.,,c1d787d1b7,CREDENTIAL_ONLY,,,939a0ec586
ny_dol_mold,322,Mold Remediation Contractor License (SH126):25-64ZCA-SHMO,25-64ZCA-SHMO,Mold Remediation Contractor License (SH126),Active,YES,"ABF Environmental, Inc.",,c1d787d1b7,CREDENTIAL_ONLY,,,939a0ec586
ny_dol_mold,323,Mold Remediation Contractor License (SH126):26-66IS5-SHMO,26-66IS5-SHMO,Mold Remediation Contractor License (SH126),Active,YES,"ACP BUFFALO, LLC",,c1d787d1b7,CREDENTIAL_ONLY,,,939a0ec586
ny_dol_mold,324,Mold Assessment Contractor License (SH125):25-6LEG1-SHMO,25-6LEG1-SHMO,Mold Assessment Contractor License (SH125),Active,YES,"ACS Environmental Services, Inc.",,c1d787d1b7,CREDENTIAL_ONLY,,,939a0ec586
ny_dol_mold,325,Mold Assessment Contractor License (SH125):01821,01821,Mold Assessment Contractor License (SH125),Expired,NO,AEG Holdco LLC,,c1d787d1b7,CREDENTIAL_ONLY,,,939a0ec586
ny_dol_mold,326,Mold Remediation Contractor License (SH126):25-643I9-SHMO,25-643I9-SHMO,Mold Remediation Contractor License (SH126),Active,YES,"AGG Contracting, Inc.",,c1d787d1b7,CREDENTIAL_ONLY,,,939a0ec586
ny_dol_mold,327,Mold Remediation Contractor License (SH126):24-637S6-SHMO,24-637S6-SHMO,Mold Remediation Contractor License (SH126),Active,YES,AIC General Contracting Inc,,c1d787d1b7,CREDENTIAL_ONLY,,,939a0ec586
ny_dol_mold,328,Mold Assessment Contractor License (SH125):23-6UJGK-SHMO,23-6UJGK-SHMO,Mold Assessment Contractor License (SH125),Expired,NO,AJK EnvioFire Consulting LLC,,c1d787d1b7,CREDENTIAL_ONLY,,,939a0ec586
ny_dol_mold,329,Mold Remediation Contractor License (SH126):25-6HRIC-SHMO,25-6HRIC-SHMO,Mold Remediation Contractor License (SH126),Active,YES,ALM ENVIRONMENTAL INC,,c1d787d1b7,CREDENTIAL_ONLY,,,939a0ec586
ny_dol_mold,330,Mold Assessment Contractor License (SH125):26-6ZOQL-SHMO,26-6ZOQL-SHMO,Mold Assessment Contractor License (SH125),Active,YES,"AMD Environmental Consultants, Inc.",,c1d787d1b7,CREDENTIAL_ONLY,,,939a0ec586
ny_dol_mold,331,Mold Remediation Contractor License (SH126):24-63SJF-SHMO,24-63SJF-SHMO,Mold Remediation Contractor License (SH126),Active,YES,AMG Environmental Services Corp,,c1d787d1b7,CREDENTIAL_ONLY,,,939a0ec586
ny_dol_mold,332,Mold Assessment Contractor License (SH125):00348,00348,Mold Assessment Contractor License (SH125),Expired,NO,"AMTEC Inspections, LLC",,c1d787d1b7,CREDENTIAL_ONLY,,,939a0ec586
ny_dol_mold,333,Mold Assessment Contractor License (SH125):24-64BYU-SHMO,24-64BYU-SHMO,Mold Assessment Contractor License (SH125),Active,YES,AP Limitless Environmental Services LLC,,c1d787d1b7,CREDENTIAL_ONLY,,,939a0ec586
ny_dol_mold,334,Mold Assessment Contractor License (SH125):01840,01840,Mold Assessment Contractor License (SH125),Expired,NO,ARC Home Inspections Inc.,,c1d787d1b7,CREDENTIAL_ONLY,,,939a0ec586
ny_dol_mold,335,Mold Remediation Contractor License (SH126):26-69XL5-SHMO,26-69XL5-SHMO,Mold Remediation Contractor License (SH126),Active,YES,ARIAI CORP.,,c1d787d1b7,CREDENTIAL_ONLY,,,939a0ec586
ny_dol_mold,336,Mold Remediation Contractor License (SH126):24-64N3R-SHMO,24-64N3R-SHMO,Mold Remediation Contractor License (SH126),Active,YES,"ASPN CONSTRUCTION, INC.",,c1d787d1b7,CREDENTIAL_ONLY,,,939a0ec586
ny_dol_mold,337,Mold Remediation Contractor License (SH126):24-6A3LX-SHMO,24-6A3LX-SHMO,Mold Remediation Contractor License (SH126),Expired,NO,"ATI-Air Technology, Inc.",,c1d787d1b7,CREDENTIAL_ONLY,,,939a0ec586
ny_dol_mold,338,Mold Assessment Contractor License (SH125):00905,00905,Mold Assessment Contractor License (SH125),Expired,NO,AWL SERVICES INC,,c1d787d1b7,CREDENTIAL_ONLY,,,939a0ec586
ny_dol_mold,339,Mold Remediation Contractor License (SH126):25-6LSS7-SHMO,25-6LSS7-SHMO,Mold Remediation Contractor License (SH126),Active,YES,"Abatement Unlimited, Inc.",,c1d787d1b7,CREDENTIAL_ONLY,,,939a0ec586
ny_dol_mold,340,Mold Remediation Contractor License (SH126):26-6I5BI-SHMO,26-6I5BI-SHMO,Mold Remediation Contractor License (SH126),Active,YES,Abscope Environmental Inc.,,c1d787d1b7,CREDENTIAL_ONLY,,,939a0ec586
ny_dol_mold,341,Mold Remediation Contractor License (SH126):25-6LFNT-SHMO,25-6LFNT-SHMO,Mold Remediation Contractor License (SH126),Active,YES,Academy Construction Inc.,,c1d787d1b7,CREDENTIAL_ONLY,,,939a0ec586
ny_dol_mold,342,Mold Assessment Contractor License (SH125):26-6SBCJ-SHMO,26-6SBCJ-SHMO,Mold Assessment Contractor License (SH125),Active,YES,"Accredited Lead Inspection, Inc.",,c1d787d1b7,CREDENTIAL_ONLY,,,939a0ec586
ny_dol_mold,343,Mold Assessment Contractor License (SH125):25-6UPIJ-SHMO,25-6UPIJ-SHMO,Mold Assessment Contractor License (SH125),Active,YES,"Ace Development Group, Inc.",,c1d787d1b7,CREDENTIAL_ONLY,,,939a0ec586
ny_dol_mold,344,Mold Assessment Contractor License (SH125):24-64ECL-SHMO,24-64ECL-SHMO,Mold Assessment Contractor License (SH125),Active,YES,Adam's Asbestos & Mold Services LLC,,c1d787d1b7,CREDENTIAL_ONLY,,,939a0ec586
ny_dol_mold,345,Mold Assessment Contractor License (SH125):24-6Z68B-SHMO,24-6Z68B-SHMO,Mold Assessment Contractor License (SH125),Expired,NO,"Adirondack Environmental Services, Inc.",,c1d787d1b7,CREDENTIAL_ONLY,,,939a0ec586
ny_dol_mold,346,Mold Remediation Contractor License (SH126):26-6UUHD-SHMO,26-6UUHD-SHMO,Mold Remediation Contractor License (SH126),Active,YES,"Advanced Cleaning & Restoration Services, LLC",,c1d787d1b7,CREDENTIAL_ONLY,,,939a0ec586
ny_dol_mold,347,Mold Remediation Contractor License (SH126):26-6SQKR-SHMO,26-6SQKR-SHMO,Mold Remediation Contractor License (SH126),Active,YES,Advanced Restoration Corp.,,c1d787d1b7,CREDENTIAL_ONLY,,,939a0ec586
ny_dol_mold,348,Mold Remediation Contractor License (SH126):01765,01765,Mold Remediation Contractor License (SH126),Expired,NO,Affordable Mold and Air Quality Specialists LLC,,c1d787d1b7,CREDENTIAL_ONLY,,,939a0ec586
ny_dol_mold,349,Mold Assessment Contractor License (SH125):01739,01739,Mold Assessment Contractor License (SH125),Expired,NO,Aim High Home Inspection Services LLC,,c1d787d1b7,CREDENTIAL_ONLY,,,939a0ec586
ny_dol_mold,350,Mold Remediation Contractor License (SH126):25-6L6SJ-SHMO,25-6L6SJ-SHMO,Mold Remediation Contractor License (SH126),Active,YES,Air Quality Inspection & Improvement LLC,,c1d787d1b7,CREDENTIAL_ONLY,,,939a0ec586
ny_dol_mold,351,Mold Remediation Contractor License (SH126):26-6a17a-shmo,26-6a17a-shmo,Mold Remediation Contractor License (SH126),Active,YES,"AirCare Environmental, LLC",,c1d787d1b7,CREDENTIAL_ONLY,,,939a0ec586
ny_dol_mold,352,Mold Remediation Contractor License (SH126):24-64JKQ-SHMO,24-64JKQ-SHMO,Mold Remediation Contractor License (SH126),Active,YES,"Airborne Contamination Identification Associates, LLC.",,c1d787d1b7,CREDENTIAL_ONLY,,,939a0ec586
ny_dol_mold,353,Mold Assessment Contractor License (SH125):24-6TJMU-SHMO,24-6TJMU-SHMO,Mold Assessment Contractor License (SH125),Active,YES,Alamo Environmental Consulting Inc,,c1d787d1b7,CREDENTIAL_ONLY,,,939a0ec586
ny_dol_mold,354,Mold Remediation Contractor License (SH126):24-63SAN-SHMO,24-63SAN-SHMO,Mold Remediation Contractor License (SH126),Active,YES,"Alex General Remodeling, Inc.",,c1d787d1b7,CREDENTIAL_ONLY,,,939a0ec586
ny_dol_mold,355,Mold Assessment Contractor License (SH125):24-6AZAD-SHMO,24-6AZAD-SHMO,Mold Assessment Contractor License (SH125),Expired,NO,Aliebaba Inc.,,c1d787d1b7,CREDENTIAL_ONLY,,,939a0ec586
ny_dol_mold,356,Mold Assessment Contractor License (SH125):26-6LFZL-SHMO,26-6LFZL-SHMO,Mold Assessment Contractor License (SH125),Active,YES,"All City Contracting & Cleaning, Inc.",,c1d787d1b7,CREDENTIAL_ONLY,,,939a0ec586
ny_dol_mold,357,Mold Remediation Contractor License (SH126):01817,01817,Mold Remediation Contractor License (SH126),Expired,NO,All Clean Environmental LLC,,c1d787d1b7,CREDENTIAL_ONLY,,,939a0ec586
ny_dol_mold,358,Mold Assessment Contractor License (SH125):26-6I9CR-SHMO,26-6I9CR-SHMO,Mold Assessment Contractor License (SH125),Active,YES,"All Green Air, LLC",,c1d787d1b7,CREDENTIAL_ONLY,,,939a0ec586
ny_dol_mold,359,Mold Assessment Contractor License (SH125):00847,00847,Mold Assessment Contractor License (SH125),Expired,NO,"All House Home Inspections, Inc.",,c1d787d1b7,CREDENTIAL_ONLY,,,939a0ec586
ny_dol_mold,360,Mold Assessment Contractor License (SH125):25-647KH-SHMO,25-647KH-SHMO,Mold Assessment Contractor License (SH125),Active,YES,All Pro Clean Air Inc.,,c1d787d1b7,CREDENTIAL_ONLY,,,939a0ec586
ny_dol_mold,361,Mold Assessment Contractor License (SH125):25-6IF3P-SHMO,25-6IF3P-SHMO,Mold Assessment Contractor License (SH125),Active,YES,All Spar Home Solutions LLC,,c1d787d1b7,CREDENTIAL_ONLY,,,939a0ec586
ny_dol_mold,362,Mold Assessment Contractor License (SH125):26-6743R-SHMO,26-6743R-SHMO,Mold Assessment Contractor License (SH125),Active,YES,All Time Inspections LLC,,c1d787d1b7,CREDENTIAL_ONLY,,,939a0ec586
ny_dol_mold,363,Mold Assessment Contractor License (SH125):26-6ZQ97-SHMO,26-6ZQ97-SHMO,Mold Assessment Contractor License (SH125),Active,YES,Allsatehome inspection and household environmental testing services of WNY,,c1d787d1b7,CREDENTIAL_ONLY,,,939a0ec586
ny_dol_mold,364,Mold Assessment Contractor License (SH125):24-64BV9-SHMO,24-64BV9-SHMO,Mold Assessment Contractor License (SH125),Active,YES,Alpha Mold Inspectors Inc.,,c1d787d1b7,CREDENTIAL_ONLY,,,939a0ec586
ny_dol_mold,365,Mold Assessment Contractor License (SH125):26-6L79F-SHMO,26-6L79F-SHMO,Mold Assessment Contractor License (SH125),Active,YES,"Alpine Environmental Services, Inc.",,c1d787d1b7,CREDENTIAL_ONLY,,,939a0ec586
ny_dol_mold,366,Mold Remediation Contractor License (SH126):24-63GKF-SHMO,24-63GKF-SHMO,Mold Remediation Contractor License (SH126),Active,YES,Altavista Lead Improvement Inc.,,c1d787d1b7,CREDENTIAL_ONLY,,,939a0ec586
ny_dol_mold,367,Mold Assessment Contractor License (SH125):26-6U1D3-SHMO,26-6U1D3-SHMO,Mold Assessment Contractor License (SH125),Active,YES,Alyssa Hackett,,c1d787d1b7,CREDENTIAL_ONLY,,,939a0ec586
ny_dol_mold,368,Mold Assessment Contractor License (SH125):26-6Z16T-SHMO,26-6Z16T-SHMO,Mold Assessment Contractor License (SH125),Active,YES,"Ambient Environmental, Inc.",,c1d787d1b7,CREDENTIAL_ONLY,,,939a0ec586
ny_dol_mold,369,Mold Assessment Contractor License (SH125):24-63AYP-SHMO,24-63AYP-SHMO,Mold Assessment Contractor License (SH125),Active,YES,"American Environmental Solutions of N.Y., Inc",,c1d787d1b7,CREDENTIAL_ONLY,,,939a0ec586
ny_dol_mold,370,Mold Remediation Contractor License (SH126):25-6UXYG-SHMO,25-6UXYG-SHMO,Mold Remediation Contractor License (SH126),Active,YES,American Pro Remediation Corp,,c1d787d1b7,CREDENTIAL_ONLY,,,939a0ec586
ny_dol_mold,371,Mold Assessment Contractor License (SH125):26-6ZUU9-SHMO,26-6ZUU9-SHMO,Mold Assessment Contractor License (SH125),Active,YES,Amiantos LLC,,c1d787d1b7,CREDENTIAL_ONLY,,,939a0ec586
ny_dol_mold,372,Mold Assessment Contractor License (SH125):25-6IBSI-SHMO,25-6IBSI-SHMO,Mold Assessment Contractor License (SH125),Active,YES,"Angstrom Environmental, Earth & Building Sciences, LLC",,c1d787d1b7,CREDENTIAL_ONLY,,,939a0ec586
ny_dol_mold,373,Mold Assessment Contractor License (SH125):25-64KP7-SHMO,25-64KP7-SHMO,Mold Assessment Contractor License (SH125),Active,YES,Anthony Mileto,,c1d787d1b7,CREDENTIAL_ONLY,,,939a0ec586
ny_dol_mold,374,Mold Remediation Contractor License (SH126):26-63LAH-SHMO,26-63LAH-SHMO,Mold Remediation Contractor License (SH126),Active,YES,Apache Legend Group Corp,,c1d787d1b7,CREDENTIAL_ONLY,,,939a0ec586
ny_dol_mold,375,Mold Remediation Contractor License (SH126):26-6SPS8-SHMO,26-6SPS8-SHMO,Mold Remediation Contractor License (SH126),Active,YES,Apex Development Incorporated,,c1d787d1b7,CREDENTIAL_ONLY,,,939a0ec586
ny_dol_mold,376,Mold Remediation Contractor License (SH126):25-6HE59-SHMO,25-6HE59-SHMO,Mold Remediation Contractor License (SH126),Active,YES,Apex Mold Specialists inc.,,c1d787d1b7,CREDENTIAL_ONLY,,,939a0ec586
ny_dol_mold,377,Mold Assessment Contractor License (SH125):26-69U33-SHMO,26-69U33-SHMO,Mold Assessment Contractor License (SH125),Active,YES,"Aptim Environmental & Infrastructure, Inc",,c1d787d1b7,CREDENTIAL_ONLY,,,939a0ec586
ny_dol_mold,378,Mold Assessment Contractor License (SH125):25-6ZU1K-SHMO,25-6ZU1K-SHMO,Mold Assessment Contractor License (SH125),Active,YES,"Arcadis of New York, Inc",,c1d787d1b7,CREDENTIAL_ONLY,,,939a0ec586
ny_dol_mold,379,Mold Assessment Contractor License (SH125):23-6UEEX-SHMO,23-6UEEX-SHMO,Mold Assessment Contractor License (SH125),Expired,NO,Ari Cleaning - Water Damage - Mold Removal Inc.,,c1d787d1b7,CREDENTIAL_ONLY,,,939a0ec586
ny_dol_mold,380,Mold Remediation Contractor License (SH126):24-63LJQ-SHMO,24-63LJQ-SHMO,Mold Remediation Contractor License (SH126),Active,YES,"Around the Clock Restoration, Inc.",,c1d787d1b7,CREDENTIAL_ONLY,,,939a0ec586
ny_dol_mold,381,Mold Remediation Contractor License (SH126):26-9YNU7-SHMO,26-9YNU7-SHMO,Mold Remediation Contractor License (SH126),Active,YES,Asbestos Lead Mold Abatement LLC,,c1d787d1b7,CREDENTIAL_ONLY,,,939a0ec586
ny_dol_mold,382,Mold Remediation Contractor License (SH126):26-6A4N3-SHMO,26-6A4N3-SHMO,Mold Remediation Contractor License (SH126),Active,YES,"Assessment Resources & Technologies, Inc.",,c1d787d1b7,CREDENTIAL_ONLY,,,939a0ec586
ny_dol_mold,383,Mold Remediation Contractor License (SH126):23-6TOPQ-SHMO,23-6TOPQ-SHMO,Mold Remediation Contractor License (SH126),Expired,NO,At Work Environmental L.P.,,c1d787d1b7,CREDENTIAL_ONLY,,,939a0ec586
ny_dol_mold,384,Mold Assessment Contractor License (SH125):26-6SS4C-SHMO,26-6SS4C-SHMO,Mold Assessment Contractor License (SH125),Active,YES,"Atlantic Testing Laboratories, Limited",,c1d787d1b7,CREDENTIAL_ONLY,,,939a0ec586
ny_dol_mold,385,Mold Remediation Contractor License (SH126):26-6texp-shmo,26-6texp-shmo,Mold Remediation Contractor License (SH126),Active,YES,"Aviza's Superclean, Inc.",,c1d787d1b7,CREDENTIAL_ONLY,,,939a0ec586
ny_dol_mold,386,Mold Remediation Contractor License (SH126):01698,01698,Mold Remediation Contractor License (SH126),Expired,NO,B & M  Painting LLC,,c1d787d1b7,CREDENTIAL_ONLY,,,939a0ec586
ny_dol_mold,387,Mold Remediation Contractor License (SH126):01868,01868,Mold Remediation Contractor License (SH126),Expired,NO,B&M Cosntruction Design Inc.,,c1d787d1b7,CREDENTIAL_ONLY,,,939a0ec586
ny_dol_mold,388,Mold Remediation Contractor License (SH126):26-6ZXGO-SHMO,26-6ZXGO-SHMO,Mold Remediation Contractor License (SH126),Active,YES,"B.D.K. Restoration, Inc",,c1d787d1b7,CREDENTIAL_ONLY,,,939a0ec586
ny_dol_mold,389,Mold Assessment Contractor License (SH125):25-65QKT-SHMO,25-65QKT-SHMO,Mold Assessment Contractor License (SH125),Active,YES,BENZ HOME INSPECTIONS INC,,c1d787d1b7,CREDENTIAL_ONLY,,,939a0ec586
ny_dol_mold,390,Mold Assessment Contractor License (SH125):25-6TEQF-SHMO,25-6TEQF-SHMO,Mold Assessment Contractor License (SH125),Active,YES,BEST ENVIRONMENTAL SERVICES INC,,c1d787d1b7,CREDENTIAL_ONLY,,,939a0ec586
ny_dol_mold,391,Mold Assessment Contractor License (SH125):25-65X7O-SHMO,25-65X7O-SHMO,Mold Assessment Contractor License (SH125),Active,YES,BLUE LINE INSPECTION SERVICES INC.,,c1d787d1b7,CREDENTIAL_ONLY,,,939a0ec586
ny_dol_mold,392,Mold Remediation Contractor License (SH126):24-6A344-SHMO,24-6A344-SHMO,Mold Remediation Contractor License (SH126),Expired,NO,BNDRESTORATION LLC,,c1d787d1b7,CREDENTIAL_ONLY,,,939a0ec586
ny_dol_mold,393,Mold Remediation Contractor License (SH126):25-6LI8Z-SHMO,25-6LI8Z-SHMO,Mold Remediation Contractor License (SH126),Active,YES,"BRAV Industries, LLC",,c1d787d1b7,CREDENTIAL_ONLY,,,939a0ec586
ny_dol_mold,394,Mold Remediation Contractor License (SH126):25-6HZRV-SHMO,25-6HZRV-SHMO,Mold Remediation Contractor License (SH126),Active,YES,BUJAR KOCI,,c1d787d1b7,CREDENTIAL_ONLY,,,939a0ec586
ny_dol_mold,395,Mold Assessment Contractor License (SH125):25-6HCIC-SHMO,25-6HCIC-SHMO,Mold Assessment Contractor License (SH125),Active,YES,BY YOUR SIDE SOLUTIONS LLC,,c1d787d1b7,CREDENTIAL_ONLY,,,939a0ec586
ny_dol_mold,396,Mold Remediation Contractor License (SH126):25-6umtm-shmo,25-6umtm-shmo,Mold Remediation Contractor License (SH126),Active,YES,Band of Brotherhood Inc,,c1d787d1b7,CREDENTIAL_ONLY,,,939a0ec586
ny_dol_mold,397,Mold Assessment Contractor License (SH125):24-6A5DN-SHMO,24-6A5DN-SHMO,Mold Assessment Contractor License (SH125),Expired,NO,"Bates Consulting, Inc.",,c1d787d1b7,CREDENTIAL_ONLY,,,939a0ec586
ny_dol_mold,398,Mold Remediation Contractor License (SH126):24-64BBG-SHMO,24-64BBG-SHMO,Mold Remediation Contractor License (SH126),Active,YES,Belfor Long Island LLC,,c1d787d1b7,CREDENTIAL_ONLY,,,939a0ec586
ny_dol_mold,399,Mold Assessment Contractor License (SH125):24-6SLT6-SHMO,24-6SLT6-SHMO,Mold Assessment Contractor License (SH125),Expired,NO,Benard Building Inspections LLC,,c1d787d1b7,CREDENTIAL_ONLY,,,939a0ec586
ny_dol_mold,400,Mold Assessment Contractor License (SH125):25-6TQ1W-SHMO,25-6TQ1W-SHMO,Mold Assessment Contractor License (SH125),Active,YES,Berko Mold Abatement Corp,,c1d787d1b7,CREDENTIAL_ONLY,,,939a0ec586
ny_dol_mold,401,Mold Remediation Contractor License (SH126):26-6L7VT-SHMO,26-6L7VT-SHMO,Mold Remediation Contractor License (SH126),Active,YES,Best Construction And Remediation Group LLC,,c1d787d1b7,CREDENTIAL_ONLY,,,939a0ec586
ny_dol_mold,402,Mold Remediation Contractor License (SH126):01719,01719,Mold Remediation Contractor License (SH126),Expired,NO,"Bieler's Industrial Floor Maintenance Co., Inc.",,c1d787d1b7,CREDENTIAL_ONLY,,,939a0ec586
ny_dol_mold,403,Mold Remediation Contractor License (SH126):26-6AR7C-SHMO,26-6AR7C-SHMO,Mold Remediation Contractor License (SH126),Active,YES,BioClean LLC,,c1d787d1b7,CREDENTIAL_ONLY,,,939a0ec586
ny_dol_mold,404,Mold Remediation Contractor License (SH126):25-6UGJ8-SHMO,25-6UGJ8-SHMO,Mold Remediation Contractor License (SH126),Active,YES,Black Hawk Restoration Inc,,c1d787d1b7,CREDENTIAL_ONLY,,,939a0ec586
ny_dol_mold,405,Mold Remediation Contractor License (SH126):25-6UOM6-SHMO,25-6UOM6-SHMO,Mold Remediation Contractor License (SH126),Active,YES,Blue Arrow Restoration & Development Corp,,c1d787d1b7,CREDENTIAL_ONLY,,,939a0ec586
ny_dol_mold,406,Mold Assessment Contractor License (SH125):25-6L1ZD-SHMO,25-6L1ZD-SHMO,Mold Assessment Contractor License (SH125),Active,YES,Blue Line Home Inspections LLC,,c1d787d1b7,CREDENTIAL_ONLY,,,939a0ec586
ny_dol_mold,407,Mold Assessment Contractor License (SH125):26-6L7O9-SHMO,26-6L7O9-SHMO,Mold Assessment Contractor License (SH125),Active,YES,BlueLine Disaster Solutions Inc.,,c1d787d1b7,CREDENTIAL_ONLY,,,939a0ec586
ny_dol_mold,408,Mold Assessment Contractor License (SH125):25-6LQIY-SHMO,25-6LQIY-SHMO,Mold Assessment Contractor License (SH125),Active,YES,Bode Aluko,,c1d787d1b7,CREDENTIAL_ONLY,,,939a0ec586
ny_dol_mold,409,Mold Assessment Contractor License (SH125):26-6IE9P-SHMO,26-6IE9P-SHMO,Mold Assessment Contractor License (SH125),Active,YES,Bonafide Building Solutions LLC,,c1d787d1b7,CREDENTIAL_ONLY,,,939a0ec586
ny_dol_mold,410,Mold Remediation Contractor License (SH126):26-6uKUR-shmo,26-6uKUR-shmo,Mold Remediation Contractor License (SH126),Active,YES,"Breathe Easy Solutions Remediation, Corp.",,c1d787d1b7,CREDENTIAL_ONLY,,,939a0ec586
ny_dol_mold,411,Mold Assessment Contractor License (SH125):01728,01728,Mold Assessment Contractor License (SH125),Expired,NO,Breaux Professional Inspections LLC,,c1d787d1b7,CREDENTIAL_ONLY,,,939a0ec586
ny_dol_mold,412,Mold Remediation Contractor License (SH126):24-63SND-SHMO,24-63SND-SHMO,Mold Remediation Contractor License (SH126),Active,YES,Bright Painting & Interiors Corp,,c1d787d1b7,CREDENTIAL_ONLY,,,939a0ec586
ny_dol_mold,413,Mold Remediation Contractor License (SH126):23-6TM3P-SHMO,23-6TM3P-SHMO,Mold Remediation Contractor License (SH126),Expired,NO,Brittany Howell,,c1d787d1b7,CREDENTIAL_ONLY,,,939a0ec586
ny_dol_mold,414,Mold Remediation Contractor License (SH126):25-67TBV-SHMO,25-67TBV-SHMO,Mold Remediation Contractor License (SH126),Active,YES,Brooklyn Essential Services LLC,,c1d787d1b7,CREDENTIAL_ONLY,,,939a0ec586
ny_dol_mold,415,Mold Remediation Contractor License (SH126):01734,01734,Mold Remediation Contractor License (SH126),Expired,NO,BuildCare Facility Services & Management Group Corp,,c1d787d1b7,CREDENTIAL_ONLY,,,939a0ec586
ny_dol_mold,416,Mold Assessment Contractor License (SH125):25-6U8RR-SHMO,25-6U8RR-SHMO,Mold Assessment Contractor License (SH125),Active,YES,Built in Brooklyn Construction Group Corp,,c1d787d1b7,CREDENTIAL_ONLY,,,939a0ec586
ny_dol_mold,417,Mold Remediation Contractor License (SH126):26-6SKER-SHMO,26-6SKER-SHMO,Mold Remediation Contractor License (SH126),Active,YES,"Burch Family Enterprises, Inc.",,c1d787d1b7,CREDENTIAL_ONLY,,,939a0ec586
ny_dol_mold,418,Mold Assessment Contractor License (SH125):25-6HAHK-SHMO,25-6HAHK-SHMO,Mold Assessment Contractor License (SH125),Active,YES,"Butler Home Inspection, LLC",,c1d787d1b7,CREDENTIAL_ONLY,,,939a0ec586
ny_dol_mold,419,Mold Remediation Contractor License (SH126):24-63CCK-SHMO,24-63CCK-SHMO,Mold Remediation Contractor License (SH126),Active,YES,C M C Environmental Corp.,,c1d787d1b7,CREDENTIAL_ONLY,,,939a0ec586
ny_dol_mold,420,Mold Remediation Contractor License (SH126):26-6ZOQG-SHMO,26-6ZOQG-SHMO,Mold Remediation Contractor License (SH126),Active,YES,C&G A-Plus Interior Remodeling Corp.,,c1d787d1b7,CREDENTIAL_ONLY,,,939a0ec586
ny_dol_mold,421,Mold Remediation Contractor License (SH126):26-6Z19J-SHMO,26-6Z19J-SHMO,Mold Remediation Contractor License (SH126),Active,YES,"CALCO BUILDING MAINTENANCE, CHEMICAL SUPPLY AND EQUIPMENT CORP.",,c1d787d1b7,CREDENTIAL_ONLY,,,939a0ec586
ny_dol_mold,422,Mold Remediation Contractor License (SH126):25-6Z73K-SHMO,25-6Z73K-SHMO,Mold Remediation Contractor License (SH126),Active,YES,"CCAPS, LLC",,c1d787d1b7,CREDENTIAL_ONLY,,,939a0ec586
ny_dol_mold,423,Mold Assessment Contractor License (SH125):26-6ZXGA-SHMO,26-6ZXGA-SHMO,Mold Assessment Contractor License (SH125),Active,YES,"CHA Consulting, Inc.",,c1d787d1b7,CREDENTIAL_ONLY,,,939a0ec586
ny_dol_mold,424,Mold Assessment Contractor License (SH125):25-64ZSD-SHMO,25-64ZSD-SHMO,Mold Assessment Contractor License (SH125),Active,YES,CNS Environmental Corp.,,c1d787d1b7,CREDENTIAL_ONLY,,,939a0ec586
ny_dol_mold,425,Mold Remediation Contractor License (SH126):25-67DA5-SHMO,25-67DA5-SHMO,Mold Remediation Contractor License (SH126),Active,YES,CPR Restoration Consultant LLC,,c1d787d1b7,CREDENTIAL_ONLY,,,939a0ec586
ny_dol_mold,426,Mold Assessment Contractor License (SH125):25-64SBG-SHMO,25-64SBG-SHMO,Mold Assessment Contractor License (SH125),Active,YES,CROWN MOLD SPECIALISTS LLC,,c1d787d1b7,CREDENTIAL_ONLY,,,939a0ec586
ny_dol_mold,427,Mold Remediation Contractor License (SH126):24-6AIFB-SHMO,24-6AIFB-SHMO,Mold Remediation Contractor License (SH126),Expired,NO,CSL Construction LLC,,c1d787d1b7,CREDENTIAL_ONLY,,,939a0ec586
ny_dol_mold,428,Mold Remediation Contractor License (SH126):01745,01745,Mold Remediation Contractor License (SH126),Expired,NO,CVE Enterprises LLC,,c1d787d1b7,CREDENTIAL_ONLY,,,939a0ec586
ny_dol_mold,429,Mold Assessment Contractor License (SH125):26-69N5T-SHMO,26-69N5T-SHMO,Mold Assessment Contractor License (SH125),Active,YES,Caleb,,c1d787d1b7,CREDENTIAL_ONLY,,,939a0ec586
ny_dol_mold,430,Mold Assessment Contractor License (SH125):25-6IECS-SHMO,25-6IECS-SHMO,Mold Assessment Contractor License (SH125),Active,YES,"CanAm Environmental Safety, Inc.",,c1d787d1b7,CREDENTIAL_ONLY,,,939a0ec586
ny_dol_mold,431,Mold Remediation Contractor License (SH126):25-6LATQ-SHMO,25-6LATQ-SHMO,Mold Remediation Contractor License (SH126),Active,YES,Capital Restoration Services LLC,,c1d787d1b7,CREDENTIAL_ONLY,,,939a0ec586
ny_dol_mold,432,Mold Remediation Contractor License (SH126):26-6LCA6-SHMO,26-6LCA6-SHMO,Mold Remediation Contractor License (SH126),Active,YES,Cappa Inc,,c1d787d1b7,CREDENTIAL_ONLY,,,939a0ec586
ny_dol_mold,433,Mold Assessment Contractor License (SH125):25-64ZA9-SHMO,25-64ZA9-SHMO,Mold Assessment Contractor License (SH125),Active,YES,Casino Home Inspections LLC,,c1d787d1b7,CREDENTIAL_ONLY,,,939a0ec586
ny_dol_mold,434,Mold Remediation Contractor License (SH126):26-69JRP-SHMO,26-69JRP-SHMO,Mold Remediation Contractor License (SH126),Active,YES,Category 3 LLC,,c1d787d1b7,CREDENTIAL_ONLY,,,939a0ec586
ny_dol_mold,435,Mold Remediation Contractor License (SH126):25-646XL-SHMO,25-646XL-SHMO,Mold Remediation Contractor License (SH126),Active,YES,CertaClean Restoration LLC,,c1d787d1b7,CREDENTIAL_ONLY,,,939a0ec586
ny_dol_mold,436,Mold Remediation Contractor License (SH126):26-6Z7PE-SHMO,26-6Z7PE-SHMO,Mold Remediation Contractor License (SH126),Active,YES,Certified Management & Maintenance Corp,,c1d787d1b7,CREDENTIAL_ONLY,,,939a0ec586
ny_dol_mold,437,Mold Remediation Contractor License (SH126):23-6TJ7U-SHMO,23-6TJ7U-SHMO,Mold Remediation Contractor License (SH126),Expired,NO,Certified Mold Services Inc,,c1d787d1b7,CREDENTIAL_ONLY,,,939a0ec586
ny_dol_mold,438,Mold Remediation Contractor License (SH126):26-6UP9I-SHMO,26-6UP9I-SHMO,Mold Remediation Contractor License (SH126),Active,YES,Chards Division IT LLC,,c1d787d1b7,CREDENTIAL_ONLY,,,939a0ec586
ny_dol_mold,439,Mold Remediation Contractor License (SH126):00253,00253,Mold Remediation Contractor License (SH126),Expired,NO,"Choice Commercial Cleaning, Inc",,c1d787d1b7,CREDENTIAL_ONLY,,,939a0ec586
ny_dol_mold,440,Mold Assessment Contractor License (SH125):26-668G1-SHMO,26-668G1-SHMO,Mold Assessment Contractor License (SH125),Active,YES,Chrishanna Home & Life Safety Inspections LLC,,c1d787d1b7,CREDENTIAL_ONLY,,,939a0ec586
ny_dol_mold,441,Mold Remediation Contractor License (SH126):24-6ZUEQ-SHMO,24-6ZUEQ-SHMO,Mold Remediation Contractor License (SH126),Expired,NO,"Claim Masters, Inc.",,c1d787d1b7,CREDENTIAL_ONLY,,,939a0ec586
ny_dol_mold,442,Mold Remediation Contractor License (SH126):23-6UT3G-SHMO,23-6UT3G-SHMO,Mold Remediation Contractor License (SH126),Expired,NO,Clean Air Care Corprate of New York,,c1d787d1b7,CREDENTIAL_ONLY,,,939a0ec586
ny_dol_mold,443,Mold Remediation Contractor License (SH126):25-6UXPF-SHMO,25-6UXPF-SHMO,Mold Remediation Contractor License (SH126),Active,YES,Clean Air Solutions Group Corp.,,c1d787d1b7,CREDENTIAL_ONLY,,,939a0ec586
ny_dol_mold,444,Mold Remediation Contractor License (SH126):23-6L8P7-SHMO,23-6L8P7-SHMO,Mold Remediation Contractor License (SH126),Expired,NO,Clean Remediation Corp.,,c1d787d1b7,CREDENTIAL_ONLY,,,939a0ec586
ny_dol_mold,445,Mold Remediation Contractor License (SH126):26-6ACF3-SHMO,26-6ACF3-SHMO,Mold Remediation Contractor License (SH126),Active,YES,CleanNYC Lead and Mold Solutions LLC,,c1d787d1b7,CREDENTIAL_ONLY,,,939a0ec586
ny_dol_mold,446,Mold Remediation Contractor License (SH126):26-66LRX-SHMO,26-66LRX-SHMO,Mold Remediation Contractor License (SH126),Active,YES,Clear The Air Remediation Inc.,,c1d787d1b7,CREDENTIAL_ONLY,,,939a0ec586
ny_dol_mold,447,Mold Assessment Contractor License (SH125):24-6AUPT-SHMO,24-6AUPT-SHMO,Mold Assessment Contractor License (SH125),Expired,NO,Coast 2 Coast Restoration LLC,,c1d787d1b7,CREDENTIAL_ONLY,,,939a0ec586
ny_dol_mold,448,Mold Remediation Contractor License (SH126):26-69Y3A-SHMO,26-69Y3A-SHMO,Mold Remediation Contractor License (SH126),Active,YES,Coastal Renewal Corp.,,c1d787d1b7,CREDENTIAL_ONLY,,,939a0ec586
ny_dol_mold,449,Mold Assessment Contractor License (SH125):26-67I5G-SHMO,26-67I5G-SHMO,Mold Assessment Contractor License (SH125),Active,YES,Cobra Property Management,,c1d787d1b7,CREDENTIAL_ONLY,,,939a0ec586
ny_dol_mold,450,Mold Assessment Contractor License (SH125):25-6HN4G-SHMO,25-6HN4G-SHMO,Mold Assessment Contractor License (SH125),Active,YES,"Columbia-Greene Home Inspections, LLC",,c1d787d1b7,CREDENTIAL_ONLY,,,939a0ec586
ny_dol_mold,451,Mold Remediation Contractor License (SH126):25-6SZSC-SHMO,25-6SZSC-SHMO,Mold Remediation Contractor License (SH126),Active,YES,Complete Carpet Care Inc.,,c1d787d1b7,CREDENTIAL_ONLY,,,939a0ec586
ny_dol_mold,452,Mold Assessment Contractor License (SH125):25-6IG9H-SHMO,25-6IG9H-SHMO,Mold Assessment Contractor License (SH125),Active,YES,Comprehensive Mold Management of NY LLC,,c1d787d1b7,CREDENTIAL_ONLY,,,939a0ec586
ny_dol_mold,453,Mold Assessment Contractor License (SH125):00140,00140,Mold Assessment Contractor License (SH125),Expired,NO,"Consulting Services of America, Inc.",,c1d787d1b7,CREDENTIAL_ONLY,,,939a0ec586
ny_dol_mold,454,Mold Assessment Contractor License (SH125):24-63Y3C-SHMO,24-63Y3C-SHMO,Mold Assessment Contractor License (SH125),Active,YES,Corbett Home Inspections LLC,,c1d787d1b7,CREDENTIAL_ONLY,,,939a0ec586
ny_dol_mold,455,Mold Assessment Contractor License (SH125):24-63EDG-SHMO,24-63EDG-SHMO,Mold Assessment Contractor License (SH125),Active,YES,"Cornerstone Environmental Group, LLC",,c1d787d1b7,CREDENTIAL_ONLY,,,939a0ec586
ny_dol_mold,456,Mold Remediation Contractor License (SH126):25-6IGGI-SHMO,25-6IGGI-SHMO,Mold Remediation Contractor License (SH126),Active,YES,Cpc Environmental Services Corp.,,c1d787d1b7,CREDENTIAL_ONLY,,,939a0ec586
ny_dol_mold,457,Mold Remediation Contractor License (SH126):26-66AJK-SHMO,26-66AJK-SHMO,Mold Remediation Contractor License (SH126),Active,YES,Creators NYC Contracting inc,,c1d787d1b7,CREDENTIAL_ONLY,,,939a0ec586
ny_dol_mold,458,Mold Assessment Contractor License (SH125):26-6AXN1-SHMO,26-6AXN1-SHMO,Mold Assessment Contractor License (SH125),Active,YES,Cross Island Field Services Inc,,c1d787d1b7,CREDENTIAL_ONLY,,,939a0ec586
ny_dol_mold,459,Mold Assessment Contractor License (SH125):23-61PUJ-SHMO,23-61PUJ-SHMO,Mold Assessment Contractor License (SH125),Expired,NO,Cruz Environmental Services Inc.,,c1d787d1b7,CREDENTIAL_ONLY,,,939a0ec586
ny_dol_mold,460,Mold Assessment Contractor License (SH125):23-6UD5J-SHMO,23-6UD5J-SHMO,Mold Assessment Contractor License (SH125),Expired,NO,Cureaire LLC,,c1d787d1b7,CREDENTIAL_ONLY,,,939a0ec586
ny_dol_mold,461,Mold Assessment Contractor License (SH125):23-61OV7-SHMO,23-61OV7-SHMO,Mold Assessment Contractor License (SH125),Expired,NO,"D & B Engineers and Architects, D.P.C.",,c1d787d1b7,CREDENTIAL_ONLY,,,939a0ec586
ny_dol_mold,462,Mold Remediation Contractor License (SH126):26-6ZIOR-SHMO,26-6ZIOR-SHMO,Mold Remediation Contractor License (SH126),Active,YES,D&O Restoration Services Inc,,c1d787d1b7,CREDENTIAL_ONLY,,,939a0ec586
ny_dol_mold,463,Mold Remediation Contractor License (SH126):01729,01729,Mold Remediation Contractor License (SH126),Expired,NO,"D.R.D.C., Inc.",,c1d787d1b7,CREDENTIAL_ONLY,,,939a0ec586
ny_dol_mold,464,Mold Remediation Contractor License (SH126):26-63G3I-SHMO,26-63G3I-SHMO,Mold Remediation Contractor License (SH126),Active,YES,"DASO Green Technologies, Inc.",,c1d787d1b7,CREDENTIAL_ONLY,,,939a0ec586
ny_dol_mold,465,Mold Remediation Contractor License (SH126):26-675S7-SHMO,26-675S7-SHMO,Mold Remediation Contractor License (SH126),Active,YES,DEEMOLD INC,,c1d787d1b7,CREDENTIAL_ONLY,,,939a0ec586
ny_dol_mold,466,Mold Assessment Contractor License (SH125):25-6LOZB-SHMO,25-6LOZB-SHMO,Mold Assessment Contractor License (SH125),Active,YES,DLG Inspections,,c1d787d1b7,CREDENTIAL_ONLY,,,939a0ec586
ny_dol_mold,467,Mold Remediation Contractor License (SH126):25-6H4NU-SHMO,25-6H4NU-SHMO,Mold Remediation Contractor License (SH126),Active,YES,DMS Mitigation LLC,,c1d787d1b7,CREDENTIAL_ONLY,,,939a0ec586
ny_dol_mold,468,Mold Remediation Contractor License (SH126):25-6UTMY-SHMO,25-6UTMY-SHMO,Mold Remediation Contractor License (SH126),Active,YES,DTG Newark LLC,,c1d787d1b7,CREDENTIAL_ONLY,,,939a0ec586
ny_dol_mold,469,Mold Assessment Contractor License (SH125):24-63E97-SHMO,24-63E97-SHMO,Mold Assessment Contractor License (SH125),Active,YES,Dadah Home Inspections LLC,,c1d787d1b7,CREDENTIAL_ONLY,,,939a0ec586
ny_dol_mold,470,Mold Remediation Contractor License (SH126):24-63PPH-SHMO,24-63PPH-SHMO,Mold Remediation Contractor License (SH126),Expired,NO,Daniel M Warriner,,c1d787d1b7,CREDENTIAL_ONLY,,,939a0ec586
ny_dol_mold,471,Mold Remediation Contractor License (SH126):00202,00202,Mold Remediation Contractor License (SH126),Expired,NO,David's Designs LLC,,c1d787d1b7,CREDENTIAL_ONLY,,,939a0ec586
ny_dol_mold,472,Mold Remediation Contractor License (SH126):25-6TOFS-SHMO,25-6TOFS-SHMO,Mold Remediation Contractor License (SH126),Active,YES,Defash Global Resources Inc,,c1d787d1b7,CREDENTIAL_ONLY,,,939a0ec586
ny_dol_mold,473,Mold Assessment Contractor License (SH125):26-6A1ZH-SHMO,26-6A1ZH-SHMO,Mold Assessment Contractor License (SH125),Active,YES,"Delete 86 Environmental, LLC",,c1d787d1b7,CREDENTIAL_ONLY,,,939a0ec586
ny_dol_mold,474,Mold Remediation Contractor License (SH126):01880,01880,Mold Remediation Contractor License (SH126),Expired,NO,Demaze and Company Inc.,,c1d787d1b7,CREDENTIAL_ONLY,,,939a0ec586
ny_dol_mold,475,Mold Assessment Contractor License (SH125):24-637XE-SHMO,24-637XE-SHMO,Mold Assessment Contractor License (SH125),Active,YES,Detail Associates Inc,,c1d787d1b7,CREDENTIAL_ONLY,,,939a0ec586
ny_dol_mold,476,Mold Remediation Contractor License (SH126):25-6HSSU-SHMO,25-6HSSU-SHMO,Mold Remediation Contractor License (SH126),Active,YES,Diligent Environmental LLC,,c1d787d1b7,CREDENTIAL_ONLY,,,939a0ec586
ny_dol_mold,477,Mold Assessment Contractor License (SH125):26-69I57-SHMO,26-69I57-SHMO,Mold Assessment Contractor License (SH125),Active,YES,Direct Restoration Group LLC,,c1d787d1b7,CREDENTIAL_ONLY,,,939a0ec586
ny_dol_mold,478,Mold Remediation Contractor License (SH126):23-6UMBR-SHMO,23-6UMBR-SHMO,Mold Remediation Contractor License (SH126),Expired,NO,Disaster Restoration Recovery Inc.,,c1d787d1b7,CREDENTIAL_ONLY,,,939a0ec586
ny_dol_mold,479,Mold Assessment Contractor License (SH125):25-64SBR-SHMO,25-64SBR-SHMO,Mold Assessment Contractor License (SH125),Active,YES,Diva Construction LLC,,c1d787d1b7,CREDENTIAL_ONLY,,,939a0ec586
ny_dol_mold,480,Mold Assessment Contractor License (SH125):25-6SKO1-SHMO,25-6SKO1-SHMO,Mold Assessment Contractor License (SH125),Active,YES,Dovber Kahn,,c1d787d1b7,CREDENTIAL_ONLY,,,939a0ec586
ny_dol_mold,481,Mold Remediation Contractor License (SH126):25-6L8PZ-SHMO,25-6L8PZ-SHMO,Mold Remediation Contractor License (SH126),Active,YES,"Dry On Time Cleaning and Restoration, Corp.",,c1d787d1b7,CREDENTIAL_ONLY,,,939a0ec586
ny_dol_mold,482,Mold Remediation Contractor License (SH126):24-6AOBE-SHMO,24-6AOBE-SHMO,Mold Remediation Contractor License (SH126),Expired,NO,Dryout Water Restoration Inc.,,c1d787d1b7,CREDENTIAL_ONLY,,,939a0ec586
ny_dol_mold,483,Mold Remediation Contractor License (SH126):01794,01794,Mold Remediation Contractor License (SH126),Expired,NO,Dset Assoc LLC,,c1d787d1b7,CREDENTIAL_ONLY,,,939a0ec586
ny_dol_mold,484,Mold Assessment Contractor License (SH125):26-63J76-SHMO,26-63J76-SHMO,Mold Assessment Contractor License (SH125),Active,YES,Dun Rite Home Inspection LLC,,c1d787d1b7,CREDENTIAL_ONLY,,,939a0ec586
ny_dol_mold,485,Mold Assessment Contractor License (SH125):26-6zz8v-shmo,26-6zz8v-shmo,Mold Assessment Contractor License (SH125),Active,YES,Dutchess County Board of Cooperative Educational Services,,c1d787d1b7,CREDENTIAL_ONLY,,,939a0ec586
ny_dol_mold,486,Mold Remediation Contractor License (SH126):23-6UKT1-SHMO,23-6UKT1-SHMO,Mold Remediation Contractor License (SH126),Expired,NO,"E & N Associates, LLC.",,c1d787d1b7,CREDENTIAL_ONLY,,,939a0ec586
ny_dol_mold,487,Mold Remediation Contractor License (SH126):26-6ZUVN-SHMO,26-6ZUVN-SHMO,Mold Remediation Contractor License (SH126),Active,YES,E. CONTRACTING INC.,,c1d787d1b7,CREDENTIAL_ONLY,,,939a0ec586
ny_dol_mold,488,Mold Remediation Contractor License (SH126):26-6ZUVX-SHMO,26-6ZUVX-SHMO,Mold Remediation Contractor License (SH126),Active,YES,"EAST COAST ENVIRONMENTAL RESTORATION, INC.",,c1d787d1b7,CREDENTIAL_ONLY,,,939a0ec586
ny_dol_mold,489,Mold Remediation Contractor License (SH126):01545,01545,Mold Remediation Contractor License (SH126),Expired,NO,EC SOLUTIONS INC,,c1d787d1b7,CREDENTIAL_ONLY,,,939a0ec586
ny_dol_mold,490,Mold Assessment Contractor License (SH125):25-6TMXZ-SHMO,25-6TMXZ-SHMO,Mold Assessment Contractor License (SH125),Active,YES,"ECS Mid-Atlantic, LLC",,c1d787d1b7,CREDENTIAL_ONLY,,,939a0ec586
ny_dol_mold,491,Mold Assessment Contractor License (SH125):24-6ZUGP-SHMO,24-6ZUGP-SHMO,Mold Assessment Contractor License (SH125),Expired,NO,EHQS Consulting LLC,,c1d787d1b7,CREDENTIAL_ONLY,,,939a0ec586
ny_dol_mold,492,Mold Remediation Contractor License (SH126):25-6IF93-SHMO,25-6IF93-SHMO,Mold Remediation Contractor License (SH126),Active,YES,EMS Restoration Corp,,c1d787d1b7,CREDENTIAL_ONLY,,,939a0ec586
ny_dol_mold,493,Mold Remediation Contractor License (SH126):25-6UOZG-SHMO,25-6UOZG-SHMO,Mold Remediation Contractor License (SH126),Active,YES,ENCORE CONSTRUCTION & CONTRACTING INC,,c1d787d1b7,CREDENTIAL_ONLY,,,939a0ec586
ny_dol_mold,494,Mold Remediation Contractor License (SH126):25-6UJHK-SHMO,25-6UJHK-SHMO,Mold Remediation Contractor License (SH126),Active,YES,ENVIROTRAC LLC,,c1d787d1b7,CREDENTIAL_ONLY,,,939a0ec586
ny_dol_mold,495,Mold Assessment Contractor License (SH125):25-65NDS-SHMO,25-65NDS-SHMO,Mold Assessment Contractor License (SH125),Active,YES,ESP Land Development Corp,,c1d787d1b7,CREDENTIAL_ONLY,,,939a0ec586
ny_dol_mold,496,Mold Remediation Contractor License (SH126):24-64G5L-SHMO,24-64G5L-SHMO,Mold Remediation Contractor License (SH126),Active,YES,"ETS Contracting, Inc.",,c1d787d1b7,CREDENTIAL_ONLY,,,939a0ec586
ny_dol_mold,497,Mold Remediation Contractor License (SH126):25-6TTR6-SHMO,25-6TTR6-SHMO,Mold Remediation Contractor License (SH126),Active,YES,"Earth Link General Construction, Inc.",,c1d787d1b7,CREDENTIAL_ONLY,,,939a0ec586
ny_dol_mold,498,Mold Assessment Contractor License (SH125):24-6ADDY-SHMO,24-6ADDY-SHMO,Mold Assessment Contractor License (SH125),Expired,NO,East End Carpet and Upholstery Cleaning LLC,,c1d787d1b7,CREDENTIAL_ONLY,,,939a0ec586
ny_dol_mold,499,Mold Remediation Contractor License (SH126):26-673XL-SHMO,26-673XL-SHMO,Mold Remediation Contractor License (SH126),Active,YES,East End Flood & Fire Restoration LLC,,c1d787d1b7,CREDENTIAL_ONLY,,,939a0ec586
ny_dol_mold,500,Mold Remediation Contractor License (SH126):24-63JUV-SHMO,24-63JUV-SHMO,Mold Remediation Contractor License (SH126),Active,YES,"Eastern Property Services, Inc.",,c1d787d1b7,CREDENTIAL_ONLY,,,939a0ec586
ny_dol_mold,501,Mold Assessment Contractor License (SH125):24-6ATA4-SHMO,24-6ATA4-SHMO,Mold Assessment Contractor License (SH125),Expired,NO,Ebeno Studios Corp,,c1d787d1b7,CREDENTIAL_ONLY,,,939a0ec586
ny_dol_mold,502,Mold Remediation Contractor License (SH126):01881,01881,Mold Remediation Contractor License (SH126),Expired,NO,Edgar Oleaga,,c1d787d1b7,CREDENTIAL_ONLY,,,939a0ec586
ny_dol_mold,503,Mold Assessment Contractor License (SH125):26-6SIC9-SHMO,26-6SIC9-SHMO,Mold Assessment Contractor License (SH125),Active,YES,Efex Environmental Inc,,c1d787d1b7,CREDENTIAL_ONLY,,,939a0ec586
ny_dol_mold,504,Mold Remediation Contractor License (SH126):26-6AFZC-SHMO,26-6AFZC-SHMO,Mold Remediation Contractor License (SH126),Active,YES,Elite Cleaners Corp.,,c1d787d1b7,CREDENTIAL_ONLY,,,939a0ec586
ny_dol_mold,505,Mold Remediation Contractor License (SH126):24-63X16-SHMO,24-63X16-SHMO,Mold Remediation Contractor License (SH126),Active,YES,Elloheim Miller,,c1d787d1b7,CREDENTIAL_ONLY,,,939a0ec586
ny_dol_mold,506,Mold Assessment Contractor License (SH125):26-69YJF-SHMO,26-69YJF-SHMO,Mold Assessment Contractor License (SH125),Active,YES,"Emergi-Clean, Inc",,c1d787d1b7,CREDENTIAL_ONLY,,,939a0ec586
ny_dol_mold,507,Mold Remediation Contractor License (SH126):25-6IYQ5-SHMO,25-6IYQ5-SHMO,Mold Remediation Contractor License (SH126),Active,YES,"Blue Bear Restoration, Inc.",,c1d787d1b7,CREDENTIAL_ONLY,,,939a0ec586
ny_dol_mold,508,Mold Assessment Contractor License (SH125):24-64BVF-SHMO,24-64BVF-SHMO,Mold Assessment Contractor License (SH125),Active,YES,Blue Skies Home Inspections LLC,,c1d787d1b7,CREDENTIAL_ONLY,,,939a0ec586
ny_dol_mold,509,Mold Remediation Contractor License (SH126):26-6ZIKT-SHMO,26-6ZIKT-SHMO,Mold Remediation Contractor License (SH126),Active,YES,BlueLine Disaster Solutions Inc.,,c1d787d1b7,CREDENTIAL_ONLY,,,939a0ec586
ny_dol_mold,510,Mold Assessment Contractor License (SH125):26-6IA5T-SHMO,26-6IA5T-SHMO,Mold Assessment Contractor License (SH125),Active,YES,Bohlander Home Inspection Inc.,,c1d787d1b7,CREDENTIAL_ONLY,,,939a0ec586
ny_dol_mold,511,Mold Remediation Contractor License (SH126):25-6UXMK-SHMO,25-6UXMK-SHMO,Mold Remediation Contractor License (SH126),Active,YES,"Boomzeal Enterprises, Inc",,c1d787d1b7,CREDENTIAL_ONLY,,,939a0ec586
ny_dol_mold,512,Mold Assessment Contractor License (SH125):26-69OQR-SHMO,26-69OQR-SHMO,Mold Assessment Contractor License (SH125),Active,YES,Breathe clean llc,,c1d787d1b7,CREDENTIAL_ONLY,,,939a0ec586
ny_dol_mold,513,Mold Assessment Contractor License (SH125):01230,01230,Mold Assessment Contractor License (SH125),Expired,NO,Brent Miklowitz,,c1d787d1b7,CREDENTIAL_ONLY,,,939a0ec586
ny_dol_mold,514,Mold Remediation Contractor License (SH126):24-6A4N4-SHMO,24-6A4N4-SHMO,Mold Remediation Contractor License (SH126),Expired,NO,"Brink's Tank Services, Inc.",,c1d787d1b7,CREDENTIAL_ONLY,,,939a0ec586
ny_dol_mold,515,Mold Remediation Contractor License (SH126):25-67PQY-SHMO,25-67PQY-SHMO,Mold Remediation Contractor License (SH126),Active,YES,Broadway Design and Build LLC,,c1d787d1b7,CREDENTIAL_ONLY,,,939a0ec586
ny_dol_mold,516,Mold Assessment Contractor License (SH125):26-67HXV-SHMO,26-67HXV-SHMO,Mold Assessment Contractor License (SH125),Active,YES,Brooklyn Essential Services LLC,,c1d787d1b7,CREDENTIAL_ONLY,,,939a0ec586
ny_dol_mold,517,Mold Remediation Contractor License (SH126):00181,00181,Mold Remediation Contractor License (SH126),Expired,NO,Building Environment Service Technicians,,c1d787d1b7,CREDENTIAL_ONLY,,,939a0ec586
ny_dol_mold,518,Mold Remediation Contractor License (SH126):25-6U8RN-SHMO,25-6U8RN-SHMO,Mold Remediation Contractor License (SH126),Active,YES,Built in Brooklyn Construction Group Corp,,c1d787d1b7,CREDENTIAL_ONLY,,,939a0ec586
ny_dol_mold,519,Mold Assessment Contractor License (SH125):00509,00509,Mold Assessment Contractor License (SH125),Expired,NO,"Bureau Veritas North America, Inc.",,c1d787d1b7,CREDENTIAL_ONLY,,,939a0ec586
ny_dol_mold,520,Mold Remediation Contractor License (SH126):26-6I9CQ-SHMO,26-6I9CQ-SHMO,Mold Remediation Contractor License (SH126),Active,YES,"C & D Close Enterprises, Inc",,c1d787d1b7,CREDENTIAL_ONLY,,,939a0ec586
ny_dol_mold,521,Mold Remediation Contractor License (SH126):25-6URGE-SHMO,25-6URGE-SHMO,Mold Remediation Contractor License (SH126),Active,YES,"C&C Flooring, LLC",,c1d787d1b7,CREDENTIAL_ONLY,,,939a0ec586
ny_dol_mold,522,Mold Remediation Contractor License (SH126):24-6SIPY-SHMO,24-6SIPY-SHMO,Mold Remediation Contractor License (SH126),Expired,NO,C&M Cleaning &Construction LLC,,c1d787d1b7,CREDENTIAL_ONLY,,,939a0ec586
ny_dol_mold,523,Mold Remediation Contractor License (SH126):26-66JAX-SHMO,26-66JAX-SHMO,Mold Remediation Contractor License (SH126),Active,YES,CAPITAL REGION MOLD REMOVAL LLC,,c1d787d1b7,CREDENTIAL_ONLY,,,939a0ec586
ny_dol_mold,524,Mold Assessment Contractor License (SH125):24-63P71-SHMO,24-63P71-SHMO,Mold Assessment Contractor License (SH125),Active,YES,CED Group LLC,,c1d787d1b7,CREDENTIAL_ONLY,,,939a0ec586
ny_dol_mold,525,Mold Remediation Contractor License (SH126):26-69QR7-SHMO,26-69QR7-SHMO,Mold Remediation Contractor License (SH126),Active,YES,CJ&j Resolution LLC,,c1d787d1b7,CREDENTIAL_ONLY,,,939a0ec586
ny_dol_mold,526,Mold Assessment Contractor License (SH125):25-6I9ES-SHMO,25-6I9ES-SHMO,Mold Assessment Contractor License (SH125),Active,YES,"CORE Environmental Consultants, Inc.",,c1d787d1b7,CREDENTIAL_ONLY,,,939a0ec586
ny_dol_mold,527,Mold Remediation Contractor License (SH126):25-6I31C-SHMO,25-6I31C-SHMO,Mold Remediation Contractor License (SH126),Active,YES,"CRAL Contracting, Inc.",,c1d787d1b7,CREDENTIAL_ONLY,,,939a0ec586
ny_dol_mold,528,Mold Remediation Contractor License (SH126):25-6HKT6-SHMO,25-6HKT6-SHMO,Mold Remediation Contractor License (SH126),Active,YES,CRS EMERGENCY SERVICE INC.,,c1d787d1b7,CREDENTIAL_ONLY,,,939a0ec586
ny_dol_mold,529,Mold Remediation Contractor License (SH126):24-634EH-SHMO,24-634EH-SHMO,Mold Remediation Contractor License (SH126),Expired,NO,CTE Incorporated,,c1d787d1b7,CREDENTIAL_ONLY,,,939a0ec586
ny_dol_mold,530,Mold Assessment Contractor License (SH125):24-6A4QX-SHMO,24-6A4QX-SHMO,Mold Assessment Contractor License (SH125),Expired,NO,CVE Enterprises LLC,,c1d787d1b7,CREDENTIAL_ONLY,,,939a0ec586
ny_dol_mold,531,Mold Assessment Contractor License (SH125):01797,01797,Mold Assessment Contractor License (SH125),Expired,NO,Caliber Environmental Inc.,,c1d787d1b7,CREDENTIAL_ONLY,,,939a0ec586
ny_dol_mold,532,Mold Assessment Contractor License (SH125):25-6UXYN-SHMO,25-6UXYN-SHMO,Mold Assessment Contractor License (SH125),Active,YES,Capital District Inspection Services LLC,,c1d787d1b7,CREDENTIAL_ONLY,,,939a0ec586
ny_dol_mold,533,Mold Assessment Contractor License (SH125):01810,01810,Mold Assessment Contractor License (SH125),Expired,NO,Capital Roofing & Construction Corp,,c1d787d1b7,CREDENTIAL_ONLY,,,939a0ec586
ny_dol_mold,534,Mold Assessment Contractor License (SH125):25-6TPSG-SHMO,25-6TPSG-SHMO,Mold Assessment Contractor License (SH125),Active,YES,Carey Home Inspection LLC,,c1d787d1b7,CREDENTIAL_ONLY,,,939a0ec586
ny_dol_mold,535,Mold Remediation Contractor License (SH126):23-6TQ8G-SHMO,23-6TQ8G-SHMO,Mold Remediation Contractor License (SH126),Expired,NO,Category 3 LLC,,c1d787d1b7,CREDENTIAL_ONLY,,,939a0ec586
ny_dol_mold,536,Mold Remediation Contractor License (SH126):25-6UFFK-SHMO,25-6UFFK-SHMO,Mold Remediation Contractor License (SH126),Active,YES,Caysea Contracting Corp.,,c1d787d1b7,CREDENTIAL_ONLY,,,939a0ec586
ny_dol_mold,537,Mold Assessment Contractor License (SH125):24-6STXT-SHMO,24-6STXT-SHMO,Mold Assessment Contractor License (SH125),Expired,NO,Certified Carpet Care Inc.,,c1d787d1b7,CREDENTIAL_ONLY,,,939a0ec586
ny_dol_mold,538,Mold Remediation Contractor License (SH126):23-6TOF4-SHMO,23-6TOF4-SHMO,Mold Remediation Contractor License (SH126),Expired,NO,Certified Mold Inspections LLC,,c1d787d1b7,CREDENTIAL_ONLY,,,939a0ec586
ny_dol_mold,539,Mold Assessment Contractor License (SH125):00145,00145,Mold Assessment Contractor License (SH125),Expired,NO,"Certified Structural & Environmental Inspections, Inc.",,c1d787d1b7,CREDENTIAL_ONLY,,,939a0ec586
ny_dol_mold,540,Mold Assessment Contractor License (SH125):25-64C44-SHMO,25-64C44-SHMO,Mold Assessment Contractor License (SH125),Active,YES,"Charlange Enterprises, Inc.",,c1d787d1b7,CREDENTIAL_ONLY,,,939a0ec586
ny_dol_mold,541,Mold Assessment Contractor License (SH125):25-653TZ-SHMO,25-653TZ-SHMO,Mold Assessment Contractor License (SH125),Active,YES,"Chris Craftsman Development, Inc.",,c1d787d1b7,CREDENTIAL_ONLY,,,939a0ec586
ny_dol_mold,542,Mold Assessment Contractor License (SH125):00297,00297,Mold Assessment Contractor License (SH125),Expired,NO,Christopher Licata,,c1d787d1b7,CREDENTIAL_ONLY,,,939a0ec586
ny_dol_mold,543,Mold Remediation Contractor License (SH126):25-6SDEE-SHMO,25-6SDEE-SHMO,Mold Remediation Contractor License (SH126),Active,YES,"Classic Environmental, Inc.",,c1d787d1b7,CREDENTIAL_ONLY,,,939a0ec586
ny_dol_mold,544,Mold Remediation Contractor License (SH126):26-6AN9R-SHMO,26-6AN9R-SHMO,Mold Remediation Contractor License (SH126),Active,YES,Clean Air Consulting LLC,,c1d787d1b7,CREDENTIAL_ONLY,,,939a0ec586
ny_dol_mold,545,Mold Assessment Contractor License (SH125):26-6ZENR-SHMO,26-6ZENR-SHMO,Mold Assessment Contractor License (SH125),Active,YES,"Clean Air Testing Labs, Inc.",,c1d787d1b7,CREDENTIAL_ONLY,,,939a0ec586
ny_dol_mold,546,Mold Remediation Contractor License (SH126):26-6ZUEF-SHMO,26-6ZUEF-SHMO,Mold Remediation Contractor License (SH126),Active,YES,"Clean Slate Services, Inc",,c1d787d1b7,CREDENTIAL_ONLY,,,939a0ec586
ny_dol_mold,547,Mold Remediation Contractor License (SH126):25-6LOS3-SHMO,25-6LOS3-SHMO,Mold Remediation Contractor License (SH126),Active,YES,Cleancrafters Restoration Services Inc,,c1d787d1b7,CREDENTIAL_ONLY,,,939a0ec586
ny_dol_mold,548,Mold Assessment Contractor License (SH125):25-6LGBU-SHMO,25-6LGBU-SHMO,Mold Assessment Contractor License (SH125),Active,YES,ClearVU Inspections LLC,,c1d787d1b7,CREDENTIAL_ONLY,,,939a0ec586
ny_dol_mold,549,Mold Remediation Contractor License (SH126):25-6188T-SHMO,25-6188T-SHMO,Mold Remediation Contractor License (SH126),Active,YES,"Coastal Environmental Technologies, Ltd.",,c1d787d1b7,CREDENTIAL_ONLY,,,939a0ec586
ny_dol_mold,550,Mold Remediation Contractor License (SH126):25-67UGC-SHMO,25-67UGC-SHMO,Mold Remediation Contractor License (SH126),Active,YES,Coastline Properties LLC,,c1d787d1b7,CREDENTIAL_ONLY,,,939a0ec586
ny_dol_mold,551,Mold Assessment Contractor License (SH125):26-6I61U-SHMO,26-6I61U-SHMO,Mold Assessment Contractor License (SH125),Active,YES,Colden Corporation,,c1d787d1b7,CREDENTIAL_ONLY,,,939a0ec586
ny_dol_mold,552,Mold Assessment Contractor License (SH125):26-6TOPG-SHMO,26-6TOPG-SHMO,Mold Assessment Contractor License (SH125),Active,YES,Comfort Living Home Inspection LLC,,c1d787d1b7,CREDENTIAL_ONLY,,,939a0ec586
ny_dol_mold,553,Mold Remediation Contractor License (SH126):01283,01283,Mold Remediation Contractor License (SH126),Expired,NO,Complete Restoration Corp,,c1d787d1b7,CREDENTIAL_ONLY,,,939a0ec586
ny_dol_mold,554,Mold Assessment Contractor License (SH125):24-63UDT-SHMO,24-63UDT-SHMO,Mold Assessment Contractor License (SH125),Active,YES,"Concord Group, LLC",,c1d787d1b7,CREDENTIAL_ONLY,,,939a0ec586
ny_dol_mold,555,Mold Assessment Contractor License (SH125):26-6ZXGJ-SHMO,26-6ZXGJ-SHMO,Mold Assessment Contractor License (SH125),Active,YES,Consulting and Testing Services Inc.,,c1d787d1b7,CREDENTIAL_ONLY,,,939a0ec586
ny_dol_mold,556,Mold Remediation Contractor License (SH126):25-6UYA6-SHMO,25-6UYA6-SHMO,Mold Remediation Contractor License (SH126),Active,YES,Cordent LLC,,c1d787d1b7,CREDENTIAL_ONLY,,,939a0ec586
ny_dol_mold,557,Mold Assessment Contractor License (SH125):26-667KP-SHMO,26-667KP-SHMO,Mold Assessment Contractor License (SH125),Active,YES,Cornerstone Testing Solutions LLC.,,c1d787d1b7,CREDENTIAL_ONLY,,,939a0ec586
ny_dol_mold,558,Mold Remediation Contractor License (SH126):26-64C4I-SHMO,26-64C4I-SHMO,Mold Remediation Contractor License (SH126),Active,YES,Craftsman Home Remodeling,,c1d787d1b7,CREDENTIAL_ONLY,,,939a0ec586
ny_dol_mold,559,Mold Assessment Contractor License (SH125):24-6ZEVZ-SHMO,24-6ZEVZ-SHMO,Mold Assessment Contractor License (SH125),Expired,NO,Crisp Quality Construction Inc,,c1d787d1b7,CREDENTIAL_ONLY,,,939a0ec586
ny_dol_mold,560,Mold Remediation Contractor License (SH126):24-637SI-SHMO,24-637SI-SHMO,Mold Remediation Contractor License (SH126),Active,YES,Cross Island Field Services Inc,,c1d787d1b7,CREDENTIAL_ONLY,,,939a0ec586
ny_dol_mold,561,Mold Remediation Contractor License (SH126):24-63JUS-SHMO,24-63JUS-SHMO,Mold Remediation Contractor License (SH126),Active,YES,"Crystal Blue Cleaning Service, Inc.",,c1d787d1b7,CREDENTIAL_ONLY,,,939a0ec586
ny_dol_mold,562,Mold Remediation Contractor License (SH126):23-6UD5C-SHMO,23-6UD5C-SHMO,Mold Remediation Contractor License (SH126),Expired,NO,Cureaire LLC,,c1d787d1b7,CREDENTIAL_ONLY,,,939a0ec586
ny_dol_mold,563,Mold Remediation Contractor License (SH126):25-6UDSR-SHMO,25-6UDSR-SHMO,Mold Remediation Contractor License (SH126),Active,YES,D & R Express Mold Removal LLC,,c1d787d1b7,CREDENTIAL_ONLY,,,939a0ec586
ny_dol_mold,564,Mold Assessment Contractor License (SH125):26-6Z6LI-SHMO,26-6Z6LI-SHMO,Mold Assessment Contractor License (SH125),Active,YES,"D&S Mold Assessment, LLC",,c1d787d1b7,CREDENTIAL_ONLY,,,939a0ec586
ny_dol_mold,565,Mold Assessment Contractor License (SH125):26-63FZY-SHMO,26-63FZY-SHMO,Mold Assessment Contractor License (SH125),Active,YES,DAMAB TECHNOLOGIES AND SERVICES INC,,c1d787d1b7,CREDENTIAL_ONLY,,,939a0ec586
ny_dol_mold,566,Mold Remediation Contractor License (SH126):24-6SAXV-SHMO,24-6SAXV-SHMO,Mold Remediation Contractor License (SH126),Expired,NO,DBE LTD.,,c1d787d1b7,CREDENTIAL_ONLY,,,939a0ec586
ny_dol_mold,567,Mold Assessment Contractor License (SH125):25-65N7G-SHMO,25-65N7G-SHMO,Mold Assessment Contractor License (SH125),Active,YES,DIANE RODRIGUEZ,,c1d787d1b7,CREDENTIAL_ONLY,,,939a0ec586
ny_dol_mold,568,Mold Remediation Contractor License (SH126):26-6Z6FE-SHMO,26-6Z6FE-SHMO,Mold Remediation Contractor License (SH126),Active,YES,DLJD Inc,,c1d787d1b7,CREDENTIAL_ONLY,,,939a0ec586
ny_dol_mold,569,Mold Remediation Contractor License (SH126):25-67ETD-SHMO,25-67ETD-SHMO,Mold Remediation Contractor License (SH126),Active,YES,"DPAC Enterprises, Inc.",,c1d787d1b7,CREDENTIAL_ONLY,,,939a0ec586
ny_dol_mold,570,Mold Remediation Contractor License (SH126):26-6ZTFC-SHMO,26-6ZTFC-SHMO,Mold Remediation Contractor License (SH126),Active,YES,DTK Construction Corp.,,c1d787d1b7,CREDENTIAL_ONLY,,,939a0ec586
ny_dol_mold,571,Mold Remediation Contractor License (SH126):25-6tq3b-shmo,25-6tq3b-shmo,Mold Remediation Contractor License (SH126),Active,YES,Dakota Property Preservation & Home Improvement LLC,,c1d787d1b7,CREDENTIAL_ONLY,,,939a0ec586
ny_dol_mold,572,Mold Assessment Contractor License (SH125):24-63G3K-SHMO,24-63G3K-SHMO,Mold Assessment Contractor License (SH125),Active,YES,Daniel T Oligney,,c1d787d1b7,CREDENTIAL_ONLY,,,939a0ec586
ny_dol_mold,573,Mold Assessment Contractor License (SH125):26-661VG-SHMO,26-661VG-SHMO,Mold Assessment Contractor License (SH125),Active,YES,"Dayton Environmental Testing, LLC",,c1d787d1b7,CREDENTIAL_ONLY,,,939a0ec586
ny_dol_mold,574,Mold Remediation Contractor License (SH126):26-6ZXGZ-SHMO,26-6ZXGZ-SHMO,Mold Remediation Contractor License (SH126),Active,YES,Degmor Enterprises Inc.,,c1d787d1b7,CREDENTIAL_ONLY,,,939a0ec586
ny_dol_mold,575,Mold Assessment Contractor License (SH125):26-6ZVUI-SHMO,26-6ZVUI-SHMO,Mold Assessment Contractor License (SH125),Active,YES,"Delta Engineers, Architects, Land Surveyors, & Landscape Architects, D.P.C.",,c1d787d1b7,CREDENTIAL_ONLY,,,939a0ec586
ny_dol_mold,576,Mold Assessment Contractor License (SH125):01799,01799,Mold Assessment Contractor License (SH125),Expired,NO,Demaze and Company Inc.,,c1d787d1b7,CREDENTIAL_ONLY,,,939a0ec586
ny_dol_mold,577,Mold Assessment Contractor License (SH125):26-6Z5T9-SHMO,26-6Z5T9-SHMO,Mold Assessment Contractor License (SH125),Active,YES,DiMar Restoration Corp,,c1d787d1b7,CREDENTIAL_ONLY,,,939a0ec586
ny_dol_mold,578,Mold Assessment Contractor License (SH125):25-6HSSS-SHMO,25-6HSSS-SHMO,Mold Assessment Contractor License (SH125),Active,YES,Diligent Environmental LLC,,c1d787d1b7,CREDENTIAL_ONLY,,,939a0ec586
ny_dol_mold,579,Mold Remediation Contractor License (SH126):26-69I5P-SHMO,26-69I5P-SHMO,Mold Remediation Contractor License (SH126),Active,YES,Direct Restoration Group LLC,,c1d787d1b7,CREDENTIAL_ONLY,,,939a0ec586
ny_dol_mold,580,Mold Remediation Contractor License (SH126):26-6ZELJ-SHMO,26-6ZELJ-SHMO,Mold Remediation Contractor License (SH126),Active,YES,Disaster Services LLC,,c1d787d1b7,CREDENTIAL_ONLY,,,939a0ec586
ny_dol_mold,581,Mold Assessment Contractor License (SH125):26-66DSC-SHMO,26-66DSC-SHMO,Mold Assessment Contractor License (SH125),Active,YES,Divinity Sparkle LLC,,c1d787d1b7,CREDENTIAL_ONLY,,,939a0ec586
ny_dol_mold,582,Mold Assessment Contractor License (SH125):00549,00549,Mold Assessment Contractor License (SH125),Expired,NO,Dovber Kahn,,c1d787d1b7,CREDENTIAL_ONLY,,,939a0ec586
ny_dol_mold,583,Mold Remediation Contractor License (SH126):01777,01777,Mold Remediation Contractor License (SH126),Expired,NO,Dryco Inc.,,c1d787d1b7,CREDENTIAL_ONLY,,,939a0ec586
ny_dol_mold,584,Mold Assessment Contractor License (SH125):24-6ATRN-SHMO,24-6ATRN-SHMO,Mold Assessment Contractor License (SH125),Expired,NO,Dryout Water Restoration Inc.,,c1d787d1b7,CREDENTIAL_ONLY,,,939a0ec586
ny_dol_mold,585,Mold Remediation Contractor License (SH126):26-6AFCZ-SHMO,26-6AFCZ-SHMO,Mold Remediation Contractor License (SH126),Active,YES,Dual Restoration LLC,,c1d787d1b7,CREDENTIAL_ONLY,,,939a0ec586
ny_dol_mold,586,Mold Remediation Contractor License (SH126):01920,01920,Mold Remediation Contractor License (SH126),Expired,NO,Durant Home Inspections LLC,,c1d787d1b7,CREDENTIAL_ONLY,,,939a0ec586
ny_dol_mold,587,Mold Remediation Contractor License (SH126):24-6TK87-SHMO,24-6TK87-SHMO,Mold Remediation Contractor License (SH126),Active,YES,Dynamic GC Corp,,c1d787d1b7,CREDENTIAL_ONLY,,,939a0ec586
ny_dol_mold,588,Mold Assessment Contractor License (SH125):25-671ZQ-SHMO,25-671ZQ-SHMO,Mold Assessment Contractor License (SH125),Active,YES,"E & N Associates, LLC.",,c1d787d1b7,CREDENTIAL_ONLY,,,939a0ec586
ny_dol_mold,589,Mold Remediation Contractor License (SH126):25-6URGT-SHMO,25-6URGT-SHMO,Mold Remediation Contractor License (SH126),Active,YES,E.C.S. Maintenance Inc.,,c1d787d1b7,CREDENTIAL_ONLY,,,939a0ec586
ny_dol_mold,590,Mold Remediation Contractor License (SH126):26-66UTS-SHMO,26-66UTS-SHMO,Mold Remediation Contractor License (SH126),Active,YES,"EBD CONSTRUCTION SERVICES, LLC",,c1d787d1b7,CREDENTIAL_ONLY,,,939a0ec586
ny_dol_mold,591,Mold Remediation Contractor License (SH126):23-6UMX3-SHMO,23-6UMX3-SHMO,Mold Remediation Contractor License (SH126),Expired,NO,ECG Facility Services LLC,,c1d787d1b7,CREDENTIAL_ONLY,,,939a0ec586
ny_dol_mold,592,Mold Remediation Contractor License (SH126):24-63T8Q-SHMO,24-63T8Q-SHMO,Mold Remediation Contractor License (SH126),Active,YES,EFG Northeast Enterprises Inc.,,c1d787d1b7,CREDENTIAL_ONLY,,,939a0ec586
ny_dol_mold,593,Mold Assessment Contractor License (SH125):24-6ZHY9-SHMO,24-6ZHY9-SHMO,Mold Assessment Contractor License (SH125),Expired,NO,EHS Compliance Associates LLC,,c1d787d1b7,CREDENTIAL_ONLY,,,939a0ec586
ny_dol_mold,594,Mold Remediation Contractor License (SH126):26-6Z57I-SHMO,26-6Z57I-SHMO,Mold Remediation Contractor License (SH126),Active,YES,EMV CONTRACTING NY LLC,,c1d787d1b7,CREDENTIAL_ONLY,,,939a0ec586
ny_dol_mold,595,Mold Assessment Contractor License (SH125):25-6UOAO-SHMO,25-6UOAO-SHMO,Mold Assessment Contractor License (SH125),Active,YES,ENCORE CONSTRUCTION & CONTRACTING INC,,c1d787d1b7,CREDENTIAL_ONLY,,,939a0ec586
ny_dol_mold,596,Mold Assessment Contractor License (SH125):26-6Z58I-SHMO,26-6Z58I-SHMO,Mold Assessment Contractor License (SH125),Active,YES,ENVIROTRAC LLC,,c1d787d1b7,CREDENTIAL_ONLY,,,939a0ec586
ny_dol_mold,597,Mold Assessment Contractor License (SH125):01770,01770,Mold Assessment Contractor License (SH125),Expired,NO,ESPL Environmental Consultants Corporation,,c1d787d1b7,CREDENTIAL_ONLY,,,939a0ec586
ny_dol_mold,598,Mold Remediation Contractor License (SH126):24-63UJ4-SHMO,24-63UJ4-SHMO,Mold Remediation Contractor License (SH126),Active,YES,EZ Brown LLC,,c1d787d1b7,CREDENTIAL_ONLY,,,939a0ec586
ny_dol_mold,599,Mold Remediation Contractor License (SH126):25-6HU5V-SHMO,25-6HU5V-SHMO,Mold Remediation Contractor License (SH126),Active,YES,Earthsafe Environmental LLC,,c1d787d1b7,CREDENTIAL_ONLY,,,939a0ec586
ny_dol_mold,600,Mold Remediation Contractor License (SH126):24-6Z9AL-SHMO,24-6Z9AL-SHMO,Mold Remediation Contractor License (SH126),Expired,NO,East End Carpet and Upholstery Cleaning LLC,,c1d787d1b7,CREDENTIAL_ONLY,,,939a0ec586
ny_dol_mold,601,Mold Remediation Contractor License (SH126):26-63P6H-SHMO,26-63P6H-SHMO,Mold Remediation Contractor License (SH126),Active,YES,"Eastern Environmental Solutions, Inc.",,c1d787d1b7,CREDENTIAL_ONLY,,,939a0ec586
ny_dol_mold,602,Mold Assessment Contractor License (SH125):24-63JUO-SHMO,24-63JUO-SHMO,Mold Assessment Contractor License (SH125),Active,YES,"Eastern Property Services, Inc.",,c1d787d1b7,CREDENTIAL_ONLY,,,939a0ec586
ny_dol_mold,603,Mold Assessment Contractor License (SH125):26-66986-SHMO,26-66986-SHMO,Mold Assessment Contractor License (SH125),Active,YES,Eco-Testing Services,,c1d787d1b7,CREDENTIAL_ONLY,,,939a0ec586
ny_dol_mold,604,Mold Remediation Contractor License (SH126):25-6IK4T-SHMO,25-6IK4T-SHMO,Mold Remediation Contractor License (SH126),Active,YES,"Edgeco Environmental, Inc.",,c1d787d1b7,CREDENTIAL_ONLY,,,939a0ec586
ny_dol_mold,605,Mold Assessment Contractor License (SH125):25-6UY3D-SHMO,25-6UY3D-SHMO,Mold Assessment Contractor License (SH125),Active,YES,Eisenbach and Ruhnke Engineering PC,,c1d787d1b7,CREDENTIAL_ONLY,,,939a0ec586
ny_dol_mold,606,Mold Assessment Contractor License (SH125):24-63UJ9-SHMO,24-63UJ9-SHMO,Mold Assessment Contractor License (SH125),Active,YES,Elite EHS Consultants LLC,,c1d787d1b7,CREDENTIAL_ONLY,,,939a0ec586
ny_dol_mold,607,Mold Assessment Contractor License (SH125):24-63C5Z-SHMO,24-63C5Z-SHMO,Mold Assessment Contractor License (SH125),Active,YES,"Emerald Environmental, Inc.",,c1d787d1b7,CREDENTIAL_ONLY,,,939a0ec586
ny_dol_mold,608,Mold Assessment Contractor License (SH125):25-6ly1c-shmo,25-6ly1c-shmo,Mold Assessment Contractor License (SH125),Active,YES,"Blue Jay Inspections, LLC.",,c1d787d1b7,CREDENTIAL_ONLY,,,939a0ec586
ny_dol_mold,609,Mold Assessment Contractor License (SH125):25-6UTP6-SHMO,25-6UTP6-SHMO,Mold Assessment Contractor License (SH125),Active,YES,Blue Sky Inspections Inc,,c1d787d1b7,CREDENTIAL_ONLY,,,939a0ec586
ny_dol_mold,610,Mold Assessment Contractor License (SH125):26-6SYDZ-SHMO,26-6SYDZ-SHMO,Mold Assessment Contractor License (SH125),Active,YES,"Bluepoint Environmental, LLC",,c1d787d1b7,CREDENTIAL_ONLY,,,939a0ec586
ny_dol_mold,611,Mold Remediation Contractor License (SH126):25-6HY8C-SHMO,25-6HY8C-SHMO,Mold Remediation Contractor License (SH126),Active,YES,Bold Mold Eliminators LLC,,c1d787d1b7,CREDENTIAL_ONLY,,,939a0ec586
ny_dol_mold,612,Mold Remediation Contractor License (SH126):24-63XR3-SHMO,24-63XR3-SHMO,Mold Remediation Contractor License (SH126),Active,YES,Bowerman Restoration LLC,,c1d787d1b7,CREDENTIAL_ONLY,,,939a0ec586
ny_dol_mold,613,Mold Assessment Contractor License (SH125):25-64L76-SHMO,25-64L76-SHMO,Mold Assessment Contractor License (SH125),Active,YES,BreathePure LLC,,c1d787d1b7,CREDENTIAL_ONLY,,,939a0ec586
ny_dol_mold,614,Mold Remediation Contractor License (SH126):23-6UJFS-SHMO,23-6UJFS-SHMO,Mold Remediation Contractor License (SH126),Expired,NO,Bridgetower Restoration Inc.,,c1d787d1b7,CREDENTIAL_ONLY,,,939a0ec586
ny_dol_mold,615,Mold Assessment Contractor License (SH125):00686,00686,Mold Assessment Contractor License (SH125),Expired,NO,"Brinkerhoff Environmental Services, Inc.",,c1d787d1b7,CREDENTIAL_ONLY,,,939a0ec586
ny_dol_mold,616,Mold Assessment Contractor License (SH125):23-6TMY7-SHMO,23-6TMY7-SHMO,Mold Assessment Contractor License (SH125),Expired,NO,Brody Wood,,c1d787d1b7,CREDENTIAL_ONLY,,,939a0ec586
ny_dol_mold,617,Mold Remediation Contractor License (SH126):26-6ZP3U-SHMO,26-6ZP3U-SHMO,Mold Remediation Contractor License (SH126),Active,YES,Brooklyn9 Holdings LLC,,c1d787d1b7,CREDENTIAL_ONLY,,,939a0ec586
ny_dol_mold,618,Mold Remediation Contractor License (SH126):01482,01482,Mold Remediation Contractor License (SH126),Expired,NO,Building Environment Service Technicians,,c1d787d1b7,CREDENTIAL_ONLY,,,939a0ec586
ny_dol_mold,619,Mold Remediation Contractor License (SH126):24-6ARAC-SHMO,24-6ARAC-SHMO,Mold Remediation Contractor License (SH126),Expired,NO,Bulldog Contracting Inc.,,c1d787d1b7,CREDENTIAL_ONLY,,,939a0ec586
ny_dol_mold,620,Mold Assessment Contractor License (SH125):25-65PYX-SHMO,25-65PYX-SHMO,Mold Assessment Contractor License (SH125),Active,YES,Burgasser Consulting LLC,,c1d787d1b7,CREDENTIAL_ONLY,,,939a0ec586
ny_dol_mold,621,Mold Assessment Contractor License (SH125):25-6LENO-SHMO,25-6LENO-SHMO,Mold Assessment Contractor License (SH125),Active,YES,"C & S Engineers, Inc.",,c1d787d1b7,CREDENTIAL_ONLY,,,939a0ec586
ny_dol_mold,622,Mold Remediation Contractor License (SH126):26-6SYDP-SHMO,26-6SYDP-SHMO,Mold Remediation Contractor License (SH126),Active,YES,"C&C Unlimited, Inc.",,c1d787d1b7,CREDENTIAL_ONLY,,,939a0ec586
ny_dol_mold,623,Mold Remediation Contractor License (SH126):26-6Z16V-SHMO,26-6Z16V-SHMO,Mold Remediation Contractor License (SH126),Active,YES,C.K.&B. Environmental Incorporated,,c1d787d1b7,CREDENTIAL_ONLY,,,939a0ec586
ny_dol_mold,624,Mold Assessment Contractor License (SH125):24-6ZFB9-SHMO,24-6ZFB9-SHMO,Mold Assessment Contractor License (SH125),Expired,NO,CB Consultant Group LLC,,c1d787d1b7,CREDENTIAL_ONLY,,,939a0ec586
ny_dol_mold,625,Mold Remediation Contractor License (SH126):25-6HHK3-SHMO,25-6HHK3-SHMO,Mold Remediation Contractor License (SH126),Active,YES,CG Spotless Cleaning LLC,,c1d787d1b7,CREDENTIAL_ONLY,,,939a0ec586
ny_dol_mold,626,Mold Remediation Contractor License (SH126):25-67K6A-SHMO,25-67K6A-SHMO,Mold Remediation Contractor License (SH126),Active,YES,"CKG Associates, LLC",,c1d787d1b7,CREDENTIAL_ONLY,,,939a0ec586
ny_dol_mold,627,Mold Remediation Contractor License (SH126):25-6UD3J-SHMO,25-6UD3J-SHMO,Mold Remediation Contractor License (SH126),Active,YES,CORWOOD SOLUTIONS LLC,,c1d787d1b7,CREDENTIAL_ONLY,,,939a0ec586
ny_dol_mold,628,Mold Assessment Contractor License (SH125):26-6ZPJG-SHMO,26-6ZPJG-SHMO,Mold Assessment Contractor License (SH125),Active,YES,"CRAL Contracting, Inc.",,c1d787d1b7,CREDENTIAL_ONLY,,,939a0ec586
ny_dol_mold,629,Mold Assessment Contractor License (SH125):25-65P84-SHMO,25-65P84-SHMO,Mold Assessment Contractor License (SH125),Active,YES,CRT Environmental Solutions LLC,,c1d787d1b7,CREDENTIAL_ONLY,,,939a0ec586
ny_dol_mold,630,Mold Assessment Contractor License (SH125):25-65ZNV-SHMO,25-65ZNV-SHMO,Mold Assessment Contractor License (SH125),Active,YES,CTR HOME INSPECTIONS LLC,,c1d787d1b7,CREDENTIAL_ONLY,,,939a0ec586
ny_dol_mold,631,Mold Remediation Contractor License (SH126):24-63TG4-SHMO,24-63TG4-SHMO,Mold Remediation Contractor License (SH126),Active,YES,"CWD of Hicksville, Inc.",,c1d787d1b7,CREDENTIAL_ONLY,,,939a0ec586
ny_dol_mold,632,Mold Assessment Contractor License (SH125):24-6ZNQH-SHMO,24-6ZNQH-SHMO,Mold Assessment Contractor License (SH125),Expired,NO,Caltex Organic Environmental LLC,,c1d787d1b7,CREDENTIAL_ONLY,,,939a0ec586
ny_dol_mold,633,Mold Assessment Contractor License (SH125):00514,00514,Mold Assessment Contractor License (SH125),Expired,NO,"Capital Home Inspection, LLC",,c1d787d1b7,CREDENTIAL_ONLY,,,939a0ec586
ny_dol_mold,634,Mold Remediation Contractor License (SH126):25-6H7DK-SHMO,25-6H7DK-SHMO,Mold Remediation Contractor License (SH126),Active,YES,Capital Roofing & Construction Corp,,c1d787d1b7,CREDENTIAL_ONLY,,,939a0ec586
ny_dol_mold,635,Mold Assessment Contractor License (SH125):00305,00305,Mold Assessment Contractor License (SH125),Expired,NO,"Carnell Environmental Inspections, Inc.",,c1d787d1b7,CREDENTIAL_ONLY,,,939a0ec586
ny_dol_mold,636,Mold Assessment Contractor License (SH125):23-6TQ8N-SHMO,23-6TQ8N-SHMO,Mold Assessment Contractor License (SH125),Expired,NO,Category 3 LLC,,c1d787d1b7,CREDENTIAL_ONLY,,,939a0ec586
ny_dol_mold,637,Mold Assessment Contractor License (SH125):26-6ZZ8E-SHMO,26-6ZZ8E-SHMO,Mold Assessment Contractor License (SH125),Active,YES,Celtic Mold Assessments LLC,,c1d787d1b7,CREDENTIAL_ONLY,,,939a0ec586
ny_dol_mold,638,Mold Remediation Contractor License (SH126):25-6597A-SHMO,25-6597A-SHMO,Mold Remediation Contractor License (SH126),Active,YES,Certified Environmental Inc,,c1d787d1b7,CREDENTIAL_ONLY,,,939a0ec586
ny_dol_mold,639,Mold Assessment Contractor License (SH125):23-61KN5-SHMO,23-61KN5-SHMO,Mold Assessment Contractor License (SH125),Expired,NO,Certified Mold Inspections LLC,,c1d787d1b7,CREDENTIAL_ONLY,,,939a0ec586
ny_dol_mold,640,Mold Remediation Contractor License (SH126):25-6L761-SHMO,25-6L761-SHMO,Mold Remediation Contractor License (SH126),Active,YES,"Certified Water, Smoke and Fire Restor Svces LLC",,c1d787d1b7,CREDENTIAL_ONLY,,,939a0ec586
ny_dol_mold,641,Mold Assessment Contractor License (SH125):26-6SAN8-SHMO,26-6SAN8-SHMO,Mold Assessment Contractor License (SH125),Active,YES,Charlesquest LLC,,c1d787d1b7,CREDENTIAL_ONLY,,,939a0ec586
ny_dol_mold,642,Mold Remediation Contractor License (SH126):25-6TQKX-SHMO,25-6TQKX-SHMO,Mold Remediation Contractor License (SH126),Active,YES,Chris Martin Contracting LLC,,c1d787d1b7,CREDENTIAL_ONLY,,,939a0ec586
ny_dol_mold,643,Mold Remediation Contractor License (SH126):25-6498C-SHMO,25-6498C-SHMO,Mold Remediation Contractor License (SH126),Active,YES,"Cid Construction Services, LLC",,c1d787d1b7,CREDENTIAL_ONLY,,,939a0ec586
ny_dol_mold,644,Mold Remediation Contractor License (SH126):23-6UODO-SHMO,23-6UODO-SHMO,Mold Remediation Contractor License (SH126),Expired,NO,Classy Restorations LLC,,c1d787d1b7,CREDENTIAL_ONLY,,,939a0ec586
ny_dol_mold,645,Mold Assessment Contractor License (SH125):26-6AJF6-SHMO,26-6AJF6-SHMO,Mold Assessment Contractor License (SH125),Active,YES,Clean Air Consulting LLC,,c1d787d1b7,CREDENTIAL_ONLY,,,939a0ec586
ny_dol_mold,646,Mold Assessment Contractor License (SH125):24-6AIPN-SHMO,24-6AIPN-SHMO,Mold Assessment Contractor License (SH125),Expired,NO,"Clean Environmental Services, Inc.",,c1d787d1b7,CREDENTIAL_ONLY,,,939a0ec586
ny_dol_mold,647,Mold Remediation Contractor License (SH126):25-671Q8-SHMO,25-671Q8-SHMO,Mold Remediation Contractor License (SH126),Active,YES,Clean Up Kings,,c1d787d1b7,CREDENTIAL_ONLY,,,939a0ec586
ny_dol_mold,648,Mold Remediation Contractor License (SH126):25-658GZ-SHMO,25-658GZ-SHMO,Mold Remediation Contractor License (SH126),Active,YES,Clear Mold Solutions LLC,,c1d787d1b7,CREDENTIAL_ONLY,,,939a0ec586
ny_dol_mold,649,Mold Assessment Contractor License (SH125):26-6AX75-SHMO,26-6AX75-SHMO,Mold Assessment Contractor License (SH125),Active,YES,"Clinchfield Consulting Group, Inc.",,c1d787d1b7,CREDENTIAL_ONLY,,,939a0ec586
ny_dol_mold,650,Mold Assessment Contractor License (SH125):23-6L1YY-SHMO,23-6L1YY-SHMO,Mold Assessment Contractor License (SH125),Expired,NO,"Coastal Inspections Testing, LLC",,c1d787d1b7,CREDENTIAL_ONLY,,,939a0ec586
ny_dol_mold,651,Mold Assessment Contractor License (SH125):25-65BEX-SHMO,25-65BEX-SHMO,Mold Assessment Contractor License (SH125),Active,YES,Coastline Properties LLC,,c1d787d1b7,CREDENTIAL_ONLY,,,939a0ec586
ny_dol_mold,652,Mold Assessment Contractor License (SH125):25-64ZIT-SHMO,25-64ZIT-SHMO,Mold Assessment Contractor License (SH125),Active,YES,"Colliers Engineering & Design, Architecture, Landscape Architecture & Surveying CT, P.C.",,c1d787d1b7,CREDENTIAL_ONLY,,,939a0ec586
ny_dol_mold,653,Mold Assessment Contractor License (SH125):26-9YNDH-SHMO,26-9YNDH-SHMO,Mold Assessment Contractor License (SH125),Active,YES,"Commercial Lab Enterprise Corp.,",,c1d787d1b7,CREDENTIAL_ONLY,,,939a0ec586
ny_dol_mold,654,Mold Remediation Contractor License (SH126):24-6AY64-SHMO,24-6AY64-SHMO,Mold Remediation Contractor License (SH126),Expired,NO,Complex Development Inc,,c1d787d1b7,CREDENTIAL_ONLY,,,939a0ec586
ny_dol_mold,655,Mold Assessment Contractor License (SH125):26-6ZNQU-SHMO,26-6ZNQU-SHMO,Mold Assessment Contractor License (SH125),Active,YES,"Connecticut Environmental Services, Inc.",,c1d787d1b7,CREDENTIAL_ONLY,,,939a0ec586
ny_dol_mold,656,Mold Remediation Contractor License (SH126):01504,01504,Mold Remediation Contractor License (SH126),Expired,NO,"Contractors Alliance Network, LLC",,c1d787d1b7,CREDENTIAL_ONLY,,,939a0ec586
ny_dol_mold,657,Mold Assessment Contractor License (SH125):26-665GD-SHMO,26-665GD-SHMO,Mold Assessment Contractor License (SH125),Active,YES,Core Integrity Home Inspections LLC,,c1d787d1b7,CREDENTIAL_ONLY,,,939a0ec586
ny_dol_mold,658,Mold Assessment Contractor License (SH125):26-69OQN-SHMO,26-69OQN-SHMO,Mold Assessment Contractor License (SH125),Active,YES,"Cortland County Community Action Program, Inc.",,c1d787d1b7,CREDENTIAL_ONLY,,,939a0ec586
ny_dol_mold,659,Mold Assessment Contractor License (SH125):26-6641Z-SHMO,26-6641Z-SHMO,Mold Assessment Contractor License (SH125),Active,YES,Craftsman Home Remodeling,,c1d787d1b7,CREDENTIAL_ONLY,,,939a0ec586
ny_dol_mold,660,Mold Remediation Contractor License (SH126):24-6ZG6Q-SHMO,24-6ZG6Q-SHMO,Mold Remediation Contractor License (SH126),Expired,NO,Crisp Quality Construction Inc,,c1d787d1b7,CREDENTIAL_ONLY,,,939a0ec586
ny_dol_mold,661,Mold Assessment Contractor License (SH125):25-6UWFW-SHMO,25-6UWFW-SHMO,Mold Assessment Contractor License (SH125),Active,YES,"Crown Environmental, LLC",,c1d787d1b7,CREDENTIAL_ONLY,,,939a0ec586
ny_dol_mold,662,Mold Remediation Contractor License (SH126):24-6ZUED-SHMO,24-6ZUED-SHMO,Mold Remediation Contractor License (SH126),Expired,NO,Cunningham Duct Cleaning Co. Inc,,c1d787d1b7,CREDENTIAL_ONLY,,,939a0ec586
ny_dol_mold,663,Mold Remediation Contractor License (SH126):01835,01835,Mold Remediation Contractor License (SH126),Expired,NO,Custom Care Inc,,c1d787d1b7,CREDENTIAL_ONLY,,,939a0ec586
ny_dol_mold,664,Mold Assessment Contractor License (SH125):23-6T887-SHMO,23-6T887-SHMO,Mold Assessment Contractor License (SH125),Expired,NO,D & R Restoration Corp.,,c1d787d1b7,CREDENTIAL_ONLY,,,939a0ec586
ny_dol_mold,665,Mold Remediation Contractor License (SH126):25-64TFE-SHMO,25-64TFE-SHMO,Mold Remediation Contractor License (SH126),Active,YES,D.K. INTERIORS LTD,,c1d787d1b7,CREDENTIAL_ONLY,,,939a0ec586
ny_dol_mold,666,Mold Remediation Contractor License (SH126):26-63FS6-SHMO,26-63FS6-SHMO,Mold Remediation Contractor License (SH126),Active,YES,DAMAB TECHNOLOGIES AND SERVICES INC,,c1d787d1b7,CREDENTIAL_ONLY,,,939a0ec586
ny_dol_mold,667,Mold Remediation Contractor License (SH126):26-6SCFO-SHMO,26-6SCFO-SHMO,Mold Remediation Contractor License (SH126),Active,YES,"DBR Services, Inc.",,c1d787d1b7,CREDENTIAL_ONLY,,,939a0ec586
ny_dol_mold,668,Mold Remediation Contractor License (SH126):24-6A18B-SHMO,24-6A18B-SHMO,Mold Remediation Contractor License (SH126),Expired,NO,DKR CONSTRUCTION CORP.,,c1d787d1b7,CREDENTIAL_ONLY,,,939a0ec586
ny_dol_mold,669,Mold Assessment Contractor License (SH125):01784,01784,Mold Assessment Contractor License (SH125),Expired,NO,DM Rite Service LLC,,c1d787d1b7,CREDENTIAL_ONLY,,,939a0ec586
ny_dol_mold,670,Mold Remediation Contractor License (SH126):01869,01869,Mold Remediation Contractor License (SH126),Expired,NO,"DPAC Enterprises, Inc.",,c1d787d1b7,CREDENTIAL_ONLY,,,939a0ec586
ny_dol_mold,671,Mold Remediation Contractor License (SH126):25-67XK3-SHMO,25-67XK3-SHMO,Mold Remediation Contractor License (SH126),Active,YES,DTM Projects Corp,,c1d787d1b7,CREDENTIAL_ONLY,,,939a0ec586
ny_dol_mold,672,Mold Assessment Contractor License (SH125):23-6TXFI-SHMO,23-6TXFI-SHMO,Mold Assessment Contractor License (SH125),Expired,NO,Dakota Property Preservation & Home Improvement LLC,,c1d787d1b7,CREDENTIAL_ONLY,,,939a0ec586
ny_dol_mold,673,Mold Assessment Contractor License (SH125):25-64UBU-SHMO,25-64UBU-SHMO,Mold Assessment Contractor License (SH125),Active,YES,Darren Sponable,,c1d787d1b7,CREDENTIAL_ONLY,,,939a0ec586
ny_dol_mold,674,Mold Remediation Contractor License (SH126):24-6ATL7-SHMO,24-6ATL7-SHMO,Mold Remediation Contractor License (SH126),Expired,NO,Dectech Mechanical Corp.,,c1d787d1b7,CREDENTIAL_ONLY,,,939a0ec586
ny_dol_mold,675,Mold Assessment Contractor License (SH125):26-6ZXGI-SHMO,26-6ZXGI-SHMO,Mold Assessment Contractor License (SH125),Active,YES,Degmor Enterprises Inc.,,c1d787d1b7,CREDENTIAL_ONLY,,,939a0ec586
ny_dol_mold,676,Mold Assessment Contractor License (SH125):26-63GZI-SHMO,26-63GZI-SHMO,Mold Assessment Contractor License (SH125),Active,YES,"Deluca Maintenance Company, LLC",,c1d787d1b7,CREDENTIAL_ONLY,,,939a0ec586
ny_dol_mold,677,Mold Remediation Contractor License (SH126):25-6HNYV-SHMO,25-6HNYV-SHMO,Mold Remediation Contractor License (SH126),Active,YES,Demo Shark Inc,,c1d787d1b7,CREDENTIAL_ONLY,,,939a0ec586
ny_dol_mold,678,Mold Remediation Contractor License (SH126):26-6Z51B-SHMO,26-6Z51B-SHMO,Mold Remediation Contractor License (SH126),Active,YES,DiMar Restoration Corp,,c1d787d1b7,CREDENTIAL_ONLY,,,939a0ec586
ny_dol_mold,679,Mold Remediation Contractor License (SH126):23-6TOIR-SHMO,23-6TOIR-SHMO,Mold Remediation Contractor License (SH126),Expired,NO,Dino 626 Inc.,,c1d787d1b7,CREDENTIAL_ONLY,,,939a0ec586
ny_dol_mold,680,Mold Remediation Contractor License (SH126):26-6Z16G-SHMO,26-6Z16G-SHMO,Mold Remediation Contractor License (SH126),Active,YES,"Disaster Cleanup Services, Inc.",,c1d787d1b7,CREDENTIAL_ONLY,,,939a0ec586
ny_dol_mold,681,Mold Assessment Contractor License (SH125):25-6ZH9S-SHMO,25-6ZH9S-SHMO,Mold Assessment Contractor License (SH125),Active,YES,"Discovery Inspections, LLC",,c1d787d1b7,CREDENTIAL_ONLY,,,939a0ec586
ny_dol_mold,682,Mold Assessment Contractor License (SH125):01769,01769,Mold Assessment Contractor License (SH125),Expired,NO,Dominick Esposito,,c1d787d1b7,CREDENTIAL_ONLY,,,939a0ec586
ny_dol_mold,683,Mold Remediation Contractor License (SH126):01778,01778,Mold Remediation Contractor License (SH126),Expired,NO,Dr. Mold Removal LLC,,c1d787d1b7,CREDENTIAL_ONLY,,,939a0ec586
ny_dol_mold,684,Mold Remediation Contractor License (SH126):24-63U44-SHMO,24-63U44-SHMO,Mold Remediation Contractor License (SH126),Active,YES,"Drying Technologies, Inc.",,c1d787d1b7,CREDENTIAL_ONLY,,,939a0ec586
ny_dol_mold,685,Mold Remediation Contractor License (SH126):25-64K5C-SHMO,25-64K5C-SHMO,Mold Remediation Contractor License (SH126),Active,YES,Dset Assoc LLC,,c1d787d1b7,CREDENTIAL_ONLY,,,939a0ec586
ny_dol_mold,686,Mold Remediation Contractor License (SH126):24-63XQG-SHMO,24-63XQG-SHMO,Mold Remediation Contractor License (SH126),Active,YES,Dulcinium LLC,,c1d787d1b7,CREDENTIAL_ONLY,,,939a0ec586
ny_dol_mold,687,Mold Remediation Contractor License (SH126):25-64ZIZ-SHMO,25-64ZIZ-SHMO,Mold Remediation Contractor License (SH126),Active,YES,"Dussan, Inc",,c1d787d1b7,CREDENTIAL_ONLY,,,939a0ec586
ny_dol_mold,688,Mold Assessment Contractor License (SH125):25-6TKME-SHMO,25-6TKME-SHMO,Mold Assessment Contractor License (SH125),Active,YES,Dynamic GC Corp,,c1d787d1b7,CREDENTIAL_ONLY,,,939a0ec586
ny_dol_mold,689,Mold Assessment Contractor License (SH125):01697,01697,Mold Assessment Contractor License (SH125),Expired,NO,E&E Contracting Corporation,,c1d787d1b7,CREDENTIAL_ONLY,,,939a0ec586
ny_dol_mold,690,Mold Assessment Contractor License (SH125):01528,01528,Mold Assessment Contractor License (SH125),Expired,NO,EA Services Inc,,c1d787d1b7,CREDENTIAL_ONLY,,,939a0ec586
ny_dol_mold,691,Mold Remediation Contractor License (SH126):25-6HDJP-SHMO,25-6HDJP-SHMO,Mold Remediation Contractor License (SH126),Active,YES,EC ABATEMENT INC.,,c1d787d1b7,CREDENTIAL_ONLY,,,939a0ec586
ny_dol_mold,692,Mold Assessment Contractor License (SH125):26-6SS1I-SHMO,26-6SS1I-SHMO,Mold Assessment Contractor License (SH125),Active,YES,ECN Testing Corp,,c1d787d1b7,CREDENTIAL_ONLY,,,939a0ec586
ny_dol_mold,693,Mold Assessment Contractor License (SH125):26-6Z6RR-SHMO,26-6Z6RR-SHMO,Mold Assessment Contractor License (SH125),Active,YES,"EFI Global, Inc.",,c1d787d1b7,CREDENTIAL_ONLY,,,939a0ec586
ny_dol_mold,694,Mold Remediation Contractor License (SH126):26-6ZGI4-SHMO,26-6ZGI4-SHMO,Mold Remediation Contractor License (SH126),Active,YES,EKA CONTRACTING LLC,,c1d787d1b7,CREDENTIAL_ONLY,,,939a0ec586
ny_dol_mold,695,Mold Assessment Contractor License (SH125):26-69J86-SHMO,26-69J86-SHMO,Mold Assessment Contractor License (SH125),Active,YES,"EN-TECH ASSOCIATES, INC.",,c1d787d1b7,CREDENTIAL_ONLY,,,939a0ec586
ny_dol_mold,696,Mold Remediation Contractor License (SH126):26-6zuvt-shmo,26-6zuvt-shmo,Mold Remediation Contractor License (SH126),Active,YES,"ENP Environmental, Inc.",,c1d787d1b7,CREDENTIAL_ONLY,,,939a0ec586
ny_dol_mold,697,Mold Remediation Contractor License (SH126):26-6LSAU-SHMO,26-6LSAU-SHMO,Mold Remediation Contractor License (SH126),Active,YES,"ESG, Inc.",,c1d787d1b7,CREDENTIAL_ONLY,,,939a0ec586
ny_dol_mold,698,Mold Remediation Contractor License (SH126):26-6I5BT-SHMO,26-6I5BT-SHMO,Mold Remediation Contractor License (SH126),Active,YES,EST TRISH LLC     dba  Stanley Steemer of Syracuse,,c1d787d1b7,CREDENTIAL_ONLY,,,939a0ec586
ny_dol_mold,699,Mold Assessment Contractor License (SH125):25-65SDX-SHMO,25-65SDX-SHMO,Mold Assessment Contractor License (SH125),Active,YES,EZ Mart Incorporated,,c1d787d1b7,CREDENTIAL_ONLY,,,939a0ec586
ny_dol_mold,700,Mold Assessment Contractor License (SH125):24-64EF1-SHMO,24-64EF1-SHMO,Mold Assessment Contractor License (SH125),Active,YES,Earthwatch Environmental Consulting Inc,,c1d787d1b7,CREDENTIAL_ONLY,,,939a0ec586
ny_dol_mold,701,Mold Remediation Contractor License (SH126):25-64Q4J-SHMO,25-64Q4J-SHMO,Mold Remediation Contractor License (SH126),Active,YES,East End Environmental Corp.,,c1d787d1b7,CREDENTIAL_ONLY,,,939a0ec586
ny_dol_mold,702,Mold Assessment Contractor License (SH125):23-6LLTJ-SHMO,23-6LLTJ-SHMO,Mold Assessment Contractor License (SH125),Expired,NO,Eastern Home Inspections LLC,,c1d787d1b7,CREDENTIAL_ONLY,,,939a0ec586
ny_dol_mold,703,Mold Remediation Contractor License (SH126):00197,00197,Mold Remediation Contractor License (SH126),Expired,NO,"Ebenezer, Inc.",,c1d787d1b7,CREDENTIAL_ONLY,,,939a0ec586
ny_dol_mold,704,Mold Assessment Contractor License (SH125):25-6UOIY-SHMO,25-6UOIY-SHMO,Mold Assessment Contractor License (SH125),Active,YES,EcoPro Environmental Inc.,,c1d787d1b7,CREDENTIAL_ONLY,,,939a0ec586
ny_dol_mold,705,Mold Assessment Contractor License (SH125):25-6HPOC-SHMO,25-6HPOC-SHMO,Mold Assessment Contractor License (SH125),Active,YES,Edward a Bruning,,c1d787d1b7,CREDENTIAL_ONLY,,,939a0ec586
ny_dol_mold,706,Mold Remediation Contractor License (SH126):26-6AOBP-SHMO,26-6AOBP-SHMO,Mold Remediation Contractor License (SH126),Active,YES,Elezillc LLC,,c1d787d1b7,CREDENTIAL_ONLY,,,939a0ec586
ny_dol_mold,707,Mold Remediation Contractor License (SH126):25-6TKGU-SHMO,25-6TKGU-SHMO,Mold Remediation Contractor License (SH126),Active,YES,"Elite Restoration and Construction Inc,",,c1d787d1b7,CREDENTIAL_ONLY,,,939a0ec586
ny_dol_mold,708,Mold Remediation Contractor License (SH126):24-6I1TV-SHMO,24-6I1TV-SHMO,Mold Remediation Contractor License (SH126),Expired,NO,"Emergency Enclosures, Inc.",,c1d787d1b7,CREDENTIAL_ONLY,,,939a0ec586
ny_dol_mold,709,Mold Assessment Contractor License (SH125):25-6L1ZG-SHMO,25-6L1ZG-SHMO,Mold Assessment Contractor License (SH125),Active,YES,"Blue Line Environmental Services, LLC",,c1d787d1b7,CREDENTIAL_ONLY,,,939a0ec586
ny_dol_mold,710,Mold Remediation Contractor License (SH126):25-6TJJ3-SHMO,25-6TJJ3-SHMO,Mold Remediation Contractor License (SH126),Active,YES,Blue USA Construction Company Inc,,c1d787d1b7,CREDENTIAL_ONLY,,,939a0ec586
ny_dol_mold,711,Mold Remediation Contractor License (SH126):26-66NTE-SHMO,26-66NTE-SHMO,Mold Remediation Contractor License (SH126),Active,YES,Boccia Inc,,c1d787d1b7,CREDENTIAL_ONLY,,,939a0ec586
ny_dol_mold,712,Mold Remediation Contractor License (SH126):01721,01721,Mold Remediation Contractor License (SH126),Expired,NO,Bona Fide Services Inc,,c1d787d1b7,CREDENTIAL_ONLY,,,939a0ec586
ny_dol_mold,713,Mold Assessment Contractor License (SH125):26-9YR54-SHMO,26-9YR54-SHMO,Mold Assessment Contractor License (SH125),Active,YES,Brady Exposure & EHS Advisory LLC,,c1d787d1b7,CREDENTIAL_ONLY,,,939a0ec586
ny_dol_mold,714,Mold Remediation Contractor License (SH126):25-64IL3-SHMO,25-64IL3-SHMO,Mold Remediation Contractor License (SH126),Active,YES,BreathePure LLC,,c1d787d1b7,CREDENTIAL_ONLY,,,939a0ec586
ny_dol_mold,715,Mold Remediation Contractor License (SH126):25-6TOYM-SHMO,25-6TOYM-SHMO,Mold Remediation Contractor License (SH126),Active,YES,Bright Light Star Corp,,c1d787d1b7,CREDENTIAL_ONLY,,,939a0ec586
ny_dol_mold,716,Mold Remediation Contractor License (SH126):25-641I8-SHMO,25-641I8-SHMO,Mold Remediation Contractor License (SH126),Active,YES,"Bristol Environmental, LLC",,c1d787d1b7,CREDENTIAL_ONLY,,,939a0ec586
ny_dol_mold,717,Mold Assessment Contractor License (SH125):23-6UCW3-SHMO,23-6UCW3-SHMO,Mold Assessment Contractor License (SH125),Expired,NO,Brooklyn Environmental Inc,,c1d787d1b7,CREDENTIAL_ONLY,,,939a0ec586
ny_dol_mold,718,Mold Remediation Contractor License (SH126):24-6TOPJ-SHMO,24-6TOPJ-SHMO,Mold Remediation Contractor License (SH126),Expired,NO,Brooks Remediation Corporation,,c1d787d1b7,CREDENTIAL_ONLY,,,939a0ec586
ny_dol_mold,719,Mold Remediation Contractor License (SH126):26-6ZUVR-SHMO,26-6ZUVR-SHMO,Mold Remediation Contractor License (SH126),Active,YES,"Buildingology, Inc.",,c1d787d1b7,CREDENTIAL_ONLY,,,939a0ec586
ny_dol_mold,720,Mold Remediation Contractor License (SH126):25-6U8DB-SHMO,25-6U8DB-SHMO,Mold Remediation Contractor License (SH126),Active,YES,Bulovas Restorations Inc,,c1d787d1b7,CREDENTIAL_ONLY,,,939a0ec586
ny_dol_mold,721,Mold Remediation Contractor License (SH126):25-6LYR7-SHMO,25-6LYR7-SHMO,Mold Remediation Contractor License (SH126),Active,YES,"Burke Excavation Demolition, Inc",,c1d787d1b7,CREDENTIAL_ONLY,,,939a0ec586
ny_dol_mold,722,Mold Remediation Contractor License (SH126):25-6UXY8-SHMO,25-6UXY8-SHMO,Mold Remediation Contractor License (SH126),Active,YES,C & S of Long Island Inc,,c1d787d1b7,CREDENTIAL_ONLY,,,939a0ec586
ny_dol_mold,723,Mold Assessment Contractor License (SH125):26-6ZOQJ-SHMO,26-6ZOQJ-SHMO,Mold Assessment Contractor License (SH125),Active,YES,C&G A-Plus Interior Remodeling Corp.,,c1d787d1b7,CREDENTIAL_ONLY,,,939a0ec586
ny_dol_mold,724,Mold Assessment Contractor License (SH125):26-6IZHN-SHMO,26-6IZHN-SHMO,Mold Assessment Contractor License (SH125),Active,YES,"C.T. Male Associates Engineering, Surveying, Architecture, Landscape Architecture & Geology, D.P.C.",,c1d787d1b7,CREDENTIAL_ONLY,,,939a0ec586
ny_dol_mold,725,Mold Remediation Contractor License (SH126):24-6ZFND-SHMO,24-6ZFND-SHMO,Mold Remediation Contractor License (SH126),Expired,NO,CB Consultant Group LLC,,c1d787d1b7,CREDENTIAL_ONLY,,,939a0ec586
ny_dol_mold,726,Mold Remediation Contractor License (SH126):25-65FXH-SHMO,25-65FXH-SHMO,Mold Remediation Contractor License (SH126),Active,YES,CH2M Hill BWXT West Valley LLC,,c1d787d1b7,CREDENTIAL_ONLY,,,939a0ec586
ny_dol_mold,727,Mold Assessment Contractor License (SH125):26-667LI-SHMO,26-667LI-SHMO,Mold Assessment Contractor License (SH125),Active,YES,CM Remodel LLC,,c1d787d1b7,CREDENTIAL_ONLY,,,939a0ec586
ny_dol_mold,728,Mold Remediation Contractor License (SH126):25-67J9Z-SHMO,25-67J9Z-SHMO,Mold Remediation Contractor License (SH126),Active,YES,"CP Restorations,  Inc.",,c1d787d1b7,CREDENTIAL_ONLY,,,939a0ec586
ny_dol_mold,729,Mold Remediation Contractor License (SH126):25-64SBS-SHMO,25-64SBS-SHMO,Mold Remediation Contractor License (SH126),Active,YES,CROWN MOLD SPECIALISTS LLC,,c1d787d1b7,CREDENTIAL_ONLY,,,939a0ec586
ny_dol_mold,730,Mold Assessment Contractor License (SH125):25-649NC-SHMO,25-649NC-SHMO,Mold Assessment Contractor License (SH125),Active,YES,CSI HOME INSPECTORS NY LLC,,c1d787d1b7,CREDENTIAL_ONLY,,,939a0ec586
ny_dol_mold,731,Mold Assessment Contractor License (SH125):26-6SIF4-SHMO,26-6SIF4-SHMO,Mold Assessment Contractor License (SH125),Active,YES,CUNO ENVIRONMENTAL CORPORATION,,c1d787d1b7,CREDENTIAL_ONLY,,,939a0ec586
ny_dol_mold,732,Mold Remediation Contractor License (SH126):26-6ADN4-SHMO,26-6ADN4-SHMO,Mold Remediation Contractor License (SH126),Active,YES,Cajal Enterprises Inc.,,c1d787d1b7,CREDENTIAL_ONLY,,,939a0ec586
ny_dol_mold,733,Mold Remediation Contractor License (SH126):01740,01740,Mold Remediation Contractor License (SH126),Expired,NO,"Campbell's Professional Services, LLC",,c1d787d1b7,CREDENTIAL_ONLY,,,939a0ec586
ny_dol_mold,734,Mold Assessment Contractor License (SH125):26-6Z9VU-SHMO,26-6Z9VU-SHMO,Mold Assessment Contractor License (SH125),Active,YES,Capital Region Home Inspection LLC,,c1d787d1b7,CREDENTIAL_ONLY,,,939a0ec586
ny_dol_mold,735,Mold Assessment Contractor License (SH125):00571,00571,Mold Assessment Contractor License (SH125),Expired,NO,"Capital United Industries, Inc.",,c1d787d1b7,CREDENTIAL_ONLY,,,939a0ec586
ny_dol_mold,736,Mold Assessment Contractor License (SH125):26-675S4-SHMO,26-675S4-SHMO,Mold Assessment Contractor License (SH125),Active,YES,Casablanca Environmental and Building Diagnostics LLC,,c1d787d1b7,CREDENTIAL_ONLY,,,939a0ec586
ny_dol_mold,737,Mold Assessment Contractor License (SH125):26-69JRO-SHMO,26-69JRO-SHMO,Mold Assessment Contractor License (SH125),Active,YES,Category 3 LLC,,c1d787d1b7,CREDENTIAL_ONLY,,,939a0ec586
ny_dol_mold,738,Mold Assessment Contractor License (SH125):24-6A8E1-SHMO,24-6A8E1-SHMO,Mold Assessment Contractor License (SH125),Expired,NO,"Central Real Estate Inspections, Inc.",,c1d787d1b7,CREDENTIAL_ONLY,,,939a0ec586
ny_dol_mold,739,Mold Remediation Contractor License (SH126):26-69TB1-SHMO,26-69TB1-SHMO,Mold Remediation Contractor License (SH126),Active,YES,Certified Environmental NY Inc.,,c1d787d1b7,CREDENTIAL_ONLY,,,939a0ec586
ny_dol_mold,740,Mold Assessment Contractor License (SH125):00195,00195,Mold Assessment Contractor License (SH125),Expired,NO,"Certified Mold Inspections, Inc.",,c1d787d1b7,CREDENTIAL_ONLY,,,939a0ec586
ny_dol_mold,741,Mold Assessment Contractor License (SH125):26-6uqnf-shmo,26-6uqnf-shmo,Mold Assessment Contractor License (SH125),Active,YES,Chards Division IT LLC,,c1d787d1b7,CREDENTIAL_ONLY,,,939a0ec586
ny_dol_mold,742,Mold Remediation Contractor License (SH126):26-6614G-SHMO,26-6614G-SHMO,Mold Remediation Contractor License (SH126),Active,YES,Chefalo Contracting LLC,,c1d787d1b7,CREDENTIAL_ONLY,,,939a0ec586
ny_dol_mold,743,Mold Assessment Contractor License (SH125):26-6Z5JN-SHMO,26-6Z5JN-SHMO,Mold Assessment Contractor License (SH125),Active,YES,"Chris The Home Inspector, LLC",,c1d787d1b7,CREDENTIAL_ONLY,,,939a0ec586
ny_dol_mold,744,Mold Remediation Contractor License (SH126):26-6AZKH-SHMO,26-6AZKH-SHMO,Mold Remediation Contractor License (SH126),Active,YES,"Citywide Environmental Services, LLC",,c1d787d1b7,CREDENTIAL_ONLY,,,939a0ec586
ny_dol_mold,745,Mold Assessment Contractor License (SH125):24-6AZSH-SHMO,24-6AZSH-SHMO,Mold Assessment Contractor License (SH125),Expired,NO,Clawback Inc.,,c1d787d1b7,CREDENTIAL_ONLY,,,939a0ec586
ny_dol_mold,746,Mold Assessment Contractor License (SH125):26-9YB8P-SHMO,26-9YB8P-SHMO,Mold Assessment Contractor License (SH125),Active,YES,Clean Air Mold Assessment LLC,,c1d787d1b7,CREDENTIAL_ONLY,,,939a0ec586
ny_dol_mold,747,Mold Assessment Contractor License (SH125):23-6LSQE-SHMO,23-6LSQE-SHMO,Mold Assessment Contractor License (SH125),Expired,NO,Clean Isles Inc.,,c1d787d1b7,CREDENTIAL_ONLY,,,939a0ec586
ny_dol_mold,748,Mold Remediation Contractor License (SH126):25-6TPSH-SHMO,25-6TPSH-SHMO,Mold Remediation Contractor License (SH126),Active,YES,Clean World Solutions LLC,,c1d787d1b7,CREDENTIAL_ONLY,,,939a0ec586
ny_dol_mold,749,Mold Assessment Contractor License (SH125):25-658GI-SHMO,25-658GI-SHMO,Mold Assessment Contractor License (SH125),Active,YES,Clear Mold Solutions LLC,,c1d787d1b7,CREDENTIAL_ONLY,,,939a0ec586
ny_dol_mold,750,Mold Remediation Contractor License (SH126):01529,01529,Mold Remediation Contractor License (SH126),Expired,NO,Cmc Painting Inc,,c1d787d1b7,CREDENTIAL_ONLY,,,939a0ec586
ny_dol_mold,751,Mold Assessment Contractor License (SH125):26-69Y3Z-SHMO,26-69Y3Z-SHMO,Mold Assessment Contractor License (SH125),Active,YES,Coastal Renewal Corp.,,c1d787d1b7,CREDENTIAL_ONLY,,,939a0ec586
ny_dol_mold,752,Mold Remediation Contractor License (SH126):26-67I5F-SHMO,26-67I5F-SHMO,Mold Remediation Contractor License (SH126),Active,YES,Cobra Property Management,,c1d787d1b7,CREDENTIAL_ONLY,,,939a0ec586
ny_dol_mold,753,Mold Remediation Contractor License (SH126):23-6UOSW-SHMO,23-6UOSW-SHMO,Mold Remediation Contractor License (SH126),Expired,NO,"Collins Building Servies, Inc",,c1d787d1b7,CREDENTIAL_ONLY,,,939a0ec586
ny_dol_mold,754,Mold Remediation Contractor License (SH126):25-61EA5-SHMO,25-61EA5-SHMO,Mold Remediation Contractor License (SH126),Active,YES,"Community Contractors & Builders, LLC",,c1d787d1b7,CREDENTIAL_ONLY,,,939a0ec586
ny_dol_mold,755,Mold Remediation Contractor License (SH126):25-61VC3-SHMO,25-61VC3-SHMO,Mold Remediation Contractor License (SH126),Active,YES,Comprehensive Mold Management of NY LLC,,c1d787d1b7,CREDENTIAL_ONLY,,,939a0ec586
ny_dol_mold,756,Mold Remediation Contractor License (SH126):26-6ZLQD-SHMO,26-6ZLQD-SHMO,Mold Remediation Contractor License (SH126),Active,YES,Consolidated Environmental Inc.,,c1d787d1b7,CREDENTIAL_ONLY,,,939a0ec586
ny_dol_mold,757,Mold Assessment Contractor License (SH125):26-6SICG-SHMO,26-6SICG-SHMO,Mold Assessment Contractor License (SH125),Active,YES,"Converse Laboratories, Inc",,c1d787d1b7,CREDENTIAL_ONLY,,,939a0ec586
ny_dol_mold,758,Mold Remediation Contractor License (SH126):25-65B7P-SHMO,25-65B7P-SHMO,Mold Remediation Contractor License (SH126),Active,YES,Cornerstone Builders NY LLC,,c1d787d1b7,CREDENTIAL_ONLY,,,939a0ec586
ny_dol_mold,759,Mold Assessment Contractor License (SH125):25-6HXTO-SHMO,25-6HXTO-SHMO,Mold Assessment Contractor License (SH125),Active,YES,Costa Home Builders LLC,,c1d787d1b7,CREDENTIAL_ONLY,,,939a0ec586
ny_dol_mold,760,Mold Remediation Contractor License (SH126):25-64TF8-SHMO,25-64TF8-SHMO,Mold Remediation Contractor License (SH126),Active,YES,"Creative Touch Construction, Corp.",,c1d787d1b7,CREDENTIAL_ONLY,,,939a0ec586
ny_dol_mold,761,Mold Remediation Contractor License (SH126):25-6UOSA-SHMO,25-6UOSA-SHMO,Mold Remediation Contractor License (SH126),Active,YES,Cromwell Environmental Inc,,c1d787d1b7,CREDENTIAL_ONLY,,,939a0ec586
ny_dol_mold,762,Mold Remediation Contractor License (SH126):24-633TS-SHMO,24-633TS-SHMO,Mold Remediation Contractor License (SH126),Active,YES,Crown Field Services LLC,,c1d787d1b7,CREDENTIAL_ONLY,,,939a0ec586
ny_dol_mold,763,Mold Remediation Contractor License (SH126):25-6ud3d-shmo,25-6ud3d-shmo,Mold Remediation Contractor License (SH126),Active,YES,"Curatola Contracting, Inc.",,c1d787d1b7,CREDENTIAL_ONLY,,,939a0ec586
ny_dol_mold,764,Mold Remediation Contractor License (SH126):26-6S6RZ-SHMO,26-6S6RZ-SHMO,Mold Remediation Contractor License (SH126),Active,YES,Custom Care Inc,,c1d787d1b7,CREDENTIAL_ONLY,,,939a0ec586
ny_dol_mold,765,Mold Remediation Contractor License (SH126):25-6LVDX-SHMO,25-6LVDX-SHMO,Mold Remediation Contractor License (SH126),Active,YES,"D & S Restoration, Inc.",,c1d787d1b7,CREDENTIAL_ONLY,,,939a0ec586
ny_dol_mold,766,Mold Assessment Contractor License (SH125):00319,00319,Mold Assessment Contractor License (SH125),Expired,NO,D.R. Environmental LLC,,c1d787d1b7,CREDENTIAL_ONLY,,,939a0ec586
ny_dol_mold,767,Mold Assessment Contractor License (SH125):26-63G3L-SHMO,26-63G3L-SHMO,Mold Assessment Contractor License (SH125),Active,YES,"DASO Green Technologies, Inc.",,c1d787d1b7,CREDENTIAL_ONLY,,,939a0ec586
ny_dol_mold,768,Mold Assessment Contractor License (SH125):26-673GY-SHMO,26-673GY-SHMO,Mold Assessment Contractor License (SH125),Active,YES,DEEMOLD INC,,c1d787d1b7,CREDENTIAL_ONLY,,,939a0ec586
ny_dol_mold,769,Mold Assessment Contractor License (SH125):26-66KP6-SHMO,26-66KP6-SHMO,Mold Assessment Contractor License (SH125),Active,YES,DLG Home Insights LLC,,c1d787d1b7,CREDENTIAL_ONLY,,,939a0ec586
ny_dol_mold,770,Mold Assessment Contractor License (SH125):26-6scb7-shmo,26-6scb7-shmo,Mold Assessment Contractor License (SH125),Active,YES,DMGJ CORP,,c1d787d1b7,CREDENTIAL_ONLY,,,939a0ec586
ny_dol_mold,771,Mold Assessment Contractor License (SH125):25-6UTK6-SHMO,25-6UTK6-SHMO,Mold Assessment Contractor License (SH125),Active,YES,DTG Newark LLC,,c1d787d1b7,CREDENTIAL_ONLY,,,939a0ec586
ny_dol_mold,772,Mold Assessment Contractor License (SH125):26-63XKQ-SHMO,26-63XKQ-SHMO,Mold Assessment Contractor License (SH125),Active,YES,Dad and Daughters Home Inspection LLC,,c1d787d1b7,CREDENTIAL_ONLY,,,939a0ec586
ny_dol_mold,773,Mold Assessment Contractor License (SH125):26-66PO9-SHMO,26-66PO9-SHMO,Mold Assessment Contractor License (SH125),Active,YES,"Dan W's Inspections, INC.",,c1d787d1b7,CREDENTIAL_ONLY,,,939a0ec586
ny_dol_mold,774,Mold Assessment Contractor License (SH125):00202,00202,Mold Assessment Contractor License (SH125),Expired,NO,David's Designs LLC,,c1d787d1b7,CREDENTIAL_ONLY,,,939a0ec586
ny_dol_mold,775,Mold Remediation Contractor License (SH126):26-6ZH73-SHMO,26-6ZH73-SHMO,Mold Remediation Contractor License (SH126),Active,YES,"Deep Clean Restoration, LLC",,c1d787d1b7,CREDENTIAL_ONLY,,,939a0ec586
ny_dol_mold,776,Mold Remediation Contractor License (SH126):26-69JYP-SHMO,26-69JYP-SHMO,Mold Remediation Contractor License (SH126),Active,YES,"Delete 86 Environmental, LLC",,c1d787d1b7,CREDENTIAL_ONLY,,,939a0ec586
ny_dol_mold,777,Mold Remediation Contractor License (SH126):26-63GZZ-SHMO,26-63GZZ-SHMO,Mold Remediation Contractor License (SH126),Active,YES,"Deluca Maintenance Company, LLC",,c1d787d1b7,CREDENTIAL_ONLY,,,939a0ec586
ny_dol_mold,778,Mold Assessment Contractor License (SH125):23-6UEUB-SHMO,23-6UEUB-SHMO,Mold Assessment Contractor License (SH125),Expired,NO,Desired Home Inspections LLC,,c1d787d1b7,CREDENTIAL_ONLY,,,939a0ec586
ny_dol_mold,779,Mold Assessment Contractor License (SH125):24-6SU3R-SHMO,24-6SU3R-SHMO,Mold Assessment Contractor License (SH125),Expired,NO,"Dickinson Environmental Consulting, LLC",,c1d787d1b7,CREDENTIAL_ONLY,,,939a0ec586
ny_dol_mold,780,Mold Assessment Contractor License (SH125):24-64EFP-SHMO,24-64EFP-SHMO,Mold Assessment Contractor License (SH125),Active,YES,Dino 626 Inc.,,c1d787d1b7,CREDENTIAL_ONLY,,,939a0ec586
ny_dol_mold,781,Mold Remediation Contractor License (SH126):23-6U6ZI-SHMO,23-6U6ZI-SHMO,Mold Remediation Contractor License (SH126),Expired,NO,Disaster Pro Inc.,,c1d787d1b7,CREDENTIAL_ONLY,,,939a0ec586
ny_dol_mold,782,Mold Assessment Contractor License (SH125):23-6TQYJ-SHMO,23-6TQYJ-SHMO,Mold Assessment Contractor License (SH125),Expired,NO,"Distinct Engineering Solutions, Inc.",,c1d787d1b7,CREDENTIAL_ONLY,,,939a0ec586
ny_dol_mold,783,Mold Remediation Contractor License (SH126):25-6UJFH-SHMO,25-6UJFH-SHMO,Mold Remediation Contractor License (SH126),Active,YES,Douglass Construction Corp,,c1d787d1b7,CREDENTIAL_ONLY,,,939a0ec586
ny_dol_mold,784,Mold Assessment Contractor License (SH125):01251,01251,Mold Assessment Contractor License (SH125),Expired,NO,Dr. Mold Removal LLC,,c1d787d1b7,CREDENTIAL_ONLY,,,939a0ec586
ny_dol_mold,785,Mold Assessment Contractor License (SH125):00614,00614,Mold Assessment Contractor License (SH125),Expired,NO,"Drying Technologies, Inc.",,c1d787d1b7,CREDENTIAL_ONLY,,,939a0ec586
ny_dol_mold,786,Mold Assessment Contractor License (SH125):25-64K5E-SHMO,25-64K5E-SHMO,Mold Assessment Contractor License (SH125),Active,YES,Dset Assoc LLC,,c1d787d1b7,CREDENTIAL_ONLY,,,939a0ec586
ny_dol_mold,787,Mold Assessment Contractor License (SH125):24-63XQ8-SHMO,24-63XQ8-SHMO,Mold Assessment Contractor License (SH125),Active,YES,Dulcinium LLC,,c1d787d1b7,CREDENTIAL_ONLY,,,939a0ec586
ny_dol_mold,788,Mold Assessment Contractor License (SH125):01511,01511,Mold Assessment Contractor License (SH125),Expired,NO,Dustin C Van Alphen,,c1d787d1b7,CREDENTIAL_ONLY,,,939a0ec586
ny_dol_mold,789,Mold Remediation Contractor License (SH126):25-6SDOX-SHMO,25-6SDOX-SHMO,Mold Remediation Contractor License (SH126),Active,YES,Dynamics Development Services Inc,,c1d787d1b7,CREDENTIAL_ONLY,,,939a0ec586
ny_dol_mold,790,Mold Remediation Contractor License (SH126):26-6Z6GC-SHMO,26-6Z6GC-SHMO,Mold Remediation Contractor License (SH126),Active,YES,"E-Z Flow Gutters, LLC",,c1d787d1b7,CREDENTIAL_ONLY,,,939a0ec586
ny_dol_mold,791,Mold Remediation Contractor License (SH126):26-6AKRL-SHMO,26-6AKRL-SHMO,Mold Remediation Contractor License (SH126),Active,YES,EA Services Inc,,c1d787d1b7,CREDENTIAL_ONLY,,,939a0ec586
ny_dol_mold,792,Mold Remediation Contractor License (SH126):01725,01725,Mold Remediation Contractor License (SH126),Expired,NO,EC Abatement Inc.,,c1d787d1b7,CREDENTIAL_ONLY,,,939a0ec586
ny_dol_mold,793,Mold Assessment Contractor License (SH125):25-6HP5G-SHMO,25-6HP5G-SHMO,Mold Assessment Contractor License (SH125),Active,YES,ECOSCAN ASSESSORS INC.,,c1d787d1b7,CREDENTIAL_ONLY,,,939a0ec586
ny_dol_mold,794,Mold Assessment Contractor License (SH125):25-6UJAA-SHMO,25-6UJAA-SHMO,Mold Assessment Contractor License (SH125),Active,YES,EGR Environmental Inc.,,c1d787d1b7,CREDENTIAL_ONLY,,,939a0ec586
ny_dol_mold,795,Mold Remediation Contractor License (SH126):25-64XXK-SHMO,25-64XXK-SHMO,Mold Remediation Contractor License (SH126),Active,YES,ELITE H. RENOVATION LLC,,c1d787d1b7,CREDENTIAL_ONLY,,,939a0ec586
ny_dol_mold,796,Mold Assessment Contractor License (SH125):00777,00777,Mold Assessment Contractor License (SH125),Expired,NO,"EN-TECH ASSOCIATES, INC.",,c1d787d1b7,CREDENTIAL_ONLY,,,939a0ec586
ny_dol_mold,797,Mold Remediation Contractor License (SH126):26-6IE98-SHMO,26-6IE98-SHMO,Mold Remediation Contractor License (SH126),Active,YES,ENVIROBLISS CONSULTING INC.,,c1d787d1b7,CREDENTIAL_ONLY,,,939a0ec586
ny_dol_mold,798,Mold Assessment Contractor License (SH125):25-6IPBU-SHMO,25-6IPBU-SHMO,Mold Assessment Contractor License (SH125),Active,YES,"ESIS, Inc.",,c1d787d1b7,CREDENTIAL_ONLY,,,939a0ec586
ny_dol_mold,799,Mold Assessment Contractor License (SH125):26-66QQN-SHMO,26-66QQN-SHMO,Mold Assessment Contractor License (SH125),Active,YES,ET ENVIRO LLC,,c1d787d1b7,CREDENTIAL_ONLY,,,939a0ec586
ny_dol_mold,800,Mold Assessment Contractor License (SH125):25-6U1HO-SHMO,25-6U1HO-SHMO,Mold Assessment Contractor License (SH125),Active,YES,Earlybird Environmental LLC,,c1d787d1b7,CREDENTIAL_ONLY,,,939a0ec586
ny_dol_mold,801,Mold Assessment Contractor License (SH125):01783,01783,Mold Assessment Contractor License (SH125),Expired,NO,"East Centers of NY, LLC",,c1d787d1b7,CREDENTIAL_ONLY,,,939a0ec586
ny_dol_mold,802,Mold Assessment Contractor License (SH125):26-67SOP-SHMO,26-67SOP-SHMO,Mold Assessment Contractor License (SH125),Active,YES,East End Flood & Fire Restoration LLC,,c1d787d1b7,CREDENTIAL_ONLY,,,939a0ec586
ny_dol_mold,803,Mold Remediation Contractor License (SH126):25-64TFK-SHMO,25-64TFK-SHMO,Mold Remediation Contractor License (SH126),Active,YES,"Eastern Pro Contracting, LLC",,c1d787d1b7,CREDENTIAL_ONLY,,,939a0ec586
ny_dol_mold,804,Mold Remediation Contractor License (SH126):24-6ATAA-SHMO,24-6ATAA-SHMO,Mold Remediation Contractor License (SH126),Expired,NO,Ebeno Studios Corp,,c1d787d1b7,CREDENTIAL_ONLY,,,939a0ec586
ny_dol_mold,805,Mold Remediation Contractor License (SH126):25-61vpb-shmo,25-61vpb-shmo,Mold Remediation Contractor License (SH126),Active,YES,"Edelweiss Khust, Inc",,c1d787d1b7,CREDENTIAL_ONLY,,,939a0ec586
ny_dol_mold,806,Mold Assessment Contractor License (SH125):01730,01730,Mold Assessment Contractor License (SH125),Expired,NO,Edwards Environmental Services LLC,,c1d787d1b7,CREDENTIAL_ONLY,,,939a0ec586
ny_dol_mold,807,Mold Assessment Contractor License (SH125):26-6AOBK-SHMO,26-6AOBK-SHMO,Mold Assessment Contractor License (SH125),Active,YES,Elezillc LLC,,c1d787d1b7,CREDENTIAL_ONLY,,,939a0ec586
ny_dol_mold,808,Mold Assessment Contractor License (SH125):23-6UCBZ-SHMO,23-6UCBZ-SHMO,Mold Assessment Contractor License (SH125),Expired,NO,Elloheim Miller,,c1d787d1b7,CREDENTIAL_ONLY,,,939a0ec586
ny_dol_mold,809,Mold Remediation Contractor License (SH126):24-6Z4UK-SHMO,24-6Z4UK-SHMO,Mold Remediation Contractor License (SH126),Expired,NO,"Emergency Service Group 2, Inc.",,c1d787d1b7,CREDENTIAL_ONLY,,,939a0ec586
ny_dol_mold,810,Mold Remediation Contractor License (SH126):26-6UPW1-SHMO,26-6UPW1-SHMO,Mold Remediation Contractor License (SH126),Active,YES,"Emergi-Clean, Inc",,c1d787d1b7,CREDENTIAL_ONLY,,,939a0ec586
ny_dol_mold,811,Mold Remediation Contractor License (SH126):25-6tops-shmo,25-6tops-shmo,Mold Remediation Contractor License (SH126),Active,YES,Empire Building Diagnostics Inc,,c1d787d1b7,CREDENTIAL_ONLY,,,939a0ec586
ny_dol_mold,812,Mold Assessment Contractor License (SH125):26-66HGV-SHMO,26-66HGV-SHMO,Mold Assessment Contractor License (SH125),Active,YES,Empire Inspectors LLC,,c1d787d1b7,CREDENTIAL_ONLY,,,939a0ec586
ny_dol_mold,813,Mold Assessment Contractor License (SH125):26-6LI3E-SHMO,26-6LI3E-SHMO,Mold Assessment Contractor License (SH125),Active,YES,"Encorus Group Engineering, P.C.",,c1d787d1b7,CREDENTIAL_ONLY,,,939a0ec586
ny_dol_mold,814,Mold Assessment Contractor License (SH125):01753,01753,Mold Assessment Contractor License (SH125),Expired,NO,"Energy Conservation Services, Inc.",,c1d787d1b7,CREDENTIAL_ONLY,,,939a0ec586
ny_dol_mold,815,Mold Remediation Contractor License (SH126):01751,01751,Mold Remediation Contractor License (SH126),Expired,NO,Enviro Air Quality LLC,,c1d787d1b7,CREDENTIAL_ONLY,,,939a0ec586
ny_dol_mold,816,Mold Assessment Contractor License (SH125):24-63ODO-SHMO,24-63ODO-SHMO,Mold Assessment Contractor License (SH125),Active,YES,Enviro-Pro UnLTD Corp.,,c1d787d1b7,CREDENTIAL_ONLY,,,939a0ec586
ny_dol_mold,817,Mold Remediation Contractor License (SH126):26-674LF-SHMO,26-674LF-SHMO,Mold Remediation Contractor License (SH126),Active,YES,Enviro-sciences of Delaware Inc,,c1d787d1b7,CREDENTIAL_ONLY,,,939a0ec586
ny_dol_mold,818,Mold Assessment Contractor License (SH125):26-6ZZUT-SHMO,26-6ZZUT-SHMO,Mold Assessment Contractor License (SH125),Active,YES,EnviroPro Inspection Services Inc.,,c1d787d1b7,CREDENTIAL_ONLY,,,939a0ec586
ny_dol_mold,819,Mold Assessment Contractor License (SH125):24-6ZUGZ-SHMO,24-6ZUGZ-SHMO,Mold Assessment Contractor License (SH125),Expired,NO,Environ Safety Corp.,,c1d787d1b7,CREDENTIAL_ONLY,,,939a0ec586
ny_dol_mold,820,Mold Assessment Contractor License (SH125):25-6IOS3-SHMO,25-6IOS3-SHMO,Mold Assessment Contractor License (SH125),Active,YES,"Environmental Building Solutions, LLC",,c1d787d1b7,CREDENTIAL_ONLY,,,939a0ec586
ny_dol_mold,821,Mold Assessment Contractor License (SH125):24-631PG-SHMO,24-631PG-SHMO,Mold Assessment Contractor License (SH125),Active,YES,"Environmental Consulting & Management Services, Inc.",,c1d787d1b7,CREDENTIAL_ONLY,,,939a0ec586
ny_dol_mold,822,Mold Remediation Contractor License (SH126):25-6IZI5-SHMO,25-6IZI5-SHMO,Mold Remediation Contractor License (SH126),Active,YES,"Environmental Maintenance Contractors, Inc",,c1d787d1b7,CREDENTIAL_ONLY,,,939a0ec586
ny_dol_mold,823,Mold Assessment Contractor License (SH125):25-6lu6e-shmo,25-6lu6e-shmo,Mold Assessment Contractor License (SH125),Active,YES,"Environmental Planning and Management, Inc.",,c1d787d1b7,CREDENTIAL_ONLY,,,939a0ec586
ny_dol_mold,824,Mold Assessment Contractor License (SH125):23-6U159-SHMO,23-6U159-SHMO,Mold Assessment Contractor License (SH125),Expired,NO,"Environmental Testing & Consulting, Inc.",,c1d787d1b7,CREDENTIAL_ONLY,,,939a0ec586
ny_dol_mold,825,Mold Remediation Contractor License (SH126):26-6ZIPR-SHMO,26-6ZIPR-SHMO,Mold Remediation Contractor License (SH126),Active,YES,Enviroscience Consultants LLC,,c1d787d1b7,CREDENTIAL_ONLY,,,939a0ec586
ny_dol_mold,826,Mold Remediation Contractor License (SH126):25-6UUH3-SHMO,25-6UUH3-SHMO,Mold Remediation Contractor License (SH126),Active,YES,Envirotech Mold Specialists LLC,,c1d787d1b7,CREDENTIAL_ONLY,,,939a0ec586
ny_dol_mold,827,Mold Assessment Contractor License (SH125):26-6ZZFY-SHMO,26-6ZZFY-SHMO,Mold Assessment Contractor License (SH125),Active,YES,Eric Thomas,,c1d787d1b7,CREDENTIAL_ONLY,,,939a0ec586
ny_dol_mold,828,Mold Assessment Contractor License (SH125):24-6315T-SHMO,24-6315T-SHMO,Mold Assessment Contractor License (SH125),Active,YES,Eru-Ken Consulting LLC,,c1d787d1b7,CREDENTIAL_ONLY,,,939a0ec586
ny_dol_mold,829,Mold Assessment Contractor License (SH125):23-6LDO6-SHMO,23-6LDO6-SHMO,Mold Assessment Contractor License (SH125),Expired,NO,Estate Inspection Group Inc.,,c1d787d1b7,CREDENTIAL_ONLY,,,939a0ec586
ny_dol_mold,830,Mold Assessment Contractor License (SH125):25-6UOYI-SHMO,25-6UOYI-SHMO,Mold Assessment Contractor License (SH125),Active,YES,"Evmel Inspections and Energy Management, Inc.",,c1d787d1b7,CREDENTIAL_ONLY,,,939a0ec586
ny_dol_mold,831,Mold Assessment Contractor License (SH125):25-6IPGJ-SHMO,25-6IPGJ-SHMO,Mold Assessment Contractor License (SH125),Active,YES,Exclusive Testing Labs Inc,,c1d787d1b7,CREDENTIAL_ONLY,,,939a0ec586
ny_dol_mold,832,Mold Remediation Contractor License (SH126):26-6ZLYC-SHMO,26-6ZLYC-SHMO,Mold Remediation Contractor License (SH126),Active,YES,"Expediant Environmental Solutions, LLC",,c1d787d1b7,CREDENTIAL_ONLY,,,939a0ec586
ny_dol_mold,833,Mold Remediation Contractor License (SH126):26-6AS1K-SHMO,26-6AS1K-SHMO,Mold Remediation Contractor License (SH126),Active,YES,Expert Mitigation Services LLC,,c1d787d1b7,CREDENTIAL_ONLY,,,939a0ec586
ny_dol_mold,834,Mold Assessment Contractor License (SH125):24-6A7LZ-SHMO,24-6A7LZ-SHMO,Mold Assessment Contractor License (SH125),Expired,NO,Express Mold Removal Corp.,,c1d787d1b7,CREDENTIAL_ONLY,,,939a0ec586
ny_dol_mold,835,Mold Remediation Contractor License (SH126):26-63U79-SHMO,26-63U79-SHMO,Mold Remediation Contractor License (SH126),Active,YES,FCS Group LLC,,c1d787d1b7,CREDENTIAL_ONLY,,,939a0ec586
ny_dol_mold,836,Mold Remediation Contractor License (SH126):26-6I3LG-SHMO,26-6I3LG-SHMO,Mold Remediation Contractor License (SH126),Active,YES,FLOOD GENIUS LLC,,c1d787d1b7,CREDENTIAL_ONLY,,,939a0ec586
ny_dol_mold,837,Mold Remediation Contractor License (SH126):24-6I4U7-SHMO,24-6I4U7-SHMO,Mold Remediation Contractor License (SH126),Expired,NO,FOURDUBS INC,,c1d787d1b7,CREDENTIAL_ONLY,,,939a0ec586
ny_dol_mold,838,Mold Assessment Contractor License (SH125):25-6I3KZ-SHMO,25-6I3KZ-SHMO,Mold Assessment Contractor License (SH125),Active,YES,"Family First Environmental, Corp.",,c1d787d1b7,CREDENTIAL_ONLY,,,939a0ec586
ny_dol_mold,839,Mold Remediation Contractor License (SH126):00119,00119,Mold Remediation Contractor License (SH126),Expired,NO,"Feels Like Home Fire Restoration, LLC",,c1d787d1b7,CREDENTIAL_ONLY,,,939a0ec586
ny_dol_mold,840,Mold Remediation Contractor License (SH126):24-6APU8-SHMO,24-6APU8-SHMO,Mold Remediation Contractor License (SH126),Expired,NO,"Final Touch Restoration, Inc.",,c1d787d1b7,CREDENTIAL_ONLY,,,939a0ec586
ny_dol_mold,841,Mold Remediation Contractor License (SH126):24-63P34-SHMO,24-63P34-SHMO,Mold Remediation Contractor License (SH126),Active,YES,"Fire & Water Restoration, LLC",,c1d787d1b7,CREDENTIAL_ONLY,,,939a0ec586
ny_dol_mold,842,Mold Remediation Contractor License (SH126):26-6AC74-SHMO,26-6AC74-SHMO,Mold Remediation Contractor License (SH126),Active,YES,"First Choice Restoration of Clinton County, LLC",,c1d787d1b7,CREDENTIAL_ONLY,,,939a0ec586
ny_dol_mold,843,Mold Remediation Contractor License (SH126):26-69F5N-SHMO,26-69F5N-SHMO,Mold Remediation Contractor License (SH126),Active,YES,First Response Home Services LLC,,c1d787d1b7,CREDENTIAL_ONLY,,,939a0ec586
ny_dol_mold,844,Mold Assessment Contractor License (SH125):25-6UXMR-SHMO,25-6UXMR-SHMO,Mold Assessment Contractor License (SH125),Active,YES,Five Star Environmental Inc,,c1d787d1b7,CREDENTIAL_ONLY,,,939a0ec586
ny_dol_mold,845,Mold Remediation Contractor License (SH126):25-6TT8G-SHMO,25-6TT8G-SHMO,Mold Remediation Contractor License (SH126),Active,YES,Flower City Monitor Services Ltd.,,c1d787d1b7,CREDENTIAL_ONLY,,,939a0ec586
ny_dol_mold,846,Mold Remediation Contractor License (SH126):25-6TKEB-SHMO,25-6TKEB-SHMO,Mold Remediation Contractor License (SH126),Active,YES,Ford Fam productions LLC,,c1d787d1b7,CREDENTIAL_ONLY,,,939a0ec586
ny_dol_mold,847,Mold Remediation Contractor License (SH126):25-67LA4-SHMO,25-67LA4-SHMO,Mold Remediation Contractor License (SH126),Active,YES,"Foxglove Equity Group, Inc.",,c1d787d1b7,CREDENTIAL_ONLY,,,939a0ec586
ny_dol_mold,848,Mold Remediation Contractor License (SH126):26-679BP-SHMO,26-679BP-SHMO,Mold Remediation Contractor License (SH126),Active,YES,Frank and Derek enterprises INC,,c1d787d1b7,CREDENTIAL_ONLY,,,939a0ec586
ny_dol_mold,849,Mold Remediation Contractor License (SH126):25-6UXC6-SHMO,25-6UXC6-SHMO,Mold Remediation Contractor License (SH126),Active,YES,Fresh Maintenance Restoration Inc,,c1d787d1b7,CREDENTIAL_ONLY,,,939a0ec586
ny_dol_mold,850,Mold Assessment Contractor License (SH125):01516,01516,Mold Assessment Contractor License (SH125),Expired,NO,"Fuss & O'Neill EnviroScience, LLC",,c1d787d1b7,CREDENTIAL_ONLY,,,939a0ec586
ny_dol_mold,851,Mold Remediation Contractor License (SH126):26-63P7H-SHMO,26-63P7H-SHMO,Mold Remediation Contractor License (SH126),Active,YES,G-Net Construction Corp,,c1d787d1b7,CREDENTIAL_ONLY,,,939a0ec586
ny_dol_mold,852,Mold Remediation Contractor License (SH126):26-693KI-SHMO,26-693KI-SHMO,Mold Remediation Contractor License (SH126),Active,YES,G. M. CONSTRUCTION & HOME IMPROVEMENT CORP,,c1d787d1b7,CREDENTIAL_ONLY,,,939a0ec586
ny_dol_mold,853,Mold Remediation Contractor License (SH126):24-64YLV-SHMO,24-64YLV-SHMO,Mold Remediation Contractor License (SH126),Active,YES,GBS Restoration Services Corp.,,c1d787d1b7,CREDENTIAL_ONLY,,,939a0ec586
ny_dol_mold,854,Mold Remediation Contractor License (SH126):24-6Z4ZV-SHMO,24-6Z4ZV-SHMO,Mold Remediation Contractor License (SH126),Expired,NO,GG General Contractor Inc,,c1d787d1b7,CREDENTIAL_ONLY,,,939a0ec586
ny_dol_mold,855,Mold Assessment Contractor License (SH125):25-647NZ-SHMO,25-647NZ-SHMO,Mold Assessment Contractor License (SH125),Active,YES,GLS Inspections LLC,,c1d787d1b7,CREDENTIAL_ONLY,,,939a0ec586
ny_dol_mold,856,Mold Remediation Contractor License (SH126):26-6SD1I-SHMO,26-6SD1I-SHMO,Mold Remediation Contractor License (SH126),Active,YES,GNP Environmental Inc,,c1d787d1b7,CREDENTIAL_ONLY,,,939a0ec586
ny_dol_mold,857,Mold Remediation Contractor License (SH126):25-6LSAS-SHMO,25-6LSAS-SHMO,Mold Remediation Contractor License (SH126),Active,YES,"GRAMERCY GROUP, INC.",,c1d787d1b7,CREDENTIAL_ONLY,,,939a0ec586
ny_dol_mold,858,Mold Assessment Contractor License (SH125):25-6HAQE-SHMO,25-6HAQE-SHMO,Mold Assessment Contractor License (SH125),Active,YES,Gaia Environmental Inspections LLC,,c1d787d1b7,CREDENTIAL_ONLY,,,939a0ec586
ny_dol_mold,859,Mold Assessment Contractor License (SH125):24-6AFER-SHMO,24-6AFER-SHMO,Mold Assessment Contractor License (SH125),Expired,NO,Garda Enterprises Inc.,,c1d787d1b7,CREDENTIAL_ONLY,,,939a0ec586
ny_dol_mold,860,Mold Assessment Contractor License (SH125):26-6ACF1-SHMO,26-6ACF1-SHMO,Mold Assessment Contractor License (SH125),Active,YES,Genesis Environmental Consultants Inc.,,c1d787d1b7,CREDENTIAL_ONLY,,,939a0ec586
ny_dol_mold,861,Mold Assessment Contractor License (SH125):25-6LCJ7-SHMO,25-6LCJ7-SHMO,Mold Assessment Contractor License (SH125),Active,YES,Geo Environmental Co. Inc.,,c1d787d1b7,CREDENTIAL_ONLY,,,939a0ec586
ny_dol_mold,862,Mold Remediation Contractor License (SH126):26-6AGHL-SHMO,26-6AGHL-SHMO,Mold Remediation Contractor License (SH126),Active,YES,Global Mold Solutions LLC,,c1d787d1b7,CREDENTIAL_ONLY,,,939a0ec586
ny_dol_mold,863,Mold Remediation Contractor License (SH126):24-6SL1V-SHMO,24-6SL1V-SHMO,Mold Remediation Contractor License (SH126),Expired,NO,Gloria Construction Inc,,c1d787d1b7,CREDENTIAL_ONLY,,,939a0ec586
ny_dol_mold,864,Mold Assessment Contractor License (SH125):25-6TJY8-SHMO,25-6TJY8-SHMO,Mold Assessment Contractor License (SH125),Active,YES,GoldenFure Home Inspections LLC,,c1d787d1b7,CREDENTIAL_ONLY,,,939a0ec586
ny_dol_mold,865,Mold Remediation Contractor License (SH126):25-651B1-SHMO,25-651B1-SHMO,Mold Remediation Contractor License (SH126),Active,YES,Gotham City General Contracting Corp.,,c1d787d1b7,CREDENTIAL_ONLY,,,939a0ec586
ny_dol_mold,866,Mold Remediation Contractor License (SH126):24-633BY-SHMO,24-633BY-SHMO,Mold Remediation Contractor License (SH126),Active,YES,Green Air Care LLC,,c1d787d1b7,CREDENTIAL_ONLY,,,939a0ec586
ny_dol_mold,867,Mold Remediation Contractor License (SH126):26-6IECP-SHMO,26-6IECP-SHMO,Mold Remediation Contractor License (SH126),Active,YES,Green Genie LLC,,c1d787d1b7,CREDENTIAL_ONLY,,,939a0ec586
ny_dol_mold,868,Mold Remediation Contractor License (SH126):26-6ZE6H-SHMO,26-6ZE6H-SHMO,Mold Remediation Contractor License (SH126),Active,YES,Green Orchard Group LLC,,c1d787d1b7,CREDENTIAL_ONLY,,,939a0ec586
ny_dol_mold,869,Mold Assessment Contractor License (SH125):25-6H68A-SHMO,25-6H68A-SHMO,Mold Assessment Contractor License (SH125),Active,YES,Green Team Of NY Services Corporation,,c1d787d1b7,CREDENTIAL_ONLY,,,939a0ec586
ny_dol_mold,870,Mold Remediation Contractor License (SH126):25-6S44B-SHMO,25-6S44B-SHMO,Mold Remediation Contractor License (SH126),Active,YES,GreenRoom Remediation LLC,,c1d787d1b7,CREDENTIAL_ONLY,,,939a0ec586
ny_dol_mold,871,Mold Assessment Contractor License (SH125):26-6ACQ1-SHMO,26-6ACQ1-SHMO,Mold Assessment Contractor License (SH125),Active,YES,Greenworks Environmental LLC,,c1d787d1b7,CREDENTIAL_ONLY,,,939a0ec586
ny_dol_mold,872,Mold Remediation Contractor License (SH126):26-6Z7P6-SHMO,26-6Z7P6-SHMO,Mold Remediation Contractor License (SH126),Active,YES,Ground Control Excavating Inc.,,c1d787d1b7,CREDENTIAL_ONLY,,,939a0ec586
ny_dol_mold,873,Mold Assessment Contractor License (SH125):24-63N43-SHMO,24-63N43-SHMO,Mold Assessment Contractor License (SH125),Active,YES,Gumshoe Home Inspections LLC,,c1d787d1b7,CREDENTIAL_ONLY,,,939a0ec586
ny_dol_mold,874,Mold Assessment Contractor License (SH125):25-64J5H-SHMO,25-64J5H-SHMO,Mold Assessment Contractor License (SH125),Active,YES,"H.A. BADER CONSULTANTS, INC.",,c1d787d1b7,CREDENTIAL_ONLY,,,939a0ec586
ny_dol_mold,875,Mold Remediation Contractor License (SH126):23-6U8BP-SHMO,23-6U8BP-SHMO,Mold Remediation Contractor License (SH126),Expired,NO,H2O Restoration Corp.,,c1d787d1b7,CREDENTIAL_ONLY,,,939a0ec586
ny_dol_mold,876,Mold Remediation Contractor License (SH126):23-6UMP3-SHMO,23-6UMP3-SHMO,Mold Remediation Contractor License (SH126),Expired,NO,"HERSH OF ALL TRADES, LLC",,c1d787d1b7,CREDENTIAL_ONLY,,,939a0ec586
ny_dol_mold,877,Mold Remediation Contractor License (SH126):25-6UU6G-SHMO,25-6UU6G-SHMO,Mold Remediation Contractor License (SH126),Active,YES,HK Good Pest Control Corp,,c1d787d1b7,CREDENTIAL_ONLY,,,939a0ec586
ny_dol_mold,878,Mold Assessment Contractor License (SH125):26-6IPRC-SHMO,26-6IPRC-SHMO,Mold Assessment Contractor License (SH125),Active,YES,"HSE Consulting Services, LLC",,c1d787d1b7,CREDENTIAL_ONLY,,,939a0ec586
ny_dol_mold,879,Mold Remediation Contractor License (SH126):24-6AY51-SHMO,24-6AY51-SHMO,Mold Remediation Contractor License (SH126),Expired,NO,"Hammy, Inc.",,c1d787d1b7,CREDENTIAL_ONLY,,,939a0ec586
ny_dol_mold,880,Mold Assessment Contractor License (SH125):00400,00400,Mold Assessment Contractor License (SH125),Expired,NO,"Harmony House & Home Inspection, LLC",,c1d787d1b7,CREDENTIAL_ONLY,,,939a0ec586
ny_dol_mold,881,Mold Assessment Contractor License (SH125):25-65H15-SHMO,25-65H15-SHMO,Mold Assessment Contractor License (SH125),Active,YES,Healthy Buildings & Homes LLC,,c1d787d1b7,CREDENTIAL_ONLY,,,939a0ec586
ny_dol_mold,882,Mold Remediation Contractor License (SH126):01561,01561,Mold Remediation Contractor License (SH126),Expired,NO,Healthy Home Restoration LLC,,c1d787d1b7,CREDENTIAL_ONLY,,,939a0ec586
ny_dol_mold,883,Mold Remediation Contractor License (SH126):24-6Z4Q5-SHMO,24-6Z4Q5-SHMO,Mold Remediation Contractor License (SH126),Expired,NO,Hector Can Fix It LLC,,c1d787d1b7,CREDENTIAL_ONLY,,,939a0ec586
ny_dol_mold,884,Mold Assessment Contractor License (SH125):26-69J9D-SHMO,26-69J9D-SHMO,Mold Assessment Contractor License (SH125),Active,YES,Hertz Construction Co. LLC,,c1d787d1b7,CREDENTIAL_ONLY,,,939a0ec586
ny_dol_mold,885,Mold Remediation Contractor License (SH126):26-6ZUKH-SHMO,26-6ZUKH-SHMO,Mold Remediation Contractor License (SH126),Active,YES,Hi-Tech Environmental LLC,,c1d787d1b7,CREDENTIAL_ONLY,,,939a0ec586
ny_dol_mold,886,Mold Remediation Contractor License (SH126):24-6AIGB-SHMO,24-6AIGB-SHMO,Mold Remediation Contractor License (SH126),Expired,NO,Highline Construction NYC LLC,,c1d787d1b7,CREDENTIAL_ONLY,,,939a0ec586
ny_dol_mold,887,Mold Remediation Contractor License (SH126):25-6II7U-SHMO,25-6II7U-SHMO,Mold Remediation Contractor License (SH126),Active,YES,Hillview Station Inc,,c1d787d1b7,CREDENTIAL_ONLY,,,939a0ec586
ny_dol_mold,888,Mold Remediation Contractor License (SH126):26-6SBCQ-SHMO,26-6SBCQ-SHMO,Mold Remediation Contractor License (SH126),Active,YES,"Home Healthy Homes, Inc.",,c1d787d1b7,CREDENTIAL_ONLY,,,939a0ec586
ny_dol_mold,889,Mold Assessment Contractor License (SH125):24-6AN93-SHMO,24-6AN93-SHMO,Mold Assessment Contractor License (SH125),Expired,NO,Home Solutions Inspection LLC.,,c1d787d1b7,CREDENTIAL_ONLY,,,939a0ec586
ny_dol_mold,890,Mold Remediation Contractor License (SH126):26-6ZUSZ-SHMO,26-6ZUSZ-SHMO,Mold Remediation Contractor License (SH126),Active,YES,HomeCleanse Services LLC,,c1d787d1b7,CREDENTIAL_ONLY,,,939a0ec586
ny_dol_mold,891,Mold Assessment Contractor License (SH125):01737,01737,Mold Assessment Contractor License (SH125),Expired,NO,Hommel Home Inspections LLC,,c1d787d1b7,CREDENTIAL_ONLY,,,939a0ec586
ny_dol_mold,892,Mold Remediation Contractor License (SH126):26-9YD4C-SHMO,26-9YD4C-SHMO,Mold Remediation Contractor License (SH126),Active,YES,Hudson Hazard Solutions LLC.,,c1d787d1b7,CREDENTIAL_ONLY,,,939a0ec586
ny_dol_mold,893,Mold Assessment Contractor License (SH125):25-644B7-SHMO,25-644B7-SHMO,Mold Assessment Contractor License (SH125),Active,YES,Hudson Valley Home Inspections LLC.,,c1d787d1b7,CREDENTIAL_ONLY,,,939a0ec586
ny_dol_mold,894,Mold Assessment Contractor License (SH125):23-6UUNA-SHMO,23-6UUNA-SHMO,Mold Assessment Contractor License (SH125),Expired,NO,Hudson Valley Restoration Services LLC,,c1d787d1b7,CREDENTIAL_ONLY,,,939a0ec586
ny_dol_mold,895,Mold Assessment Contractor License (SH125):26-6SKXH-SHMO,26-6SKXH-SHMO,Mold Assessment Contractor License (SH125),Active,YES,"Hydro-Environmental Technologies, Inc.",,c1d787d1b7,CREDENTIAL_ONLY,,,939a0ec586
ny_dol_mold,896,Mold Assessment Contractor License (SH125):26-6LOFS-SHMO,26-6LOFS-SHMO,Mold Assessment Contractor License (SH125),Active,YES,Hyper Focused Mold Assessments Inc.,,c1d787d1b7,CREDENTIAL_ONLY,,,939a0ec586
ny_dol_mold,897,Mold Assessment Contractor License (SH125):24-6A8J3-SHMO,24-6A8J3-SHMO,Mold Assessment Contractor License (SH125),Expired,NO,"IAQ Technologies, Inc.",,c1d787d1b7,CREDENTIAL_ONLY,,,939a0ec586
ny_dol_mold,898,Mold Remediation Contractor License (SH126):23-6UOBC-SHMO,23-6UOBC-SHMO,Mold Remediation Contractor License (SH126),Expired,NO,IG Restoration Group LLC,,c1d787d1b7,CREDENTIAL_ONLY,,,939a0ec586
ny_dol_mold,899,Mold Assessment Contractor License (SH125):25-65O8D-SHMO,25-65O8D-SHMO,Mold Assessment Contractor License (SH125),Active,YES,IPR Associates and Environmental Inc.,,c1d787d1b7,CREDENTIAL_ONLY,,,939a0ec586
ny_dol_mold,900,Mold Remediation Contractor License (SH126):25-6UCWU-SHMO,25-6UCWU-SHMO,Mold Remediation Contractor License (SH126),Active,YES,Immense Cleaning Solutions LLC,,c1d787d1b7,CREDENTIAL_ONLY,,,939a0ec586
ny_dol_mold,901,Mold Remediation Contractor License (SH126):24-6II77-SHMO,24-6II77-SHMO,Mold Remediation Contractor License (SH126),Expired,NO,Incinia Contracting Inc,,c1d787d1b7,CREDENTIAL_ONLY,,,939a0ec586
ny_dol_mold,902,Mold Remediation Contractor License (SH126):26-6ZEDJ-SHMO,26-6ZEDJ-SHMO,Mold Remediation Contractor License (SH126),Active,YES,Indoor Air Professionals Inc,,c1d787d1b7,CREDENTIAL_ONLY,,,939a0ec586
ny_dol_mold,903,Mold Remediation Contractor License (SH126):25-6uj7j-shmo,25-6uj7j-shmo,Mold Remediation Contractor License (SH126),Active,YES,Indoor Mold Specialist Inc,,c1d787d1b7,CREDENTIAL_ONLY,,,939a0ec586
ny_dol_mold,904,Mold Remediation Contractor License (SH126):26-69TOA-SHMO,26-69TOA-SHMO,Mold Remediation Contractor License (SH126),Active,YES,Insaren Inc.,,c1d787d1b7,CREDENTIAL_ONLY,,,939a0ec586
ny_dol_mold,905,Mold Remediation Contractor License (SH126):23-61VC9-SHMO,23-61VC9-SHMO,Mold Remediation Contractor License (SH126),Expired,NO,Inspective Home Inspection Corp.,,c1d787d1b7,CREDENTIAL_ONLY,,,939a0ec586
ny_dol_mold,906,Mold Assessment Contractor License (SH125):26-63YEN-SHMO,26-63YEN-SHMO,Mold Assessment Contractor License (SH125),Active,YES,Inspextro Inc,,c1d787d1b7,CREDENTIAL_ONLY,,,939a0ec586
ny_dol_mold,907,Mold Assessment Contractor License (SH125):23-6IGNC-SHMO,23-6IGNC-SHMO,Mold Assessment Contractor License (SH125),Expired,NO,Interstate Property Inspections Inc.,,c1d787d1b7,CREDENTIAL_ONLY,,,939a0ec586
ny_dol_mold,908,Mold Remediation Contractor License (SH126):26-69L68-SHMO,26-69L68-SHMO,Mold Remediation Contractor License (SH126),Active,YES,Irvin Ackerman,,c1d787d1b7,CREDENTIAL_ONLY,,,939a0ec586
ny_dol_mold,909,Mold Remediation Contractor License (SH126):25-64C5R-SHMO,25-64C5R-SHMO,Mold Remediation Contractor License (SH126),Active,YES,Island Emergency Disaster Restoration Inc,,c1d787d1b7,CREDENTIAL_ONLY,,,939a0ec586
ny_dol_mold,910,Mold Assessment Contractor License (SH125):23-6TQZY-SHMO,23-6TQZY-SHMO,Mold Assessment Contractor License (SH125),Expired,NO,"J Squared Home Inspections, LLC",,c1d787d1b7,CREDENTIAL_ONLY,,,939a0ec586
ny_dol_mold,911,Mold Remediation Contractor License (SH126):26-63GAU-SHMO,26-63GAU-SHMO,Mold Remediation Contractor License (SH126),Active,YES,Emiljano Construction INC,,c1d787d1b7,CREDENTIAL_ONLY,,,939a0ec586
ny_dol_mold,912,Mold Remediation Contractor License (SH126):26-6AUG4-SHMO,26-6AUG4-SHMO,Mold Remediation Contractor License (SH126),Active,YES,"Empire Control Abatement, Inc.",,c1d787d1b7,CREDENTIAL_ONLY,,,939a0ec586
ny_dol_mold,913,Mold Assessment Contractor License (SH125):23-6U1HC-SHMO,23-6U1HC-SHMO,Mold Assessment Contractor License (SH125),Expired,NO,Empower Contracting Inc.,,c1d787d1b7,CREDENTIAL_ONLY,,,939a0ec586
ny_dol_mold,914,Mold Remediation Contractor License (SH126):25-6TQ3E-SHMO,25-6TQ3E-SHMO,Mold Remediation Contractor License (SH126),Active,YES,Endurance Demolition and Environmental Services LLC,,c1d787d1b7,CREDENTIAL_ONLY,,,939a0ec586
ny_dol_mold,915,Mold Assessment Contractor License (SH125):25-6I863-SHMO,25-6I863-SHMO,Mold Assessment Contractor License (SH125),Active,YES,"Enos Home Inspections, LLC",,c1d787d1b7,CREDENTIAL_ONLY,,,939a0ec586
ny_dol_mold,916,Mold Remediation Contractor License (SH126):26-6AS1G-SHMO,26-6AS1G-SHMO,Mold Remediation Contractor License (SH126),Active,YES,Enviro Cleaning Inc.,,c1d787d1b7,CREDENTIAL_ONLY,,,939a0ec586
ny_dol_mold,917,Mold Assessment Contractor License (SH125):24-64YX6-SHMO,24-64YX6-SHMO,Mold Assessment Contractor License (SH125),Expired,NO,Enviro-Tec LLC,,c1d787d1b7,CREDENTIAL_ONLY,,,939a0ec586
ny_dol_mold,918,Mold Assessment Contractor License (SH125):26-674LG-SHMO,26-674LG-SHMO,Mold Assessment Contractor License (SH125),Active,YES,Enviro-sciences of Delaware Inc,,c1d787d1b7,CREDENTIAL_ONLY,,,939a0ec586
ny_dol_mold,919,Mold Remediation Contractor License (SH126):24-63YPF-SHMO,24-63YPF-SHMO,Mold Remediation Contractor License (SH126),Expired,NO,EnviroTech Preservation Inc,,c1d787d1b7,CREDENTIAL_ONLY,,,939a0ec586
ny_dol_mold,920,Mold Assessment Contractor License (SH125):25-61XEN-SHMO,25-61XEN-SHMO,Mold Assessment Contractor License (SH125),Active,YES,"Environmental Air Solutions, LLC",,c1d787d1b7,CREDENTIAL_ONLY,,,939a0ec586
ny_dol_mold,921,Mold Assessment Contractor License (SH125):26-6IESB-SHMO,26-6IESB-SHMO,Mold Assessment Contractor License (SH125),Active,YES,Environmental Code Consultants Inc.,,c1d787d1b7,CREDENTIAL_ONLY,,,939a0ec586
ny_dol_mold,922,Mold Remediation Contractor License (SH126):01741,01741,Mold Remediation Contractor License (SH126),Expired,NO,Environmental Corps Corporation,,c1d787d1b7,CREDENTIAL_ONLY,,,939a0ec586
ny_dol_mold,923,Mold Assessment Contractor License (SH125):25-6IZL9-SHMO,25-6IZL9-SHMO,Mold Assessment Contractor License (SH125),Active,YES,"Environmental Maintenance Contractors, Inc",,c1d787d1b7,CREDENTIAL_ONLY,,,939a0ec586
ny_dol_mold,924,Mold Assessment Contractor License (SH125):25-6IZY8-SHMO,25-6IZY8-SHMO,Mold Assessment Contractor License (SH125),Active,YES,Environmental Risk Associates LLC,,c1d787d1b7,CREDENTIAL_ONLY,,,939a0ec586
ny_dol_mold,925,Mold Remediation Contractor License (SH126):23-6TG79-SHMO,23-6TG79-SHMO,Mold Remediation Contractor License (SH126),Expired,NO,"Environmentally Correct Solutions, Inc.",,c1d787d1b7,CREDENTIAL_ONLY,,,939a0ec586
ny_dol_mold,926,Mold Assessment Contractor License (SH125):26-6ZIDV-SHMO,26-6ZIDV-SHMO,Mold Assessment Contractor License (SH125),Active,YES,Enviroscience Consultants LLC,,c1d787d1b7,CREDENTIAL_ONLY,,,939a0ec586
ny_dol_mold,927,Mold Assessment Contractor License (SH125):26-638A7-SHMO,26-638A7-SHMO,Mold Assessment Contractor License (SH125),Active,YES,"Epidemiology and Toxicology Institute, LLC",,c1d787d1b7,CREDENTIAL_ONLY,,,939a0ec586
ny_dol_mold,928,Mold Remediation Contractor License (SH126):26-6ZZFB-SHMO,26-6ZZFB-SHMO,Mold Remediation Contractor License (SH126),Active,YES,Eric Thomas,,c1d787d1b7,CREDENTIAL_ONLY,,,939a0ec586
ny_dol_mold,929,Mold Assessment Contractor License (SH125):00212,00212,Mold Assessment Contractor License (SH125),Expired,NO,"Erwin & Bielinski, Architect & Engineer, PLLC",,c1d787d1b7,CREDENTIAL_ONLY,,,939a0ec586
ny_dol_mold,930,Mold Remediation Contractor License (SH126):01724,01724,Mold Remediation Contractor License (SH126),Expired,NO,Eugene Gass,,c1d787d1b7,CREDENTIAL_ONLY,,,939a0ec586
ny_dol_mold,931,Mold Remediation Contractor License (SH126):26-6ZPES-SHMO,26-6ZPES-SHMO,Mold Remediation Contractor License (SH126),Active,YES,Excellence Consulting Corp.,,c1d787d1b7,CREDENTIAL_ONLY,,,939a0ec586
ny_dol_mold,932,Mold Assessment Contractor License (SH125):26-6AX56-SHMO,26-6AX56-SHMO,Mold Assessment Contractor License (SH125),Active,YES,Exit Mold LLC,,c1d787d1b7,CREDENTIAL_ONLY,,,939a0ec586
ny_dol_mold,933,Mold Assessment Contractor License (SH125):26-6AGH7-SHMO,26-6AGH7-SHMO,Mold Assessment Contractor License (SH125),Active,YES,"Expediant Environmental Solutions, LLC",,c1d787d1b7,CREDENTIAL_ONLY,,,939a0ec586
ny_dol_mold,934,Mold Assessment Contractor License (SH125):26-6STTF-SHMO,26-6STTF-SHMO,Mold Assessment Contractor License (SH125),Active,YES,Expert Mold and Lead Testing LLC,,c1d787d1b7,CREDENTIAL_ONLY,,,939a0ec586
ny_dol_mold,935,Mold Remediation Contractor License (SH126):25-67VVI-SHMO,25-67VVI-SHMO,Mold Remediation Contractor License (SH126),Active,YES,Extreme Cleaners Inc,,c1d787d1b7,CREDENTIAL_ONLY,,,939a0ec586
ny_dol_mold,936,Mold Assessment Contractor License (SH125):00927,00927,Mold Assessment Contractor License (SH125),Expired,NO,FEDERAL AVIATION ADMINISTRATION,,c1d787d1b7,CREDENTIAL_ONLY,,,939a0ec586
ny_dol_mold,937,Mold Assessment Contractor License (SH125):26-67HDY-SHMO,26-67HDY-SHMO,Mold Assessment Contractor License (SH125),Active,YES,"FLX Home Inspection Services, LLC",,c1d787d1b7,CREDENTIAL_ONLY,,,939a0ec586
ny_dol_mold,938,Mold Remediation Contractor License (SH126):23-61VG6-SHMO,23-61VG6-SHMO,Mold Remediation Contractor License (SH126),Expired,NO,FR Remediation LLC,,c1d787d1b7,CREDENTIAL_ONLY,,,939a0ec586
ny_dol_mold,939,Mold Remediation Contractor License (SH126):25-6IKIV-SHMO,25-6IKIV-SHMO,Mold Remediation Contractor License (SH126),Active,YES,FastAct Restoration LLC,,c1d787d1b7,CREDENTIAL_ONLY,,,939a0ec586
ny_dol_mold,940,Mold Remediation Contractor License (SH126):23-6UPWH-SHMO,23-6UPWH-SHMO,Mold Remediation Contractor License (SH126),Expired,NO,"Feels Like Home Fire Restoration, LLC",,c1d787d1b7,CREDENTIAL_ONLY,,,939a0ec586
ny_dol_mold,941,Mold Remediation Contractor License (SH126):23-6LO1V-SHMO,23-6LO1V-SHMO,Mold Remediation Contractor License (SH126),Expired,NO,Finer Fire & Restoration Corp.,,c1d787d1b7,CREDENTIAL_ONLY,,,939a0ec586
ny_dol_mold,942,Mold Remediation Contractor License (SH126):25-6TTG8-SHMO,25-6TTG8-SHMO,Mold Remediation Contractor License (SH126),Active,YES,First Call Restoration LLC,,c1d787d1b7,CREDENTIAL_ONLY,,,939a0ec586
ny_dol_mold,943,Mold Assessment Contractor License (SH125):25-6UBFO-SHMO,25-6UBFO-SHMO,Mold Assessment Contractor License (SH125),Active,YES,First Environment Inc,,c1d787d1b7,CREDENTIAL_ONLY,,,939a0ec586
ny_dol_mold,944,Mold Remediation Contractor License (SH126):01158,01158,Mold Remediation Contractor License (SH126),Expired,NO,"First Response, LLC",,c1d787d1b7,CREDENTIAL_ONLY,,,939a0ec586
ny_dol_mold,945,Mold Remediation Contractor License (SH126):26-6iO4H-SHMO,26-6iO4H-SHMO,Mold Remediation Contractor License (SH126),Active,YES,Flag-Clean Island LTD.,,c1d787d1b7,CREDENTIAL_ONLY,,,939a0ec586
ny_dol_mold,946,Mold Assessment Contractor License (SH125):01844,01844,Mold Assessment Contractor License (SH125),Expired,NO,Foot The Door Home Inspections LLC,,c1d787d1b7,CREDENTIAL_ONLY,,,939a0ec586
ny_dol_mold,947,Mold Assessment Contractor License (SH125):26-9YD4B-SHMO,26-9YD4B-SHMO,Mold Assessment Contractor License (SH125),Active,YES,"Fort Orange Home Inspections, LLC",,c1d787d1b7,CREDENTIAL_ONLY,,,939a0ec586
ny_dol_mold,948,Mold Assessment Contractor License (SH125):26-66BE4-SHMO,26-66BE4-SHMO,Mold Assessment Contractor License (SH125),Active,YES,Foxy Inspections LLC,,c1d787d1b7,CREDENTIAL_ONLY,,,939a0ec586
ny_dol_mold,949,Mold Remediation Contractor License (SH126):24-6SDFB-SHMO,24-6SDFB-SHMO,Mold Remediation Contractor License (SH126),Expired,NO,Free Ink. Limited Liability Company,,c1d787d1b7,CREDENTIAL_ONLY,,,939a0ec586
ny_dol_mold,950,Mold Assessment Contractor License (SH125):25-65IOG-SHMO,25-65IOG-SHMO,Mold Assessment Contractor License (SH125),Active,YES,FrontLine Restore LLC,,c1d787d1b7,CREDENTIAL_ONLY,,,939a0ec586
ny_dol_mold,951,Mold Assessment Contractor License (SH125):24-6AQAU-SHMO,24-6AQAU-SHMO,Mold Assessment Contractor License (SH125),Expired,NO,"Fuss & O'Neill, Inc.",,c1d787d1b7,CREDENTIAL_ONLY,,,939a0ec586
ny_dol_mold,952,Mold Assessment Contractor License (SH125):00586,00586,Mold Assessment Contractor License (SH125),Expired,NO,G-Net Construction Corp,,c1d787d1b7,CREDENTIAL_ONLY,,,939a0ec586
ny_dol_mold,953,Mold Remediation Contractor License (SH126):25-6L8QO-SHMO,25-6L8QO-SHMO,Mold Remediation Contractor License (SH126),Active,YES,G.C. Upstate Environmental Solutions Corp,,c1d787d1b7,CREDENTIAL_ONLY,,,939a0ec586
ny_dol_mold,954,Mold Assessment Contractor License (SH125):25-6IF31-SHMO,25-6IF31-SHMO,Mold Assessment Contractor License (SH125),Active,YES,"GCI Environmental Advisory, Inc.",,c1d787d1b7,CREDENTIAL_ONLY,,,939a0ec586
ny_dol_mold,955,Mold Remediation Contractor License (SH126):24-6ZXKH-SHMO,24-6ZXKH-SHMO,Mold Remediation Contractor License (SH126),Expired,NO,GK Equity Holdings Inc.,,c1d787d1b7,CREDENTIAL_ONLY,,,939a0ec586
ny_dol_mold,956,Mold Remediation Contractor License (SH126):26-6AZDZ-SHMO,26-6AZDZ-SHMO,Mold Remediation Contractor License (SH126),Active,YES,GM Enterprise Corp,,c1d787d1b7,CREDENTIAL_ONLY,,,939a0ec586
ny_dol_mold,957,Mold Assessment Contractor License (SH125):00806,00806,Mold Assessment Contractor License (SH125),Expired,NO,GOTHAM INSPECTIONS LLC,,c1d787d1b7,CREDENTIAL_ONLY,,,939a0ec586
ny_dol_mold,958,Mold Remediation Contractor License (SH126):24-64DVX-SHMO,24-64DVX-SHMO,Mold Remediation Contractor License (SH126),Active,YES,GREEN ISLAND GROUP CORPORATIVE INC.,,c1d787d1b7,CREDENTIAL_ONLY,,,939a0ec586
ny_dol_mold,959,Mold Assessment Contractor License (SH125):25-6LTDU-SHMO,25-6LTDU-SHMO,Mold Assessment Contractor License (SH125),Active,YES,"Gallagher Bassett Services, Inc.",,c1d787d1b7,CREDENTIAL_ONLY,,,939a0ec586
ny_dol_mold,960,Mold Remediation Contractor License (SH126):24-64BY3-SHMO,24-64BY3-SHMO,Mold Remediation Contractor License (SH126),Active,YES,Garrity Contracting LLC,,c1d787d1b7,CREDENTIAL_ONLY,,,939a0ec586
ny_dol_mold,961,Mold Remediation Contractor License (SH126):26-6LY1T-SHMO,26-6LY1T-SHMO,Mold Remediation Contractor License (SH126),Active,YES,Genesys Construction Corp,,c1d787d1b7,CREDENTIAL_ONLY,,,939a0ec586
ny_dol_mold,962,Mold Remediation Contractor License (SH126):25-6t8ij-shmo,25-6t8ij-shmo,Mold Remediation Contractor License (SH126),Active,YES,George F Dunlop Jr,,c1d787d1b7,CREDENTIAL_ONLY,,,939a0ec586
ny_dol_mold,963,Mold Assessment Contractor License (SH125):23-6UMF3-SHMO,23-6UMF3-SHMO,Mold Assessment Contractor License (SH125),Expired,NO,Global Restoration Services Inc,,c1d787d1b7,CREDENTIAL_ONLY,,,939a0ec586
ny_dol_mold,964,Mold Remediation Contractor License (SH126):26-66RIF-SHMO,26-66RIF-SHMO,Mold Remediation Contractor License (SH126),Active,YES,Goldberg Preservation Services LLC,,c1d787d1b7,CREDENTIAL_ONLY,,,939a0ec586
ny_dol_mold,965,Mold Remediation Contractor License (SH126):26-6ZX59-SHMO,26-6ZX59-SHMO,Mold Remediation Contractor License (SH126),Active,YES,Goldstar Restoration LLC,,c1d787d1b7,CREDENTIAL_ONLY,,,939a0ec586
ny_dol_mold,966,Mold Assessment Contractor License (SH125):23-6LFDP-SHMO,23-6LFDP-SHMO,Mold Assessment Contractor License (SH125),Expired,NO,"Granite Inspection Group, Inc.",,c1d787d1b7,CREDENTIAL_ONLY,,,939a0ec586
ny_dol_mold,967,Mold Assessment Contractor License (SH125):24-6AQHX-SHMO,24-6AQHX-SHMO,Mold Assessment Contractor License (SH125),Expired,NO,Green City Restoration Corp.,,c1d787d1b7,CREDENTIAL_ONLY,,,939a0ec586
ny_dol_mold,968,Mold Assessment Contractor License (SH125):26-6ZTB4-SHMO,26-6ZTB4-SHMO,Mold Assessment Contractor License (SH125),Active,YES,Green Genie LLC,,c1d787d1b7,CREDENTIAL_ONLY,,,939a0ec586
ny_dol_mold,969,Mold Assessment Contractor License (SH125):26-6Z373-SHMO,26-6Z373-SHMO,Mold Assessment Contractor License (SH125),Active,YES,Green Orchard Group LLC,,c1d787d1b7,CREDENTIAL_ONLY,,,939a0ec586
ny_dol_mold,970,Mold Remediation Contractor License (SH126):25-6SC86-SHMO,25-6SC86-SHMO,Mold Remediation Contractor License (SH126),Active,YES,Green Tree Environmental LLC,,c1d787d1b7,CREDENTIAL_ONLY,,,939a0ec586
ny_dol_mold,971,Mold Remediation Contractor License (SH126):26-6ZUZP-SHMO,26-6ZUZP-SHMO,Mold Remediation Contractor License (SH126),Active,YES,"Greenbriar Construction Services, LLC",,c1d787d1b7,CREDENTIAL_ONLY,,,939a0ec586
ny_dol_mold,972,Mold Remediation Contractor License (SH126):01716,01716,Mold Remediation Contractor License (SH126),Expired,NO,Gregory Breda,,c1d787d1b7,CREDENTIAL_ONLY,,,939a0ec586
ny_dol_mold,973,Mold Remediation Contractor License (SH126):23-6UNCH-SHMO,23-6UNCH-SHMO,Mold Remediation Contractor License (SH126),Expired,NO,Ground Up Environmental Inc.,,c1d787d1b7,CREDENTIAL_ONLY,,,939a0ec586
ny_dol_mold,974,Mold Assessment Contractor License (SH125):00453,00453,Mold Assessment Contractor License (SH125),Expired,NO,"H & H Environmental Construction & Consulting, Inc.",,c1d787d1b7,CREDENTIAL_ONLY,,,939a0ec586
ny_dol_mold,975,Mold Assessment Contractor License (SH125):26-6SU8C-SHMO,26-6SU8C-SHMO,Mold Assessment Contractor License (SH125),Active,YES,H.I.S. Home Inspection LTD.,,c1d787d1b7,CREDENTIAL_ONLY,,,939a0ec586
ny_dol_mold,976,Mold Assessment Contractor License (SH125):25-67QAE-SHMO,25-67QAE-SHMO,Mold Assessment Contractor License (SH125),Active,YES,HATZLOCHA INC.,,c1d787d1b7,CREDENTIAL_ONLY,,,939a0ec586
ny_dol_mold,977,Mold Assessment Contractor License (SH125):24-6SDE1-SHMO,24-6SDE1-SHMO,Mold Assessment Contractor License (SH125),Expired,NO,"HERSH OF ALL TRADES, LLC",,c1d787d1b7,CREDENTIAL_ONLY,,,939a0ec586
ny_dol_mold,978,Mold Remediation Contractor License (SH126):23-61XEK-SHMO,23-61XEK-SHMO,Mold Remediation Contractor License (SH126),Expired,NO,HNR Restoration Inc,,c1d787d1b7,CREDENTIAL_ONLY,,,939a0ec586
ny_dol_mold,979,Mold Remediation Contractor License (SH126):01921,01921,Mold Remediation Contractor License (SH126),Expired,NO,HV Pure Inc.,,c1d787d1b7,CREDENTIAL_ONLY,,,939a0ec586
ny_dol_mold,980,Mold Remediation Contractor License (SH126):25-6HDAN-SHMO,25-6HDAN-SHMO,Mold Remediation Contractor License (SH126),Active,YES,Harbor Hill Restoration LLC,,c1d787d1b7,CREDENTIAL_ONLY,,,939a0ec586
ny_dol_mold,981,Mold Assessment Contractor License (SH125):25-6T8W9-SHMO,25-6T8W9-SHMO,Mold Assessment Contractor License (SH125),Active,YES,Haven Environmental LLC,,c1d787d1b7,CREDENTIAL_ONLY,,,939a0ec586
ny_dol_mold,982,Mold Assessment Contractor License (SH125):24-63F6P-SHMO,24-63F6P-SHMO,Mold Assessment Contractor License (SH125),Active,YES,"Healthy Dwellings, LLC",,c1d787d1b7,CREDENTIAL_ONLY,,,939a0ec586
ny_dol_mold,983,Mold Remediation Contractor License (SH126):26-6Z18Z-SHMO,26-6Z18Z-SHMO,Mold Remediation Contractor License (SH126),Active,YES,Healthy Homes of the Capital Region LLC,,c1d787d1b7,CREDENTIAL_ONLY,,,939a0ec586
ny_dol_mold,984,Mold Assessment Contractor License (SH125):24-6AJEJ-SHMO,24-6AJEJ-SHMO,Mold Assessment Contractor License (SH125),Expired,NO,Hector Can Fix It LLC,,c1d787d1b7,CREDENTIAL_ONLY,,,939a0ec586
ny_dol_mold,985,Mold Remediation Contractor License (SH126):25-6TXFG-SHMO,25-6TXFG-SHMO,Mold Remediation Contractor License (SH126),Active,YES,"Hi-Tech Cleaning Services, Inc",,c1d787d1b7,CREDENTIAL_ONLY,,,939a0ec586
ny_dol_mold,986,Mold Assessment Contractor License (SH125):26-6ZE1K-SHMO,26-6ZE1K-SHMO,Mold Assessment Contractor License (SH125),Active,YES,High Peaks Home Inspectional Srvs.LLC,,c1d787d1b7,CREDENTIAL_ONLY,,,939a0ec586
ny_dol_mold,987,Mold Assessment Contractor License (SH125):24-6ZNQE-SHMO,24-6ZNQE-SHMO,Mold Assessment Contractor License (SH125),Expired,NO,Highline Construction NYC LLC,,c1d787d1b7,CREDENTIAL_ONLY,,,939a0ec586
ny_dol_mold,988,Mold Assessment Contractor License (SH125):25-6II7I-SHMO,25-6II7I-SHMO,Mold Assessment Contractor License (SH125),Active,YES,Hillview Station Inc,,c1d787d1b7,CREDENTIAL_ONLY,,,939a0ec586
ny_dol_mold,989,Mold Assessment Contractor License (SH125):26-6SSZ9-SHMO,26-6SSZ9-SHMO,Mold Assessment Contractor License (SH125),Active,YES,"Home Outlook Inspections, LLC",,c1d787d1b7,CREDENTIAL_ONLY,,,939a0ec586
ny_dol_mold,990,Mold Assessment Contractor License (SH125):01807,01807,Mold Assessment Contractor License (SH125),Expired,NO,Home inspection Crew LLC,,c1d787d1b7,CREDENTIAL_ONLY,,,939a0ec586
ny_dol_mold,991,Mold Assessment Contractor License (SH125):23-6TFPR-SHMO,23-6TFPR-SHMO,Mold Assessment Contractor License (SH125),Expired,NO,Homeguard Home Inspections LLC,,c1d787d1b7,CREDENTIAL_ONLY,,,939a0ec586
ny_dol_mold,992,Mold Assessment Contractor License (SH125):25-64Q74-SHMO,25-64Q74-SHMO,Mold Assessment Contractor License (SH125),Active,YES,House 2 Home Inspections LLC,,c1d787d1b7,CREDENTIAL_ONLY,,,939a0ec586
ny_dol_mold,993,Mold Remediation Contractor License (SH126):24-6ZPPJ-SHMO,24-6ZPPJ-SHMO,Mold Remediation Contractor License (SH126),Expired,NO,Hudson Interior Renovations Inc.,,c1d787d1b7,CREDENTIAL_ONLY,,,939a0ec586
ny_dol_mold,994,Mold Assessment Contractor License (SH125):26-677NO-SHMO,26-677NO-SHMO,Mold Assessment Contractor License (SH125),Active,YES,Hudson Valley Inspections and Home Services LLC,,c1d787d1b7,CREDENTIAL_ONLY,,,939a0ec586
ny_dol_mold,995,Mold Assessment Contractor License (SH125):01774,01774,Mold Assessment Contractor License (SH125),Expired,NO,Hudson and Catskills Property Inspections LLC,,c1d787d1b7,CREDENTIAL_ONLY,,,939a0ec586
ny_dol_mold,996,Mold Assessment Contractor License (SH125):01692,01692,Mold Assessment Contractor License (SH125),Expired,NO,"Hygenix, Inc.",,c1d787d1b7,CREDENTIAL_ONLY,,,939a0ec586
ny_dol_mold,997,Mold Remediation Contractor License (SH126):24-63PY6-SHMO,24-63PY6-SHMO,Mold Remediation Contractor License (SH126),Active,YES,I & S Construction Corp,,c1d787d1b7,CREDENTIAL_ONLY,,,939a0ec586
ny_dol_mold,998,Mold Remediation Contractor License (SH126):24-6SDTK-SHMO,24-6SDTK-SHMO,Mold Remediation Contractor License (SH126),Expired,NO,"IAR NY, Inc.",,c1d787d1b7,CREDENTIAL_ONLY,,,939a0ec586
ny_dol_mold,999,Mold Assessment Contractor License (SH125):25-6LSGS-SHMO,25-6LSGS-SHMO,Mold Assessment Contractor License (SH125),Active,YES,IH Consultants Inc.,,c1d787d1b7,CREDENTIAL_ONLY,,,939a0ec586
ny_dol_mold,1000,Mold Assessment Contractor License (SH125):24-63GED-SHMO,24-63GED-SHMO,Mold Assessment Contractor License (SH125),Active,YES,IRIS Environmental Laboratories LLC,,c1d787d1b7,CREDENTIAL_ONLY,,,939a0ec586
ny_dol_mold,1001,Mold Assessment Contractor License (SH125):01827,01827,Mold Assessment Contractor License (SH125),Expired,NO,Imperial Consulting Group Corp.,,c1d787d1b7,CREDENTIAL_ONLY,,,939a0ec586
ny_dol_mold,1002,Mold Remediation Contractor License (SH126):26-6ZHY3-SHMO,26-6ZHY3-SHMO,Mold Remediation Contractor License (SH126),Active,YES,Independent Casualty & Restoration Corp,,c1d787d1b7,CREDENTIAL_ONLY,,,939a0ec586
ny_dol_mold,1003,Mold Remediation Contractor License (SH126):24-6A1HY-SHMO,24-6A1HY-SHMO,Mold Remediation Contractor License (SH126),Expired,NO,"Indoor Air Specialists, Ltd.",,c1d787d1b7,CREDENTIAL_ONLY,,,939a0ec586
ny_dol_mold,1004,Mold Assessment Contractor License (SH125):25-6uj7r-shmo,25-6uj7r-shmo,Mold Assessment Contractor License (SH125),Active,YES,Indoor Mold Specialist Inc,,c1d787d1b7,CREDENTIAL_ONLY,,,939a0ec586
ny_dol_mold,1005,Mold Assessment Contractor License (SH125):26-9YD37-SHMO,26-9YD37-SHMO,Mold Assessment Contractor License (SH125),Active,YES,Inside Diagnostics LLC,,c1d787d1b7,CREDENTIAL_ONLY,,,939a0ec586
ny_dol_mold,1006,Mold Assessment Contractor License (SH125):23-6U143-SHMO,23-6U143-SHMO,Mold Assessment Contractor License (SH125),Expired,NO,Inspective Home Inspection Corp.,,c1d787d1b7,CREDENTIAL_ONLY,,,939a0ec586
ny_dol_mold,1007,Mold Assessment Contractor License (SH125):01804,01804,Mold Assessment Contractor License (SH125),Expired,NO,"Integra Home Inspection Services, LLC",,c1d787d1b7,CREDENTIAL_ONLY,,,939a0ec586
ny_dol_mold,1008,Mold Remediation Contractor License (SH126):25-6LIFZ-SHMO,25-6LIFZ-SHMO,Mold Remediation Contractor License (SH126),Active,YES,Interstate Restoration LLC,,c1d787d1b7,CREDENTIAL_ONLY,,,939a0ec586
ny_dol_mold,1009,Mold Remediation Contractor License (SH126):25-6I8IQ-SHMO,25-6I8IQ-SHMO,Mold Remediation Contractor License (SH126),Active,YES,Isaac Heating & Air Conditioning Inc.,,c1d787d1b7,CREDENTIAL_ONLY,,,939a0ec586
ny_dol_mold,1010,Mold Assessment Contractor License (SH125):01702,01702,Mold Assessment Contractor License (SH125),Expired,NO,Island Wide Restoration NY LLC,,c1d787d1b7,CREDENTIAL_ONLY,,,939a0ec586
ny_dol_mold,1011,Mold Remediation Contractor License (SH126):24-63YPI-SHMO,24-63YPI-SHMO,Mold Remediation Contractor License (SH126),Expired,NO,J and A Construction Consultants Inc,,c1d787d1b7,CREDENTIAL_ONLY,,,939a0ec586
ny_dol_mold,1012,Mold Remediation Contractor License (SH126):23-6TQIA-SHMO,23-6TQIA-SHMO,Mold Remediation Contractor License (SH126),Expired,NO,Empire Abatement corp,,c1d787d1b7,CREDENTIAL_ONLY,,,939a0ec586
ny_dol_mold,1013,Mold Assessment Contractor License (SH125):25-6LAT4-SHMO,25-6LAT4-SHMO,Mold Assessment Contractor License (SH125),Active,YES,Empire Environmental Ltd,,c1d787d1b7,CREDENTIAL_ONLY,,,939a0ec586
ny_dol_mold,1014,Mold Remediation Contractor License (SH126):23-6U1HQ-SHMO,23-6U1HQ-SHMO,Mold Remediation Contractor License (SH126),Expired,NO,Empower Contracting Inc.,,c1d787d1b7,CREDENTIAL_ONLY,,,939a0ec586
ny_dol_mold,1015,Mold Remediation Contractor License (SH126):24-6IAU1-SHMO,24-6IAU1-SHMO,Mold Remediation Contractor License (SH126),Expired,NO,"Endurance Enterprises, Inc.",,c1d787d1b7,CREDENTIAL_ONLY,,,939a0ec586
ny_dol_mold,1016,Mold Remediation Contractor License (SH126):01726,01726,Mold Remediation Contractor License (SH126),Expired,NO,Env Consultant Inc,,c1d787d1b7,CREDENTIAL_ONLY,,,939a0ec586
ny_dol_mold,1017,Mold Remediation Contractor License (SH126):24-6A9VV-SHMO,24-6A9VV-SHMO,Mold Remediation Contractor License (SH126),Expired,NO,Enviro Solutions Inc.,,c1d787d1b7,CREDENTIAL_ONLY,,,939a0ec586
ny_dol_mold,1018,Mold Remediation Contractor License (SH126):24-64YOX-SHMO,24-64YOX-SHMO,Mold Remediation Contractor License (SH126),Expired,NO,Enviro-Tec LLC,,c1d787d1b7,CREDENTIAL_ONLY,,,939a0ec586
ny_dol_mold,1019,Mold Remediation Contractor License (SH126):00259,00259,Mold Remediation Contractor License (SH126),Expired,NO,"EnviroBliss, LLC",,c1d787d1b7,CREDENTIAL_ONLY,,,939a0ec586
ny_dol_mold,1020,Mold Assessment Contractor License (SH125):26-6ZQ9A-SHMO,26-6ZQ9A-SHMO,Mold Assessment Contractor License (SH125),Active,YES,Envirobusiness Inc,,c1d787d1b7,CREDENTIAL_ONLY,,,939a0ec586
ny_dol_mold,1021,Mold Remediation Contractor License (SH126):25-6TQYG-SHMO,25-6TQYG-SHMO,Mold Remediation Contractor License (SH126),Active,YES,Environmental Appraisers & Builders LLC,,c1d787d1b7,CREDENTIAL_ONLY,,,939a0ec586
ny_dol_mold,1022,Mold Assessment Contractor License (SH125):25-6TCXT-SHMO,25-6TCXT-SHMO,Mold Assessment Contractor License (SH125),Active,YES,Environmental Connection Inc,,c1d787d1b7,CREDENTIAL_ONLY,,,939a0ec586
ny_dol_mold,1023,Mold Assessment Contractor License (SH125):26-63PPS-SHMO,26-63PPS-SHMO,Mold Assessment Contractor License (SH125),Active,YES,"Environmental Health Investigations, Inc.",,c1d787d1b7,CREDENTIAL_ONLY,,,939a0ec586
ny_dol_mold,1024,Mold Assessment Contractor License (SH125):25-6U649-SHMO,25-6U649-SHMO,Mold Assessment Contractor License (SH125),Active,YES,Environmental Management Services Inc.,,c1d787d1b7,CREDENTIAL_ONLY,,,939a0ec586
ny_dol_mold,1025,Mold Assessment Contractor License (SH125):26-6ZZI5-SHMO,26-6ZZI5-SHMO,Mold Assessment Contractor License (SH125),Active,YES,Environmental Safeguard Solutions LLC,,c1d787d1b7,CREDENTIAL_ONLY,,,939a0ec586
ny_dol_mold,1026,Mold Remediation Contractor License (SH126):26-6I4OZ-SHMO,26-6I4OZ-SHMO,Mold Remediation Contractor License (SH126),Active,YES,Enviroproductions Limited Liability Company,,c1d787d1b7,CREDENTIAL_ONLY,,,939a0ec586
ny_dol_mold,1027,Mold Assessment Contractor License (SH125):01773,01773,Mold Assessment Contractor License (SH125),Expired,NO,Envirosur Inc,,c1d787d1b7,CREDENTIAL_ONLY,,,939a0ec586
ny_dol_mold,1028,Mold Remediation Contractor License (SH126):25-6TX13-SHMO,25-6TX13-SHMO,Mold Remediation Contractor License (SH126),Active,YES,Ercris Construction Corp,,c1d787d1b7,CREDENTIAL_ONLY,,,939a0ec586
ny_dol_mold,1029,Mold Remediation Contractor License (SH126):23-6TOPH-SHMO,23-6TOPH-SHMO,Mold Remediation Contractor License (SH126),Expired,NO,"Erin Construction & Development Co., Inc.",,c1d787d1b7,CREDENTIAL_ONLY,,,939a0ec586
ny_dol_mold,1030,Mold Remediation Contractor License (SH126):23-6U8FT-SHMO,23-6U8FT-SHMO,Mold Remediation Contractor License (SH126),Expired,NO,"Essential Home Inspections, LLC",,c1d787d1b7,CREDENTIAL_ONLY,,,939a0ec586
ny_dol_mold,1031,Mold Remediation Contractor License (SH126):26-6ZUZO-SHMO,26-6ZUZO-SHMO,Mold Remediation Contractor License (SH126),Active,YES,Evenhouse Contracting Corp,,c1d787d1b7,CREDENTIAL_ONLY,,,939a0ec586
ny_dol_mold,1032,Mold Remediation Contractor License (SH126):23-61VQU-SHMO,23-61VQU-SHMO,Mold Remediation Contractor License (SH126),Expired,NO,Excelsior Restoration Services LLC,,c1d787d1b7,CREDENTIAL_ONLY,,,939a0ec586
ny_dol_mold,1033,Mold Remediation Contractor License (SH126):26-6AXHR-SHMO,26-6AXHR-SHMO,Mold Remediation Contractor License (SH126),Active,YES,Exit Mold LLC,,c1d787d1b7,CREDENTIAL_ONLY,,,939a0ec586
ny_dol_mold,1034,Mold Assessment Contractor License (SH125):25-6L9LQ-SHMO,25-6L9LQ-SHMO,Mold Assessment Contractor License (SH125),Active,YES,Expert Environmental & Construction Group LLC,,c1d787d1b7,CREDENTIAL_ONLY,,,939a0ec586
ny_dol_mold,1035,Mold Remediation Contractor License (SH126):26-667YU-SHMO,26-667YU-SHMO,Mold Remediation Contractor License (SH126),Active,YES,Express Cleaners NY Corp,,c1d787d1b7,CREDENTIAL_ONLY,,,939a0ec586
ny_dol_mold,1036,Mold Assessment Contractor License (SH125):24-6IZ8A-SHMO,24-6IZ8A-SHMO,Mold Assessment Contractor License (SH125),Expired,NO,Eye Spy Home Inspection Inc.,,c1d787d1b7,CREDENTIAL_ONLY,,,939a0ec586
ny_dol_mold,1037,Mold Assessment Contractor License (SH125):25-671DI-SHMO,25-671DI-SHMO,Mold Assessment Contractor License (SH125),Active,YES,FIRE SHIELD RESTORATION LLC,,c1d787d1b7,CREDENTIAL_ONLY,,,939a0ec586
ny_dol_mold,1038,Mold Assessment Contractor License (SH125):26-66QQU-SHMO,26-66QQU-SHMO,Mold Assessment Contractor License (SH125),Active,YES,FOUNDATION FIRST INSPECTIONS LLC,,c1d787d1b7,CREDENTIAL_ONLY,,,939a0ec586
ny_dol_mold,1039,Mold Assessment Contractor License (SH125):23-61VG5-SHMO,23-61VG5-SHMO,Mold Assessment Contractor License (SH125),Expired,NO,FR Remediation LLC,,c1d787d1b7,CREDENTIAL_ONLY,,,939a0ec586
ny_dol_mold,1040,Mold Assessment Contractor License (SH125):25-6UJXN-SHMO,25-6UJXN-SHMO,Mold Assessment Contractor License (SH125),Active,YES,Febeosa Environmental Services LLC,,c1d787d1b7,CREDENTIAL_ONLY,,,939a0ec586
ny_dol_mold,1041,Mold Remediation Contractor License (SH126):25-65JO7-SHMO,25-65JO7-SHMO,Mold Remediation Contractor License (SH126),Active,YES,"Fibertech Environmental Services, Inc.",,c1d787d1b7,CREDENTIAL_ONLY,,,939a0ec586
ny_dol_mold,1042,Mold Assessment Contractor License (SH125):25-6I9UG-SHMO,25-6I9UG-SHMO,Mold Assessment Contractor License (SH125),Active,YES,Finest Inspections LLC,,c1d787d1b7,CREDENTIAL_ONLY,,,939a0ec586
ny_dol_mold,1043,Mold Remediation Contractor License (SH126):01169,01169,Mold Remediation Contractor License (SH126),Expired,NO,First Call Restoration LLC,,c1d787d1b7,CREDENTIAL_ONLY,,,939a0ec586
ny_dol_mold,1044,Mold Remediation Contractor License (SH126):26-6AA3Z-SHMO,26-6AA3Z-SHMO,Mold Remediation Contractor License (SH126),Active,YES,First Responders Cleaning and Restoration Inc,,c1d787d1b7,CREDENTIAL_ONLY,,,939a0ec586
ny_dol_mold,1045,Mold Assessment Contractor License (SH125):25-6U6HP-SHMO,25-6U6HP-SHMO,Mold Assessment Contractor License (SH125),Active,YES,"First Stop Environmental, Inc",,c1d787d1b7,CREDENTIAL_ONLY,,,939a0ec586
ny_dol_mold,1046,Mold Assessment Contractor License (SH125):01815,01815,Mold Assessment Contractor License (SH125),Expired,NO,Flow's Construction Corporation,,c1d787d1b7,CREDENTIAL_ONLY,,,939a0ec586
ny_dol_mold,1047,Mold Assessment Contractor License (SH125):23-6TJZP-SHMO,23-6TJZP-SHMO,Mold Assessment Contractor License (SH125),Expired,NO,"Foothills Home Inspection Service, LLC",,c1d787d1b7,CREDENTIAL_ONLY,,,939a0ec586
ny_dol_mold,1048,Mold Remediation Contractor License (SH126):26-6LO1J-SHMO,26-6LO1J-SHMO,Mold Remediation Contractor License (SH126),Active,YES,"Four Seasons Restoration, LLC",,c1d787d1b7,CREDENTIAL_ONLY,,,939a0ec586
ny_dol_mold,1049,Mold Remediation Contractor License (SH126):24-638TI-SHMO,24-638TI-SHMO,Mold Remediation Contractor License (SH126),Active,YES,Franchise Contractor Group LLC,,c1d787d1b7,CREDENTIAL_ONLY,,,939a0ec586
ny_dol_mold,1050,Mold Assessment Contractor License (SH125):24-6SDLN-SHMO,24-6SDLN-SHMO,Mold Assessment Contractor License (SH125),Expired,NO,Free Ink. Limited Liability Company,,c1d787d1b7,CREDENTIAL_ONLY,,,939a0ec586
ny_dol_mold,1051,Mold Assessment Contractor License (SH125):26-6Z9IB-SHMO,26-6Z9IB-SHMO,Mold Assessment Contractor License (SH125),Active,YES,Full Restore USA LLC,,c1d787d1b7,CREDENTIAL_ONLY,,,939a0ec586
ny_dol_mold,1052,Mold Assessment Contractor License (SH125):26-6SIF6-SHMO,26-6SIF6-SHMO,Mold Assessment Contractor License (SH125),Active,YES,"Future Environment Designs, Inc.",,c1d787d1b7,CREDENTIAL_ONLY,,,939a0ec586
ny_dol_mold,1053,Mold Remediation Contractor License (SH126):26-6ZZK3-SHMO,26-6ZZK3-SHMO,Mold Remediation Contractor License (SH126),Active,YES,"G-Star Enterprises, Inc.",,c1d787d1b7,CREDENTIAL_ONLY,,,939a0ec586
ny_dol_mold,1054,Mold Remediation Contractor License (SH126):24-6A75S-SHMO,24-6A75S-SHMO,Mold Remediation Contractor License (SH126),Expired,NO,GAA Construction Inc.,,c1d787d1b7,CREDENTIAL_ONLY,,,939a0ec586
ny_dol_mold,1055,Mold Remediation Contractor License (SH126):26-6ZY18-SHMO,26-6ZY18-SHMO,Mold Remediation Contractor License (SH126),Active,YES,"GEMSYS, LLC",,c1d787d1b7,CREDENTIAL_ONLY,,,939a0ec586
ny_dol_mold,1056,Mold Remediation Contractor License (SH126):26-61VC4-SHMO,26-61VC4-SHMO,Mold Remediation Contractor License (SH126),Active,YES,GKM Industries Inc.,,c1d787d1b7,CREDENTIAL_ONLY,,,939a0ec586
ny_dol_mold,1057,Mold Remediation Contractor License (SH126):24-6381C-SHMO,24-6381C-SHMO,Mold Remediation Contractor License (SH126),Active,YES,GMG Home Services Inc.,,c1d787d1b7,CREDENTIAL_ONLY,,,939a0ec586
ny_dol_mold,1058,Mold Remediation Contractor License (SH126):25-6TKJ7-SHMO,25-6TKJ7-SHMO,Mold Remediation Contractor License (SH126),Active,YES,"GP Rochester, Inc.",,c1d787d1b7,CREDENTIAL_ONLY,,,939a0ec586
ny_dol_mold,1059,Mold Remediation Contractor License (SH126):26-6S6NU-SHMO,26-6S6NU-SHMO,Mold Remediation Contractor License (SH126),Active,YES,"GTM Contracting, Inc",,c1d787d1b7,CREDENTIAL_ONLY,,,939a0ec586
ny_dol_mold,1060,Mold Assessment Contractor License (SH125):24-6ZSJJ-SHMO,24-6ZSJJ-SHMO,Mold Assessment Contractor License (SH125),Expired,NO,Galli Quality Preservation Svc LLC,,c1d787d1b7,CREDENTIAL_ONLY,,,939a0ec586
ny_dol_mold,1061,Mold Assessment Contractor License (SH125):25-6UEEK-SHMO,25-6UEEK-SHMO,Mold Assessment Contractor License (SH125),Active,YES,Gear Guys LLC,,c1d787d1b7,CREDENTIAL_ONLY,,,939a0ec586
ny_dol_mold,1062,Mold Assessment Contractor License (SH125):01486,01486,Mold Assessment Contractor License (SH125),Expired,NO,Genesys Construction Corp,,c1d787d1b7,CREDENTIAL_ONLY,,,939a0ec586
ny_dol_mold,1063,Mold Remediation Contractor License (SH126):25-6446G-SHMO,25-6446G-SHMO,Mold Remediation Contractor License (SH126),Active,YES,"Gforce Restoration, LLC",,c1d787d1b7,CREDENTIAL_ONLY,,,939a0ec586
ny_dol_mold,1064,Mold Remediation Contractor License (SH126):23-6UMF5-SHMO,23-6UMF5-SHMO,Mold Remediation Contractor License (SH126),Expired,NO,Global Restoration Services Inc,,c1d787d1b7,CREDENTIAL_ONLY,,,939a0ec586
ny_dol_mold,1065,Mold Assessment Contractor License (SH125):26-66RIR-SHMO,26-66RIR-SHMO,Mold Assessment Contractor License (SH125),Active,YES,Goldberg Preservation Services LLC,,c1d787d1b7,CREDENTIAL_ONLY,,,939a0ec586
ny_dol_mold,1066,Mold Remediation Contractor License (SH126):25-65B7X-SHMO,25-65B7X-SHMO,Mold Remediation Contractor License (SH126),Active,YES,Goodelman demolition llc,,c1d787d1b7,CREDENTIAL_ONLY,,,939a0ec586
ny_dol_mold,1067,Mold Remediation Contractor License (SH126):26-6I38I-SHMO,26-6I38I-SHMO,Mold Remediation Contractor License (SH126),Active,YES,Grayson Estates Enterprises LLC,,c1d787d1b7,CREDENTIAL_ONLY,,,939a0ec586
ny_dol_mold,1068,Mold Assessment Contractor License (SH125):26-6LJIQ-SHMO,26-6LJIQ-SHMO,Mold Assessment Contractor License (SH125),Active,YES,Green Earth Environmental Consultants LLC,,c1d787d1b7,CREDENTIAL_ONLY,,,939a0ec586
ny_dol_mold,1069,Mold Remediation Contractor License (SH126):00891,00891,Mold Remediation Contractor License (SH126),Expired,NO,Green Island Group Corporative Inc.,,c1d787d1b7,CREDENTIAL_ONLY,,,939a0ec586
ny_dol_mold,1070,Mold Assessment Contractor License (SH125):26-6ST1P-SHMO,26-6ST1P-SHMO,Mold Assessment Contractor License (SH125),Active,YES,"Green Path Environmental, Inc.",,c1d787d1b7,CREDENTIAL_ONLY,,,939a0ec586
ny_dol_mold,1071,Mold Assessment Contractor License (SH125):25-6SCEE-SHMO,25-6SCEE-SHMO,Mold Assessment Contractor License (SH125),Active,YES,Green Tree Environmental LLC,,c1d787d1b7,CREDENTIAL_ONLY,,,939a0ec586
ny_dol_mold,1072,Mold Remediation Contractor License (SH126):24-63RRY-SHMO,24-63RRY-SHMO,Mold Remediation Contractor License (SH126),Expired,NO,Greenfield USA Corp.,,c1d787d1b7,CREDENTIAL_ONLY,,,939a0ec586
ny_dol_mold,1073,Mold Assessment Contractor License (SH125):24-631FQ-SHMO,24-631FQ-SHMO,Mold Assessment Contractor License (SH125),Expired,NO,Gregory Sanchez,,c1d787d1b7,CREDENTIAL_ONLY,,,939a0ec586
ny_dol_mold,1074,Mold Assessment Contractor License (SH125):24-6S5P8-SHMO,24-6S5P8-SHMO,Mold Assessment Contractor License (SH125),Expired,NO,Guardian Angel Home Inspection Services NYPA LLC,,c1d787d1b7,CREDENTIAL_ONLY,,,939a0ec586
ny_dol_mold,1075,Mold Remediation Contractor License (SH126):00453,00453,Mold Remediation Contractor License (SH126),Expired,NO,"H & H Environmental Construction & Consulting, Inc.",,c1d787d1b7,CREDENTIAL_ONLY,,,939a0ec586
ny_dol_mold,1076,Mold Assessment Contractor License (SH125):25-6IEC1-SHMO,25-6IEC1-SHMO,Mold Assessment Contractor License (SH125),Active,YES,H.N.S.T. Mold Inspections LLC,,c1d787d1b7,CREDENTIAL_ONLY,,,939a0ec586
ny_dol_mold,1077,Mold Remediation Contractor License (SH126):25-67QA4-SHMO,25-67QA4-SHMO,Mold Remediation Contractor License (SH126),Active,YES,HATZLOCHA INC.,,c1d787d1b7,CREDENTIAL_ONLY,,,939a0ec586
ny_dol_mold,1078,Mold Assessment Contractor License (SH125):23-6IR96-SHMO,23-6IR96-SHMO,Mold Assessment Contractor License (SH125),Expired,NO,HFK Safety Corp,,c1d787d1b7,CREDENTIAL_ONLY,,,939a0ec586
ny_dol_mold,1079,Mold Remediation Contractor License (SH126):24-63EVV-SHMO,24-63EVV-SHMO,Mold Remediation Contractor License (SH126),Active,YES,"HONEY CONSTRUCTION NY, INC.",,c1d787d1b7,CREDENTIAL_ONLY,,,939a0ec586
ny_dol_mold,1080,Mold Assessment Contractor License (SH125):00525,00525,Mold Assessment Contractor License (SH125),Expired,NO,"Habitat Home & Building Inspection Services, Inc.",,c1d787d1b7,CREDENTIAL_ONLY,,,939a0ec586
ny_dol_mold,1081,Mold Remediation Contractor License (SH126):23-6UYSX-SHMO,23-6UYSX-SHMO,Mold Remediation Contractor License (SH126),Expired,NO,Harisi Energy LLC,,c1d787d1b7,CREDENTIAL_ONLY,,,939a0ec586
ny_dol_mold,1082,Mold Remediation Contractor License (SH126):26-6A3ZE-SHMO,26-6A3ZE-SHMO,Mold Remediation Contractor License (SH126),Active,YES,Haven Property Solutions LLC.,,c1d787d1b7,CREDENTIAL_ONLY,,,939a0ec586
ny_dol_mold,1083,Mold Assessment Contractor License (SH125):26-6AF8V-SHMO,26-6AF8V-SHMO,Mold Assessment Contractor License (SH125),Active,YES,Healthy Home Assessments LLC,,c1d787d1b7,CREDENTIAL_ONLY,,,939a0ec586
ny_dol_mold,1084,Mold Remediation Contractor License (SH126):24-63PE4-SHMO,24-63PE4-SHMO,Mold Remediation Contractor License (SH126),Expired,NO,Healthy Spaces Mold Mitigation LLC,,c1d787d1b7,CREDENTIAL_ONLY,,,939a0ec586
ny_dol_mold,1085,Mold Remediation Contractor License (SH126):25-6TPMU-SHMO,25-6TPMU-SHMO,Mold Remediation Contractor License (SH126),Active,YES,"Hemco Environmental, LLC",,c1d787d1b7,CREDENTIAL_ONLY,,,939a0ec586
ny_dol_mold,1086,Mold Remediation Contractor License (SH126):01738,01738,Mold Remediation Contractor License (SH126),Expired,NO,Hi-Tech Contractors Corp,,c1d787d1b7,CREDENTIAL_ONLY,,,939a0ec586
ny_dol_mold,1087,Mold Remediation Contractor License (SH126):24-63R1X-SHMO,24-63R1X-SHMO,Mold Remediation Contractor License (SH126),Expired,NO,"High Quality Restoration, LLC",,c1d787d1b7,CREDENTIAL_ONLY,,,939a0ec586
ny_dol_mold,1088,Mold Assessment Contractor License (SH125):25-67QKO-SHMO,25-67QKO-SHMO,Mold Assessment Contractor License (SH125),Active,YES,Hill Environmental Services,,c1d787d1b7,CREDENTIAL_ONLY,,,939a0ec586
ny_dol_mold,1089,Mold Remediation Contractor License (SH126):24-6AEGI-SHMO,24-6AEGI-SHMO,Mold Remediation Contractor License (SH126),Expired,NO,"Holley Environmental and Weatherization, LLC",,c1d787d1b7,CREDENTIAL_ONLY,,,939a0ec586
ny_dol_mold,1090,Mold Assessment Contractor License (SH125):26-66DSL-SHMO,26-66DSL-SHMO,Mold Assessment Contractor License (SH125),Active,YES,Home Restoration Services LLC,,c1d787d1b7,CREDENTIAL_ONLY,,,939a0ec586
ny_dol_mold,1091,Mold Remediation Contractor License (SH126):24-6A8T5-SHMO,24-6A8T5-SHMO,Mold Remediation Contractor License (SH126),Expired,NO,Home-Maid Services Inc.,,c1d787d1b7,CREDENTIAL_ONLY,,,939a0ec586
ny_dol_mold,1092,Mold Remediation Contractor License (SH126):01710,01710,Mold Remediation Contractor License (SH126),Expired,NO,Homepro Restorations Inc,,c1d787d1b7,CREDENTIAL_ONLY,,,939a0ec586
ny_dol_mold,1093,Mold Assessment Contractor License (SH125):25-64ADN-SHMO,25-64ADN-SHMO,Mold Assessment Contractor License (SH125),Active,YES,"HouseWise Inspection, LLC",,c1d787d1b7,CREDENTIAL_ONLY,,,939a0ec586
ny_dol_mold,1094,Mold Assessment Contractor License (SH125):24-631S7-SHMO,24-631S7-SHMO,Mold Assessment Contractor License (SH125),Active,YES,"Hudson Mold Testing & Consulting, Inc.",,c1d787d1b7,CREDENTIAL_ONLY,,,939a0ec586
ny_dol_mold,1095,Mold Assessment Contractor License (SH125):26-6ZXCT-SHMO,26-6ZXCT-SHMO,Mold Assessment Contractor License (SH125),Active,YES,"Hudson Valley Property Inspections, LLC",,c1d787d1b7,CREDENTIAL_ONLY,,,939a0ec586
ny_dol_mold,1096,Mold Assessment Contractor License (SH125):26-66ACR-SHMO,26-66ACR-SHMO,Mold Assessment Contractor License (SH125),Active,YES,"Hunt Engineers, Architects, Land Surveyors & Landscape Architect, DPC",,c1d787d1b7,CREDENTIAL_ONLY,,,939a0ec586
ny_dol_mold,1097,Mold Remediation Contractor License (SH126):25-6ZSFQ-SHMO,25-6ZSFQ-SHMO,Mold Remediation Contractor License (SH126),Active,YES,"Hygienic Cleaning & Restoration, LLC",,c1d787d1b7,CREDENTIAL_ONLY,,,939a0ec586
ny_dol_mold,1098,Mold Assessment Contractor License (SH125):24-6ZXCS-SHMO,24-6ZXCS-SHMO,Mold Assessment Contractor License (SH125),Expired,NO,"IAC Indoor Air Care Professional, Inc",,c1d787d1b7,CREDENTIAL_ONLY,,,939a0ec586
ny_dol_mold,1099,Mold Remediation Contractor License (SH126):24-63L8A-SHMO,24-63L8A-SHMO,Mold Remediation Contractor License (SH126),Active,YES,ICN Services Inc.,,c1d787d1b7,CREDENTIAL_ONLY,,,939a0ec586
ny_dol_mold,1100,Mold Remediation Contractor License (SH126):25-65EKP-SHMO,25-65EKP-SHMO,Mold Remediation Contractor License (SH126),Active,YES,INDOOR AIR RESTORATION INC,,c1d787d1b7,CREDENTIAL_ONLY,,,939a0ec586
ny_dol_mold,1101,Mold Remediation Contractor License (SH126):26-63BKO-SHMO,26-63BKO-SHMO,Mold Remediation Contractor License (SH126),Active,YES,ITS Environmental Services Inc.,,c1d787d1b7,CREDENTIAL_ONLY,,,939a0ec586
ny_dol_mold,1102,Mold Remediation Contractor License (SH126):01911,01911,Mold Remediation Contractor License (SH126),Expired,NO,Imperial Consulting Group Corp.,,c1d787d1b7,CREDENTIAL_ONLY,,,939a0ec586
ny_dol_mold,1103,Mold Assessment Contractor License (SH125):24-64ED7-SHMO,24-64ED7-SHMO,Mold Assessment Contractor License (SH125),Active,YES,"Independent Home Inspection, LLC",,c1d787d1b7,CREDENTIAL_ONLY,,,939a0ec586
ny_dol_mold,1104,Mold Remediation Contractor License (SH126):25-61E4Z-SHMO,25-61E4Z-SHMO,Mold Remediation Contractor License (SH126),Active,YES,"Indoor Air Technologies, Inc.",,c1d787d1b7,CREDENTIAL_ONLY,,,939a0ec586
ny_dol_mold,1105,Mold Assessment Contractor License (SH125):23-6UMTN-SHMO,23-6UMTN-SHMO,Mold Assessment Contractor License (SH125),Expired,NO,"Informative Home Inspections, LLC",,c1d787d1b7,CREDENTIAL_ONLY,,,939a0ec586
ny_dol_mold,1106,Mold Assessment Contractor License (SH125):25-6LL13-SHMO,25-6LL13-SHMO,Mold Assessment Contractor License (SH125),Active,YES,"Insight Environmental, Inc.",,c1d787d1b7,CREDENTIAL_ONLY,,,939a0ec586
ny_dol_mold,1107,Mold Assessment Contractor License (SH125):25-678ZU-SHMO,25-678ZU-SHMO,Mold Assessment Contractor License (SH125),Active,YES,"Inspector Ed Home Inspections, Inc.",,c1d787d1b7,CREDENTIAL_ONLY,,,939a0ec586
ny_dol_mold,1108,Mold Assessment Contractor License (SH125):25-65OC6-SHMO,25-65OC6-SHMO,Mold Assessment Contractor License (SH125),Active,YES,"Integrity EHS & Home Services, LLC",,c1d787d1b7,CREDENTIAL_ONLY,,,939a0ec586
ny_dol_mold,1109,Mold Remediation Contractor License (SH126):25-6TQYP-SHMO,25-6TQYP-SHMO,Mold Remediation Contractor License (SH126),Active,YES,Irex Atlantic Contracting LLC,,c1d787d1b7,CREDENTIAL_ONLY,,,939a0ec586
ny_dol_mold,1110,Mold Assessment Contractor License (SH125):26-66JR7-SHMO,26-66JR7-SHMO,Mold Assessment Contractor License (SH125),Active,YES,"Island Catastrophe Environmental Restoration, Inc.",,c1d787d1b7,CREDENTIAL_ONLY,,,939a0ec586
ny_dol_mold,1111,Mold Remediation Contractor License (SH126):26-69VUO-SHMO,26-69VUO-SHMO,Mold Remediation Contractor License (SH126),Active,YES,J & H PAINTING & RENOVATION LLC,,c1d787d1b7,CREDENTIAL_ONLY,,,939a0ec586
ny_dol_mold,1112,Mold Remediation Contractor License (SH126):01250,01250,Mold Remediation Contractor License (SH126),Expired,NO,J&R Maintenance Services Ltd,,c1d787d1b7,CREDENTIAL_ONLY,,,939a0ec586
ny_dol_mold,1113,Mold Assessment Contractor License (SH125):26-6ZPKK-SHMO,26-6ZPKK-SHMO,Mold Assessment Contractor License (SH125),Active,YES,Empire B & D Inc.,,c1d787d1b7,CREDENTIAL_ONLY,,,939a0ec586
ny_dol_mold,1114,Mold Assessment Contractor License (SH125):01217,01217,Mold Assessment Contractor License (SH125),Expired,NO,Empire Inspectors LLC,,c1d787d1b7,CREDENTIAL_ONLY,,,939a0ec586
ny_dol_mold,1115,Mold Assessment Contractor License (SH125):25-6T89U-SHMO,25-6T89U-SHMO,Mold Assessment Contractor License (SH125),Active,YES,EnTech Engineering PC,,c1d787d1b7,CREDENTIAL_ONLY,,,939a0ec586
ny_dol_mold,1116,Mold Assessment Contractor License (SH125):25-6SDTH-SHMO,25-6SDTH-SHMO,Mold Assessment Contractor License (SH125),Active,YES,"Energy & Environment, LLC",,c1d787d1b7,CREDENTIAL_ONLY,,,939a0ec586
ny_dol_mold,1117,Mold Remediation Contractor License (SH126):25-6IJdc-shmo,25-6IJdc-shmo,Mold Remediation Contractor License (SH126),Active,YES,Enviral Restoration Fire and Water Corp.,,c1d787d1b7,CREDENTIAL_ONLY,,,939a0ec586
ny_dol_mold,1118,Mold Assessment Contractor License (SH125):24-6A7QK-SHMO,24-6A7QK-SHMO,Mold Assessment Contractor License (SH125),Expired,NO,Enviro Solutions Inc.,,c1d787d1b7,CREDENTIAL_ONLY,,,939a0ec586
ny_dol_mold,1119,Mold Assessment Contractor License (SH125):26-6ZGCA-SHMO,26-6ZGCA-SHMO,Mold Assessment Contractor License (SH125),Active,YES,"Enviro-Test, Inc.",,c1d787d1b7,CREDENTIAL_ONLY,,,939a0ec586
ny_dol_mold,1120,Mold Remediation Contractor License (SH126):26-6AA3F-SHMO,26-6AA3F-SHMO,Mold Remediation Contractor License (SH126),Active,YES,EnviroNYC Corp.,,c1d787d1b7,CREDENTIAL_ONLY,,,939a0ec586
ny_dol_mold,1121,Mold Assessment Contractor License (SH125):01733,01733,Mold Assessment Contractor License (SH125),Expired,NO,Enviromax LLC,,c1d787d1b7,CREDENTIAL_ONLY,,,939a0ec586
ny_dol_mold,1122,Mold Assessment Contractor License (SH125):25-6IKUS-SHMO,25-6IKUS-SHMO,Mold Assessment Contractor License (SH125),Active,YES,"Environmental Assessments + Solutions, Inc.",,c1d787d1b7,CREDENTIAL_ONLY,,,939a0ec586
ny_dol_mold,1123,Mold Remediation Contractor License (SH126):26-6SXBX-SHMO,26-6SXBX-SHMO,Mold Remediation Contractor License (SH126),Active,YES,"Environmental Construction Group, Inc.",,c1d787d1b7,CREDENTIAL_ONLY,,,939a0ec586
ny_dol_mold,1124,Mold Assessment Contractor License (SH125):25-6UTJK-SHMO,25-6UTJK-SHMO,Mold Assessment Contractor License (SH125),Active,YES,Environmental Investigators LLC,,c1d787d1b7,CREDENTIAL_ONLY,,,939a0ec586
ny_dol_mold,1125,Mold Assessment Contractor License (SH125):26-6S7AN-SHMO,26-6S7AN-SHMO,Mold Assessment Contractor License (SH125),Active,YES,"Environmental Management Solutions of New York, Inc.",,c1d787d1b7,CREDENTIAL_ONLY,,,939a0ec586
ny_dol_mold,1126,Mold Assessment Contractor License (SH125):25-6UXG8-SHMO,25-6UXG8-SHMO,Mold Assessment Contractor License (SH125),Active,YES,"Environmental Tactics, Inc.",,c1d787d1b7,CREDENTIAL_ONLY,,,939a0ec586
ny_dol_mold,1127,Mold Remediation Contractor License (SH126):25-6LQDQ-SHMO,25-6LQDQ-SHMO,Mold Remediation Contractor License (SH126),Active,YES,"Envirosafe Inspections and Solutions, LLC",,c1d787d1b7,CREDENTIAL_ONLY,,,939a0ec586
ny_dol_mold,1128,Mold Remediation Contractor License (SH126):26-67SU7-SHMO,26-67SU7-SHMO,Mold Remediation Contractor License (SH126),Active,YES,Envirotech Mold & Lead Corp,,c1d787d1b7,CREDENTIAL_ONLY,,,939a0ec586
ny_dol_mold,1129,Mold Remediation Contractor License (SH126):25-6TOBT-SHMO,25-6TOBT-SHMO,Mold Remediation Contractor License (SH126),Active,YES,"Ergul Construction, Inc.",,c1d787d1b7,CREDENTIAL_ONLY,,,939a0ec586
ny_dol_mold,1130,Mold Remediation Contractor License (SH126):25-65LJ9-SHMO,25-65LJ9-SHMO,Mold Remediation Contractor License (SH126),Active,YES,"Erin Family Construction, Inc.",,c1d787d1b7,CREDENTIAL_ONLY,,,939a0ec586
ny_dol_mold,1131,Mold Assessment Contractor License (SH125):25-6u8gu-shmo,25-6u8gu-shmo,Mold Assessment Contractor License (SH125),Active,YES,"Essential Home Inspections, LLC",,c1d787d1b7,CREDENTIAL_ONLY,,,939a0ec586
ny_dol_mold,1132,Mold Remediation Contractor License (SH126):25-678SP-SHMO,25-678SP-SHMO,Mold Remediation Contractor License (SH126),Active,YES,Everserve Property Services Inc.,,c1d787d1b7,CREDENTIAL_ONLY,,,939a0ec586
ny_dol_mold,1133,Mold Remediation Contractor License (SH126):25-6IPGV-SHMO,25-6IPGV-SHMO,Mold Remediation Contractor License (SH126),Active,YES,Exclusive Testing Labs Inc,,c1d787d1b7,CREDENTIAL_ONLY,,,939a0ec586
ny_dol_mold,1134,Mold Assessment Contractor License (SH125):01729,01729,Mold Assessment Contractor License (SH125),Expired,NO,Exit Repairs Corp,,c1d787d1b7,CREDENTIAL_ONLY,,,939a0ec586
ny_dol_mold,1135,Mold Remediation Contractor License (SH126):26-6L9LU-SHMO,26-6L9LU-SHMO,Mold Remediation Contractor License (SH126),Active,YES,Expert Environmental & Construction Group LLC,,c1d787d1b7,CREDENTIAL_ONLY,,,939a0ec586
ny_dol_mold,1136,Mold Remediation Contractor License (SH126):25-6HJHZ-SHMO,25-6HJHZ-SHMO,Mold Remediation Contractor License (SH126),Expired,NO,Express Mold Removal Corp.,,c1d787d1b7,CREDENTIAL_ONLY,,,939a0ec586
ny_dol_mold,1137,Mold Assessment Contractor License (SH125):26-6SAPF-SHMO,26-6SAPF-SHMO,Mold Assessment Contractor License (SH125),Active,YES,F.W. Webb Company,,c1d787d1b7,CREDENTIAL_ONLY,,,939a0ec586
ny_dol_mold,1138,Mold Remediation Contractor License (SH126):25-644HY-SHMO,25-644HY-SHMO,Mold Remediation Contractor License (SH126),Active,YES,FIRE SHIELD RESTORATION LLC,,c1d787d1b7,CREDENTIAL_ONLY,,,939a0ec586
ny_dol_mold,1139,Mold Assessment Contractor License (SH125):24-6ZLIX-SHMO,24-6ZLIX-SHMO,Mold Assessment Contractor License (SH125),Expired,NO,FOURDUBS INC,,c1d787d1b7,CREDENTIAL_ONLY,,,939a0ec586
ny_dol_mold,1140,Mold Assessment Contractor License (SH125):01826,01826,Mold Assessment Contractor License (SH125),Expired,NO,Fairview Home Inspection Services LLC,,c1d787d1b7,CREDENTIAL_ONLY,,,939a0ec586
ny_dol_mold,1141,Mold Remediation Contractor License (SH126):25-6TJJT-SHMO,25-6TJJT-SHMO,Mold Remediation Contractor License (SH126),Active,YES,Federal Property Maintenance Corp.,,c1d787d1b7,CREDENTIAL_ONLY,,,939a0ec586
ny_dol_mold,1142,Mold Assessment Contractor License (SH125):26-6ZCUQ-SHMO,26-6ZCUQ-SHMO,Mold Assessment Contractor License (SH125),Active,YES,Filtrite Maintenance Inc.,,c1d787d1b7,CREDENTIAL_ONLY,,,939a0ec586
ny_dol_mold,1143,Mold Assessment Contractor License (SH125):24-6ZEOC-SHMO,24-6ZEOC-SHMO,Mold Assessment Contractor License (SH125),Expired,NO,Finger Lakes Mold Assessments LLC,,c1d787d1b7,CREDENTIAL_ONLY,,,939a0ec586
ny_dol_mold,1144,Mold Assessment Contractor License (SH125):26-9YYFD-SHMO,26-9YYFD-SHMO,Mold Assessment Contractor License (SH125),Active,YES,First Choice Mold Inspection Corp.,,c1d787d1b7,CREDENTIAL_ONLY,,,939a0ec586
ny_dol_mold,1145,Mold Assessment Contractor License (SH125):26-69F5B-SHMO,26-69F5B-SHMO,Mold Assessment Contractor License (SH125),Active,YES,First Response Home Services LLC,,c1d787d1b7,CREDENTIAL_ONLY,,,939a0ec586
ny_dol_mold,1146,Mold Assessment Contractor License (SH125):25-67CG1-SHMO,25-67CG1-SHMO,Mold Assessment Contractor License (SH125),Active,YES,"Fisher Associates, PE, LS, LA, DPC",,c1d787d1b7,CREDENTIAL_ONLY,,,939a0ec586
ny_dol_mold,1147,Mold Remediation Contractor License (SH126):25-67NRT-SHMO,25-67NRT-SHMO,Mold Remediation Contractor License (SH126),Active,YES,Flow's Construction Corporation,,c1d787d1b7,CREDENTIAL_ONLY,,,939a0ec586
ny_dol_mold,1148,Mold Remediation Contractor License (SH126):26-6ACIF-SHMO,26-6ACIF-SHMO,Mold Remediation Contractor License (SH126),Active,YES,Force Ready Remediation LLC,,c1d787d1b7,CREDENTIAL_ONLY,,,939a0ec586
ny_dol_mold,1149,Mold Remediation Contractor License (SH126):26-69ASN-SHMO,26-69ASN-SHMO,Mold Remediation Contractor License (SH126),Active,YES,"Fox Home Solutions, Inc.",,c1d787d1b7,CREDENTIAL_ONLY,,,939a0ec586
ny_dol_mold,1150,Mold Assessment Contractor License (SH125):00214,00214,Mold Assessment Contractor License (SH125),Expired,NO,Frank Macak,,c1d787d1b7,CREDENTIAL_ONLY,,,939a0ec586
ny_dol_mold,1151,Mold Assessment Contractor License (SH125):23-6LU3I-SHMO,23-6LU3I-SHMO,Mold Assessment Contractor License (SH125),Expired,NO,"Freemason Environmental Consulting Firm, L.L.C.",,c1d787d1b7,CREDENTIAL_ONLY,,,939a0ec586
ny_dol_mold,1152,Mold Assessment Contractor License (SH125):25-67FFQ-SHMO,25-67FFQ-SHMO,Mold Assessment Contractor License (SH125),Active,YES,Fully Inspected Corp,,c1d787d1b7,CREDENTIAL_ONLY,,,939a0ec586
ny_dol_mold,1153,Mold Remediation Contractor License (SH126):26-6SACA-SHMO,26-6SACA-SHMO,Mold Remediation Contractor License (SH126),Active,YES,"G & C REMEDIATIONS, INC",,c1d787d1b7,CREDENTIAL_ONLY,,,939a0ec586
ny_dol_mold,1154,Mold Remediation Contractor License (SH126):24-63AVO-SHMO,24-63AVO-SHMO,Mold Remediation Contractor License (SH126),Active,YES,G-TECH RESTORATION INC,,c1d787d1b7,CREDENTIAL_ONLY,,,939a0ec586
ny_dol_mold,1155,Mold Assessment Contractor License (SH125):26-6IZFK-SHMO,26-6IZFK-SHMO,Mold Assessment Contractor License (SH125),Active,YES,"GAC Environmental, Inc.",,c1d787d1b7,CREDENTIAL_ONLY,,,939a0ec586
ny_dol_mold,1156,Mold Assessment Contractor License (SH125):25-6TJAH-SHMO,25-6TJAH-SHMO,Mold Assessment Contractor License (SH125),Active,YES,GENESEE LIVINGSTON STEUBEN WYOMING BOCES,,c1d787d1b7,CREDENTIAL_ONLY,,,939a0ec586
ny_dol_mold,1157,Mold Remediation Contractor License (SH126):25-6H4NX-SHMO,25-6H4NX-SHMO,Mold Remediation Contractor License (SH126),Active,YES,"GLP & Sons, Inc",,c1d787d1b7,CREDENTIAL_ONLY,,,939a0ec586
ny_dol_mold,1158,Mold Remediation Contractor License (SH126):26-63ED8-SHMO,26-63ED8-SHMO,Mold Remediation Contractor License (SH126),Active,YES,GN Home Improvement Corp,,c1d787d1b7,CREDENTIAL_ONLY,,,939a0ec586
ny_dol_mold,1159,Mold Remediation Contractor License (SH126):25-6TJFG-SHMO,25-6TJFG-SHMO,Mold Remediation Contractor License (SH126),Active,YES,GPA Environmental Group Inc.,,c1d787d1b7,CREDENTIAL_ONLY,,,939a0ec586
ny_dol_mold,1160,Mold Assessment Contractor License (SH125):25-6IB9U-SHMO,25-6IB9U-SHMO,Mold Assessment Contractor License (SH125),Active,YES,GZA GeoEnvironmental Inc,,c1d787d1b7,CREDENTIAL_ONLY,,,939a0ec586
ny_dol_mold,1161,Mold Assessment Contractor License (SH125):24-6AQXA-SHMO,24-6AQXA-SHMO,Mold Assessment Contractor License (SH125),Expired,NO,Gallinger Environmental Management Corp.,,c1d787d1b7,CREDENTIAL_ONLY,,,939a0ec586
ny_dol_mold,1162,Mold Remediation Contractor License (SH126):24-6Z36D-SHMO,24-6Z36D-SHMO,Mold Remediation Contractor License (SH126),Expired,NO,Genesis Environmental Consultants Inc.,,c1d787d1b7,CREDENTIAL_ONLY,,,939a0ec586
ny_dol_mold,1163,Mold Assessment Contractor License (SH125):01202,01202,Mold Assessment Contractor License (SH125),Expired,NO,Genuine Home Inspections LLC,,c1d787d1b7,CREDENTIAL_ONLY,,,939a0ec586
ny_dol_mold,1164,Mold Remediation Contractor License (SH126):26-66X16-SHMO,26-66X16-SHMO,Mold Remediation Contractor License (SH126),Active,YES,"Glassman Services, Inc.",,c1d787d1b7,CREDENTIAL_ONLY,,,939a0ec586
ny_dol_mold,1165,Mold Remediation Contractor License (SH126):25-6SIKK-SHMO,25-6SIKK-SHMO,Mold Remediation Contractor License (SH126),Active,YES,"Globe Restoration & Construction, LLC",,c1d787d1b7,CREDENTIAL_ONLY,,,939a0ec586
ny_dol_mold,1166,Mold Remediation Contractor License (SH126):25-65KAJ-SHMO,25-65KAJ-SHMO,Mold Remediation Contractor License (SH126),Expired,NO,Golden Touch Restoration Specialist LLC,,c1d787d1b7,CREDENTIAL_ONLY,,,939a0ec586
ny_dol_mold,1167,Mold Remediation Contractor License (SH126):26-9YRKD-SHMO,26-9YRKD-SHMO,Mold Remediation Contractor License (SH126),Active,YES,Gotham Builders of New York LTD,,c1d787d1b7,CREDENTIAL_ONLY,,,939a0ec586
ny_dol_mold,1168,Mold Assessment Contractor License (SH125):25-6UXS9-SHMO,25-6UXS9-SHMO,Mold Assessment Contractor License (SH125),Active,YES,Green 2 Green Consulting LLC,,c1d787d1b7,CREDENTIAL_ONLY,,,939a0ec586
ny_dol_mold,1169,Mold Assessment Contractor License (SH125):26-6A647-SHMO,26-6A647-SHMO,Mold Assessment Contractor License (SH125),Active,YES,Green Estate Inspection Corp.,,c1d787d1b7,CREDENTIAL_ONLY,,,939a0ec586
ny_dol_mold,1170,Mold Assessment Contractor License (SH125):24-63KIV-SHMO,24-63KIV-SHMO,Mold Assessment Contractor License (SH125),Active,YES,Green Magnolia Home Inspections,,c1d787d1b7,CREDENTIAL_ONLY,,,939a0ec586
ny_dol_mold,1171,Mold Assessment Contractor License (SH125):25-67LA5-SHMO,25-67LA5-SHMO,Mold Assessment Contractor License (SH125),Active,YES,Green Spirit USA Inc,,c1d787d1b7,CREDENTIAL_ONLY,,,939a0ec586
ny_dol_mold,1172,Mold Assessment Contractor License (SH125):25-65XPN-SHMO,25-65XPN-SHMO,Mold Assessment Contractor License (SH125),Active,YES,GreenRoom Remediation LLC,,c1d787d1b7,CREDENTIAL_ONLY,,,939a0ec586
ny_dol_mold,1173,Mold Remediation Contractor License (SH126):01822,01822,Mold Remediation Contractor License (SH126),Expired,NO,Greenfield USA Corp.,,c1d787d1b7,CREDENTIAL_ONLY,,,939a0ec586
ny_dol_mold,1174,Mold Assessment Contractor License (SH125):26-6Z3QC-SHMO,26-6Z3QC-SHMO,Mold Assessment Contractor License (SH125),Active,YES,"Groton Equities Associates, LLC",,c1d787d1b7,CREDENTIAL_ONLY,,,939a0ec586
ny_dol_mold,1175,Mold Remediation Contractor License (SH126):23-6LATI-SHMO,23-6LATI-SHMO,Mold Remediation Contractor License (SH126),Expired,NO,Guidice Contracting Inc.,,c1d787d1b7,CREDENTIAL_ONLY,,,939a0ec586
ny_dol_mold,1176,Mold Remediation Contractor License (SH126):25-65X9F-SHMO,25-65X9F-SHMO,Mold Remediation Contractor License (SH126),Active,YES,H & S Contracting of NY Inc.,,c1d787d1b7,CREDENTIAL_ONLY,,,939a0ec586
ny_dol_mold,1177,Mold Assessment Contractor License (SH125):25-6IEQ6-SHMO,25-6IEQ6-SHMO,Mold Assessment Contractor License (SH125),Active,YES,"H2M Architects, Engineers, Land Surveying and Landscape Architecture DPC",,c1d787d1b7,CREDENTIAL_ONLY,,,939a0ec586
ny_dol_mold,1178,Mold Remediation Contractor License (SH126):00812,00812,Mold Remediation Contractor License (SH126),Expired,NO,"HDC Improvement, Inc.",,c1d787d1b7,CREDENTIAL_ONLY,,,939a0ec586
ny_dol_mold,1179,Mold Remediation Contractor License (SH126):01697,01697,Mold Remediation Contractor License (SH126),Expired,NO,HHI Tech Inc.,,c1d787d1b7,CREDENTIAL_ONLY,,,939a0ec586
ny_dol_mold,1180,Mold Remediation Contractor License (SH126):26-63th3-shmo,26-63th3-shmo,Mold Remediation Contractor License (SH126),Active,YES,HOUSING Preservation Services LLC,,c1d787d1b7,CREDENTIAL_ONLY,,,939a0ec586
ny_dol_mold,1181,Mold Assessment Contractor License (SH125):25-645JQ-SHMO,25-645JQ-SHMO,Mold Assessment Contractor License (SH125),Active,YES,Hamilton Home Services LLC,,c1d787d1b7,CREDENTIAL_ONLY,,,939a0ec586
ny_dol_mold,1182,Mold Assessment Contractor License (SH125):23-6UYSO-SHMO,23-6UYSO-SHMO,Mold Assessment Contractor License (SH125),Expired,NO,Harisi Energy LLC,,c1d787d1b7,CREDENTIAL_ONLY,,,939a0ec586
ny_dol_mold,1183,Mold Remediation Contractor License (SH126):24-6Z3XF-SHMO,24-6Z3XF-SHMO,Mold Remediation Contractor License (SH126),Expired,NO,Hazardous Solutions Inc.,,c1d787d1b7,CREDENTIAL_ONLY,,,939a0ec586
ny_dol_mold,1184,Mold Assessment Contractor License (SH125):01550,01550,Mold Assessment Contractor License (SH125),Expired,NO,Healthy Home Restoration LLC,,c1d787d1b7,CREDENTIAL_ONLY,,,939a0ec586
ny_dol_mold,1185,Mold Remediation Contractor License (SH126):26-66SFQ-SHMO,26-66SFQ-SHMO,Mold Remediation Contractor License (SH126),Active,YES,Hearthstone Property Maintenance Inc,,c1d787d1b7,CREDENTIAL_ONLY,,,939a0ec586
ny_dol_mold,1186,Mold Assessment Contractor License (SH125):25-6TPH7-SHMO,25-6TPH7-SHMO,Mold Assessment Contractor License (SH125),Active,YES,"Hemco Environmental, LLC",,c1d787d1b7,CREDENTIAL_ONLY,,,939a0ec586
ny_dol_mold,1187,Mold Assessment Contractor License (SH125):26-6ZUK6-SHMO,26-6ZUK6-SHMO,Mold Assessment Contractor License (SH125),Active,YES,Hi-Tech Environmental LLC,,c1d787d1b7,CREDENTIAL_ONLY,,,939a0ec586
ny_dol_mold,1188,Mold Remediation Contractor License (SH126):26-63TDQ-SHMO,26-63TDQ-SHMO,Mold Remediation Contractor License (SH126),Active,YES,High Rock Contracting Inc.,,c1d787d1b7,CREDENTIAL_ONLY,,,939a0ec586
ny_dol_mold,1189,Mold Assessment Contractor License (SH125):26-6ZVU4-SHMO,26-6ZVU4-SHMO,Mold Assessment Contractor License (SH125),Active,YES,"Hillmann Consulting, LLC",,c1d787d1b7,CREDENTIAL_ONLY,,,939a0ec586
ny_dol_mold,1190,Mold Assessment Contractor License (SH125):24-63KKF-SHMO,24-63KKF-SHMO,Mold Assessment Contractor License (SH125),Active,YES,Hollis Home Inspection LLC,,c1d787d1b7,CREDENTIAL_ONLY,,,939a0ec586
ny_dol_mold,1191,Mold Remediation Contractor License (SH126):26-66DSU-SHMO,26-66DSU-SHMO,Mold Remediation Contractor License (SH126),Active,YES,Home Restoration Services LLC,,c1d787d1b7,CREDENTIAL_ONLY,,,939a0ec586
ny_dol_mold,1192,Mold Remediation Contractor License (SH126):24-6A4AG-SHMO,24-6A4AG-SHMO,Mold Remediation Contractor License (SH126),Expired,NO,Home-Ready Restoration LLC,,c1d787d1b7,CREDENTIAL_ONLY,,,939a0ec586
ny_dol_mold,1193,Mold Assessment Contractor License (SH125):25-6tp94-shmo,25-6tp94-shmo,Mold Assessment Contractor License (SH125),Active,YES,Homexpert Property Services LLC,,c1d787d1b7,CREDENTIAL_ONLY,,,939a0ec586
ny_dol_mold,1194,Mold Assessment Contractor License (SH125):26-9YDZU-SHMO,26-9YDZU-SHMO,Mold Assessment Contractor License (SH125),Active,YES,Hudson Hazard Solutions LLC.,,c1d787d1b7,CREDENTIAL_ONLY,,,939a0ec586
ny_dol_mold,1195,Mold Assessment Contractor License (SH125):23-6TJMX-SHMO,23-6TJMX-SHMO,Mold Assessment Contractor License (SH125),Expired,NO,Hudson Valley Home Inspections LLC,,c1d787d1b7,CREDENTIAL_ONLY,,,939a0ec586
ny_dol_mold,1196,Mold Remediation Contractor License (SH126):23-6UUN5-SHMO,23-6UUN5-SHMO,Mold Remediation Contractor License (SH126),Expired,NO,Hudson Valley Restoration Services LLC,,c1d787d1b7,CREDENTIAL_ONLY,,,939a0ec586
ny_dol_mold,1197,Mold Remediation Contractor License (SH126):25-65P96-SHMO,25-65P96-SHMO,Mold Remediation Contractor License (SH126),Active,YES,Hydradyne Inc.,,c1d787d1b7,CREDENTIAL_ONLY,,,939a0ec586
ny_dol_mold,1198,Mold Assessment Contractor License (SH125):01750,01750,Mold Assessment Contractor License (SH125),Expired,NO,Hynes Home Inspections LLC,,c1d787d1b7,CREDENTIAL_ONLY,,,939a0ec586
ny_dol_mold,1199,Mold Remediation Contractor License (SH126):26-6ZCYO-SHMO,26-6ZCYO-SHMO,Mold Remediation Contractor License (SH126),Active,YES,"IAC-Indoor Aircare Professionals, Inc.",,c1d787d1b7,CREDENTIAL_ONLY,,,939a0ec586
ny_dol_mold,1200,Mold Assessment Contractor License (SH125):23-6UXZG-SHMO,23-6UXZG-SHMO,Mold Assessment Contractor License (SH125),Expired,NO,IG Restoration Group LLC,,c1d787d1b7,CREDENTIAL_ONLY,,,939a0ec586
ny_dol_mold,1201,Mold Assessment Contractor License (SH125):25-61CVP-SHMO,25-61CVP-SHMO,Mold Assessment Contractor License (SH125),Active,YES,INSPECTICORE INC.,,c1d787d1b7,CREDENTIAL_ONLY,,,939a0ec586
ny_dol_mold,1202,Mold Assessment Contractor License (SH125):26-6AX5A-SHMO,26-6AX5A-SHMO,Mold Assessment Contractor License (SH125),Active,YES,"Icon Home Inspections, LLC",,c1d787d1b7,CREDENTIAL_ONLY,,,939a0ec586
ny_dol_mold,1203,Mold Remediation Contractor License (SH126):25-67EGV-SHMO,25-67EGV-SHMO,Mold Remediation Contractor License (SH126),Active,YES,Imperial Restoration Services LLC,,c1d787d1b7,CREDENTIAL_ONLY,,,939a0ec586
ny_dol_mold,1204,Mold Assessment Contractor License (SH125):26-6ZENJ-SHMO,26-6ZENJ-SHMO,Mold Assessment Contractor License (SH125),Active,YES,Indoor Air Professionals Inc,,c1d787d1b7,CREDENTIAL_ONLY,,,939a0ec586
ny_dol_mold,1205,Mold Assessment Contractor License (SH125):00826,00826,Mold Assessment Contractor License (SH125),Expired,NO,Indoor Environmental Diagnostics & Solutions LLC,,c1d787d1b7,CREDENTIAL_ONLY,,,939a0ec586
ny_dol_mold,1206,Mold Remediation Contractor License (SH126):01270,01270,Mold Remediation Contractor License (SH126),Expired,NO,Inmediate Property Management Corp,,c1d787d1b7,CREDENTIAL_ONLY,,,939a0ec586
ny_dol_mold,1207,Mold Assessment Contractor License (SH125):26-66Y5D-SHMO,26-66Y5D-SHMO,Mold Assessment Contractor License (SH125),Active,YES,"InspectPro, LLC",,c1d787d1b7,CREDENTIAL_ONLY,,,939a0ec586
ny_dol_mold,1208,Mold Assessment Contractor License (SH125):25-6IRXF-SHMO,25-6IRXF-SHMO,Mold Assessment Contractor License (SH125),Active,YES,"Inspectro, Inc.",,c1d787d1b7,CREDENTIAL_ONLY,,,939a0ec586
ny_dol_mold,1209,Mold Remediation Contractor License (SH126):26-63BDT-SHMO,26-63BDT-SHMO,Mold Remediation Contractor License (SH126),Active,YES,"International Asbestos Removal, Inc.",,c1d787d1b7,CREDENTIAL_ONLY,,,939a0ec586
ny_dol_mold,1210,Mold Assessment Contractor License (SH125):25-67INI-SHMO,25-67INI-SHMO,Mold Assessment Contractor License (SH125),Active,YES,Ironwood Consulting LLC,,c1d787d1b7,CREDENTIAL_ONLY,,,939a0ec586
ny_dol_mold,1211,Mold Remediation Contractor License (SH126):26-66JR6-SHMO,26-66JR6-SHMO,Mold Remediation Contractor License (SH126),Active,YES,"Island Catastrophe Environmental Restoration, Inc.",,c1d787d1b7,CREDENTIAL_ONLY,,,939a0ec586
ny_dol_mold,1212,Mold Remediation Contractor License (SH126):24-6AIAQ-SHMO,24-6AIAQ-SHMO,Mold Remediation Contractor License (SH126),Expired,NO,J S Saini Construction Corp,,c1d787d1b7,CREDENTIAL_ONLY,,,939a0ec586
ny_dol_mold,1213,Mold Remediation Contractor License (SH126):23-6LEQO-SHMO,23-6LEQO-SHMO,Mold Remediation Contractor License (SH126),Expired,NO,J-DAC Construction Services LLC,,c1d787d1b7,CREDENTIAL_ONLY,,,939a0ec586
ny_dol_mold,1214,Mold Assessment Contractor License (SH125):25-67ULR-SHMO,25-67ULR-SHMO,Mold Assessment Contractor License (SH125),Active,YES,J. J. Pyles Wallcovering etc. LLC,,c1d787d1b7,CREDENTIAL_ONLY,,,939a0ec586
ny_dol_mold,1215,Mold Remediation Contractor License (SH126):23-6UKS3-SHMO,23-6UKS3-SHMO,Mold Remediation Contractor License (SH126),Expired,NO,J. William Restoration LLC,,c1d787d1b7,CREDENTIAL_ONLY,,,939a0ec586
ny_dol_mold,1216,Mold Assessment Contractor License (SH125):24-63FYB-SHMO,24-63FYB-SHMO,Mold Assessment Contractor License (SH125),Active,YES,J.A.M. Management Solutions LLC,,c1d787d1b7,CREDENTIAL_ONLY,,,939a0ec586
ny_dol_mold,1217,Mold Assessment Contractor License (SH125):25-6IARF-SHMO,25-6IARF-SHMO,Mold Assessment Contractor License (SH125),Active,YES,J.S. HELD LLC,,c1d787d1b7,CREDENTIAL_ONLY,,,939a0ec586
ny_dol_mold,1218,Mold Remediation Contractor License (SH126):26-66K38-SHMO,26-66K38-SHMO,Mold Remediation Contractor License (SH126),Active,YES,JBV GENERAL CONSTRUCTION CORP.,,c1d787d1b7,CREDENTIAL_ONLY,,,939a0ec586
ny_dol_mold,1219,Mold Assessment Contractor License (SH125):25-6LXSQ-SHMO,25-6LXSQ-SHMO,Mold Assessment Contractor License (SH125),Active,YES,JEM Global Enterprises Inc,,c1d787d1b7,CREDENTIAL_ONLY,,,939a0ec586
ny_dol_mold,1220,Mold Assessment Contractor License (SH125):25-6IBJT-SHMO,25-6IBJT-SHMO,Mold Assessment Contractor License (SH125),Active,YES,"JLC Environmental Consultants, Inc.",,c1d787d1b7,CREDENTIAL_ONLY,,,939a0ec586
ny_dol_mold,1221,Mold Assessment Contractor License (SH125):25-65SA7-SHMO,25-65SA7-SHMO,Mold Assessment Contractor License (SH125),Active,YES,JOANIX CONSTRUCTION CORP.,,c1d787d1b7,CREDENTIAL_ONLY,,,939a0ec586
ny_dol_mold,1222,Mold Remediation Contractor License (SH126):26-66P5V-SHMO,26-66P5V-SHMO,Mold Remediation Contractor License (SH126),Active,YES,"JP Restores, Inc.",,c1d787d1b7,CREDENTIAL_ONLY,,,939a0ec586
ny_dol_mold,1223,Mold Remediation Contractor License (SH126):25-6LLAI-SHMO,25-6LLAI-SHMO,Mold Remediation Contractor License (SH126),Active,YES,JVN Restoration Inc.,,c1d787d1b7,CREDENTIAL_ONLY,,,939a0ec586
ny_dol_mold,1224,Mold Remediation Contractor License (SH126):24-6A7US-SHMO,24-6A7US-SHMO,Mold Remediation Contractor License (SH126),Expired,NO,Jaime Hidalgo,,c1d787d1b7,CREDENTIAL_ONLY,,,939a0ec586
ny_dol_mold,1225,Mold Remediation Contractor License (SH126):25-6SIUG-SHMO,25-6SIUG-SHMO,Mold Remediation Contractor License (SH126),Active,YES,"Jasleen Construction, Corp",,c1d787d1b7,CREDENTIAL_ONLY,,,939a0ec586
ny_dol_mold,1226,Mold Remediation Contractor License (SH126):01715,01715,Mold Remediation Contractor License (SH126),Expired,NO,Jear Holding Corp.,,c1d787d1b7,CREDENTIAL_ONLY,,,939a0ec586
ny_dol_mold,1227,Mold Remediation Contractor License (SH126):01907,01907,Mold Remediation Contractor License (SH126),Expired,NO,Jessica's Advanced Environmental Solutions and Testing LLC,,c1d787d1b7,CREDENTIAL_ONLY,,,939a0ec586
ny_dol_mold,1228,Mold Remediation Contractor License (SH126):26-66JLS-SHMO,26-66JLS-SHMO,Mold Remediation Contractor License (SH126),Active,YES,"Jigsaw Property Maintenance & Restoration, LLC",,c1d787d1b7,CREDENTIAL_ONLY,,,939a0ec586
ny_dol_mold,1229,Mold Remediation Contractor License (SH126):25-6L5FN-SHMO,25-6L5FN-SHMO,Mold Remediation Contractor License (SH126),Active,YES,Joes Landscaping & Home Improvements Inc.,,c1d787d1b7,CREDENTIAL_ONLY,,,939a0ec586
ny_dol_mold,1230,Mold Assessment Contractor License (SH125):01817,01817,Mold Assessment Contractor License (SH125),Expired,NO,John Gabel,,c1d787d1b7,CREDENTIAL_ONLY,,,939a0ec586
ny_dol_mold,1231,Mold Assessment Contractor License (SH125):25-65PLV-SHMO,25-65PLV-SHMO,Mold Assessment Contractor License (SH125),Active,YES,Jose Garcia,,c1d787d1b7,CREDENTIAL_ONLY,,,939a0ec586
ny_dol_mold,1232,Mold Assessment Contractor License (SH125):00585,00585,Mold Assessment Contractor License (SH125),Expired,NO,Joseph Penk,,c1d787d1b7,CREDENTIAL_ONLY,,,939a0ec586
ny_dol_mold,1233,Mold Remediation Contractor License (SH126):26-6ZEC3-SHMO,26-6ZEC3-SHMO,Mold Remediation Contractor License (SH126),Active,YES,"Jupiter Environmental Services, Inc.",,c1d787d1b7,CREDENTIAL_ONLY,,,939a0ec586
ny_dol_mold,1234,Mold Remediation Contractor License (SH126):26-6Z58U-SHMO,26-6Z58U-SHMO,Mold Remediation Contractor License (SH126),Active,YES,"K.A.M. of Western Dutchess County, Inc.",,c1d787d1b7,CREDENTIAL_ONLY,,,939a0ec586
ny_dol_mold,1235,Mold Remediation Contractor License (SH126):26-6SIPU-SHMO,26-6SIPU-SHMO,Mold Remediation Contractor License (SH126),Active,YES,KALRA CONSTRUCTION CORP,,c1d787d1b7,CREDENTIAL_ONLY,,,939a0ec586
ny_dol_mold,1236,Mold Remediation Contractor License (SH126):26-6S6NB-SHMO,26-6S6NB-SHMO,Mold Remediation Contractor License (SH126),Active,YES,KC Restoration Corp,,c1d787d1b7,CREDENTIAL_ONLY,,,939a0ec586
ny_dol_mold,1237,Mold Remediation Contractor License (SH126):26-69LRH-SHMO,26-69LRH-SHMO,Mold Remediation Contractor License (SH126),Active,YES,KELLEY RESTORATIONLLC,,c1d787d1b7,CREDENTIAL_ONLY,,,939a0ec586
ny_dol_mold,1238,Mold Remediation Contractor License (SH126):01867,01867,Mold Remediation Contractor License (SH126),Expired,NO,KJN Construction Corp,,c1d787d1b7,CREDENTIAL_ONLY,,,939a0ec586
ny_dol_mold,1239,Mold Remediation Contractor License (SH126):23-6UOHE-SHMO,23-6UOHE-SHMO,Mold Remediation Contractor License (SH126),Expired,NO,KMR Restoration Corp.,,c1d787d1b7,CREDENTIAL_ONLY,,,939a0ec586
ny_dol_mold,1240,Mold Remediation Contractor License (SH126):25-64ZI3-SHMO,25-64ZI3-SHMO,Mold Remediation Contractor License (SH126),Active,YES,"KPM Restoration, Inc.",,c1d787d1b7,CREDENTIAL_ONLY,,,939a0ec586
ny_dol_mold,1241,Mold Assessment Contractor License (SH125):24-6ZEHY-SHMO,24-6ZEHY-SHMO,Mold Assessment Contractor License (SH125),Expired,NO,Kaltech Environmental Services LLC,,c1d787d1b7,CREDENTIAL_ONLY,,,939a0ec586
ny_dol_mold,1242,Mold Assessment Contractor License (SH125):25-64JTE-SHMO,25-64JTE-SHMO,Mold Assessment Contractor License (SH125),Active,YES,Katrisha Fields,,c1d787d1b7,CREDENTIAL_ONLY,,,939a0ec586
ny_dol_mold,1243,Mold Remediation Contractor License (SH126):24-64EGV-SHMO,24-64EGV-SHMO,Mold Remediation Contractor License (SH126),Active,YES,Kennard Codrington,,c1d787d1b7,CREDENTIAL_ONLY,,,939a0ec586
ny_dol_mold,1244,Mold Assessment Contractor License (SH125):26-6ZQRZ-SHMO,26-6ZQRZ-SHMO,Mold Assessment Contractor License (SH125),Active,YES,Kevin Geertgens,,c1d787d1b7,CREDENTIAL_ONLY,,,939a0ec586
ny_dol_mold,1245,Mold Assessment Contractor License (SH125):24-6ZSKR-SHMO,24-6ZSKR-SHMO,Mold Assessment Contractor License (SH125),Expired,NO,Kiko's Construction Corp.,,c1d787d1b7,CREDENTIAL_ONLY,,,939a0ec586
ny_dol_mold,1246,Mold Remediation Contractor License (SH126):25-6TXUY-SHMO,25-6TXUY-SHMO,Mold Remediation Contractor License (SH126),Active,YES,King of Steam Corp,,c1d787d1b7,CREDENTIAL_ONLY,,,939a0ec586
ny_dol_mold,1247,Mold Assessment Contractor License (SH125):26-69XVZ-SHMO,26-69XVZ-SHMO,Mold Assessment Contractor License (SH125),Active,YES,Klen Space Inc.,,c1d787d1b7,CREDENTIAL_ONLY,,,939a0ec586
ny_dol_mold,1248,Mold Remediation Contractor License (SH126):24-6A3X4-SHMO,24-6A3X4-SHMO,Mold Remediation Contractor License (SH126),Expired,NO,Kyn 6 Inc.,,c1d787d1b7,CREDENTIAL_ONLY,,,939a0ec586
ny_dol_mold,1249,Mold Remediation Contractor License (SH126):24-64JEV-SHMO,24-64JEV-SHMO,Mold Remediation Contractor License (SH126),Active,YES,L&J Home Improvement Solutions Inc,,c1d787d1b7,CREDENTIAL_ONLY,,,939a0ec586
ny_dol_mold,1250,Mold Remediation Contractor License (SH126):23-6TXW3-SHMO,23-6TXW3-SHMO,Mold Remediation Contractor License (SH126),Expired,NO,LARK CONTRACTING LLC,,c1d787d1b7,CREDENTIAL_ONLY,,,939a0ec586
ny_dol_mold,1251,Mold Assessment Contractor License (SH125):01759,01759,Mold Assessment Contractor License (SH125),Expired,NO,LDN Consulting Company Inc,,c1d787d1b7,CREDENTIAL_ONLY,,,939a0ec586
ny_dol_mold,1252,Mold Assessment Contractor License (SH125):26-6IO4A-SHMO,26-6IO4A-SHMO,Mold Assessment Contractor License (SH125),Active,YES,"LEW Environmental Services, LLC",,c1d787d1b7,CREDENTIAL_ONLY,,,939a0ec586
ny_dol_mold,1253,Mold Remediation Contractor License (SH126):25-65KFU-SHMO,25-65KFU-SHMO,Mold Remediation Contractor License (SH126),Active,YES,LL Evolution Inc,,c1d787d1b7,CREDENTIAL_ONLY,,,939a0ec586
ny_dol_mold,1254,Mold Remediation Contractor License (SH126):24-634Y3-SHMO,24-634Y3-SHMO,Mold Remediation Contractor License (SH126),Active,YES,LSR Enterprises Inc.,,c1d787d1b7,CREDENTIAL_ONLY,,,939a0ec586
ny_dol_mold,1255,Mold Assessment Contractor License (SH125):26-69XIG-SHMO,26-69XIG-SHMO,Mold Assessment Contractor License (SH125),Active,YES,"Ladies First Environmental Group, Inc.",,c1d787d1b7,CREDENTIAL_ONLY,,,939a0ec586
ny_dol_mold,1256,Mold Assessment Contractor License (SH125):26-6Z9EA-SHMO,26-6Z9EA-SHMO,Mold Assessment Contractor License (SH125),Active,YES,Lam Risk Management Corp,,c1d787d1b7,CREDENTIAL_ONLY,,,939a0ec586
ny_dol_mold,1257,Mold Assessment Contractor License (SH125):01788,01788,Mold Assessment Contractor License (SH125),Expired,NO,Lanham and Associates LLC,,c1d787d1b7,CREDENTIAL_ONLY,,,939a0ec586
ny_dol_mold,1258,Mold Assessment Contractor License (SH125):25-6LUSO-SHMO,25-6LUSO-SHMO,Mold Assessment Contractor License (SH125),Active,YES,Lawrence Env. LLC,,c1d787d1b7,CREDENTIAL_ONLY,,,939a0ec586
ny_dol_mold,1259,Mold Assessment Contractor License (SH125):25-65BSU-SHMO,25-65BSU-SHMO,Mold Assessment Contractor License (SH125),Active,YES,Lead & Mold Detectives LLC,,c1d787d1b7,CREDENTIAL_ONLY,,,939a0ec586
ny_dol_mold,1260,Mold Remediation Contractor License (SH126):01240,01240,Mold Remediation Contractor License (SH126),Expired,NO,Lead Clearance Inc,,c1d787d1b7,CREDENTIAL_ONLY,,,939a0ec586
ny_dol_mold,1261,Mold Assessment Contractor License (SH125):25-67VAI-SHMO,25-67VAI-SHMO,Mold Assessment Contractor License (SH125),Active,YES,Lead Renovation LLC,,c1d787d1b7,CREDENTIAL_ONLY,,,939a0ec586
ny_dol_mold,1262,Mold Assessment Contractor License (SH125):01190,01190,Mold Assessment Contractor License (SH125),Expired,NO,Lead-Tek Inspections LLC,,c1d787d1b7,CREDENTIAL_ONLY,,,939a0ec586
ny_dol_mold,1263,Mold Assessment Contractor License (SH125):26-6SYNH-SHMO,26-6SYNH-SHMO,Mold Assessment Contractor License (SH125),Active,YES,"LiRo Engineers, Inc.",,c1d787d1b7,CREDENTIAL_ONLY,,,939a0ec586
ny_dol_mold,1264,Mold Assessment Contractor License (SH125):25-6TKGA-SHMO,25-6TKGA-SHMO,Mold Assessment Contractor License (SH125),Active,YES,Lighthouse Environmental Consultants,,c1d787d1b7,CREDENTIAL_ONLY,,,939a0ec586
ny_dol_mold,1265,Mold Assessment Contractor License (SH125):25-6UMZK-SHMO,25-6UMZK-SHMO,Mold Assessment Contractor License (SH125),Active,YES,"Linnea Muller Real Estate & Mold Accessor, LLC",,c1d787d1b7,CREDENTIAL_ONLY,,,939a0ec586
ny_dol_mold,1266,Mold Assessment Contractor License (SH125):01045,01045,Mold Assessment Contractor License (SH125),Expired,NO,Long Island Analytical Laboratories Inc.,,c1d787d1b7,CREDENTIAL_ONLY,,,939a0ec586
ny_dol_mold,1267,Mold Remediation Contractor License (SH126):25-61JSX-SHMO,25-61JSX-SHMO,Mold Remediation Contractor License (SH126),Active,YES,LongFellow Group LLC,,c1d787d1b7,CREDENTIAL_ONLY,,,939a0ec586
ny_dol_mold,1268,Mold Assessment Contractor License (SH125):25-6ugjn-shmo,25-6ugjn-shmo,Mold Assessment Contractor License (SH125),Active,YES,"Lozier, Inc",,c1d787d1b7,CREDENTIAL_ONLY,,,939a0ec586
ny_dol_mold,1269,Mold Remediation Contractor License (SH126):25-6HPHR-SHMO,25-6HPHR-SHMO,Mold Remediation Contractor License (SH126),Active,YES,Lux Restoration Services LLC,,c1d787d1b7,CREDENTIAL_ONLY,,,939a0ec586
ny_dol_mold,1270,Mold Assessment Contractor License (SH125):25-6HEQ7-SHMO,25-6HEQ7-SHMO,Mold Assessment Contractor License (SH125),Active,YES,"M & J Engineering, D.P.C",,c1d787d1b7,CREDENTIAL_ONLY,,,939a0ec586
ny_dol_mold,1271,Mold Remediation Contractor License (SH126):24-6ALOL-SHMO,24-6ALOL-SHMO,Mold Remediation Contractor License (SH126),Expired,NO,M&H Capital Partners Inc,,c1d787d1b7,CREDENTIAL_ONLY,,,939a0ec586
ny_dol_mold,1272,Mold Remediation Contractor License (SH126):25-6IDRA-SHMO,25-6IDRA-SHMO,Mold Remediation Contractor License (SH126),Active,YES,"M&N GENERAL SERVICES, INC.",,c1d787d1b7,CREDENTIAL_ONLY,,,939a0ec586
ny_dol_mold,1273,Mold Remediation Contractor License (SH126):25-65PYR-SHMO,25-65PYR-SHMO,Mold Remediation Contractor License (SH126),Active,YES,MANCHI NY CORP.,,c1d787d1b7,CREDENTIAL_ONLY,,,939a0ec586
ny_dol_mold,1274,Mold Remediation Contractor License (SH126):25-6IDB5-SHMO,25-6IDB5-SHMO,Mold Remediation Contractor License (SH126),Active,YES,MB&Co. Services LLC,,c1d787d1b7,CREDENTIAL_ONLY,,,939a0ec586
ny_dol_mold,1275,Mold Remediation Contractor License (SH126):24-6ZLOO-SHMO,24-6ZLOO-SHMO,Mold Remediation Contractor License (SH126),Expired,NO,"MCM Legacy, Inc.",,c1d787d1b7,CREDENTIAL_ONLY,,,939a0ec586
ny_dol_mold,1276,Mold Remediation Contractor License (SH126):25-6l5hz-shmo,25-6l5hz-shmo,Mold Remediation Contractor License (SH126),Active,YES,"MDS CONSTRUCTION MANAGEMENT, LLC",,c1d787d1b7,CREDENTIAL_ONLY,,,939a0ec586
ny_dol_mold,1277,Mold Remediation Contractor License (SH126):26-6ZVPA-SHMO,26-6ZVPA-SHMO,Mold Remediation Contractor License (SH126),Active,YES,MGC Group Inc,,c1d787d1b7,CREDENTIAL_ONLY,,,939a0ec586
ny_dol_mold,1278,Mold Remediation Contractor License (SH126):25-6TJ74-SHMO,25-6TJ74-SHMO,Mold Remediation Contractor License (SH126),Active,YES,MJ's Contracting Services Inc,,c1d787d1b7,CREDENTIAL_ONLY,,,939a0ec586
ny_dol_mold,1279,Mold Assessment Contractor License (SH125):25-6I1V4-SHMO,25-6I1V4-SHMO,Mold Assessment Contractor License (SH125),Active,YES,MKM Environmental Consulting LLC,,c1d787d1b7,CREDENTIAL_ONLY,,,939a0ec586
ny_dol_mold,1280,Mold Assessment Contractor License (SH125):26-69XIN-SHMO,26-69XIN-SHMO,Mold Assessment Contractor License (SH125),Active,YES,MOLD DOGS OF NEW YORK,,c1d787d1b7,CREDENTIAL_ONLY,,,939a0ec586
ny_dol_mold,1281,Mold Assessment Contractor License (SH125):26-677UK-SHMO,26-677UK-SHMO,Mold Assessment Contractor License (SH125),Active,YES,MP WALLS INC,,c1d787d1b7,CREDENTIAL_ONLY,,,939a0ec586
ny_dol_mold,1282,Mold Assessment Contractor License (SH125):26-63XK3-SHMO,26-63XK3-SHMO,Mold Assessment Contractor License (SH125),Active,YES,"MS Analytical, LLC",,c1d787d1b7,CREDENTIAL_ONLY,,,939a0ec586
ny_dol_mold,1283,Mold Assessment Contractor License (SH125):26-6ADBD-SHMO,26-6ADBD-SHMO,Mold Assessment Contractor License (SH125),Active,YES,"Mack Property Contracting, LLC",,c1d787d1b7,CREDENTIAL_ONLY,,,939a0ec586
ny_dol_mold,1284,Mold Remediation Contractor License (SH126):26-6ZQJR-SHMO,26-6ZQJR-SHMO,Mold Remediation Contractor License (SH126),Active,YES,Magna-Dry Cleaning & Restoration INC,,c1d787d1b7,CREDENTIAL_ONLY,,,939a0ec586
ny_dol_mold,1285,Mold Assessment Contractor License (SH125):26-638ZH-SHMO,26-638ZH-SHMO,Mold Assessment Contractor License (SH125),Active,YES,Manhattan Lead LLC,,c1d787d1b7,CREDENTIAL_ONLY,,,939a0ec586
ny_dol_mold,1286,Mold Assessment Contractor License (SH125):23-61CT3-SHMO,23-61CT3-SHMO,Mold Assessment Contractor License (SH125),Expired,NO,"Marathon Home Inspections, LLC",,c1d787d1b7,CREDENTIAL_ONLY,,,939a0ec586
ny_dol_mold,1287,Mold Remediation Contractor License (SH126):26-6AR34-SHMO,26-6AR34-SHMO,Mold Remediation Contractor License (SH126),Active,YES,"Mark Cerrone, Inc.",,c1d787d1b7,CREDENTIAL_ONLY,,,939a0ec586
ny_dol_mold,1288,Mold Remediation Contractor License (SH126):25-6475P-SHMO,25-6475P-SHMO,Mold Remediation Contractor License (SH126),Active,YES,"Martin Environmental Services, Inc.",,c1d787d1b7,CREDENTIAL_ONLY,,,939a0ec586
ny_dol_mold,1289,Mold Assessment Contractor License (SH125):23-6UFBC-SHMO,23-6UFBC-SHMO,Mold Assessment Contractor License (SH125),Expired,NO,Mathew Carey-Morley,,c1d787d1b7,CREDENTIAL_ONLY,,,939a0ec586
ny_dol_mold,1290,Mold Remediation Contractor License (SH126):26-6A65J-SHMO,26-6A65J-SHMO,Mold Remediation Contractor License (SH126),Active,YES,Maven Construction Corp.,,c1d787d1b7,CREDENTIAL_ONLY,,,939a0ec586
ny_dol_mold,1291,Mold Assessment Contractor License (SH125):26-6ZULR-SHMO,26-6ZULR-SHMO,Mold Assessment Contractor License (SH125),Active,YES,"Maypole Environmental Inspections, LLC",,c1d787d1b7,CREDENTIAL_ONLY,,,939a0ec586
ny_dol_mold,1292,Mold Assessment Contractor License (SH125):25-6IF4H-SHMO,25-6IF4H-SHMO,Mold Assessment Contractor License (SH125),Active,YES,"McCabe Environmental Services, L.L.C.",,c1d787d1b7,CREDENTIAL_ONLY,,,939a0ec586
ny_dol_mold,1293,Mold Remediation Contractor License (SH126):25-64SK4-SHMO,25-64SK4-SHMO,Mold Remediation Contractor License (SH126),Active,YES,Melani Contracting Inc,,c1d787d1b7,CREDENTIAL_ONLY,,,939a0ec586
ny_dol_mold,1294,Mold Remediation Contractor License (SH126):26-63R9E-SHMO,26-63R9E-SHMO,Mold Remediation Contractor License (SH126),Active,YES,Meridian Construction Group Inc,,c1d787d1b7,CREDENTIAL_ONLY,,,939a0ec586
ny_dol_mold,1295,Mold Assessment Contractor License (SH125):26-6751U-SHMO,26-6751U-SHMO,Mold Assessment Contractor License (SH125),Active,YES,Metro Mold Specialists,,c1d787d1b7,CREDENTIAL_ONLY,,,939a0ec586
ny_dol_mold,1296,Mold Assessment Contractor License (SH125):01472,01472,Mold Assessment Contractor License (SH125),Expired,NO,Michael Kirkpatrick,,c1d787d1b7,CREDENTIAL_ONLY,,,939a0ec586
ny_dol_mold,1297,Mold Assessment Contractor License (SH125):26-66HGG-SHMO,26-66HGG-SHMO,Mold Assessment Contractor License (SH125),Active,YES,Microbial Growth Management,,c1d787d1b7,CREDENTIAL_ONLY,,,939a0ec586
ny_dol_mold,1298,Mold Remediation Contractor License (SH126):24-6TJA8-SHMO,24-6TJA8-SHMO,Mold Remediation Contractor License (SH126),Active,YES,Mid Valley Contractors Inc,,c1d787d1b7,CREDENTIAL_ONLY,,,939a0ec586
ny_dol_mold,1299,Mold Remediation Contractor License (SH126):25-6HDCG-SHMO,25-6HDCG-SHMO,Mold Remediation Contractor License (SH126),Active,YES,Mildew Busters inc,,c1d787d1b7,CREDENTIAL_ONLY,,,939a0ec586
ny_dol_mold,1300,Mold Remediation Contractor License (SH126):26-66G4O-SHMO,26-66G4O-SHMO,Mold Remediation Contractor License (SH126),Active,YES,Mindful Solutions NY LLC,,c1d787d1b7,CREDENTIAL_ONLY,,,939a0ec586
ny_dol_mold,1301,Mold Assessment Contractor License (SH125):26-6AZDR-SHMO,26-6AZDR-SHMO,Mold Assessment Contractor License (SH125),Active,YES,Mold Agent Group Inc.,,c1d787d1b7,CREDENTIAL_ONLY,,,939a0ec586
ny_dol_mold,1302,Mold Assessment Contractor License (SH125):25-6UOSH-SHMO,25-6UOSH-SHMO,Mold Assessment Contractor License (SH125),Active,YES,"Mold Authority NYC, LLC",,c1d787d1b7,CREDENTIAL_ONLY,,,939a0ec586
ny_dol_mold,1303,Mold Assessment Contractor License (SH125):25-644PO-SHMO,25-644PO-SHMO,Mold Assessment Contractor License (SH125),Active,YES,Mold Finder LLC,,c1d787d1b7,CREDENTIAL_ONLY,,,939a0ec586
ny_dol_mold,1304,Mold Assessment Contractor License (SH125):23-6INZY-SHMO,23-6INZY-SHMO,Mold Assessment Contractor License (SH125),Expired,NO,Mold Pro Inc.,,c1d787d1b7,CREDENTIAL_ONLY,,,939a0ec586
ny_dol_mold,1305,Mold Remediation Contractor License (SH126):26-66D4G-SHMO,26-66D4G-SHMO,Mold Remediation Contractor License (SH126),Active,YES,Mold Proof Inc,,c1d787d1b7,CREDENTIAL_ONLY,,,939a0ec586
ny_dol_mold,1306,Mold Remediation Contractor License (SH126):26-6A4P4-SHMO,26-6A4P4-SHMO,Mold Remediation Contractor License (SH126),Active,YES,Mold Water Remediation Corp,,c1d787d1b7,CREDENTIAL_ONLY,,,939a0ec586
ny_dol_mold,1307,Mold Remediation Contractor License (SH126):01831,01831,Mold Remediation Contractor License (SH126),Expired,NO,"Mold and Lead Solutions, Inc.",,c1d787d1b7,CREDENTIAL_ONLY,,,939a0ec586
ny_dol_mold,1308,Mold Remediation Contractor License (SH126):24-6ANCH-SHMO,24-6ANCH-SHMO,Mold Remediation Contractor License (SH126),Expired,NO,Moldman LLC,,c1d787d1b7,CREDENTIAL_ONLY,,,939a0ec586
ny_dol_mold,1309,Mold Assessment Contractor License (SH125):01792,01792,Mold Assessment Contractor License (SH125),Expired,NO,Moonlight Renovations Corp,,c1d787d1b7,CREDENTIAL_ONLY,,,939a0ec586
ny_dol_mold,1310,Mold Remediation Contractor License (SH126):25-6LDQ6-SHMO,25-6LDQ6-SHMO,Mold Remediation Contractor License (SH126),Active,YES,Mr. Mold Free Inc.,,c1d787d1b7,CREDENTIAL_ONLY,,,939a0ec586
ny_dol_mold,1311,Mold Assessment Contractor License (SH125):24-63BCQ-SHMO,24-63BCQ-SHMO,Mold Assessment Contractor License (SH125),Expired,NO,My Mold Finder Inc,,c1d787d1b7,CREDENTIAL_ONLY,,,939a0ec586
ny_dol_mold,1312,Mold Remediation Contractor License (SH126):26-6IC9G-SHMO,26-6IC9G-SHMO,Mold Remediation Contractor License (SH126),Active,YES,NEBCOM INC.,,c1d787d1b7,CREDENTIAL_ONLY,,,939a0ec586
ny_dol_mold,1313,Mold Remediation Contractor License (SH126):26-6AQH1-SHMO,26-6AQH1-SHMO,Mold Remediation Contractor License (SH126),Active,YES,NEXT GENERATION RESTORATION CORP,,c1d787d1b7,CREDENTIAL_ONLY,,,939a0ec586
ny_dol_mold,1314,Mold Remediation Contractor License (SH126):25-6LG7F-SHMO,25-6LG7F-SHMO,Mold Remediation Contractor License (SH126),Active,YES,NNP Services Inc.,,c1d787d1b7,CREDENTIAL_ONLY,,,939a0ec586
ny_dol_mold,1315,Mold Remediation Contractor License (SH126):25-6HHB6-SHMO,25-6HHB6-SHMO,Mold Remediation Contractor License (SH126),Active,YES,J. J. Pyles Wallcovering etc. LLC,,c1d787d1b7,CREDENTIAL_ONLY,,,939a0ec586
ny_dol_mold,1316,Mold Assessment Contractor License (SH125):23-6UKS9-SHMO,23-6UKS9-SHMO,Mold Assessment Contractor License (SH125),Expired,NO,J. William Restoration LLC,,c1d787d1b7,CREDENTIAL_ONLY,,,939a0ec586
ny_dol_mold,1317,Mold Assessment Contractor License (SH125):25-6LGZ6-SHMO,25-6LGZ6-SHMO,Mold Assessment Contractor License (SH125),Active,YES,"J.C. Broderick & Assoc., Inc.",,c1d787d1b7,CREDENTIAL_ONLY,,,939a0ec586
ny_dol_mold,1318,Mold Remediation Contractor License (SH126):26-6SV3A-SHMO,26-6SV3A-SHMO,Mold Remediation Contractor License (SH126),Active,YES,J.S. Services Inc.,,c1d787d1b7,CREDENTIAL_ONLY,,,939a0ec586
ny_dol_mold,1319,Mold Assessment Contractor License (SH125):26-667BQ-SHMO,26-667BQ-SHMO,Mold Assessment Contractor License (SH125),Active,YES,JCM Home Inspections LLC,,c1d787d1b7,CREDENTIAL_ONLY,,,939a0ec586
ny_dol_mold,1320,Mold Assessment Contractor License (SH125):26-66JT3-SHMO,26-66JT3-SHMO,Mold Assessment Contractor License (SH125),Active,YES,JEM Inspections & Consulting LLC,,c1d787d1b7,CREDENTIAL_ONLY,,,939a0ec586
ny_dol_mold,1321,Mold Remediation Contractor License (SH126):23-6UNMU-SHMO,23-6UNMU-SHMO,Mold Remediation Contractor License (SH126),Expired,NO,JLS Services Group Inc,,c1d787d1b7,CREDENTIAL_ONLY,,,939a0ec586
ny_dol_mold,1322,Mold Assessment Contractor License (SH125):25-6TJUW-SHMO,25-6TJUW-SHMO,Mold Assessment Contractor License (SH125),Active,YES,"JOSEPH C LU ENGINEERING AND LAND SURVEYING, PC",,c1d787d1b7,CREDENTIAL_ONLY,,,939a0ec586
ny_dol_mold,1323,Mold Remediation Contractor License (SH126):24-63HUG-SHMO,24-63HUG-SHMO,Mold Remediation Contractor License (SH126),Active,YES,"JP SOLUTIONS, INC.",,c1d787d1b7,CREDENTIAL_ONLY,,,939a0ec586
ny_dol_mold,1324,Mold Remediation Contractor License (SH126):24-6ATSZ-SHMO,24-6ATSZ-SHMO,Mold Remediation Contractor License (SH126),Expired,NO,"JW Pepper, LLC",,c1d787d1b7,CREDENTIAL_ONLY,,,939a0ec586
ny_dol_mold,1325,Mold Remediation Contractor License (SH126):25-6H4UC-SHMO,25-6H4UC-SHMO,Mold Remediation Contractor License (SH126),Active,YES,Jair & Ryan Home Improvement Inc,,c1d787d1b7,CREDENTIAL_ONLY,,,939a0ec586
ny_dol_mold,1326,Mold Assessment Contractor License (SH125):01736,01736,Mold Assessment Contractor License (SH125),Expired,NO,Jason C Whipple Assessment LLC,,c1d787d1b7,CREDENTIAL_ONLY,,,939a0ec586
ny_dol_mold,1327,Mold Assessment Contractor License (SH125):24-6AEDY-SHMO,24-6AEDY-SHMO,Mold Assessment Contractor License (SH125),Expired,NO,Jedol Associates Inc.,,c1d787d1b7,CREDENTIAL_ONLY,,,939a0ec586
ny_dol_mold,1328,Mold Assessment Contractor License (SH125):01820,01820,Mold Assessment Contractor License (SH125),Expired,NO,Jessica's Advanced Environmental Solutions and Testing LLC,,c1d787d1b7,CREDENTIAL_ONLY,,,939a0ec586
ny_dol_mold,1329,Mold Assessment Contractor License (SH125):26-6SKRA-SHMO,26-6SKRA-SHMO,Mold Assessment Contractor License (SH125),Active,YES,Jihad Mounir Boukhari LLC,,c1d787d1b7,CREDENTIAL_ONLY,,,939a0ec586
ny_dol_mold,1330,Mold Assessment Contractor License (SH125):25-6SVRR-SHMO,25-6SVRR-SHMO,Mold Assessment Contractor License (SH125),Active,YES,Joes Landscaping & Home Improvements Inc.,,c1d787d1b7,CREDENTIAL_ONLY,,,939a0ec586
ny_dol_mold,1331,Mold Assessment Contractor License (SH125):00580,00580,Mold Assessment Contractor License (SH125),Expired,NO,John H. Veivia,,c1d787d1b7,CREDENTIAL_ONLY,,,939a0ec586
ny_dol_mold,1332,Mold Assessment Contractor License (SH125):01686,01686,Mold Assessment Contractor License (SH125),Expired,NO,Joseph Hayes,,c1d787d1b7,CREDENTIAL_ONLY,,,939a0ec586
ny_dol_mold,1333,Mold Assessment Contractor License (SH125):00287,00287,Mold Assessment Contractor License (SH125),Expired,NO,Joseph V Petrozola,,c1d787d1b7,CREDENTIAL_ONLY,,,939a0ec586
ny_dol_mold,1334,Mold Remediation Contractor License (SH126):24-63XTV-SHMO,24-63XTV-SHMO,Mold Remediation Contractor License (SH126),Active,YES,Just Right Services Corp.,,c1d787d1b7,CREDENTIAL_ONLY,,,939a0ec586
ny_dol_mold,1335,Mold Remediation Contractor License (SH126):26-63EDJ-SHMO,26-63EDJ-SHMO,Mold Remediation Contractor License (SH126),Active,YES,"KA&S Construction, LLC",,c1d787d1b7,CREDENTIAL_ONLY,,,939a0ec586
ny_dol_mold,1336,Mold Assessment Contractor License (SH125):26-6ZU8S-SHMO,26-6ZU8S-SHMO,Mold Assessment Contractor License (SH125),Active,YES,KAM CONSULTANTS CORP.,,c1d787d1b7,CREDENTIAL_ONLY,,,939a0ec586
ny_dol_mold,1337,Mold Assessment Contractor License (SH125):25-65KAV-SHMO,25-65KAV-SHMO,Mold Assessment Contractor License (SH125),Active,YES,KD Solutions LLC,,c1d787d1b7,CREDENTIAL_ONLY,,,939a0ec586
ny_dol_mold,1338,Mold Remediation Contractor License (SH126):25-6TKKS-SHMO,25-6TKKS-SHMO,Mold Remediation Contractor License (SH126),Active,YES,KES Emergency Services LLC,,c1d787d1b7,CREDENTIAL_ONLY,,,939a0ec586
ny_dol_mold,1339,Mold Remediation Contractor License (SH126):24-6Z9D7-SHMO,24-6Z9D7-SHMO,Mold Remediation Contractor License (SH126),Expired,NO,"KMG of Upstate, Inc",,c1d787d1b7,CREDENTIAL_ONLY,,,939a0ec586
ny_dol_mold,1340,Mold Remediation Contractor License (SH126):23-6IO5D-SHMO,23-6IO5D-SHMO,Mold Remediation Contractor License (SH126),Expired,NO,KNS Services Corp.,,c1d787d1b7,CREDENTIAL_ONLY,,,939a0ec586
ny_dol_mold,1341,Mold Assessment Contractor License (SH125):26-66ZZ3-SHMO,26-66ZZ3-SHMO,Mold Assessment Contractor License (SH125),Active,YES,KRASHI CONTRACTING INC.,,c1d787d1b7,CREDENTIAL_ONLY,,,939a0ec586
ny_dol_mold,1342,Mold Remediation Contractor License (SH126):24-64JKX-SHMO,24-64JKX-SHMO,Mold Remediation Contractor License (SH126),Active,YES,Kanaris LLC,,c1d787d1b7,CREDENTIAL_ONLY,,,939a0ec586
ny_dol_mold,1343,Mold Remediation Contractor License (SH126):24-61CGV-SHMO,24-61CGV-SHMO,Mold Remediation Contractor License (SH126),Active,YES,Kayafas Contracting Co. Inc.,,c1d787d1b7,CREDENTIAL_ONLY,,,939a0ec586
ny_dol_mold,1344,Mold Remediation Contractor License (SH126):01859,01859,Mold Remediation Contractor License (SH126),Expired,NO,"Kennedy Property Maintenance, LLC",,c1d787d1b7,CREDENTIAL_ONLY,,,939a0ec586
ny_dol_mold,1345,Mold Remediation Contractor License (SH126):24-636HG-SHMO,24-636HG-SHMO,Mold Remediation Contractor License (SH126),Active,YES,"Kewis Enterprises, Inc.",,c1d787d1b7,CREDENTIAL_ONLY,,,939a0ec586
ny_dol_mold,1346,Mold Remediation Contractor License (SH126):25-6ZSKG-SHMO,25-6ZSKG-SHMO,Mold Remediation Contractor License (SH126),Active,YES,Kiko's Construction Corp.,,c1d787d1b7,CREDENTIAL_ONLY,,,939a0ec586
ny_dol_mold,1347,Mold Remediation Contractor License (SH126):25-6LUQP-SHMO,25-6LUQP-SHMO,Mold Remediation Contractor License (SH126),Active,YES,Kiss Construction Inc.,,c1d787d1b7,CREDENTIAL_ONLY,,,939a0ec586
ny_dol_mold,1348,Mold Assessment Contractor License (SH125):25-6U1RR-SHMO,25-6U1RR-SHMO,Mold Assessment Contractor License (SH125),Active,YES,Korean Pest Control Corp,,c1d787d1b7,CREDENTIAL_ONLY,,,939a0ec586
ny_dol_mold,1349,Mold Assessment Contractor License (SH125):24-6A3X3-SHMO,24-6A3X3-SHMO,Mold Assessment Contractor License (SH125),Expired,NO,Kyn 6 Inc.,,c1d787d1b7,CREDENTIAL_ONLY,,,939a0ec586
ny_dol_mold,1350,Mold Assessment Contractor License (SH125):25-6HKFU-SHMO,25-6HKFU-SHMO,Mold Assessment Contractor License (SH125),Active,YES,L&L Environmental LLC,,c1d787d1b7,CREDENTIAL_ONLY,,,939a0ec586
ny_dol_mold,1351,Mold Remediation Contractor License (SH126):25-6IFXC-SHMO,25-6IFXC-SHMO,Mold Remediation Contractor License (SH126),Active,YES,LCCO PROPERTIES LLC,,c1d787d1b7,CREDENTIAL_ONLY,,,939a0ec586
ny_dol_mold,1352,Mold Assessment Contractor License (SH125):26-661AS-SHMO,26-661AS-SHMO,Mold Assessment Contractor License (SH125),Active,YES,LEAD SAFE SOLUTIONS NYC LLC,,c1d787d1b7,CREDENTIAL_ONLY,,,939a0ec586
ny_dol_mold,1353,Mold Remediation Contractor License (SH126):26-6IO5K-SHMO,26-6IO5K-SHMO,Mold Remediation Contractor License (SH126),Active,YES,"LEW Environmental Services, LLC",,c1d787d1b7,CREDENTIAL_ONLY,,,939a0ec586
ny_dol_mold,1354,Mold Remediation Contractor License (SH126):23-6TJMI-SHMO,23-6TJMI-SHMO,Mold Remediation Contractor License (SH126),Expired,NO,LMR Group 1818 LLC,,c1d787d1b7,CREDENTIAL_ONLY,,,939a0ec586
ny_dol_mold,1355,Mold Assessment Contractor License (SH125):26-6ATLH-SHMO,26-6ATLH-SHMO,Mold Assessment Contractor License (SH125),Active,YES,"LaBella Associates, DPC",,c1d787d1b7,CREDENTIAL_ONLY,,,939a0ec586
ny_dol_mold,1356,Mold Remediation Contractor License (SH126):26-63NAL-SHMO,26-63NAL-SHMO,Mold Remediation Contractor License (SH126),Active,YES,"Lake Side Contracting Co., Inc.",,c1d787d1b7,CREDENTIAL_ONLY,,,939a0ec586
ny_dol_mold,1357,Mold Assessment Contractor License (SH125):01713,01713,Mold Assessment Contractor License (SH125),Expired,NO,Lance Dorfi LLC,,c1d787d1b7,CREDENTIAL_ONLY,,,939a0ec586
ny_dol_mold,1358,Mold Assessment Contractor License (SH125):24-6ZIBK-SHMO,24-6ZIBK-SHMO,Mold Assessment Contractor License (SH125),Expired,NO,"Laurel Environmental Geosciences, D.P.C.",,c1d787d1b7,CREDENTIAL_ONLY,,,939a0ec586
ny_dol_mold,1359,Mold Assessment Contractor License (SH125):26-6ZF7H-SHMO,26-6ZF7H-SHMO,Mold Assessment Contractor License (SH125),Active,YES,"Lea Environmental, LLC",,c1d787d1b7,CREDENTIAL_ONLY,,,939a0ec586
ny_dol_mold,1360,Mold Remediation Contractor License (SH126):25-64XAO-SHMO,25-64XAO-SHMO,Mold Remediation Contractor License (SH126),Active,YES,Lead & Mold Detectives LLC,,c1d787d1b7,CREDENTIAL_ONLY,,,939a0ec586
ny_dol_mold,1361,Mold Remediation Contractor License (SH126):25-6I3XH-SHMO,25-6I3XH-SHMO,Mold Remediation Contractor License (SH126),Active,YES,"Lead Professionals, Inc.",,c1d787d1b7,CREDENTIAL_ONLY,,,939a0ec586
ny_dol_mold,1362,Mold Assessment Contractor License (SH125):26-66JTF-SHMO,26-66JTF-SHMO,Mold Assessment Contractor License (SH125),Active,YES,Lead-Safe Services,,c1d787d1b7,CREDENTIAL_ONLY,,,939a0ec586
ny_dol_mold,1363,Mold Remediation Contractor License (SH126):25-61JSU-SHMO,25-61JSU-SHMO,Mold Remediation Contractor License (SH126),Active,YES,Legacy Restoration of New York Inc.,,c1d787d1b7,CREDENTIAL_ONLY,,,939a0ec586
ny_dol_mold,1364,Mold Assessment Contractor License (SH125):24-6SDLG-SHMO,24-6SDLG-SHMO,Mold Assessment Contractor License (SH125),Expired,NO,Liberty Cleaning & Management LLC,,c1d787d1b7,CREDENTIAL_ONLY,,,939a0ec586
ny_dol_mold,1365,Mold Remediation Contractor License (SH126):24-64GB6-SHMO,24-64GB6-SHMO,Mold Remediation Contractor License (SH126),Active,YES,Lighthouse Restoration and Construction LLC,,c1d787d1b7,CREDENTIAL_ONLY,,,939a0ec586
ny_dol_mold,1366,Mold Assessment Contractor License (SH125):24-6SGP5-SHMO,24-6SGP5-SHMO,Mold Assessment Contractor License (SH125),Expired,NO,"Lisus Home Improvements, Corp.",,c1d787d1b7,CREDENTIAL_ONLY,,,939a0ec586
ny_dol_mold,1367,Mold Assessment Contractor License (SH125):26-63BPF-SHMO,26-63BPF-SHMO,Mold Assessment Contractor License (SH125),Active,YES,Long Island Mold Testing LLC,,c1d787d1b7,CREDENTIAL_ONLY,,,939a0ec586
ny_dol_mold,1368,Mold Remediation Contractor License (SH126):01707,01707,Mold Remediation Contractor License (SH126),Expired,NO,Lotz Incorporated,,c1d787d1b7,CREDENTIAL_ONLY,,,939a0ec586
ny_dol_mold,1369,Mold Remediation Contractor License (SH126):25-64Q41-SHMO,25-64Q41-SHMO,Mold Remediation Contractor License (SH126),Active,YES,"Lucas Environmental Services, LLC",,c1d787d1b7,CREDENTIAL_ONLY,,,939a0ec586
ny_dol_mold,1370,Mold Assessment Contractor License (SH125):23-6UFZU-SHMO,23-6UFZU-SHMO,Mold Assessment Contractor License (SH125),Expired,NO,Lynch Link LLC,,c1d787d1b7,CREDENTIAL_ONLY,,,939a0ec586
ny_dol_mold,1371,Mold Remediation Contractor License (SH126):01702,01702,Mold Remediation Contractor License (SH126),Expired,NO,M & L Milovoi Management Inc,,c1d787d1b7,CREDENTIAL_ONLY,,,939a0ec586
ny_dol_mold,1372,Mold Remediation Contractor License (SH126):01864,01864,Mold Remediation Contractor License (SH126),Expired,NO,M&H Capital Partners Inc,,c1d787d1b7,CREDENTIAL_ONLY,,,939a0ec586
ny_dol_mold,1373,Mold Remediation Contractor License (SH126):25-6LYRN-SHMO,25-6LYRN-SHMO,Mold Remediation Contractor License (SH126),Active,YES,M&N Green Maintenance LLC,,c1d787d1b7,CREDENTIAL_ONLY,,,939a0ec586
ny_dol_mold,1374,Mold Remediation Contractor License (SH126):25-6IFQ4-SHMO,25-6IFQ4-SHMO,Mold Remediation Contractor License (SH126),Active,YES,"MARZEG OF JEFFERSON COUNTY, INC.",,c1d787d1b7,CREDENTIAL_ONLY,,,939a0ec586
ny_dol_mold,1375,Mold Remediation Contractor License (SH126):24-6A1DR-SHMO,24-6A1DR-SHMO,Mold Remediation Contractor License (SH126),Expired,NO,"MBH Services, Inc.",,c1d787d1b7,CREDENTIAL_ONLY,,,939a0ec586
ny_dol_mold,1376,Mold Assessment Contractor License (SH125):26-6AFZ6-SHMO,26-6AFZ6-SHMO,Mold Assessment Contractor License (SH125),Active,YES,"MCR Property Services, LLC",,c1d787d1b7,CREDENTIAL_ONLY,,,939a0ec586
ny_dol_mold,1377,Mold Assessment Contractor License (SH125):25-6H676-SHMO,25-6H676-SHMO,Mold Assessment Contractor License (SH125),Active,YES,MEDUNA LLC,,c1d787d1b7,CREDENTIAL_ONLY,,,939a0ec586
ny_dol_mold,1378,Mold Remediation Contractor License (SH126):26-66476-SHMO,26-66476-SHMO,Mold Remediation Contractor License (SH126),Active,YES,MHL Construction Corporación,,c1d787d1b7,CREDENTIAL_ONLY,,,939a0ec586
ny_dol_mold,1379,Mold Remediation Contractor License (SH126):25-6LD57-SHMO,25-6LD57-SHMO,Mold Remediation Contractor License (SH126),Active,YES,"MJT Contracting, Inc.",,c1d787d1b7,CREDENTIAL_ONLY,,,939a0ec586
ny_dol_mold,1380,Mold Assessment Contractor License (SH125):25-647VK-SHMO,25-647VK-SHMO,Mold Assessment Contractor License (SH125),Active,YES,MMDK552 GROUP LLC,,c1d787d1b7,CREDENTIAL_ONLY,,,939a0ec586
ny_dol_mold,1381,Mold Assessment Contractor License (SH125):01469,01469,Mold Assessment Contractor License (SH125),Expired,NO,MOLDETECTIVES LLC,,c1d787d1b7,CREDENTIAL_ONLY,,,939a0ec586
ny_dol_mold,1382,Mold Assessment Contractor License (SH125):25-6TMBX-SHMO,25-6TMBX-SHMO,Mold Assessment Contractor License (SH125),Active,YES,MR MOLD NY LLC,,c1d787d1b7,CREDENTIAL_ONLY,,,939a0ec586
ny_dol_mold,1383,Mold Assessment Contractor License (SH125):25-6HNZX-SHMO,25-6HNZX-SHMO,Mold Assessment Contractor License (SH125),Active,YES,MVP Home Inspections Inc,,c1d787d1b7,CREDENTIAL_ONLY,,,939a0ec586
ny_dol_mold,1384,Mold Assessment Contractor License (SH125):24-63XJR-SHMO,24-63XJR-SHMO,Mold Assessment Contractor License (SH125),Active,YES,"Mae Consultants, LLC",,c1d787d1b7,CREDENTIAL_ONLY,,,939a0ec586
ny_dol_mold,1385,Mold Remediation Contractor License (SH126):25-64HEE-SHMO,25-64HEE-SHMO,Mold Remediation Contractor License (SH126),Active,YES,Mali Construction 1 Inc.,,c1d787d1b7,CREDENTIAL_ONLY,,,939a0ec586
ny_dol_mold,1386,Mold Remediation Contractor License (SH126):26-638Z7-SHMO,26-638Z7-SHMO,Mold Remediation Contractor License (SH126),Active,YES,Manhattan Lead LLC,,c1d787d1b7,CREDENTIAL_ONLY,,,939a0ec586
ny_dol_mold,1387,Mold Remediation Contractor License (SH126):25-6UNC4-SHMO,25-6UNC4-SHMO,Mold Remediation Contractor License (SH126),Active,YES,Marbec environmental Services corp,,c1d787d1b7,CREDENTIAL_ONLY,,,939a0ec586
ny_dol_mold,1388,Mold Assessment Contractor License (SH125):24-64FR6-SHMO,24-64FR6-SHMO,Mold Assessment Contractor License (SH125),Active,YES,Martan Properties LLC,,c1d787d1b7,CREDENTIAL_ONLY,,,939a0ec586
ny_dol_mold,1389,Mold Remediation Contractor License (SH126):24-63L75-SHMO,24-63L75-SHMO,Mold Remediation Contractor License (SH126),Active,YES,Maspeth Remodeling Co. Inc.,,c1d787d1b7,CREDENTIAL_ONLY,,,939a0ec586
ny_dol_mold,1390,Mold Remediation Contractor License (SH126):01885,01885,Mold Remediation Contractor License (SH126),Expired,NO,Matrix 816 Inc.,,c1d787d1b7,CREDENTIAL_ONLY,,,939a0ec586
ny_dol_mold,1391,Mold Assessment Contractor License (SH125):23-6L4IQ-SHMO,23-6L4IQ-SHMO,Mold Assessment Contractor License (SH125),Expired,NO,Maximum Environmental Management,,c1d787d1b7,CREDENTIAL_ONLY,,,939a0ec586
ny_dol_mold,1392,Mold Assessment Contractor License (SH125):00172,00172,Mold Assessment Contractor License (SH125),Expired,NO,"Mayshark Architecture, P.C.",,c1d787d1b7,CREDENTIAL_ONLY,,,939a0ec586
ny_dol_mold,1393,Mold Assessment Contractor License (SH125):25-6TEP9-SHMO,25-6TEP9-SHMO,Mold Assessment Contractor License (SH125),Active,YES,McGrath Home Inspections LLC,,c1d787d1b7,CREDENTIAL_ONLY,,,939a0ec586
ny_dol_mold,1394,Mold Remediation Contractor License (SH126):26-6Z5KV-SHMO,26-6Z5KV-SHMO,Mold Remediation Contractor License (SH126),Active,YES,Menchy Cleaning & Restoration Inc.,,c1d787d1b7,CREDENTIAL_ONLY,,,939a0ec586
ny_dol_mold,1395,Mold Assessment Contractor License (SH125):24-6A4N6-SHMO,24-6A4N6-SHMO,Mold Assessment Contractor License (SH125),Active,YES,Merit Inspection Solutions Inc.,,c1d787d1b7,CREDENTIAL_ONLY,,,939a0ec586
ny_dol_mold,1396,Mold Remediation Contractor License (SH126):26-67511-SHMO,26-67511-SHMO,Mold Remediation Contractor License (SH126),Active,YES,Metro Mold Specialists,,c1d787d1b7,CREDENTIAL_ONLY,,,939a0ec586
ny_dol_mold,1397,Mold Remediation Contractor License (SH126):26-6Z93T-SHMO,26-6Z93T-SHMO,Mold Remediation Contractor License (SH126),Active,YES,Michael and Diane Enterprises LLC,,c1d787d1b7,CREDENTIAL_ONLY,,,939a0ec586
ny_dol_mold,1398,Mold Assessment Contractor License (SH125):26-6ZITV-SHMO,26-6ZITV-SHMO,Mold Assessment Contractor License (SH125),Active,YES,"Microecologies, Inc.",,c1d787d1b7,CREDENTIAL_ONLY,,,939a0ec586
ny_dol_mold,1399,Mold Remediation Contractor License (SH126):00878,00878,Mold Remediation Contractor License (SH126),Expired,NO,"Middle Country Cleaners, Inc.",,c1d787d1b7,CREDENTIAL_ONLY,,,939a0ec586
ny_dol_mold,1400,Mold Remediation Contractor License (SH126):25-6LVD1-SHMO,25-6LVD1-SHMO,Mold Remediation Contractor License (SH126),Active,YES,"Milro Services, Inc",,c1d787d1b7,CREDENTIAL_ONLY,,,939a0ec586
ny_dol_mold,1401,Mold Remediation Contractor License (SH126):26-6LJJ1-SHMO,26-6LJJ1-SHMO,Mold Remediation Contractor License (SH126),Active,YES,Minichiello Enterprises LLC,,c1d787d1b7,CREDENTIAL_ONLY,,,939a0ec586
ny_dol_mold,1402,Mold Assessment Contractor License (SH125):23-6URHT-SHMO,23-6URHT-SHMO,Mold Assessment Contractor License (SH125),Expired,NO,Mold Agent Inc,,c1d787d1b7,CREDENTIAL_ONLY,,,939a0ec586
ny_dol_mold,1403,Mold Remediation Contractor License (SH126):01534,01534,Mold Remediation Contractor License (SH126),Expired,NO,Mold Consulting Specialists Inc.,,c1d787d1b7,CREDENTIAL_ONLY,,,939a0ec586
ny_dol_mold,1404,Mold Assessment Contractor License (SH125):23-6IVJ1-SHMO,23-6IVJ1-SHMO,Mold Assessment Contractor License (SH125),Expired,NO,Mold Guru LLC,,c1d787d1b7,CREDENTIAL_ONLY,,,939a0ec586
ny_dol_mold,1405,Mold Remediation Contractor License (SH126):24-6IUP1-SHMO,24-6IUP1-SHMO,Mold Remediation Contractor License (SH126),Expired,NO,Mold Pro Plus LLC,,c1d787d1b7,CREDENTIAL_ONLY,,,939a0ec586
ny_dol_mold,1406,Mold Assessment Contractor License (SH125):25-6LEGO-SHMO,25-6LEGO-SHMO,Mold Assessment Contractor License (SH125),Active,YES,Mold Test Company,,c1d787d1b7,CREDENTIAL_ONLY,,,939a0ec586
ny_dol_mold,1407,Mold Assessment Contractor License (SH125):25-65AHT-SHMO,25-65AHT-SHMO,Mold Assessment Contractor License (SH125),Active,YES,Mold Whiz Solutions LLC,,c1d787d1b7,CREDENTIAL_ONLY,,,939a0ec586
ny_dol_mold,1408,Mold Remediation Contractor License (SH126):01249,01249,Mold Remediation Contractor License (SH126),Expired,NO,"Mold and Lead Solutions, Inc.",,c1d787d1b7,CREDENTIAL_ONLY,,,939a0ec586
ny_dol_mold,1409,Mold Assessment Contractor License (SH125):25-67OJ8-SHMO,25-67OJ8-SHMO,Mold Assessment Contractor License (SH125),Active,YES,Momentum Environmental Solutions LLC,,c1d787d1b7,CREDENTIAL_ONLY,,,939a0ec586
ny_dol_mold,1410,Mold Remediation Contractor License (SH126):01877,01877,Mold Remediation Contractor License (SH126),Expired,NO,Moonlight Renovations Corp,,c1d787d1b7,CREDENTIAL_ONLY,,,939a0ec586
ny_dol_mold,1411,Mold Assessment Contractor License (SH125):26-69VH7-SHMO,26-69VH7-SHMO,Mold Assessment Contractor License (SH125),Active,YES,Ms.Mold LLC,,c1d787d1b7,CREDENTIAL_ONLY,,,939a0ec586
ny_dol_mold,1412,Mold Remediation Contractor License (SH126):26-6755Z-SHMO,26-6755Z-SHMO,Mold Remediation Contractor License (SH126),Active,YES,"N Arjun Construction, Corp.",,c1d787d1b7,CREDENTIAL_ONLY,,,939a0ec586
ny_dol_mold,1413,Mold Assessment Contractor License (SH125):26-6A4AJ-SHMO,26-6A4AJ-SHMO,Mold Assessment Contractor License (SH125),Active,YES,NETS   National Environmental Testing Svcs,,c1d787d1b7,CREDENTIAL_ONLY,,,939a0ec586
ny_dol_mold,1414,Mold Assessment Contractor License (SH125):25-65VVP-SHMO,25-65VVP-SHMO,Mold Assessment Contractor License (SH125),Active,YES,"NEXT LEVEL AIR QUALITY, INC.",,c1d787d1b7,CREDENTIAL_ONLY,,,939a0ec586
ny_dol_mold,1415,Mold Assessment Contractor License (SH125):25-6HYJV-SHMO,25-6HYJV-SHMO,Mold Assessment Contractor License (SH125),Active,YES,NORTH JERSEY RESTORATION LLC,,c1d787d1b7,CREDENTIAL_ONLY,,,939a0ec586
ny_dol_mold,1416,Mold Remediation Contractor License (SH126):24-6Z6RH-SHMO,24-6Z6RH-SHMO,Mold Remediation Contractor License (SH126),Expired,NO,"J. J. Pyles Wallcovering, Inc.",,c1d787d1b7,CREDENTIAL_ONLY,,,939a0ec586
ny_dol_mold,1417,Mold Assessment Contractor License (SH125):25-6TXUN-SHMO,25-6TXUN-SHMO,Mold Assessment Contractor License (SH125),Active,YES,"J.A. Crawford, Inc.",,c1d787d1b7,CREDENTIAL_ONLY,,,939a0ec586
ny_dol_mold,1418,Mold Remediation Contractor License (SH126):26-6S7AE-SHMO,26-6S7AE-SHMO,Mold Remediation Contractor License (SH126),Active,YES,J.J.W.I. Inc.,,c1d787d1b7,CREDENTIAL_ONLY,,,939a0ec586
ny_dol_mold,1419,Mold Assessment Contractor License (SH125):26-69DR9-SHMO,26-69DR9-SHMO,Mold Assessment Contractor License (SH125),Active,YES,JAM Restoration Inc.,,c1d787d1b7,CREDENTIAL_ONLY,,,939a0ec586
ny_dol_mold,1420,Mold Remediation Contractor License (SH126):26-6ZZIK-SHMO,26-6ZZIK-SHMO,Mold Remediation Contractor License (SH126),Active,YES,"JCM Mold Solutions, LLC",,c1d787d1b7,CREDENTIAL_ONLY,,,939a0ec586
ny_dol_mold,1421,Mold Remediation Contractor License (SH126):26-6SKVX-SHMO,26-6SKVX-SHMO,Mold Remediation Contractor License (SH126),Active,YES,JEMICO CORP,,c1d787d1b7,CREDENTIAL_ONLY,,,939a0ec586
ny_dol_mold,1422,Mold Remediation Contractor License (SH126):26-6ZUZY-SHMO,26-6ZUZY-SHMO,Mold Remediation Contractor License (SH126),Active,YES,JM & J OF MONROE COUNTY INC,,c1d787d1b7,CREDENTIAL_ONLY,,,939a0ec586
ny_dol_mold,1423,Mold Assessment Contractor License (SH125):25-6H8XL-SHMO,25-6H8XL-SHMO,Mold Assessment Contractor License (SH125),Active,YES,JP HANDA CONSTRUCTION INC,,c1d787d1b7,CREDENTIAL_ONLY,,,939a0ec586
ny_dol_mold,1424,Mold Remediation Contractor License (SH126):26-9YBXL-SHMO,26-9YBXL-SHMO,Mold Remediation Contractor License (SH126),Active,YES,JPG Services INC,,c1d787d1b7,CREDENTIAL_ONLY,,,939a0ec586
ny_dol_mold,1425,Mold Remediation Contractor License (SH126):26-66TRG-SHMO,26-66TRG-SHMO,Mold Remediation Contractor License (SH126),Active,YES,JW Pest Control LLC,,c1d787d1b7,CREDENTIAL_ONLY,,,939a0ec586
ny_dol_mold,1426,Mold Assessment Contractor License (SH125):01691,01691,Mold Assessment Contractor License (SH125),Expired,NO,James Bucci and Lynnrose Bucci,,c1d787d1b7,CREDENTIAL_ONLY,,,939a0ec586
ny_dol_mold,1427,Mold Remediation Contractor License (SH126):24-6AXJ6-SHMO,24-6AXJ6-SHMO,Mold Remediation Contractor License (SH126),Expired,NO,"Jaws Enterprises, LLC",,c1d787d1b7,CREDENTIAL_ONLY,,,939a0ec586
ny_dol_mold,1428,Mold Assessment Contractor License (SH125):26-6A4QF-SHMO,26-6A4QF-SHMO,Mold Assessment Contractor License (SH125),Active,YES,"Jerome Environmental Services, LLC",,c1d787d1b7,CREDENTIAL_ONLY,,,939a0ec586
ny_dol_mold,1429,Mold Assessment Contractor License (SH125):26-6SYN9-SHMO,26-6SYN9-SHMO,Mold Assessment Contractor License (SH125),Active,YES,Jet Environmental Testing,,c1d787d1b7,CREDENTIAL_ONLY,,,939a0ec586
ny_dol_mold,1430,Mold Remediation Contractor License (SH126):24-6IAZA-SHMO,24-6IAZA-SHMO,Mold Remediation Contractor License (SH126),Expired,NO,Jihad Mounir Boukhari LLC,,c1d787d1b7,CREDENTIAL_ONLY,,,939a0ec586
ny_dol_mold,1431,Mold Assessment Contractor License (SH125):24-63U34-SHMO,24-63U34-SHMO,Mold Assessment Contractor License (SH125),Active,YES,John Betlem Heating & Cooling Inc.,,c1d787d1b7,CREDENTIAL_ONLY,,,939a0ec586
ny_dol_mold,1432,Mold Assessment Contractor License (SH125):24-6Z6VQ-SHMO,24-6Z6VQ-SHMO,Mold Assessment Contractor License (SH125),Expired,NO,John P. Vagliardo,,c1d787d1b7,CREDENTIAL_ONLY,,,939a0ec586
ny_dol_mold,1433,Mold Assessment Contractor License (SH125):01224,01224,Mold Assessment Contractor License (SH125),Expired,NO,Joseph M Naccarato,,c1d787d1b7,CREDENTIAL_ONLY,,,939a0ec586
ny_dol_mold,1434,Mold Assessment Contractor License (SH125):25-67B4X-SHMO,25-67B4X-SHMO,Mold Assessment Contractor License (SH125),Active,YES,Judy Painting Corp,,c1d787d1b7,CREDENTIAL_ONLY,,,939a0ec586
ny_dol_mold,1435,Mold Remediation Contractor License (SH126):26-6A1CG-SHMO,26-6A1CG-SHMO,Mold Remediation Contractor License (SH126),Active,YES,"Justin Development, Inc",,c1d787d1b7,CREDENTIAL_ONLY,,,939a0ec586
ny_dol_mold,1436,Mold Assessment Contractor License (SH125):25-67QOD-SHMO,25-67QOD-SHMO,Mold Assessment Contractor License (SH125),Active,YES,KALNIK CORP,,c1d787d1b7,CREDENTIAL_ONLY,,,939a0ec586
ny_dol_mold,1437,Mold Assessment Contractor License (SH125):26-6ZXG1-SHMO,26-6ZXG1-SHMO,Mold Assessment Contractor License (SH125),Active,YES,"KAS, Inc.",,c1d787d1b7,CREDENTIAL_ONLY,,,939a0ec586
ny_dol_mold,1438,Mold Remediation Contractor License (SH126):26-6ZUSA-SHMO,26-6ZUSA-SHMO,Mold Remediation Contractor License (SH126),Active,YES,"KD Solutions, LLC",,c1d787d1b7,CREDENTIAL_ONLY,,,939a0ec586
ny_dol_mold,1439,Mold Remediation Contractor License (SH126):25-6TJZ4-SHMO,25-6TJZ4-SHMO,Mold Remediation Contractor License (SH126),Active,YES,KFG Restoration & Abatement LLC,,c1d787d1b7,CREDENTIAL_ONLY,,,939a0ec586
ny_dol_mold,1440,Mold Remediation Contractor License (SH126):24-63TLI-SHMO,24-63TLI-SHMO,Mold Remediation Contractor License (SH126),Active,YES,KMH Remediation & Clearing Services LLC,,c1d787d1b7,CREDENTIAL_ONLY,,,939a0ec586
ny_dol_mold,1441,Mold Assessment Contractor License (SH125):26-69C6A-SHMO,26-69C6A-SHMO,Mold Assessment Contractor License (SH125),Active,YES,KP IEQ Consulting LLC,,c1d787d1b7,CREDENTIAL_ONLY,,,939a0ec586
ny_dol_mold,1442,Mold Assessment Contractor License (SH125):00756,00756,Mold Assessment Contractor License (SH125),Expired,NO,KUSHNER INSPECTIONS LLC,,c1d787d1b7,CREDENTIAL_ONLY,,,939a0ec586
ny_dol_mold,1443,Mold Remediation Contractor License (SH126):25-6SYD6-SHMO,25-6SYD6-SHMO,Mold Remediation Contractor License (SH126),Active,YES,"Kascon, LLC",,c1d787d1b7,CREDENTIAL_ONLY,,,939a0ec586
ny_dol_mold,1444,Mold Assessment Contractor License (SH125):24-637I9-SHMO,24-637I9-SHMO,Mold Assessment Contractor License (SH125),Active,YES,Kelty Inspection Services LLC,,c1d787d1b7,CREDENTIAL_ONLY,,,939a0ec586
ny_dol_mold,1445,Mold Remediation Contractor License (SH126):00922,00922,Mold Remediation Contractor License (SH126),Expired,NO,"Kennedy Property Maintenance, LLC",,c1d787d1b7,CREDENTIAL_ONLY,,,939a0ec586
ny_dol_mold,1446,Mold Remediation Contractor License (SH126):25-67QKI-SHMO,25-67QKI-SHMO,Mold Remediation Contractor License (SH126),Active,YES,Key Construction MGT LLC,,c1d787d1b7,CREDENTIAL_ONLY,,,939a0ec586
ny_dol_mold,1447,Mold Remediation Contractor License (SH126):25-6ueb7-shmo,25-6ueb7-shmo,Mold Remediation Contractor License (SH126),Active,YES,King David Services Inc.,,c1d787d1b7,CREDENTIAL_ONLY,,,939a0ec586
ny_dol_mold,1448,Mold Remediation Contractor License (SH126):25-6HS94-SHMO,25-6HS94-SHMO,Mold Remediation Contractor License (SH126),Active,YES,Kleen Sweep Ventures LLC,,c1d787d1b7,CREDENTIAL_ONLY,,,939a0ec586
ny_dol_mold,1449,Mold Assessment Contractor License (SH125):23-6TJ9X-SHMO,23-6TJ9X-SHMO,Mold Assessment Contractor License (SH125),Expired,NO,Koye Testing & Consulting LLC,,c1d787d1b7,CREDENTIAL_ONLY,,,939a0ec586
ny_dol_mold,1450,Mold Remediation Contractor License (SH126):25-6L13Y-SHMO,25-6L13Y-SHMO,Mold Remediation Contractor License (SH126),Active,YES,"L & E Painting & Renovation, Inc.",,c1d787d1b7,CREDENTIAL_ONLY,,,939a0ec586
ny_dol_mold,1451,Mold Assessment Contractor License (SH125):23-6UBFD-SHMO,23-6UBFD-SHMO,Mold Assessment Contractor License (SH125),Expired,NO,L&L LEAD SERVICES LLC,,c1d787d1b7,CREDENTIAL_ONLY,,,939a0ec586
ny_dol_mold,1452,Mold Remediation Contractor License (SH126):23-6LZDY-SHMO,23-6LZDY-SHMO,Mold Remediation Contractor License (SH126),Expired,NO,"LCS COMPANIES OF NEW YORK, INC.",,c1d787d1b7,CREDENTIAL_ONLY,,,939a0ec586
ny_dol_mold,1453,Mold Remediation Contractor License (SH126):26-6SV17-SHMO,26-6SV17-SHMO,Mold Remediation Contractor License (SH126),Active,YES,LEO BUILDERS CORP,,c1d787d1b7,CREDENTIAL_ONLY,,,939a0ec586
ny_dol_mold,1454,Mold Remediation Contractor License (SH126):26-6ZIO4-SHMO,26-6ZIO4-SHMO,Mold Remediation Contractor License (SH126),Active,YES,LIMA CONTRACTORS CORP.,,c1d787d1b7,CREDENTIAL_ONLY,,,939a0ec586
ny_dol_mold,1455,Mold Assessment Contractor License (SH125):25-6TJMA-SHMO,25-6TJMA-SHMO,Mold Assessment Contractor License (SH125),Active,YES,LMR Group 1818 LLC,,c1d787d1b7,CREDENTIAL_ONLY,,,939a0ec586
ny_dol_mold,1456,Mold Remediation Contractor License (SH126):23-6UGEX-SHMO,23-6UGEX-SHMO,Mold Remediation Contractor License (SH126),Expired,NO,LaJo Enterprises LLC,,c1d787d1b7,CREDENTIAL_ONLY,,,939a0ec586
ny_dol_mold,1457,Mold Remediation Contractor License (SH126):25-678JA-SHMO,25-678JA-SHMO,Mold Remediation Contractor License (SH126),Active,YES,Lakewood Group Corp.,,c1d787d1b7,CREDENTIAL_ONLY,,,939a0ec586
ny_dol_mold,1458,Mold Assessment Contractor License (SH125):01288,01288,Mold Assessment Contractor License (SH125),Expired,NO,"Landon Home Inspections, LLC",,c1d787d1b7,CREDENTIAL_ONLY,,,939a0ec586
ny_dol_mold,1459,Mold Assessment Contractor License (SH125):26-63VHB-SHMO,26-63VHB-SHMO,Mold Assessment Contractor License (SH125),Active,YES,Lawal Environmental Services Corp.,,c1d787d1b7,CREDENTIAL_ONLY,,,939a0ec586
ny_dol_mold,1460,Mold Assessment Contractor License (SH125):24-64BY6-SHMO,24-64BY6-SHMO,Mold Assessment Contractor License (SH125),Active,YES,"Lead & Mold Checks , Ltd",,c1d787d1b7,CREDENTIAL_ONLY,,,939a0ec586
ny_dol_mold,1461,Mold Assessment Contractor License (SH125):24-63XGX-SHMO,24-63XGX-SHMO,Mold Assessment Contractor License (SH125),Active,YES,Lead By Example Environmental LLC,,c1d787d1b7,CREDENTIAL_ONLY,,,939a0ec586
ny_dol_mold,1462,Mold Assessment Contractor License (SH125):24-631PA-SHMO,24-631PA-SHMO,Mold Assessment Contractor License (SH125),Active,YES,"Lead Professionals, Inc.",,c1d787d1b7,CREDENTIAL_ONLY,,,939a0ec586
ny_dol_mold,1463,Mold Remediation Contractor License (SH126):26-66JTG-SHMO,26-66JTG-SHMO,Mold Remediation Contractor License (SH126),Active,YES,Lead-Safe Services,,c1d787d1b7,CREDENTIAL_ONLY,,,939a0ec586
ny_dol_mold,1464,Mold Assessment Contractor License (SH125):23-6L4IJ-SHMO,23-6L4IJ-SHMO,Mold Assessment Contractor License (SH125),Expired,NO,Legend Cleaning Inc,,c1d787d1b7,CREDENTIAL_ONLY,,,939a0ec586
ny_dol_mold,1465,Mold Remediation Contractor License (SH126):26-66IG6-SHMO,26-66IG6-SHMO,Mold Remediation Contractor License (SH126),Active,YES,Liberty Remediation Group LLC,,c1d787d1b7,CREDENTIAL_ONLY,,,939a0ec586
ny_dol_mold,1466,Mold Remediation Contractor License (SH126):26-66SZP-SHMO,26-66SZP-SHMO,Mold Remediation Contractor License (SH126),Active,YES,Lineal Construction and Restoration Corp,,c1d787d1b7,CREDENTIAL_ONLY,,,939a0ec586
ny_dol_mold,1467,Mold Remediation Contractor License (SH126):24-6SGPE-SHMO,24-6SGPE-SHMO,Mold Remediation Contractor License (SH126),Expired,NO,"Lisus Home Improvements, Corp.",,c1d787d1b7,CREDENTIAL_ONLY,,,939a0ec586
ny_dol_mold,1468,Mold Remediation Contractor License (SH126):26-6A9TQ-SHMO,26-6A9TQ-SHMO,Mold Remediation Contractor License (SH126),Active,YES,Long Island Restoration LLC,,c1d787d1b7,CREDENTIAL_ONLY,,,939a0ec586
ny_dol_mold,1469,Mold Remediation Contractor License (SH126):23-6LFBA-SHMO,23-6LFBA-SHMO,Mold Remediation Contractor License (SH126),Expired,NO,Louis Peralta Construction LLC,,c1d787d1b7,CREDENTIAL_ONLY,,,939a0ec586
ny_dol_mold,1470,Mold Remediation Contractor License (SH126):24-63UJY-SHMO,24-63UJY-SHMO,Mold Remediation Contractor License (SH126),Active,YES,Lucas Reigelman,,c1d787d1b7,CREDENTIAL_ONLY,,,939a0ec586
ny_dol_mold,1471,Mold Remediation Contractor License (SH126):23-6U8EF-SHMO,23-6U8EF-SHMO,Mold Remediation Contractor License (SH126),Expired,NO,Lynch Link LLC,,c1d787d1b7,CREDENTIAL_ONLY,,,939a0ec586
ny_dol_mold,1472,Mold Remediation Contractor License (SH126):25-6TPQU-SHMO,25-6TPQU-SHMO,Mold Remediation Contractor License (SH126),Active,YES,M 20-56 STEINWAY LLC,,c1d787d1b7,CREDENTIAL_ONLY,,,939a0ec586
ny_dol_mold,1473,Mold Remediation Contractor License (SH126):26-6ZXY1-SHMO,26-6ZXY1-SHMO,Mold Remediation Contractor License (SH126),Active,YES,"M&M Pest Control, Inc.",,c1d787d1b7,CREDENTIAL_ONLY,,,939a0ec586
ny_dol_mold,1474,Mold Remediation Contractor License (SH126):26-63N61-SHMO,26-63N61-SHMO,Mold Remediation Contractor License (SH126),Active,YES,M. RAHMAN CONSTRUCTION CORP.,,c1d787d1b7,CREDENTIAL_ONLY,,,939a0ec586
ny_dol_mold,1475,Mold Remediation Contractor License (SH126):26-69I8F-SHMO,26-69I8F-SHMO,Mold Remediation Contractor License (SH126),Active,YES,MASSA CONSTRUCTION INC.,,c1d787d1b7,CREDENTIAL_ONLY,,,939a0ec586
ny_dol_mold,1476,Mold Remediation Contractor License (SH126):23-61JVH-SHMO,23-61JVH-SHMO,Mold Remediation Contractor License (SH126),Expired,NO,MC Builders 1 LLC,,c1d787d1b7,CREDENTIAL_ONLY,,,939a0ec586
ny_dol_mold,1477,Mold Remediation Contractor License (SH126):23-6LVDU-SHMO,23-6LVDU-SHMO,Mold Remediation Contractor License (SH126),Expired,NO,MCT AT SERVICE INC,,c1d787d1b7,CREDENTIAL_ONLY,,,939a0ec586
ny_dol_mold,1478,Mold Remediation Contractor License (SH126):01898,01898,Mold Remediation Contractor License (SH126),Expired,NO,MEZA LLC,,c1d787d1b7,CREDENTIAL_ONLY,,,939a0ec586
ny_dol_mold,1479,Mold Remediation Contractor License (SH126):24-63VP9-SHMO,24-63VP9-SHMO,Mold Remediation Contractor License (SH126),Active,YES,MHV Restoration LLC,,c1d787d1b7,CREDENTIAL_ONLY,,,939a0ec586
ny_dol_mold,1480,Mold Remediation Contractor License (SH126):25-6387Q-shmo,25-6387Q-shmo,Mold Remediation Contractor License (SH126),Active,YES,"MK Cleaning, Inc.",,c1d787d1b7,CREDENTIAL_ONLY,,,939a0ec586
ny_dol_mold,1481,Mold Remediation Contractor License (SH126):26-6ZAVQ-SHMO,26-6ZAVQ-SHMO,Mold Remediation Contractor License (SH126),Active,YES,MMLMG Corp.,,c1d787d1b7,CREDENTIAL_ONLY,,,939a0ec586
ny_dol_mold,1482,Mold Remediation Contractor License (SH126):24-63ZOL-SHMO,24-63ZOL-SHMO,Mold Remediation Contractor License (SH126),Active,YES,"MP Environmental Services of NY, Inc.",,c1d787d1b7,CREDENTIAL_ONLY,,,939a0ec586
ny_dol_mold,1483,Mold Remediation Contractor License (SH126):25-6TMBQ-SHMO,25-6TMBQ-SHMO,Mold Remediation Contractor License (SH126),Active,YES,MR MOLD NY LLC,,c1d787d1b7,CREDENTIAL_ONLY,,,939a0ec586
ny_dol_mold,1484,Mold Remediation Contractor License (SH126):26-6Z4ZO-SHMO,26-6Z4ZO-SHMO,Mold Remediation Contractor License (SH126),Active,YES,"MYGROUND, LLC",,c1d787d1b7,CREDENTIAL_ONLY,,,939a0ec586
ny_dol_mold,1485,Mold Remediation Contractor License (SH126):00954,00954,Mold Remediation Contractor License (SH126),Expired,NO,Maeda Construction Inc,,c1d787d1b7,CREDENTIAL_ONLY,,,939a0ec586
ny_dol_mold,1486,Mold Assessment Contractor License (SH125):01757,01757,Mold Assessment Contractor License (SH125),Expired,NO,Malik Environmental Service Corp,,c1d787d1b7,CREDENTIAL_ONLY,,,939a0ec586
ny_dol_mold,1487,Mold Remediation Contractor License (SH126):01485,01485,Mold Remediation Contractor License (SH126),Expired,NO,Mani Renovation Corp,,c1d787d1b7,CREDENTIAL_ONLY,,,939a0ec586
ny_dol_mold,1488,Mold Remediation Contractor License (SH126):01886,01886,Mold Remediation Contractor License (SH126),Expired,NO,Marcelo's Maintenance Inc,,c1d787d1b7,CREDENTIAL_ONLY,,,939a0ec586
ny_dol_mold,1489,Mold Remediation Contractor License (SH126):25-64QZX-SHMO,25-64QZX-SHMO,Mold Remediation Contractor License (SH126),Active,YES,Martan Properties LLC,,c1d787d1b7,CREDENTIAL_ONLY,,,939a0ec586
ny_dol_mold,1490,Mold Assessment Contractor License (SH125):26-6I5B9-SHMO,26-6I5B9-SHMO,Mold Assessment Contractor License (SH125),Active,YES,"Master Building Inspections, Inc.",,c1d787d1b7,CREDENTIAL_ONLY,,,939a0ec586
ny_dol_mold,1491,Mold Assessment Contractor License (SH125):25-6LU7Q-SHMO,25-6LU7Q-SHMO,Mold Assessment Contractor License (SH125),Active,YES,"Matrix New World Engineering, P.C.",,c1d787d1b7,CREDENTIAL_ONLY,,,939a0ec586
ny_dol_mold,1492,Mold Remediation Contractor License (SH126):25-6ICUC-SHMO,25-6ICUC-SHMO,Mold Remediation Contractor License (SH126),Active,YES,"Maxons Restorations, INC.",,c1d787d1b7,CREDENTIAL_ONLY,,,939a0ec586
ny_dol_mold,1493,Mold Assessment Contractor License (SH125):01476,01476,Mold Assessment Contractor License (SH125),Expired,NO,"Mayshark Architecture, P.C.",,c1d787d1b7,CREDENTIAL_ONLY,,,939a0ec586
ny_dol_mold,1494,Mold Remediation Contractor License (SH126):26-69NVD-SHMO,26-69NVD-SHMO,Mold Remediation Contractor License (SH126),Active,YES,Mecca Home Improvement Inc.,,c1d787d1b7,CREDENTIAL_ONLY,,,939a0ec586
ny_dol_mold,1495,Mold Assessment Contractor License (SH125):24-6Z5ES-SHMO,24-6Z5ES-SHMO,Mold Assessment Contractor License (SH125),Expired,NO,Menchy Cleaning & Restoration Inc.,,c1d787d1b7,CREDENTIAL_ONLY,,,939a0ec586
ny_dol_mold,1496,Mold Remediation Contractor License (SH126):26-6IPGH-SHMO,26-6IPGH-SHMO,Mold Remediation Contractor License (SH126),Active,YES,"Metro Contracting & Environmental, Inc.",,c1d787d1b7,CREDENTIAL_ONLY,,,939a0ec586
ny_dol_mold,1497,Mold Remediation Contractor License (SH126):25-65PT4-SHMO,25-65PT4-SHMO,Mold Remediation Contractor License (SH126),Active,YES,Metro Resto Inc,,c1d787d1b7,CREDENTIAL_ONLY,,,939a0ec586
ny_dol_mold,1498,Mold Assessment Contractor License (SH125):01764,01764,Mold Assessment Contractor License (SH125),Expired,NO,Michele Malatesta,,c1d787d1b7,CREDENTIAL_ONLY,,,939a0ec586
ny_dol_mold,1499,Mold Remediation Contractor License (SH126):01828,01828,Mold Remediation Contractor License (SH126),Expired,NO,Microtech Contracting Corp.,,c1d787d1b7,CREDENTIAL_ONLY,,,939a0ec586
ny_dol_mold,1500,Mold Assessment Contractor License (SH125):26-66BAE-SHMO,26-66BAE-SHMO,Mold Assessment Contractor License (SH125),Active,YES,Mighty Rock Property Inspections LLC,,c1d787d1b7,CREDENTIAL_ONLY,,,939a0ec586
ny_dol_mold,1501,Mold Assessment Contractor License (SH125):23-6TJ45-SHMO,23-6TJ45-SHMO,Mold Assessment Contractor License (SH125),Expired,NO,Mindful Inspections LLC,,c1d787d1b7,CREDENTIAL_ONLY,,,939a0ec586
ny_dol_mold,1502,Mold Remediation Contractor License (SH126):26-6SSTO-SHMO,26-6SSTO-SHMO,Mold Remediation Contractor License (SH126),Active,YES,Mitigation Solutions LLC,,c1d787d1b7,CREDENTIAL_ONLY,,,939a0ec586
ny_dol_mold,1503,Mold Remediation Contractor License (SH126):01758,01758,Mold Remediation Contractor License (SH126),Expired,NO,Mold Air Care llc,,c1d787d1b7,CREDENTIAL_ONLY,,,939a0ec586
ny_dol_mold,1504,Mold Remediation Contractor License (SH126):25-64UVG-SHMO,25-64UVG-SHMO,Mold Remediation Contractor License (SH126),Active,YES,Mold Detect Pro LLC,,c1d787d1b7,CREDENTIAL_ONLY,,,939a0ec586
ny_dol_mold,1505,Mold Remediation Contractor License (SH126):25-64K59-SHMO,25-64K59-SHMO,Mold Remediation Contractor License (SH126),Active,YES,Mold Men Environmental Pro LLC,,c1d787d1b7,CREDENTIAL_ONLY,,,939a0ec586
ny_dol_mold,1506,Mold Assessment Contractor License (SH125):24-6IUPX-SHMO,24-6IUPX-SHMO,Mold Assessment Contractor License (SH125),Expired,NO,Mold Pro Plus LLC,,c1d787d1b7,CREDENTIAL_ONLY,,,939a0ec586
ny_dol_mold,1507,Mold Assessment Contractor License (SH125):24-6S6ZZ-SHMO,24-6S6ZZ-SHMO,Mold Assessment Contractor License (SH125),Expired,NO,Mold Testing NJ-NY LLC,,c1d787d1b7,CREDENTIAL_ONLY,,,939a0ec586
ny_dol_mold,1508,Mold Assessment Contractor License (SH125):26-6AUSI-SHMO,26-6AUSI-SHMO,Mold Assessment Contractor License (SH125),Active,YES,"Mold Xperts NY, Inc",,c1d787d1b7,CREDENTIAL_ONLY,,,939a0ec586
ny_dol_mold,1509,Mold Assessment Contractor License (SH125):26-6A94N-SHMO,26-6A94N-SHMO,Mold Assessment Contractor License (SH125),Active,YES,"MoldTec, LLC",,c1d787d1b7,CREDENTIAL_ONLY,,,939a0ec586
ny_dol_mold,1510,Mold Assessment Contractor License (SH125):26-6AUV9-SHMO,26-6AUV9-SHMO,Mold Assessment Contractor License (SH125),Active,YES,Montefiore Einstein,,c1d787d1b7,CREDENTIAL_ONLY,,,939a0ec586
ny_dol_mold,1511,Mold Assessment Contractor License (SH125):01467,01467,Mold Assessment Contractor License (SH125),Expired,NO,Mosaic Mold Inspections LLC,,c1d787d1b7,CREDENTIAL_ONLY,,,939a0ec586
ny_dol_mold,1512,Mold Remediation Contractor License (SH126):26-6ZODC-SHMO,26-6ZODC-SHMO,Mold Remediation Contractor License (SH126),Active,YES,Mulberry Restoration Inc.,,c1d787d1b7,CREDENTIAL_ONLY,,,939a0ec586
ny_dol_mold,1513,Mold Remediation Contractor License (SH126):26-6AXHB-SHMO,26-6AXHB-SHMO,Mold Remediation Contractor License (SH126),Active,YES,N.Y. LEAD ABATEMENT CORP.,,c1d787d1b7,CREDENTIAL_ONLY,,,939a0ec586
ny_dol_mold,1514,Mold Remediation Contractor License (SH126):01492,01492,Mold Remediation Contractor License (SH126),Expired,NO,NEWYORK CITY HOUSING AUTHORITY,,c1d787d1b7,CREDENTIAL_ONLY,,,939a0ec586
ny_dol_mold,1515,Mold Assessment Contractor License (SH125):24-6A34D-SHMO,24-6A34D-SHMO,Mold Assessment Contractor License (SH125),Expired,NO,NJ Water Damage Restoration LLC,,c1d787d1b7,CREDENTIAL_ONLY,,,939a0ec586
ny_dol_mold,1516,Mold Remediation Contractor License (SH126):25-6HYJQ-SHMO,25-6HYJQ-SHMO,Mold Remediation Contractor License (SH126),Active,YES,NORTH JERSEY RESTORATION LLC,,c1d787d1b7,CREDENTIAL_ONLY,,,939a0ec586
ny_dol_mold,1517,Mold Assessment Contractor License (SH125):24-6Z6R9-SHMO,24-6Z6R9-SHMO,Mold Assessment Contractor License (SH125),Expired,NO,"J. J. Pyles Wallcovering, Inc.",,c1d787d1b7,CREDENTIAL_ONLY,,,939a0ec586
ny_dol_mold,1518,Mold Remediation Contractor License (SH126):26-6SE7D-SHMO,26-6SE7D-SHMO,Mold Remediation Contractor License (SH126),Active,YES,J.A.J.  PROACTIVE CONTRACTING LLC,,c1d787d1b7,CREDENTIAL_ONLY,,,939a0ec586
ny_dol_mold,1519,Mold Assessment Contractor License (SH125):01752,01752,Mold Assessment Contractor License (SH125),Expired,NO,"J.K. HEATH, INC.",,c1d787d1b7,CREDENTIAL_ONLY,,,939a0ec586
ny_dol_mold,1520,Mold Remediation Contractor License (SH126):26-69N59-SHMO,26-69N59-SHMO,Mold Remediation Contractor License (SH126),Active,YES,JAM Restoration Inc.,,c1d787d1b7,CREDENTIAL_ONLY,,,939a0ec586
ny_dol_mold,1521,Mold Assessment Contractor License (SH125):25-6T8IZ-SHMO,25-6T8IZ-SHMO,Mold Assessment Contractor License (SH125),Active,YES,JD Environmental inc,,c1d787d1b7,CREDENTIAL_ONLY,,,939a0ec586
ny_dol_mold,1522,Mold Remediation Contractor License (SH126):25-65O7A-SHMO,25-65O7A-SHMO,Mold Remediation Contractor License (SH126),Active,YES,JL White Management Inc,,c1d787d1b7,CREDENTIAL_ONLY,,,939a0ec586
ny_dol_mold,1523,Mold Remediation Contractor License (SH126):25-65SDJ-SHMO,25-65SDJ-SHMO,Mold Remediation Contractor License (SH126),Active,YES,JOANIX CONSTRUCTION CORP.,,c1d787d1b7,CREDENTIAL_ONLY,,,939a0ec586
ny_dol_mold,1524,Mold Remediation Contractor License (SH126):25-6H8XI-SHMO,25-6H8XI-SHMO,Mold Remediation Contractor License (SH126),Active,YES,JP HANDA CONSTRUCTION INC,,c1d787d1b7,CREDENTIAL_ONLY,,,939a0ec586
ny_dol_mold,1525,Mold Assessment Contractor License (SH125):23-6UEYA-SHMO,23-6UEYA-SHMO,Mold Assessment Contractor License (SH125),Expired,NO,"JPM Environmental Solutions, LLC",,c1d787d1b7,CREDENTIAL_ONLY,,,939a0ec586
ny_dol_mold,1526,Mold Remediation Contractor License (SH126):26-9YNJL-SHMO,26-9YNJL-SHMO,Mold Remediation Contractor License (SH126),Active,YES,JW2 Contracting LLC,,c1d787d1b7,CREDENTIAL_ONLY,,,939a0ec586
ny_dol_mold,1527,Mold Assessment Contractor License (SH125):01502,01502,Mold Assessment Contractor License (SH125),Expired,NO,Jared Judson,,c1d787d1b7,CREDENTIAL_ONLY,,,939a0ec586
ny_dol_mold,1528,Mold Assessment Contractor License (SH125):25-6SL3K-SHMO,25-6SL3K-SHMO,Mold Assessment Contractor License (SH125),Active,YES,Jayhomes LLC,,c1d787d1b7,CREDENTIAL_ONLY,,,939a0ec586
ny_dol_mold,1529,Mold Remediation Contractor License (SH126):26-63YCI-SHMO,26-63YCI-SHMO,Mold Remediation Contractor License (SH126),Active,YES,"Jerome Environmental Services, LLC",,c1d787d1b7,CREDENTIAL_ONLY,,,939a0ec586
ny_dol_mold,1530,Mold Remediation Contractor License (SH126):01774,01774,Mold Remediation Contractor License (SH126),Expired,NO,Jigsaw Property Maintenance & Restoration LLC,,c1d787d1b7,CREDENTIAL_ONLY,,,939a0ec586
ny_dol_mold,1531,Mold Remediation Contractor License (SH126):24-63LV1-SHMO,24-63LV1-SHMO,Mold Remediation Contractor License (SH126),Expired,NO,Joel L Kendrick,,c1d787d1b7,CREDENTIAL_ONLY,,,939a0ec586
ny_dol_mold,1532,Mold Remediation Contractor License (SH126):24-63U3S-SHMO,24-63U3S-SHMO,Mold Remediation Contractor License (SH126),Active,YES,John Betlem Heating & Cooling Inc.,,c1d787d1b7,CREDENTIAL_ONLY,,,939a0ec586
ny_dol_mold,1533,Mold Assessment Contractor License (SH125):24-6S6Z9-SHMO,24-6S6Z9-SHMO,Mold Assessment Contractor License (SH125),Expired,NO,Jonathan Adams,,c1d787d1b7,CREDENTIAL_ONLY,,,939a0ec586
ny_dol_mold,1534,Mold Assessment Contractor License (SH125):26-6AP16-SHMO,26-6AP16-SHMO,Mold Assessment Contractor License (SH125),Active,YES,Joseph P Reiss Jr,,c1d787d1b7,CREDENTIAL_ONLY,,,939a0ec586
ny_dol_mold,1535,Mold Remediation Contractor License (SH126):24-635KF-SHMO,24-635KF-SHMO,Mold Remediation Contractor License (SH126),Active,YES,Judy Painting Corp,,c1d787d1b7,CREDENTIAL_ONLY,,,939a0ec586
ny_dol_mold,1536,Mold Remediation Contractor License (SH126):23-6LXUY-SHMO,23-6LXUY-SHMO,Mold Remediation Contractor License (SH126),Expired,NO,K-1 Contracting LLC,,c1d787d1b7,CREDENTIAL_ONLY,,,939a0ec586
ny_dol_mold,1537,Mold Remediation Contractor License (SH126):25-67V4U-SHMO,25-67V4U-SHMO,Mold Remediation Contractor License (SH126),Active,YES,KALNIK CORP,,c1d787d1b7,CREDENTIAL_ONLY,,,939a0ec586
ny_dol_mold,1538,Mold Remediation Contractor License (SH126):25-644FC-SHMO,25-644FC-SHMO,Mold Remediation Contractor License (SH126),Active,YES,"KBH Environmental, LLC",,c1d787d1b7,CREDENTIAL_ONLY,,,939a0ec586
ny_dol_mold,1539,Mold Assessment Contractor License (SH125):26-69LR4-SHMO,26-69LR4-SHMO,Mold Assessment Contractor License (SH125),Active,YES,KELLEY RESTORATIONLLC,,c1d787d1b7,CREDENTIAL_ONLY,,,939a0ec586
ny_dol_mold,1540,Mold Assessment Contractor License (SH125):25-6TJZ7-SHMO,25-6TJZ7-SHMO,Mold Assessment Contractor License (SH125),Active,YES,KFG Restoration & Abatement LLC,,c1d787d1b7,CREDENTIAL_ONLY,,,939a0ec586
ny_dol_mold,1541,Mold Assessment Contractor License (SH125):01685,01685,Mold Assessment Contractor License (SH125),Expired,NO,KMN Environmental LLC,,c1d787d1b7,CREDENTIAL_ONLY,,,939a0ec586
ny_dol_mold,1542,Mold Assessment Contractor License (SH125):24-63XR7-SHMO,24-63XR7-SHMO,Mold Assessment Contractor License (SH125),Active,YES,KPIServices LLC,,c1d787d1b7,CREDENTIAL_ONLY,,,939a0ec586
ny_dol_mold,1543,Mold Assessment Contractor License (SH125):24-63A9O-SHMO,24-63A9O-SHMO,Mold Assessment Contractor License (SH125),Active,YES,KV Inspections LLC,,c1d787d1b7,CREDENTIAL_ONLY,,,939a0ec586
ny_dol_mold,1544,Mold Remediation Contractor License (SH126):25-64JTJ-SHMO,25-64JTJ-SHMO,Mold Remediation Contractor License (SH126),Active,YES,Katrisha Fields,,c1d787d1b7,CREDENTIAL_ONLY,,,939a0ec586
ny_dol_mold,1545,Mold Remediation Contractor License (SH126):01604,01604,Mold Remediation Contractor License (SH126),Expired,NO,Kemp Group Corp.,,c1d787d1b7,CREDENTIAL_ONLY,,,939a0ec586
ny_dol_mold,1546,Mold Assessment Contractor License (SH125):25-6tcu1-shmo,25-6tcu1-shmo,Mold Assessment Contractor License (SH125),Active,YES,Kenneth Friedman,,c1d787d1b7,CREDENTIAL_ONLY,,,939a0ec586
ny_dol_mold,1547,Mold Assessment Contractor License (SH125):26-6LI8I-SHMO,26-6LI8I-SHMO,Mold Assessment Contractor License (SH125),Active,YES,"Keystone Material Testing, L.L.C.",,c1d787d1b7,CREDENTIAL_ONLY,,,939a0ec586
ny_dol_mold,1548,Mold Assessment Contractor License (SH125):26-6AL45-SHMO,26-6AL45-SHMO,Mold Assessment Contractor License (SH125),Active,YES,King David Services Inc.,,c1d787d1b7,CREDENTIAL_ONLY,,,939a0ec586
ny_dol_mold,1549,Mold Remediation Contractor License (SH126):26-6A13U-SHMO,26-6A13U-SHMO,Mold Remediation Contractor License (SH126),Active,YES,Kleenup Restoration Inc,,c1d787d1b7,CREDENTIAL_ONLY,,,939a0ec586
ny_dol_mold,1550,Mold Remediation Contractor License (SH126):26-6LLAZ-SHMO,26-6LLAZ-SHMO,Mold Remediation Contractor License (SH126),Active,YES,Kraus Maintenance Inc,,c1d787d1b7,CREDENTIAL_ONLY,,,939a0ec586
ny_dol_mold,1551,Mold Remediation Contractor License (SH126):26-66G4Z-SHMO,26-66G4Z-SHMO,Mold Remediation Contractor License (SH126),Active,YES,L&H General Construction LLC,,c1d787d1b7,CREDENTIAL_ONLY,,,939a0ec586
ny_dol_mold,1552,Mold Assessment Contractor License (SH125):23-6U8B5-SHMO,23-6U8B5-SHMO,Mold Assessment Contractor License (SH125),Expired,NO,L&L Mold Inspectors LLC,,c1d787d1b7,CREDENTIAL_ONLY,,,939a0ec586
ny_dol_mold,1553,Mold Remediation Contractor License (SH126):01772,01772,Mold Remediation Contractor License (SH126),Expired,NO,LDN Consulting Company Inc,,c1d787d1b7,CREDENTIAL_ONLY,,,939a0ec586
ny_dol_mold,1554,Mold Remediation Contractor License (SH126):26-6SZSU-SHMO,26-6SZSU-SHMO,Mold Remediation Contractor License (SH126),Active,YES,LES DM INC,,c1d787d1b7,CREDENTIAL_ONLY,,,939a0ec586
ny_dol_mold,1555,Mold Assessment Contractor License (SH125):25-6TPZG-SHMO,25-6TPZG-SHMO,Mold Assessment Contractor License (SH125),Active,YES,LK Home Inspections LLC,,c1d787d1b7,CREDENTIAL_ONLY,,,939a0ec586
ny_dol_mold,1556,Mold Assessment Contractor License (SH125):24-6TKEE-SHMO,24-6TKEE-SHMO,Mold Assessment Contractor License (SH125),Active,YES,LONGS GCS CORP,,c1d787d1b7,CREDENTIAL_ONLY,,,939a0ec586
ny_dol_mold,1557,Mold Assessment Contractor License (SH125):01633,01633,Mold Assessment Contractor License (SH125),Expired,NO,Laconic Industries LLC,,c1d787d1b7,CREDENTIAL_ONLY,,,939a0ec586
ny_dol_mold,1558,Mold Remediation Contractor License (SH126):26-6Z9EU-SHMO,26-6Z9EU-SHMO,Mold Remediation Contractor License (SH126),Active,YES,Lam Risk Management Corp,,c1d787d1b7,CREDENTIAL_ONLY,,,939a0ec586
ny_dol_mold,1559,Mold Assessment Contractor License (SH125):26-6ZUHC-SHMO,26-6ZUHC-SHMO,Mold Assessment Contractor License (SH125),Active,YES,"Langan Engineering, Environmental, Surveying, Landscape Architecture and Geology, D.P.C.",,c1d787d1b7,CREDENTIAL_ONLY,,,939a0ec586
ny_dol_mold,1560,Mold Assessment Contractor License (SH125):01554,01554,Mold Assessment Contractor License (SH125),Expired,NO,Lawal P Ahmed Sr,,c1d787d1b7,CREDENTIAL_ONLY,,,939a0ec586
ny_dol_mold,1561,Mold Remediation Contractor License (SH126):26-6AIYL-SHMO,26-6AIYL-SHMO,Mold Remediation Contractor License (SH126),Active,YES,"Lead & Mold Checks , Ltd",,c1d787d1b7,CREDENTIAL_ONLY,,,939a0ec586
ny_dol_mold,1562,Mold Remediation Contractor License (SH126):24-63XFO-SHMO,24-63XFO-SHMO,Mold Remediation Contractor License (SH126),Active,YES,Lead By Example Environmental LLC,,c1d787d1b7,CREDENTIAL_ONLY,,,939a0ec586
ny_dol_mold,1563,Mold Remediation Contractor License (SH126):25-67VAS-SHMO,25-67VAS-SHMO,Mold Remediation Contractor License (SH126),Active,YES,Lead Renovation LLC,,c1d787d1b7,CREDENTIAL_ONLY,,,939a0ec586
ny_dol_mold,1564,Mold Assessment Contractor License (SH125):01608,01608,Mold Assessment Contractor License (SH125),Expired,NO,Lead-Tek Inspections LLC,,c1d787d1b7,CREDENTIAL_ONLY,,,939a0ec586
ny_dol_mold,1565,Mold Remediation Contractor License (SH126):23-6LDOT-SHMO,23-6LDOT-SHMO,Mold Remediation Contractor License (SH126),Expired,NO,Legend Cleaning Inc,,c1d787d1b7,CREDENTIAL_ONLY,,,939a0ec586
ny_dol_mold,1566,Mold Remediation Contractor License (SH126):25-6LAXI-SHMO,25-6LAXI-SHMO,Mold Remediation Contractor License (SH126),Active,YES,Life Air Care Inc,,c1d787d1b7,CREDENTIAL_ONLY,,,939a0ec586
ny_dol_mold,1567,Mold Remediation Contractor License (SH126):25-6IRXQ-SHMO,25-6IRXQ-SHMO,Mold Remediation Contractor License (SH126),Active,YES,Linear Environmental Corporation,,c1d787d1b7,CREDENTIAL_ONLY,,,939a0ec586
ny_dol_mold,1568,Mold Remediation Contractor License (SH126):23-6LHG7-SHMO,23-6LHG7-SHMO,Mold Remediation Contractor License (SH126),Expired,NO,Local Crafters Construction LLC,,c1d787d1b7,CREDENTIAL_ONLY,,,939a0ec586
ny_dol_mold,1569,Mold Assessment Contractor License (SH125):24-63SZ9-SHMO,24-63SZ9-SHMO,Mold Assessment Contractor License (SH125),Active,YES,Long Island University,,c1d787d1b7,CREDENTIAL_ONLY,,,939a0ec586
ny_dol_mold,1570,Mold Assessment Contractor License (SH125):25-6TX17-SHMO,25-6TX17-SHMO,Mold Assessment Contractor License (SH125),Active,YES,"Lozier Environmental Consulting, Inc.",,c1d787d1b7,CREDENTIAL_ONLY,,,939a0ec586
ny_dol_mold,1571,Mold Remediation Contractor License (SH126):23-619AZ-SHMO,23-619AZ-SHMO,Mold Remediation Contractor License (SH126),Expired,NO,Lux Development Group Inc,,c1d787d1b7,CREDENTIAL_ONLY,,,939a0ec586
ny_dol_mold,1572,Mold Remediation Contractor License (SH126):25-6HKQI-SHMO,25-6HKQI-SHMO,Mold Remediation Contractor License (SH126),Active,YES,"M & D Services Group, Inc.",,c1d787d1b7,CREDENTIAL_ONLY,,,939a0ec586
ny_dol_mold,1573,Mold Assessment Contractor License (SH125):25-6IKUL-SHMO,25-6IKUL-SHMO,Mold Assessment Contractor License (SH125),Active,YES,M E Holvey Consulting LLC,,c1d787d1b7,CREDENTIAL_ONLY,,,939a0ec586
ny_dol_mold,1574,Mold Assessment Contractor License (SH125):26-6ZXB1-SHMO,26-6ZXB1-SHMO,Mold Assessment Contractor License (SH125),Active,YES,"M&M Pest Control, Inc.",,c1d787d1b7,CREDENTIAL_ONLY,,,939a0ec586
ny_dol_mold,1575,Mold Remediation Contractor License (SH126):26-69I3T-SHMO,26-69I3T-SHMO,Mold Remediation Contractor License (SH126),Active,YES,M.H. Construction Inc.,,c1d787d1b7,CREDENTIAL_ONLY,,,939a0ec586
ny_dol_mold,1576,Mold Assessment Contractor License (SH125):24-6ZUK4-SHMO,24-6ZUK4-SHMO,Mold Assessment Contractor License (SH125),Expired,NO,MATS Enterprises LLC 539,,c1d787d1b7,CREDENTIAL_ONLY,,,939a0ec586
ny_dol_mold,1577,Mold Assessment Contractor License (SH125):25-6HF4S-SHMO,25-6HF4S-SHMO,Mold Assessment Contractor License (SH125),Active,YES,MC Consultants Inc,,c1d787d1b7,CREDENTIAL_ONLY,,,939a0ec586
ny_dol_mold,1578,Mold Remediation Contractor License (SH126):25-6UDE3-SHMO,25-6UDE3-SHMO,Mold Remediation Contractor License (SH126),Active,YES,MD Construction NY Inc,,c1d787d1b7,CREDENTIAL_ONLY,,,939a0ec586
ny_dol_mold,1579,Mold Remediation Contractor License (SH126):23-6TXFQ-SHMO,23-6TXFQ-SHMO,Mold Remediation Contractor License (SH126),Expired,NO,MG Decorations LTD,,c1d787d1b7,CREDENTIAL_ONLY,,,939a0ec586
ny_dol_mold,1580,Mold Remediation Contractor License (SH126):26-6S598-SHMO,26-6S598-SHMO,Mold Remediation Contractor License (SH126),Active,YES,MJ ALE Incorporated,,c1d787d1b7,CREDENTIAL_ONLY,,,939a0ec586
ny_dol_mold,1581,Mold Remediation Contractor License (SH126):23-6LJPS-SHMO,23-6LJPS-SHMO,Mold Remediation Contractor License (SH126),Expired,NO,MKD Property Maintenance LLC,,c1d787d1b7,CREDENTIAL_ONLY,,,939a0ec586
ny_dol_mold,1582,Mold Assessment Contractor License (SH125):26-6ZGJV-SHMO,26-6ZGJV-SHMO,Mold Assessment Contractor License (SH125),Active,YES,MOLD 360 CORP.,,c1d787d1b7,CREDENTIAL_ONLY,,,939a0ec586
ny_dol_mold,1583,Mold Remediation Contractor License (SH126):24-6Z4AR-SHMO,24-6Z4AR-SHMO,Mold Remediation Contractor License (SH126),Expired,NO,MP WALLS INC,,c1d787d1b7,CREDENTIAL_ONLY,,,939a0ec586
ny_dol_mold,1584,Mold Remediation Contractor License (SH126):24-6ASUA-SHMO,24-6ASUA-SHMO,Mold Remediation Contractor License (SH126),Expired,NO,MRNY Services LLC,,c1d787d1b7,CREDENTIAL_ONLY,,,939a0ec586
ny_dol_mold,1585,Mold Remediation Contractor License (SH126):25-6LQDH-SHMO,25-6LQDH-SHMO,Mold Remediation Contractor License (SH126),Active,YES,"MacFawn Enterprises, Inc.",,c1d787d1b7,CREDENTIAL_ONLY,,,939a0ec586
ny_dol_mold,1586,Mold Remediation Contractor License (SH126):25-6LEDU-SHMO,25-6LEDU-SHMO,Mold Remediation Contractor License (SH126),Active,YES,Magic Home Restoration LLC,,c1d787d1b7,CREDENTIAL_ONLY,,,939a0ec586
ny_dol_mold,1587,Mold Assessment Contractor License (SH125):25-65415-SHMO,25-65415-SHMO,Mold Assessment Contractor License (SH125),Active,YES,Malik Home Inspections LLC,,c1d787d1b7,CREDENTIAL_ONLY,,,939a0ec586
ny_dol_mold,1588,Mold Remediation Contractor License (SH126):23-6UJGT-SHMO,23-6UJGT-SHMO,Mold Remediation Contractor License (SH126),Expired,NO,Mara Contracting Group Inc.,,c1d787d1b7,CREDENTIAL_ONLY,,,939a0ec586
ny_dol_mold,1589,Mold Assessment Contractor License (SH125):01816,01816,Mold Assessment Contractor License (SH125),Expired,NO,Marcelo's Maintenance Inc,,c1d787d1b7,CREDENTIAL_ONLY,,,939a0ec586
ny_dol_mold,1590,Mold Assessment Contractor License (SH125):25-647VN-SHMO,25-647VN-SHMO,Mold Assessment Contractor License (SH125),Active,YES,Martell Environmental LLC,,c1d787d1b7,CREDENTIAL_ONLY,,,939a0ec586
ny_dol_mold,1591,Mold Assessment Contractor License (SH125):25-67EHX-SHMO,25-67EHX-SHMO,Mold Assessment Contractor License (SH125),Active,YES,Master Home Inspectors LLC,,c1d787d1b7,CREDENTIAL_ONLY,,,939a0ec586
ny_dol_mold,1592,Mold Assessment Contractor License (SH125):23-6LFSU-SHMO,23-6LFSU-SHMO,Mold Assessment Contractor License (SH125),Expired,NO,Matthew Watkins,,c1d787d1b7,CREDENTIAL_ONLY,,,939a0ec586
ny_dol_mold,1593,Mold Assessment Contractor License (SH125):25-6UWFS-SHMO,25-6UWFS-SHMO,Mold Assessment Contractor License (SH125),Active,YES,Maxwell Home Inspection Services LLC,,c1d787d1b7,CREDENTIAL_ONLY,,,939a0ec586
ny_dol_mold,1594,Mold Remediation Contractor License (SH126):25-6IF5N-SHMO,25-6IF5N-SHMO,Mold Remediation Contractor License (SH126),Active,YES,"McCabe Environmental Services, L.L.C.",,c1d787d1b7,CREDENTIAL_ONLY,,,939a0ec586
ny_dol_mold,1595,Mold Assessment Contractor License (SH125):26-69BDQ-SHMO,26-69BDQ-SHMO,Mold Assessment Contractor License (SH125),Active,YES,Mecca Home Improvement Inc.,,c1d787d1b7,CREDENTIAL_ONLY,,,939a0ec586
ny_dol_mold,1596,Mold Remediation Contractor License (SH126):26-661OD-SHMO,26-661OD-SHMO,Mold Remediation Contractor License (SH126),Active,YES,Mercy Construction Inc.,,c1d787d1b7,CREDENTIAL_ONLY,,,939a0ec586
ny_dol_mold,1597,Mold Assessment Contractor License (SH125):26-6Z43I-SHMO,26-6Z43I-SHMO,Mold Assessment Contractor License (SH125),Active,YES,Metro Mold Inspections LLC,,c1d787d1b7,CREDENTIAL_ONLY,,,939a0ec586
ny_dol_mold,1598,Mold Remediation Contractor License (SH126):23-6TQCZ-SHMO,23-6TQCZ-SHMO,Mold Remediation Contractor License (SH126),Expired,NO,Mfd Quality Construction Inc,,c1d787d1b7,CREDENTIAL_ONLY,,,939a0ec586
ny_dol_mold,1599,Mold Assessment Contractor License (SH125):01763,01763,Mold Assessment Contractor License (SH125),Expired,NO,Michele Malatesta,,c1d787d1b7,CREDENTIAL_ONLY,,,939a0ec586
ny_dol_mold,1600,Mold Remediation Contractor License (SH126):26-63JOK-SHMO,26-63JOK-SHMO,Mold Remediation Contractor License (SH126),Active,YES,Microtech Contracting Corp.,,c1d787d1b7,CREDENTIAL_ONLY,,,939a0ec586
ny_dol_mold,1601,Mold Assessment Contractor License (SH125):01839,01839,Mold Assessment Contractor License (SH125),Expired,NO,"Mike The Inspector, LLC",,c1d787d1b7,CREDENTIAL_ONLY,,,939a0ec586
ny_dol_mold,1602,Mold Assessment Contractor License (SH125):25-67GIE-SHMO,25-67GIE-SHMO,Mold Assessment Contractor License (SH125),Active,YES,Mindful Solutions NY LLC,,c1d787d1b7,CREDENTIAL_ONLY,,,939a0ec586
ny_dol_mold,1603,Mold Assessment Contractor License (SH125):00219,00219,Mold Assessment Contractor License (SH125),Expired,NO,Mohawk Valley Inspections LLC,,c1d787d1b7,CREDENTIAL_ONLY,,,939a0ec586
ny_dol_mold,1604,Mold Remediation Contractor License (SH126):26-69QH4-SHMO,26-69QH4-SHMO,Mold Remediation Contractor License (SH126),Active,YES,Mold Air Care llc,,c1d787d1b7,CREDENTIAL_ONLY,,,939a0ec586
ny_dol_mold,1605,Mold Assessment Contractor License (SH125):25-641AI-SHMO,25-641AI-SHMO,Mold Assessment Contractor License (SH125),Active,YES,Mold Detect Pro LLC,,c1d787d1b7,CREDENTIAL_ONLY,,,939a0ec586
ny_dol_mold,1606,Mold Remediation Contractor License (SH126):23-6UJAT-SHMO,23-6UJAT-SHMO,Mold Remediation Contractor License (SH126),Expired,NO,"Mold Men Environmental, LLC",,c1d787d1b7,CREDENTIAL_ONLY,,,939a0ec586
ny_dol_mold,1607,Mold Remediation Contractor License (SH126):00692,00692,Mold Remediation Contractor License (SH126),Expired,NO,Mold Pro Restoration Specialist LLC,,c1d787d1b7,CREDENTIAL_ONLY,,,939a0ec586
ny_dol_mold,1608,Mold Assessment Contractor License (SH125):26-6Z1FC-SHMO,26-6Z1FC-SHMO,Mold Assessment Contractor License (SH125),Active,YES,"Mold Testing, LLC",,c1d787d1b7,CREDENTIAL_ONLY,,,939a0ec586
ny_dol_mold,1609,Mold Assessment Contractor License (SH125):24-638J7-SHMO,24-638J7-SHMO,Mold Assessment Contractor License (SH125),Active,YES,Mold You So LLC,,c1d787d1b7,CREDENTIAL_ONLY,,,939a0ec586
ny_dol_mold,1610,Mold Assessment Contractor License (SH125):24-63S8F-SHMO,24-63S8F-SHMO,Mold Assessment Contractor License (SH125),Active,YES,MoldTestingLongIslandNY Inc.,,c1d787d1b7,CREDENTIAL_ONLY,,,939a0ec586
ny_dol_mold,1611,Mold Assessment Contractor License (SH125):24-6AZPQ-SHMO,24-6AZPQ-SHMO,Mold Assessment Contractor License (SH125),Expired,NO,"Montrose Environmental Solutions, Inc.",,c1d787d1b7,CREDENTIAL_ONLY,,,939a0ec586
ny_dol_mold,1612,Mold Assessment Contractor License (SH125):26-6IQZQ-SHMO,26-6IQZQ-SHMO,Mold Assessment Contractor License (SH125),Active,YES,Mosaic Mold Inspections LLC,,c1d787d1b7,CREDENTIAL_ONLY,,,939a0ec586
ny_dol_mold,1613,Mold Remediation Contractor License (SH126):23-6TJJH-SHMO,23-6TJJH-SHMO,Mold Remediation Contractor License (SH126),Expired,NO,Muzi Construction Corp,,c1d787d1b7,CREDENTIAL_ONLY,,,939a0ec586
ny_dol_mold,1614,Mold Assessment Contractor License (SH125):24-64BQL-SHMO,24-64BQL-SHMO,Mold Assessment Contractor License (SH125),Active,YES,ND Environmental LLC,,c1d787d1b7,CREDENTIAL_ONLY,,,939a0ec586
ny_dol_mold,1615,Mold Assessment Contractor License (SH125):26-6ZUGI-SHMO,26-6ZUGI-SHMO,Mold Assessment Contractor License (SH125),Active,YES,NEWYORK CITY HOUSING AUTHORITY,,c1d787d1b7,CREDENTIAL_ONLY,,,939a0ec586
ny_dol_mold,1616,Mold Remediation Contractor License (SH126):24-6A94P-SHMO,24-6A94P-SHMO,Mold Remediation Contractor License (SH126),Expired,NO,NJM Mechanical and Contracting Corp,,c1d787d1b7,CREDENTIAL_ONLY,,,939a0ec586
ny_dol_mold,1617,Mold Remediation Contractor License (SH126):25-643I3-SHMO,25-643I3-SHMO,Mold Remediation Contractor License (SH126),Active,YES,NORWEST REALTY MANAGEMENT CORP.,,c1d787d1b7,CREDENTIAL_ONLY,,,939a0ec586
ny_dol_mold,1618,Mold Assessment Contractor License (SH125):25-643ST-SHMO,25-643ST-SHMO,Mold Assessment Contractor License (SH125),Active,YES,NORWEST REALTY MANAGEMENT CORP.,,c1d787d1b7,CREDENTIAL_ONLY,,,939a0ec586
ny_dol_mold,1619,Mold Remediation Contractor License (SH126):26-63KYH-SHMO,26-63KYH-SHMO,Mold Remediation Contractor License (SH126),Active,YES,NRN Enviro Restoration Corp.,,c1d787d1b7,CREDENTIAL_ONLY,,,939a0ec586
ny_dol_mold,1620,Mold Remediation Contractor License (SH126):26-69Q9Q-SHMO,26-69Q9Q-SHMO,Mold Remediation Contractor License (SH126),Active,YES,"NSLI Restoration, Inc.",,c1d787d1b7,CREDENTIAL_ONLY,,,939a0ec586
ny_dol_mold,1621,Mold Assessment Contractor License (SH125):25-6HSU6-SHMO,25-6HSU6-SHMO,Mold Assessment Contractor License (SH125),Active,YES,"NY ENVIRONMENTAL SERVICES, INC",,c1d787d1b7,CREDENTIAL_ONLY,,,939a0ec586
ny_dol_mold,1622,Mold Remediation Contractor License (SH126):01696,01696,Mold Remediation Contractor License (SH126),Expired,NO,NY Metro Builders LLC.,,c1d787d1b7,CREDENTIAL_ONLY,,,939a0ec586
ny_dol_mold,1623,Mold Remediation Contractor License (SH126):25-6HXSN-SHMO,25-6HXSN-SHMO,Mold Remediation Contractor License (SH126),Active,YES,NY Mold and Clean Air Solutions Inc.,,c1d787d1b7,CREDENTIAL_ONLY,,,939a0ec586
ny_dol_mold,1624,Mold Remediation Contractor License (SH126):01922,01922,Mold Remediation Contractor License (SH126),Expired,NO,NYC Environmental LLC,,c1d787d1b7,CREDENTIAL_ONLY,,,939a0ec586
ny_dol_mold,1625,Mold Remediation Contractor License (SH126):26-69CIP-SHMO,26-69CIP-SHMO,Mold Remediation Contractor License (SH126),Active,YES,NYC environmental Experts LLC.,,c1d787d1b7,CREDENTIAL_ONLY,,,939a0ec586
ny_dol_mold,1626,Mold Assessment Contractor License (SH125):25-6TOFA-SHMO,25-6TOFA-SHMO,Mold Assessment Contractor License (SH125),Active,YES,NYS Services Corp,,c1d787d1b7,CREDENTIAL_ONLY,,,939a0ec586
ny_dol_mold,1627,Mold Remediation Contractor License (SH126):23-6UOYO-SHMO,23-6UOYO-SHMO,Mold Remediation Contractor License (SH126),Expired,NO,Nasir Gen Construction Corp.,,c1d787d1b7,CREDENTIAL_ONLY,,,939a0ec586
ny_dol_mold,1628,Mold Remediation Contractor License (SH126):26-6Z45Z-SHMO,26-6Z45Z-SHMO,Mold Remediation Contractor License (SH126),Active,YES,"National Restoration Guild, Inc.",,c1d787d1b7,CREDENTIAL_ONLY,,,939a0ec586
ny_dol_mold,1629,Mold Remediation Contractor License (SH126):26-6SVZO-SHMO,26-6SVZO-SHMO,Mold Remediation Contractor License (SH126),Active,YES,Natures Way Pest Control Inc.,,c1d787d1b7,CREDENTIAL_ONLY,,,939a0ec586
ny_dol_mold,1630,Mold Remediation Contractor License (SH126):01747,01747,Mold Remediation Contractor License (SH126),Expired,NO,"Nest Restoration Services, Inc.",,c1d787d1b7,CREDENTIAL_ONLY,,,939a0ec586
ny_dol_mold,1631,Mold Assessment Contractor License (SH125):24-6AFXH-SHMO,24-6AFXH-SHMO,Mold Assessment Contractor License (SH125),Expired,NO,"New England Environmental Services, Inc.",,c1d787d1b7,CREDENTIAL_ONLY,,,939a0ec586
ny_dol_mold,1632,Mold Remediation Contractor License (SH126):25-64Q4R-SHMO,25-64Q4R-SHMO,Mold Remediation Contractor License (SH126),Active,YES,New Mile Stone Construction Corp.,,c1d787d1b7,CREDENTIAL_ONLY,,,939a0ec586
ny_dol_mold,1633,Mold Remediation Contractor License (SH126):26-63NO5-SHMO,26-63NO5-SHMO,Mold Remediation Contractor License (SH126),Active,YES,New Safeway Contracting Corp,,c1d787d1b7,CREDENTIAL_ONLY,,,939a0ec586
ny_dol_mold,1634,Mold Assessment Contractor License (SH125):26-6ZAJY-SHMO,26-6ZAJY-SHMO,Mold Assessment Contractor License (SH125),Active,YES,New York House Inspectors Corporation,,c1d787d1b7,CREDENTIAL_ONLY,,,939a0ec586
ny_dol_mold,1635,Mold Assessment Contractor License (SH125):26-6anve-shmo,26-6anve-shmo,Mold Assessment Contractor License (SH125),Active,YES,New York Mold Specialist Inc,,c1d787d1b7,CREDENTIAL_ONLY,,,939a0ec586
ny_dol_mold,1636,Mold Assessment Contractor License (SH125):25-6TJ7R-SHMO,25-6TJ7R-SHMO,Mold Assessment Contractor License (SH125),Active,YES,"New York State Lead, Inc.",,c1d787d1b7,CREDENTIAL_ONLY,,,939a0ec586
ny_dol_mold,1637,Mold Assessment Contractor License (SH125):26-69DR6-SHMO,26-69DR6-SHMO,Mold Assessment Contractor License (SH125),Active,YES,"Newkirk Enterprises, INC.",,c1d787d1b7,CREDENTIAL_ONLY,,,939a0ec586
ny_dol_mold,1638,Mold Remediation Contractor License (SH126):01480,01480,Mold Remediation Contractor License (SH126),Expired,NO,Nice Guy Landscaping & Property Pref. LLC,,c1d787d1b7,CREDENTIAL_ONLY,,,939a0ec586
ny_dol_mold,1639,Mold Remediation Contractor License (SH126):26-6AR3R-SHMO,26-6AR3R-SHMO,Mold Remediation Contractor License (SH126),Active,YES,No Flood 4 Me Inc.,,c1d787d1b7,CREDENTIAL_ONLY,,,939a0ec586
ny_dol_mold,1640,Mold Remediation Contractor License (SH126):24-6Z74N-SHMO,24-6Z74N-SHMO,Mold Remediation Contractor License (SH126),Expired,NO,North Eastern Cleaning LLC,,c1d787d1b7,CREDENTIAL_ONLY,,,939a0ec586
ny_dol_mold,1641,Mold Remediation Contractor License (SH126):26-6Z3B1-SHMO,26-6Z3B1-SHMO,Mold Remediation Contractor License (SH126),Active,YES,"NorthStar Demolition and Remediation, Inc.",,c1d787d1b7,CREDENTIAL_ONLY,,,939a0ec586
ny_dol_mold,1642,Mold Remediation Contractor License (SH126):24-63ON9-SHMO,24-63ON9-SHMO,Mold Remediation Contractor License (SH126),Active,YES,Northeast Restoration Solutions LLC,,c1d787d1b7,CREDENTIAL_ONLY,,,939a0ec586
ny_dol_mold,1643,Mold Assessment Contractor License (SH125):25-6HDYG-SHMO,25-6HDYG-SHMO,Mold Assessment Contractor License (SH125),Active,YES,Nova Environmental Group LLC,,c1d787d1b7,CREDENTIAL_ONLY,,,939a0ec586
ny_dol_mold,1644,Mold Remediation Contractor License (SH126):25-6I5NR-SHMO,25-6I5NR-SHMO,Mold Remediation Contractor License (SH126),Active,YES,Nuclear Environmental LLC,,c1d787d1b7,CREDENTIAL_ONLY,,,939a0ec586
ny_dol_mold,1645,Mold Remediation Contractor License (SH126):25-6LYDU-SHMO,25-6LYDU-SHMO,Mold Remediation Contractor License (SH126),Active,YES,OB DL LLC,,c1d787d1b7,CREDENTIAL_ONLY,,,939a0ec586
ny_dol_mold,1646,Mold Assessment Contractor License (SH125):25-65O99-SHMO,25-65O99-SHMO,Mold Assessment Contractor License (SH125),Active,YES,ONYXENVIRO LLC,,c1d787d1b7,CREDENTIAL_ONLY,,,939a0ec586
ny_dol_mold,1647,Mold Remediation Contractor License (SH126):26-6L7TJ-SHMO,26-6L7TJ-SHMO,Mold Remediation Contractor License (SH126),Active,YES,Olympos Corp.,,c1d787d1b7,CREDENTIAL_ONLY,,,939a0ec586
ny_dol_mold,1648,Mold Assessment Contractor License (SH125):26-6IA3A-SHMO,26-6IA3A-SHMO,Mold Assessment Contractor License (SH125),Active,YES,On Call Home Solutions LLC,,c1d787d1b7,CREDENTIAL_ONLY,,,939a0ec586
ny_dol_mold,1649,Mold Remediation Contractor License (SH126):26-6ZOBU-SHMO,26-6ZOBU-SHMO,Mold Remediation Contractor License (SH126),Active,YES,On The Spot Cleaners Inc.,,c1d787d1b7,CREDENTIAL_ONLY,,,939a0ec586
ny_dol_mold,1650,Mold Assessment Contractor License (SH125):25-6TK1I-SHMO,25-6TK1I-SHMO,Mold Assessment Contractor License (SH125),Active,YES,Oneida-Herkimer-Madison BOCES,,c1d787d1b7,CREDENTIAL_ONLY,,,939a0ec586
ny_dol_mold,1651,Mold Remediation Contractor License (SH126):25-65KX4-SHMO,25-65KX4-SHMO,Mold Remediation Contractor License (SH126),Active,YES,Operation Restoration NY LLC,,c1d787d1b7,CREDENTIAL_ONLY,,,939a0ec586
ny_dol_mold,1652,Mold Assessment Contractor License (SH125):25-6IRO7-SHMO,25-6IRO7-SHMO,Mold Assessment Contractor License (SH125),Active,YES,Orange-Ulster BOCES,,c1d787d1b7,CREDENTIAL_ONLY,,,939a0ec586
ny_dol_mold,1653,Mold Remediation Contractor License (SH126):26-6Z19V-SHMO,26-6Z19V-SHMO,Mold Remediation Contractor License (SH126),Active,YES,P.A.L.  Environmental Safety Corp.,,c1d787d1b7,CREDENTIAL_ONLY,,,939a0ec586
ny_dol_mold,1654,Mold Assessment Contractor License (SH125):26-69V9C-SHMO,26-69V9C-SHMO,Mold Assessment Contractor License (SH125),Active,YES,"P.W. Grosser Consulting Engineer & Hydrogeologist, D.P.C",,c1d787d1b7,CREDENTIAL_ONLY,,,939a0ec586
ny_dol_mold,1655,Mold Remediation Contractor License (SH126):25-6LD3J-SHMO,25-6LD3J-SHMO,Mold Remediation Contractor License (SH126),Active,YES,PENTATEUCH CONTRACTING INC,,c1d787d1b7,CREDENTIAL_ONLY,,,939a0ec586
ny_dol_mold,1656,Mold Remediation Contractor License (SH126):26-6S9HE-SHMO,26-6S9HE-SHMO,Mold Remediation Contractor License (SH126),Active,YES,PK Contractor Corp,,c1d787d1b7,CREDENTIAL_ONLY,,,939a0ec586
ny_dol_mold,1657,Mold Assessment Contractor License (SH125):24-6SQXA-SHMO,24-6SQXA-SHMO,Mold Assessment Contractor License (SH125),Expired,NO,"PPRE Economic Development Corp, Inc",,c1d787d1b7,CREDENTIAL_ONLY,,,939a0ec586
ny_dol_mold,1658,Mold Remediation Contractor License (SH126):26-6ZIYI-SHMO,26-6ZIYI-SHMO,Mold Remediation Contractor License (SH126),Active,YES,"PRO Restoration, Inc.",,c1d787d1b7,CREDENTIAL_ONLY,,,939a0ec586
ny_dol_mold,1659,Mold Remediation Contractor License (SH126):25-618GD-SHMO,25-618GD-SHMO,Mold Remediation Contractor License (SH126),Active,YES,Painting Guy Inc,,c1d787d1b7,CREDENTIAL_ONLY,,,939a0ec586
ny_dol_mold,1660,Mold Assessment Contractor License (SH125):25-65YUN-SHMO,25-65YUN-SHMO,Mold Assessment Contractor License (SH125),Active,YES,"Parsons Brinckerhoff, Inc.",,c1d787d1b7,CREDENTIAL_ONLY,,,939a0ec586
ny_dol_mold,1661,Mold Remediation Contractor License (SH126):00616,00616,Mold Remediation Contractor License (SH126),Expired,NO,Patnode Enterprises Inc.,,c1d787d1b7,CREDENTIAL_ONLY,,,939a0ec586
ny_dol_mold,1662,Mold Assessment Contractor License (SH125):01717,01717,Mold Assessment Contractor License (SH125),Expired,NO,Paul Lucien,,c1d787d1b7,CREDENTIAL_ONLY,,,939a0ec586
ny_dol_mold,1663,Mold Remediation Contractor License (SH126):26-6SSTY-SHMO,26-6SSTY-SHMO,Mold Remediation Contractor License (SH126),Active,YES,Pay it Forward Partners Inc.,,c1d787d1b7,CREDENTIAL_ONLY,,,939a0ec586
ny_dol_mold,1664,Mold Remediation Contractor License (SH126):24-6315I-SHMO,24-6315I-SHMO,Mold Remediation Contractor License (SH126),Active,YES,"Pedcore, Inc.",,c1d787d1b7,CREDENTIAL_ONLY,,,939a0ec586
ny_dol_mold,1665,Mold Remediation Contractor License (SH126):26-6SLAU-SHMO,26-6SLAU-SHMO,Mold Remediation Contractor License (SH126),Active,YES,Perfect Restoration and Cleaning Corp,,c1d787d1b7,CREDENTIAL_ONLY,,,939a0ec586
ny_dol_mold,1666,Mold Remediation Contractor License (SH126):01723,01723,Mold Remediation Contractor License (SH126),Expired,NO,Peter Telford,,c1d787d1b7,CREDENTIAL_ONLY,,,939a0ec586
ny_dol_mold,1667,Mold Remediation Contractor License (SH126):26-6Z8YX-SHMO,26-6Z8YX-SHMO,Mold Remediation Contractor License (SH126),Active,YES,Phillip M. Carabin,,c1d787d1b7,CREDENTIAL_ONLY,,,939a0ec586
ny_dol_mold,1668,Mold Assessment Contractor License (SH125):26-66OFL-SHMO,26-66OFL-SHMO,Mold Assessment Contractor License (SH125),Active,YES,"Pinchin NY, Inc.",,c1d787d1b7,CREDENTIAL_ONLY,,,939a0ec586
ny_dol_mold,1669,Mold Assessment Contractor License (SH125):01798,01798,Mold Assessment Contractor License (SH125),Expired,NO,Pleasant Ridge LLC,,c1d787d1b7,CREDENTIAL_ONLY,,,939a0ec586
ny_dol_mold,1670,Mold Remediation Contractor License (SH126):01708,01708,Mold Remediation Contractor License (SH126),Expired,NO,Pluto Environmental LLC,,c1d787d1b7,CREDENTIAL_ONLY,,,939a0ec586
ny_dol_mold,1671,Mold Remediation Contractor License (SH126):25-6TQGA-SHMO,25-6TQGA-SHMO,Mold Remediation Contractor License (SH126),Active,YES,Polo Construction Corp,,c1d787d1b7,CREDENTIAL_ONLY,,,939a0ec586
ny_dol_mold,1672,Mold Remediation Contractor License (SH126):25-6TPZY-SHMO,25-6TPZY-SHMO,Mold Remediation Contractor License (SH126),Active,YES,Popular Services Inc,,c1d787d1b7,CREDENTIAL_ONLY,,,939a0ec586
ny_dol_mold,1673,Mold Remediation Contractor License (SH126):25-6HKK3-SHMO,25-6HKK3-SHMO,Mold Remediation Contractor License (SH126),Active,YES,Prana Home Services Corporation,,c1d787d1b7,CREDENTIAL_ONLY,,,939a0ec586
ny_dol_mold,1674,Mold Assessment Contractor License (SH125):25-6TQEJ-SHMO,25-6TQEJ-SHMO,Mold Assessment Contractor License (SH125),Active,YES,Precision Home Inspection of the Twin Tiers LLC,,c1d787d1b7,CREDENTIAL_ONLY,,,939a0ec586
ny_dol_mold,1675,Mold Remediation Contractor License (SH126):26-66OND-SHMO,26-66OND-SHMO,Mold Remediation Contractor License (SH126),Active,YES,Premier Service Specialists LLC,,c1d787d1b7,CREDENTIAL_ONLY,,,939a0ec586
ny_dol_mold,1676,Mold Remediation Contractor License (SH126):26-6ACIX-SHMO,26-6ACIX-SHMO,Mold Remediation Contractor License (SH126),Active,YES,Premium Maintenance Service Corp.,,c1d787d1b7,CREDENTIAL_ONLY,,,939a0ec586
ny_dol_mold,1677,Mold Remediation Contractor License (SH126):26-6AXK6-SHMO,26-6AXK6-SHMO,Mold Remediation Contractor License (SH126),Active,YES,"Prime Aire Mold Services, Inc.",,c1d787d1b7,CREDENTIAL_ONLY,,,939a0ec586
ny_dol_mold,1678,Mold Remediation Contractor License (SH126):01908,01908,Mold Remediation Contractor License (SH126),Expired,NO,Prime Restoration Pros Inc.,,c1d787d1b7,CREDENTIAL_ONLY,,,939a0ec586
ny_dol_mold,1679,Mold Assessment Contractor License (SH125):23-6L981-SHMO,23-6L981-SHMO,Mold Assessment Contractor License (SH125),Expired,NO,Pro Check Inspections LLC,,c1d787d1b7,CREDENTIAL_ONLY,,,939a0ec586
ny_dol_mold,1680,Mold Assessment Contractor License (SH125):24-6ZUOA-SHMO,24-6ZUOA-SHMO,Mold Assessment Contractor License (SH125),Expired,NO,ProActive Environmental Corp.,,c1d787d1b7,CREDENTIAL_ONLY,,,939a0ec586
ny_dol_mold,1681,Mold Assessment Contractor License (SH125):26-6AHCG-SHMO,26-6AHCG-SHMO,Mold Assessment Contractor License (SH125),Active,YES,ProServe Envioronmental Inc.,,c1d787d1b7,CREDENTIAL_ONLY,,,939a0ec586
ny_dol_mold,1682,Mold Assessment Contractor License (SH125):25-64JTU-SHMO,25-64JTU-SHMO,Mold Assessment Contractor License (SH125),Active,YES,Procyon Inc.,,c1d787d1b7,CREDENTIAL_ONLY,,,939a0ec586
ny_dol_mold,1683,Mold Assessment Contractor License (SH125):26-6z59J-SHMO,26-6z59J-SHMO,Mold Assessment Contractor License (SH125),Active,YES,Professional Mold Inspections LLC,,c1d787d1b7,CREDENTIAL_ONLY,,,939a0ec586
ny_dol_mold,1684,Mold Assessment Contractor License (SH125):26-6ZXPS-SHMO,26-6ZXPS-SHMO,Mold Assessment Contractor License (SH125),Active,YES,"Professional Service Industries, Inc",,c1d787d1b7,CREDENTIAL_ONLY,,,939a0ec586
ny_dol_mold,1685,Mold Remediation Contractor License (SH126):26-6ZPV8-SHMO,26-6ZPV8-SHMO,Mold Remediation Contractor License (SH126),Active,YES,Property Care & Enhancements INC,,c1d787d1b7,CREDENTIAL_ONLY,,,939a0ec586
ny_dol_mold,1686,Mold Assessment Contractor License (SH125):26-6ACQE-SHMO,26-6ACQE-SHMO,Mold Assessment Contractor License (SH125),Active,YES,Property Insights LLC,,c1d787d1b7,CREDENTIAL_ONLY,,,939a0ec586
ny_dol_mold,1687,Mold Remediation Contractor License (SH126):24-6A7PB-SHMO,24-6A7PB-SHMO,Mold Remediation Contractor License (SH126),Expired,NO,"Property Services of WNY, Inc.",,c1d787d1b7,CREDENTIAL_ONLY,,,939a0ec586
ny_dol_mold,1688,Mold Remediation Contractor License (SH126):26-661PT-SHMO,26-661PT-SHMO,Mold Remediation Contractor License (SH126),Active,YES,Provision General Contracting Inc.,,c1d787d1b7,CREDENTIAL_ONLY,,,939a0ec586
ny_dol_mold,1689,Mold Remediation Contractor License (SH126):25-6LDQ4-SHMO,25-6LDQ4-SHMO,Mold Remediation Contractor License (SH126),Active,YES,Pure Environmental Inc,,c1d787d1b7,CREDENTIAL_ONLY,,,939a0ec586
ny_dol_mold,1690,Mold Assessment Contractor License (SH125):24-63STG-SHMO,24-63STG-SHMO,Mold Assessment Contractor License (SH125),Active,YES,Pyramid Safety & Health Solutions Inc.,,c1d787d1b7,CREDENTIAL_ONLY,,,939a0ec586
ny_dol_mold,1691,Mold Remediation Contractor License (SH126):00176,00176,Mold Remediation Contractor License (SH126),Expired,NO,Quality Air Care Cleaning Services LLC,,c1d787d1b7,CREDENTIAL_ONLY,,,939a0ec586
ny_dol_mold,1692,Mold Assessment Contractor License (SH125):24-648BS-SHMO,24-648BS-SHMO,Mold Assessment Contractor License (SH125),Active,YES,"Quality Environmental Solutions & Technologies, Inc.",,c1d787d1b7,CREDENTIAL_ONLY,,,939a0ec586
ny_dol_mold,1693,Mold Assessment Contractor License (SH125):23-6UFHA-SHMO,23-6UFHA-SHMO,Mold Assessment Contractor License (SH125),Expired,NO,Qualtek Testing Group LLC,,c1d787d1b7,CREDENTIAL_ONLY,,,939a0ec586
ny_dol_mold,1694,Mold Remediation Contractor License (SH126):24-6ZUVU-SHMO,24-6ZUVU-SHMO,Mold Remediation Contractor License (SH126),Expired,NO,Quick Construction Inc.,,c1d787d1b7,CREDENTIAL_ONLY,,,939a0ec586
ny_dol_mold,1695,Mold Assessment Contractor License (SH125):24-6ANLZ-SHMO,24-6ANLZ-SHMO,Mold Assessment Contractor License (SH125),Expired,NO,"R&D Environment And Restoration, Inc.",,c1d787d1b7,CREDENTIAL_ONLY,,,939a0ec586
ny_dol_mold,1696,Mold Remediation Contractor License (SH126):00902,00902,Mold Remediation Contractor License (SH126),Expired,NO,"R. Rimualdo Enterprises, Inc.",,c1d787d1b7,CREDENTIAL_ONLY,,,939a0ec586
ny_dol_mold,1697,Mold Assessment Contractor License (SH125):25-61X5D-SHMO,25-61X5D-SHMO,Mold Assessment Contractor License (SH125),Active,YES,"RAVI ENGINEERING AND LAND SURVEYING, P.C.",,c1d787d1b7,CREDENTIAL_ONLY,,,939a0ec586
ny_dol_mold,1698,Mold Remediation Contractor License (SH126):24-64YSG-SHMO,24-64YSG-SHMO,Mold Remediation Contractor License (SH126),Active,YES,"RELIABLE CLEANING & RESTORATION SYSTEMS,INC.",,c1d787d1b7,CREDENTIAL_ONLY,,,939a0ec586
ny_dol_mold,1699,Mold Remediation Contractor License (SH126):24-6SKN1-SHMO,24-6SKN1-SHMO,Mold Remediation Contractor License (SH126),Expired,NO,RF Construction Services LLC,,c1d787d1b7,CREDENTIAL_ONLY,,,939a0ec586
ny_dol_mold,1700,Mold Assessment Contractor License (SH125):25-6HL39-SHMO,25-6HL39-SHMO,Mold Assessment Contractor License (SH125),Active,YES,ROBIN HOME INSPECTION INC,,c1d787d1b7,CREDENTIAL_ONLY,,,939a0ec586
ny_dol_mold,1701,Mold Remediation Contractor License (SH126):25-67K6Q-SHMO,25-67K6Q-SHMO,Mold Remediation Contractor License (SH126),Active,YES,ROMAX GROUP INC,,c1d787d1b7,CREDENTIAL_ONLY,,,939a0ec586
ny_dol_mold,1702,Mold Remediation Contractor License (SH126):25-6UJHF-SHMO,25-6UJHF-SHMO,Mold Remediation Contractor License (SH126),Active,YES,RR Plumbing Services Corporation,,c1d787d1b7,CREDENTIAL_ONLY,,,939a0ec586
ny_dol_mold,1703,Mold Remediation Contractor License (SH126):24-64YJA-SHMO,24-64YJA-SHMO,Mold Remediation Contractor License (SH126),Active,YES,RSK Environmental LLC,,c1d787d1b7,CREDENTIAL_ONLY,,,939a0ec586
ny_dol_mold,1704,Mold Assessment Contractor License (SH125):01567,01567,Mold Assessment Contractor License (SH125),Expired,NO,RTK Environmental Group LLC,,c1d787d1b7,CREDENTIAL_ONLY,,,939a0ec586
ny_dol_mold,1705,Mold Assessment Contractor License (SH125):25-65KRY-SHMO,25-65KRY-SHMO,Mold Assessment Contractor License (SH125),Active,YES,Rafalex Contracting Corp.,,c1d787d1b7,CREDENTIAL_ONLY,,,939a0ec586
ny_dol_mold,1706,Mold Remediation Contractor License (SH126):26-6A9OI-SHMO,26-6A9OI-SHMO,Mold Remediation Contractor License (SH126),Active,YES,Ranieri Massa Enterprises LLC,,c1d787d1b7,CREDENTIAL_ONLY,,,939a0ec586
ny_dol_mold,1707,Mold Remediation Contractor License (SH126):25-6H57P-SHMO,25-6H57P-SHMO,Mold Remediation Contractor License (SH126),Active,YES,Rapid Restore Water & Mold Remediation Inc,,c1d787d1b7,CREDENTIAL_ONLY,,,939a0ec586
ny_dol_mold,1708,Mold Assessment Contractor License (SH125):25-657ZR-SHMO,25-657ZR-SHMO,Mold Assessment Contractor License (SH125),Active,YES,Raymond A Matejunas III,,c1d787d1b7,CREDENTIAL_ONLY,,,939a0ec586
ny_dol_mold,1709,Mold Assessment Contractor License (SH125):26-6SDRS-SHMO,26-6SDRS-SHMO,Mold Assessment Contractor License (SH125),Active,YES,Raza Environmental Inc.,,c1d787d1b7,CREDENTIAL_ONLY,,,939a0ec586
ny_dol_mold,1710,Mold Assessment Contractor License (SH125):24-63T4K-SHMO,24-63T4K-SHMO,Mold Assessment Contractor License (SH125),Active,YES,Reality Home Inspections LLC,,c1d787d1b7,CREDENTIAL_ONLY,,,939a0ec586
ny_dol_mold,1711,Mold Remediation Contractor License (SH126):24-6ZE9D-SHMO,24-6ZE9D-SHMO,Mold Remediation Contractor License (SH126),Expired,NO,"Recovery Pros, Inc.",,c1d787d1b7,CREDENTIAL_ONLY,,,939a0ec586
ny_dol_mold,1712,Mold Remediation Contractor License (SH126):26-6I78X-SHMO,26-6I78X-SHMO,Mold Remediation Contractor License (SH126),Active,YES,Refined Restoration LLC,,c1d787d1b7,CREDENTIAL_ONLY,,,939a0ec586
ny_dol_mold,1713,Mold Remediation Contractor License (SH126):26-675OZ-SHMO,26-675OZ-SHMO,Mold Remediation Contractor License (SH126),Active,YES,Remedify Corporation,,c1d787d1b7,CREDENTIAL_ONLY,,,939a0ec586
ny_dol_mold,1714,Mold Assessment Contractor License (SH125):23-6T86C-SHMO,23-6T86C-SHMO,Mold Assessment Contractor License (SH125),Expired,NO,"Renaissance Inspection Services, LLC",,c1d787d1b7,CREDENTIAL_ONLY,,,939a0ec586
ny_dol_mold,1715,Mold Remediation Contractor License (SH126):00371,00371,Mold Remediation Contractor License (SH126),Expired,NO,"Renu Contracting & Restoration, Inc.",,c1d787d1b7,CREDENTIAL_ONLY,,,939a0ec586
ny_dol_mold,1716,Mold Assessment Contractor License (SH125):25-6UMUA-SHMO,25-6UMUA-SHMO,Mold Assessment Contractor License (SH125),Active,YES,Residensafe Inspection Services LLC,,c1d787d1b7,CREDENTIAL_ONLY,,,939a0ec586
ny_dol_mold,1717,Mold Remediation Contractor License (SH126):25-6tqkm-shmo,25-6tqkm-shmo,Mold Remediation Contractor License (SH126),Active,YES,"Restoration Plus of CNY, LLC",,c1d787d1b7,CREDENTIAL_ONLY,,,939a0ec586
ny_dol_mold,1718,Mold Remediation Contractor License (SH126):26-6SVR3-SHMO,26-6SVR3-SHMO,Mold Remediation Contractor License (SH126),Active,YES,Restoration Services of Southwest Brooklyn LLC,,c1d787d1b7,CREDENTIAL_ONLY,,,939a0ec586
ny_dol_mold,1719,Mold Assessment Contractor License (SH125):24-63VEV-SHMO,24-63VEV-SHMO,Mold Assessment Contractor License (SH125),Active,YES,"NRC East Environmental Services, Inc.",,c1d787d1b7,CREDENTIAL_ONLY,,,939a0ec586
ny_dol_mold,1720,Mold Remediation Contractor License (SH126):26-6A139-SHMO,26-6A139-SHMO,Mold Remediation Contractor License (SH126),Active,YES,"NSC Abatement Services, Inc.",,c1d787d1b7,CREDENTIAL_ONLY,,,939a0ec586
ny_dol_mold,1721,Mold Remediation Contractor License (SH126):25-6TKWC-SHMO,25-6TKWC-SHMO,Mold Remediation Contractor License (SH126),Active,YES,NTM Enterprises LLC,,c1d787d1b7,CREDENTIAL_ONLY,,,939a0ec586
ny_dol_mold,1722,Mold Remediation Contractor License (SH126):26-6ZUVK-SHMO,26-6ZUVK-SHMO,Mold Remediation Contractor License (SH126),Active,YES,NY Fire Water Mold Corp.,,c1d787d1b7,CREDENTIAL_ONLY,,,939a0ec586
ny_dol_mold,1723,Mold Assessment Contractor License (SH125):00975,00975,Mold Assessment Contractor License (SH125),Expired,NO,NY Mold Assessments Inc,,c1d787d1b7,CREDENTIAL_ONLY,,,939a0ec586
ny_dol_mold,1724,Mold Assessment Contractor License (SH125):25-6L4CE-SHMO,25-6L4CE-SHMO,Mold Assessment Contractor License (SH125),Active,YES,NY Standard Home Inspection Consultants LLC,,c1d787d1b7,CREDENTIAL_ONLY,,,939a0ec586
ny_dol_mold,1725,Mold Assessment Contractor License (SH125):26-6Z6BY-SHMO,26-6Z6BY-SHMO,Mold Assessment Contractor License (SH125),Active,YES,NYC Housing Preservation and Development,,c1d787d1b7,CREDENTIAL_ONLY,,,939a0ec586
ny_dol_mold,1726,Mold Assessment Contractor License (SH125):26-6SGHF-SHMO,26-6SGHF-SHMO,Mold Assessment Contractor License (SH125),Active,YES,NYCMOLD LLC,,c1d787d1b7,CREDENTIAL_ONLY,,,939a0ec586
ny_dol_mold,1727,Mold Assessment Contractor License (SH125):25-6TK83-SHMO,25-6TK83-SHMO,Mold Assessment Contractor License (SH125),Active,YES,Najo Consulting LLC,,c1d787d1b7,CREDENTIAL_ONLY,,,939a0ec586
ny_dol_mold,1728,Mold Remediation Contractor License (SH126):25-65QUR-SHMO,25-65QUR-SHMO,Mold Remediation Contractor License (SH126),Active,YES,"National Environmental Safety Company, Inc.",,c1d787d1b7,CREDENTIAL_ONLY,,,939a0ec586
ny_dol_mold,1729,Mold Remediation Contractor License (SH126):25-6UNQU-SHMO,25-6UNQU-SHMO,Mold Remediation Contractor License (SH126),Active,YES,Nationwide Cleaning & Restoration Services  Inc,,c1d787d1b7,CREDENTIAL_ONLY,,,939a0ec586
ny_dol_mold,1730,Mold Remediation Contractor License (SH126):23-6LCHD-SHMO,23-6LCHD-SHMO,Mold Remediation Contractor License (SH126),Expired,NO,Navillus Service Corp.,,c1d787d1b7,CREDENTIAL_ONLY,,,939a0ec586
ny_dol_mold,1731,Mold Assessment Contractor License (SH125):01748,01748,Mold Assessment Contractor License (SH125),Expired,NO,"Nestor Home Inspections, LLC",,c1d787d1b7,CREDENTIAL_ONLY,,,939a0ec586
ny_dol_mold,1732,Mold Remediation Contractor License (SH126):24-6ZH53-SHMO,24-6ZH53-SHMO,Mold Remediation Contractor License (SH126),Expired,NO,"New England Environmental Services, Inc.",,c1d787d1b7,CREDENTIAL_ONLY,,,939a0ec586
ny_dol_mold,1733,Mold Assessment Contractor License (SH125):25-64Q3L-SHMO,25-64Q3L-SHMO,Mold Assessment Contractor License (SH125),Active,YES,New Mile Stone Construction Corp.,,c1d787d1b7,CREDENTIAL_ONLY,,,939a0ec586
ny_dol_mold,1734,Mold Assessment Contractor License (SH125):26-6LHKD-SHMO,26-6LHKD-SHMO,Mold Assessment Contractor License (SH125),Active,YES,New York City Department of Environmental Protection,,c1d787d1b7,CREDENTIAL_ONLY,,,939a0ec586
ny_dol_mold,1735,Mold Remediation Contractor License (SH126):26-6ZE64-SHMO,26-6ZE64-SHMO,Mold Remediation Contractor License (SH126),Active,YES,"New York Insulation, Inc.",,c1d787d1b7,CREDENTIAL_ONLY,,,939a0ec586
ny_dol_mold,1736,Mold Remediation Contractor License (SH126):26-6anvg-shmo,26-6anvg-shmo,Mold Remediation Contractor License (SH126),Active,YES,New York Mold Specialist Inc,,c1d787d1b7,CREDENTIAL_ONLY,,,939a0ec586
ny_dol_mold,1737,Mold Assessment Contractor License (SH125):25-6LSG4-SHMO,25-6LSG4-SHMO,Mold Assessment Contractor License (SH125),Active,YES,New York University,,c1d787d1b7,CREDENTIAL_ONLY,,,939a0ec586
ny_dol_mold,1738,Mold Assessment Contractor License (SH125):00851,00851,Mold Assessment Contractor License (SH125),Expired,NO,"Newkirk Enterprises, INC.",,c1d787d1b7,CREDENTIAL_ONLY,,,939a0ec586
ny_dol_mold,1739,Mold Assessment Contractor License (SH125):26-6ZGJT-SHMO,26-6ZGJT-SHMO,Mold Assessment Contractor License (SH125),Active,YES,"Niche Analysis, Inc.",,c1d787d1b7,CREDENTIAL_ONLY,,,939a0ec586
ny_dol_mold,1740,Mold Remediation Contractor License (SH126):26-66XX3-SHMO,26-66XX3-SHMO,Mold Remediation Contractor License (SH126),Active,YES,Noftle & Noftle Inc.,,c1d787d1b7,CREDENTIAL_ONLY,,,939a0ec586
ny_dol_mold,1741,Mold Assessment Contractor License (SH125):26-67HDB-SHMO,26-67HDB-SHMO,Mold Assessment Contractor License (SH125),Active,YES,North Star Environmental Building Performance LLC,,c1d787d1b7,CREDENTIAL_ONLY,,,939a0ec586
ny_dol_mold,1742,Mold Assessment Contractor License (SH125):26-63GV4-SHMO,26-63GV4-SHMO,Mold Assessment Contractor License (SH125),Active,YES,Northeast Home Inspection + Mold Assessment Services Inc.,,c1d787d1b7,CREDENTIAL_ONLY,,,939a0ec586
ny_dol_mold,1743,Mold Remediation Contractor License (SH126):25-65TEH-SHMO,25-65TEH-SHMO,Mold Remediation Contractor License (SH126),Active,YES,Northern Energy Services and Training Inc,,c1d787d1b7,CREDENTIAL_ONLY,,,939a0ec586
ny_dol_mold,1744,Mold Remediation Contractor License (SH126):25-6s9uh-shmo,25-6s9uh-shmo,Mold Remediation Contractor License (SH126),Active,YES,"Nu-Life Resources, LLC",,c1d787d1b7,CREDENTIAL_ONLY,,,939a0ec586
ny_dol_mold,1745,Mold Remediation Contractor License (SH126):25-6TMX4-SHMO,25-6TMX4-SHMO,Mold Remediation Contractor License (SH126),Active,YES,Nurzia Construction Corporation,,c1d787d1b7,CREDENTIAL_ONLY,,,939a0ec586
ny_dol_mold,1746,Mold Assessment Contractor License (SH125):23-6UOMZ-SHMO,23-6UOMZ-SHMO,Mold Assessment Contractor License (SH125),Expired,NO,OGF Environmental Testing Inc.,,c1d787d1b7,CREDENTIAL_ONLY,,,939a0ec586
ny_dol_mold,1747,Mold Remediation Contractor License (SH126):25-65TYY-SHMO,25-65TYY-SHMO,Mold Remediation Contractor License (SH126),Active,YES,ONYXENVIRO LLC,,c1d787d1b7,CREDENTIAL_ONLY,,,939a0ec586
ny_dol_mold,1748,Mold Assessment Contractor License (SH125):26-6ZE6O-SHMO,26-6ZE6O-SHMO,Mold Assessment Contractor License (SH125),Active,YES,"Omega Laboratories, Inc.",,c1d787d1b7,CREDENTIAL_ONLY,,,939a0ec586
ny_dol_mold,1749,Mold Remediation Contractor License (SH126):25-64T4N-SHMO,25-64T4N-SHMO,Mold Remediation Contractor License (SH126),Active,YES,On Call Restoration Corp.,,c1d787d1b7,CREDENTIAL_ONLY,,,939a0ec586
ny_dol_mold,1750,Mold Assessment Contractor License (SH125):01708,01708,Mold Assessment Contractor License (SH125),Expired,NO,"On Time Field Services, Inc",,c1d787d1b7,CREDENTIAL_ONLY,,,939a0ec586
ny_dol_mold,1751,Mold Assessment Contractor License (SH125):26-6ZUS1-SHMO,26-6ZUS1-SHMO,Mold Assessment Contractor License (SH125),Active,YES,"Onyx Environmental, LLC",,c1d787d1b7,CREDENTIAL_ONLY,,,939a0ec586
ny_dol_mold,1752,Mold Assessment Contractor License (SH125):25-65KXS-SHMO,25-65KXS-SHMO,Mold Assessment Contractor License (SH125),Active,YES,Operation Restoration NY LLC,,c1d787d1b7,CREDENTIAL_ONLY,,,939a0ec586
ny_dol_mold,1753,Mold Assessment Contractor License (SH125):25-6TOP8-SHMO,25-6TOP8-SHMO,Mold Assessment Contractor License (SH125),Active,YES,"Orchard View Home Inspections, LLC",,c1d787d1b7,CREDENTIAL_ONLY,,,939a0ec586
ny_dol_mold,1754,Mold Remediation Contractor License (SH126):25-6LS8G-SHMO,25-6LS8G-SHMO,Mold Remediation Contractor License (SH126),Active,YES,"P.C.I. Services, Inc.",,c1d787d1b7,CREDENTIAL_ONLY,,,939a0ec586
ny_dol_mold,1755,Mold Assessment Contractor License (SH125):26-69KS6-SHMO,26-69KS6-SHMO,Mold Assessment Contractor License (SH125),Active,YES,PANTHER ENVIRONMENTAL TESTING SERVICES LLC,,c1d787d1b7,CREDENTIAL_ONLY,,,939a0ec586
ny_dol_mold,1756,Mold Assessment Contractor License (SH125):25-6LKHU-SHMO,25-6LKHU-SHMO,Mold Assessment Contractor License (SH125),Active,YES,"PHASE Associates, LLC",,c1d787d1b7,CREDENTIAL_ONLY,,,939a0ec586
ny_dol_mold,1757,Mold Remediation Contractor License (SH126):26-6Z8SC-SHMO,26-6Z8SC-SHMO,Mold Remediation Contractor License (SH126),Active,YES,PLRS Restoration LLC,,c1d787d1b7,CREDENTIAL_ONLY,,,939a0ec586
ny_dol_mold,1758,Mold Remediation Contractor License (SH126):23-6LUJH-SHMO,23-6LUJH-SHMO,Mold Remediation Contractor License (SH126),Expired,NO,"PPRE Economic Development Corp, Inc",,c1d787d1b7,CREDENTIAL_ONLY,,,939a0ec586
ny_dol_mold,1759,Mold Assessment Contractor License (SH125):25-6TJMM-SHMO,25-6TJMM-SHMO,Mold Assessment Contractor License (SH125),Active,YES,"PRO-SPEC RESIDENTIAL SERVICES, LLC",,c1d787d1b7,CREDENTIAL_ONLY,,,939a0ec586
ny_dol_mold,1760,Mold Assessment Contractor License (SH125):23-61VFX-SHMO,23-61VFX-SHMO,Mold Assessment Contractor License (SH125),Expired,NO,"Panoramic Home Inspections, LLC",,c1d787d1b7,CREDENTIAL_ONLY,,,939a0ec586
ny_dol_mold,1761,Mold Assessment Contractor License (SH125):26-6LX1U-SHMO,26-6LX1U-SHMO,Mold Assessment Contractor License (SH125),Active,YES,Partner Assessment Corporation,,c1d787d1b7,CREDENTIAL_ONLY,,,939a0ec586
ny_dol_mold,1762,Mold Remediation Contractor License (SH126):25-644VJ-SHMO,25-644VJ-SHMO,Mold Remediation Contractor License (SH126),Active,YES,"Paul A Wilson Construction, Inc.",,c1d787d1b7,CREDENTIAL_ONLY,,,939a0ec586
ny_dol_mold,1763,Mold Remediation Contractor License (SH126):25-6HACH-SHMO,25-6HACH-SHMO,Mold Remediation Contractor License (SH126),Active,YES,Paulina Corporation,,c1d787d1b7,CREDENTIAL_ONLY,,,939a0ec586
ny_dol_mold,1764,Mold Assessment Contractor License (SH125):26-6ZUVC-SHMO,26-6ZUVC-SHMO,Mold Assessment Contractor License (SH125),Active,YES,Peacock Mold Services LLC,,c1d787d1b7,CREDENTIAL_ONLY,,,939a0ec586
ny_dol_mold,1765,Mold Assessment Contractor License (SH125):26-6ZF6K-SHMO,26-6ZF6K-SHMO,Mold Assessment Contractor License (SH125),Active,YES,Pennoni Associates Inc.,,c1d787d1b7,CREDENTIAL_ONLY,,,939a0ec586
ny_dol_mold,1766,Mold Remediation Contractor License (SH126):26-63CVU-SHMO,26-63CVU-SHMO,Mold Remediation Contractor License (SH126),Active,YES,Perfection Personified Corp.,,c1d787d1b7,CREDENTIAL_ONLY,,,939a0ec586
ny_dol_mold,1767,Mold Assessment Contractor License (SH125):26-6Z19F-SHMO,26-6Z19F-SHMO,Mold Assessment Contractor License (SH125),Active,YES,"Phase 1 Restoration, Inc.",,c1d787d1b7,CREDENTIAL_ONLY,,,939a0ec586
ny_dol_mold,1768,Mold Remediation Contractor License (SH126):24-6APUR-SHMO,24-6APUR-SHMO,Mold Remediation Contractor License (SH126),Expired,NO,Phix Restoration Group Inc.,,c1d787d1b7,CREDENTIAL_ONLY,,,939a0ec586
ny_dol_mold,1769,Mold Remediation Contractor License (SH126):25-6LJCI-SHMO,25-6LJCI-SHMO,Mold Remediation Contractor License (SH126),Active,YES,Pinnacle Environmental Corp.,,c1d787d1b7,CREDENTIAL_ONLY,,,939a0ec586
ny_dol_mold,1770,Mold Remediation Contractor License (SH126):26-6AXHE-SHMO,26-6AXHE-SHMO,Mold Remediation Contractor License (SH126),Active,YES,Plum Impressions Inc,,c1d787d1b7,CREDENTIAL_ONLY,,,939a0ec586
ny_dol_mold,1771,Mold Assessment Contractor License (SH125):01780,01780,Mold Assessment Contractor License (SH125),Expired,NO,Pokeyman Environmental Consulting LLC,,c1d787d1b7,CREDENTIAL_ONLY,,,939a0ec586
ny_dol_mold,1772,Mold Assessment Contractor License (SH125):23-61EK6-SHMO,23-61EK6-SHMO,Mold Assessment Contractor License (SH125),Expired,NO,Pologa Enterprises LLC,,c1d787d1b7,CREDENTIAL_ONLY,,,939a0ec586
ny_dol_mold,1773,Mold Assessment Contractor License (SH125):23-6TJBK-SHMO,23-6TJBK-SHMO,Mold Assessment Contractor License (SH125),Expired,NO,Poseidon Home Inspections LLC,,c1d787d1b7,CREDENTIAL_ONLY,,,939a0ec586
ny_dol_mold,1774,Mold Remediation Contractor License (SH126):23-61VCI-SHMO,23-61VCI-SHMO,Mold Remediation Contractor License (SH126),Expired,NO,"Praxis Enterprises, LLC",,c1d787d1b7,CREDENTIAL_ONLY,,,939a0ec586
ny_dol_mold,1775,Mold Assessment Contractor License (SH125):24-631XS-SHMO,24-631XS-SHMO,Mold Assessment Contractor License (SH125),Active,YES,"Precision Mold Inspections, LLC",,c1d787d1b7,CREDENTIAL_ONLY,,,939a0ec586
ny_dol_mold,1776,Mold Remediation Contractor License (SH126):25-64Q48-SHMO,25-64Q48-SHMO,Mold Remediation Contractor License (SH126),Active,YES,Premier Services of Long Island Inc,,c1d787d1b7,CREDENTIAL_ONLY,,,939a0ec586
ny_dol_mold,1777,Mold Remediation Contractor License (SH126):26-6SDTC-SHMO,26-6SDTC-SHMO,Mold Remediation Contractor License (SH126),Active,YES,Prestige Development Services Inc.,,c1d787d1b7,CREDENTIAL_ONLY,,,939a0ec586
ny_dol_mold,1778,Mold Assessment Contractor License (SH125):26-693HR-SHMO,26-693HR-SHMO,Mold Assessment Contractor License (SH125),Active,YES,Prime Environmental NJ LLC,,c1d787d1b7,CREDENTIAL_ONLY,,,939a0ec586
ny_dol_mold,1779,Mold Remediation Contractor License (SH126):26-6I3V4-SHMO,26-6I3V4-SHMO,Mold Remediation Contractor License (SH126),Active,YES,Primold Inc,,c1d787d1b7,CREDENTIAL_ONLY,,,939a0ec586
ny_dol_mold,1780,Mold Remediation Contractor License (SH126):25-61VKL-SHMO,25-61VKL-SHMO,Mold Remediation Contractor License (SH126),Active,YES,"Pro Restoration Services, Inc.",,c1d787d1b7,CREDENTIAL_ONLY,,,939a0ec586
ny_dol_mold,1781,Mold Remediation Contractor License (SH126):25-6HHKZ-SHMO,25-6HHKZ-SHMO,Mold Remediation Contractor License (SH126),Active,YES,ProClean Services NYC LLC,,c1d787d1b7,CREDENTIAL_ONLY,,,939a0ec586
ny_dol_mold,1782,Mold Remediation Contractor License (SH126):25-6I5BU-SHMO,25-6I5BU-SHMO,Mold Remediation Contractor License (SH126),Active,YES,ProService Environmental LLC,,c1d787d1b7,CREDENTIAL_ONLY,,,939a0ec586
ny_dol_mold,1783,Mold Assessment Contractor License (SH125):26-6IFXX-SHMO,26-6IFXX-SHMO,Mold Assessment Contractor License (SH125),Active,YES,Professional Building Inspectors,,c1d787d1b7,CREDENTIAL_ONLY,,,939a0ec586
ny_dol_mold,1784,Mold Remediation Contractor License (SH126):26-6ZUSH-SHMO,26-6ZUSH-SHMO,Mold Remediation Contractor License (SH126),Active,YES,Professional Mold Removal And Assessments Inc,,c1d787d1b7,CREDENTIAL_ONLY,,,939a0ec586
ny_dol_mold,1785,Mold Remediation Contractor License (SH126):00014,00014,Mold Remediation Contractor License (SH126),Expired,NO,Proganic LLC,,c1d787d1b7,CREDENTIAL_ONLY,,,939a0ec586
ny_dol_mold,1786,Mold Remediation Contractor License (SH126):25-6LEBP-SHMO,25-6LEBP-SHMO,Mold Remediation Contractor License (SH126),Active,YES,Property Damage Restoration Group Inc,,c1d787d1b7,CREDENTIAL_ONLY,,,939a0ec586
ny_dol_mold,1787,Mold Assessment Contractor License (SH125):26-6SYND-SHMO,26-6SYND-SHMO,Mold Assessment Contractor License (SH125),Active,YES,Property Inspections HQ LLC,,c1d787d1b7,CREDENTIAL_ONLY,,,939a0ec586
ny_dol_mold,1788,Mold Assessment Contractor License (SH125):25-65NRK-SHMO,25-65NRK-SHMO,Mold Assessment Contractor License (SH125),Active,YES,Protection Environmental Inc.,,c1d787d1b7,CREDENTIAL_ONLY,,,939a0ec586
ny_dol_mold,1789,Mold Remediation Contractor License (SH126):26-6SDT4-SHMO,26-6SDT4-SHMO,Mold Remediation Contractor License (SH126),Active,YES,Puello’s Contracting Corp.,,c1d787d1b7,CREDENTIAL_ONLY,,,939a0ec586
ny_dol_mold,1790,Mold Remediation Contractor License (SH126):23-6UJW7-SHMO,23-6UJW7-SHMO,Mold Remediation Contractor License (SH126),Expired,NO,PureMold Solutions LLC,,c1d787d1b7,CREDENTIAL_ONLY,,,939a0ec586
ny_dol_mold,1791,Mold Remediation Contractor License (SH126):25-65FIK-SHMO,25-65FIK-SHMO,Mold Remediation Contractor License (SH126),Active,YES,"QRC Restorations, Inc.",,c1d787d1b7,CREDENTIAL_ONLY,,,939a0ec586
ny_dol_mold,1792,Mold Remediation Contractor License (SH126):24-6SKXC-SHMO,24-6SKXC-SHMO,Mold Remediation Contractor License (SH126),Expired,NO,Quality Air Care Service Inc.,,c1d787d1b7,CREDENTIAL_ONLY,,,939a0ec586
ny_dol_mold,1793,Mold Remediation Contractor License (SH126):25-6LL1I-SHMO,25-6LL1I-SHMO,Mold Remediation Contractor License (SH126),Active,YES,Quality Mold Remediation LLC,,c1d787d1b7,CREDENTIAL_ONLY,,,939a0ec586
ny_dol_mold,1794,Mold Assessment Contractor License (SH125):24-6AFRU-SHMO,24-6AFRU-SHMO,Mold Assessment Contractor License (SH125),Expired,NO,"QuantX, Inc.",,c1d787d1b7,CREDENTIAL_ONLY,,,939a0ec586
ny_dol_mold,1795,Mold Remediation Contractor License (SH126):24-6ZAVL-SHMO,24-6ZAVL-SHMO,Mold Remediation Contractor License (SH126),Expired,NO,"Quick Response Restoration, Inc.",,c1d787d1b7,CREDENTIAL_ONLY,,,939a0ec586
ny_dol_mold,1796,Mold Remediation Contractor License (SH126):25-6TJR6-SHMO,25-6TJR6-SHMO,Mold Remediation Contractor License (SH126),Active,YES,"R&P DUSTLESS SODA BLASTING & POWERWASH CLEANING SERVICES, LLC",,c1d787d1b7,CREDENTIAL_ONLY,,,939a0ec586
ny_dol_mold,1797,Mold Assessment Contractor License (SH125):24-6Z4VA-SHMO,24-6Z4VA-SHMO,Mold Assessment Contractor License (SH125),Expired,NO,"R.A. West Associates, Inc.",,c1d787d1b7,CREDENTIAL_ONLY,,,939a0ec586
ny_dol_mold,1798,Mold Remediation Contractor License (SH126):25-6HZSA-SHMO,25-6HZSA-SHMO,Mold Remediation Contractor License (SH126),Active,YES,RDR GENERAL CONSTRUCTION CORP,,c1d787d1b7,CREDENTIAL_ONLY,,,939a0ec586
ny_dol_mold,1799,Mold Remediation Contractor License (SH126):26-6ZVXE-SHMO,26-6ZVXE-SHMO,Mold Remediation Contractor License (SH126),Active,YES,REO lead Solutions LLC,,c1d787d1b7,CREDENTIAL_ONLY,,,939a0ec586
ny_dol_mold,1800,Mold Remediation Contractor License (SH126):23-6L4CG-SHMO,23-6L4CG-SHMO,Mold Remediation Contractor License (SH126),Expired,NO,RICI Corp.,,c1d787d1b7,CREDENTIAL_ONLY,,,939a0ec586
ny_dol_mold,1801,Mold Assessment Contractor License (SH125):00800,00800,Mold Assessment Contractor License (SH125),Expired,NO,ROBIN HOME INSPECTION INC,,c1d787d1b7,CREDENTIAL_ONLY,,,939a0ec586
ny_dol_mold,1802,Mold Remediation Contractor License (SH126):25-65A6L-SHMO,25-65A6L-SHMO,Mold Remediation Contractor License (SH126),Active,YES,ROUTE 66 NY CORP.,,c1d787d1b7,CREDENTIAL_ONLY,,,939a0ec586
ny_dol_mold,1803,Mold Remediation Contractor License (SH126):23-6TKB4-SHMO,23-6TKB4-SHMO,Mold Remediation Contractor License (SH126),Expired,NO,RRR Brooklyn Corp.,,c1d787d1b7,CREDENTIAL_ONLY,,,939a0ec586
ny_dol_mold,1804,Mold Assessment Contractor License (SH125):24-64YKR-SHMO,24-64YKR-SHMO,Mold Assessment Contractor License (SH125),Active,YES,RSK Environmental LLC,,c1d787d1b7,CREDENTIAL_ONLY,,,939a0ec586
ny_dol_mold,1805,Mold Remediation Contractor License (SH126):25-64SBA-SHMO,25-64SBA-SHMO,Mold Remediation Contractor License (SH126),Active,YES,Radford Management inc.,,c1d787d1b7,CREDENTIAL_ONLY,,,939a0ec586
ny_dol_mold,1806,Mold Remediation Contractor License (SH126):24-63LKZ-SHMO,24-63LKZ-SHMO,Mold Remediation Contractor License (SH126),Active,YES,Rainier Restoration LLC,,c1d787d1b7,CREDENTIAL_ONLY,,,939a0ec586
ny_dol_mold,1807,Mold Assessment Contractor License (SH125):24-6ZJO8-SHMO,24-6ZJO8-SHMO,Mold Assessment Contractor License (SH125),Expired,NO,Rapid Dry LLC,,c1d787d1b7,CREDENTIAL_ONLY,,,939a0ec586
ny_dol_mold,1808,Mold Assessment Contractor License (SH125):25-6H57C-SHMO,25-6H57C-SHMO,Mold Assessment Contractor License (SH125),Active,YES,Rapid Restore Water & Mold Remediation Inc,,c1d787d1b7,CREDENTIAL_ONLY,,,939a0ec586
ny_dol_mold,1809,Mold Assessment Contractor License (SH125):00659,00659,Mold Assessment Contractor License (SH125),Expired,NO,Raymond A Matejunas III,,c1d787d1b7,CREDENTIAL_ONLY,,,939a0ec586
ny_dol_mold,1810,Mold Remediation Contractor License (SH126):25-6559A-SHMO,25-6559A-SHMO,Mold Remediation Contractor License (SH126),Active,YES,Raza Environmental Inc.,,c1d787d1b7,CREDENTIAL_ONLY,,,939a0ec586
ny_dol_mold,1811,Mold Remediation Contractor License (SH126):26-6Z1FL-SHMO,26-6Z1FL-SHMO,Mold Remediation Contractor License (SH126),Active,YES,Realty Asset Developers LLC,,c1d787d1b7,CREDENTIAL_ONLY,,,939a0ec586
ny_dol_mold,1812,Mold Remediation Contractor License (SH126):26-69O5S-SHMO,26-69O5S-SHMO,Mold Remediation Contractor License (SH126),Active,YES,"Redeeming Restoration, LLC",,c1d787d1b7,CREDENTIAL_ONLY,,,939a0ec586
ny_dol_mold,1813,Mold Assessment Contractor License (SH125):26-6I63G-SHMO,26-6I63G-SHMO,Mold Assessment Contractor License (SH125),Active,YES,Regal 1 Inspections LLC,,c1d787d1b7,CREDENTIAL_ONLY,,,939a0ec586
ny_dol_mold,1814,Mold Assessment Contractor License (SH125):26-675OS-SHMO,26-675OS-SHMO,Mold Assessment Contractor License (SH125),Active,YES,Remedify Corporation,,c1d787d1b7,CREDENTIAL_ONLY,,,939a0ec586
ny_dol_mold,1815,Mold Remediation Contractor License (SH126):25-6LKKE-SHMO,25-6LKKE-SHMO,Mold Remediation Contractor License (SH126),Active,YES,Renewal With Grace Inc.,,c1d787d1b7,CREDENTIAL_ONLY,,,939a0ec586
ny_dol_mold,1816,Mold Remediation Contractor License (SH126):26-69LQ9-SHMO,26-69LQ9-SHMO,Mold Remediation Contractor License (SH126),Active,YES,"Renu Contracting & Restoration, Inc.",,c1d787d1b7,CREDENTIAL_ONLY,,,939a0ec586
ny_dol_mold,1817,Mold Assessment Contractor License (SH125):24-6Z86I-SHMO,24-6Z86I-SHMO,Mold Assessment Contractor License (SH125),Expired,NO,"Residential Inspection Services, LLC",,c1d787d1b7,CREDENTIAL_ONLY,,,939a0ec586
ny_dol_mold,1818,Mold Remediation Contractor License (SH126):26-63VT4-SHMO,26-63VT4-SHMO,Mold Remediation Contractor License (SH126),Active,YES,"Restoration Pros NY, Inc",,c1d787d1b7,CREDENTIAL_ONLY,,,939a0ec586
ny_dol_mold,1819,Mold Remediation Contractor License (SH126):26-6I4IY-SHMO,26-6I4IY-SHMO,Mold Remediation Contractor License (SH126),Active,YES,"Restoration Specialists, Inc.",,c1d787d1b7,CREDENTIAL_ONLY,,,939a0ec586
ny_dol_mold,1820,Mold Remediation Contractor License (SH126):26-66C4C-SHMO,26-66C4C-SHMO,Mold Remediation Contractor License (SH126),Active,YES,"NRC East Environmental Services, Inc.",,c1d787d1b7,CREDENTIAL_ONLY,,,939a0ec586
ny_dol_mold,1821,Mold Assessment Contractor License (SH125):25-6ICUX-SHMO,25-6ICUX-SHMO,Mold Assessment Contractor License (SH125),Active,YES,NSC Environmental Consultants LLC,,c1d787d1b7,CREDENTIAL_ONLY,,,939a0ec586
ny_dol_mold,1822,Mold Assessment Contractor License (SH125):24-6ZVQA-SHMO,24-6ZVQA-SHMO,Mold Assessment Contractor License (SH125),Expired,NO,"NV5 Northeast, Inc",,c1d787d1b7,CREDENTIAL_ONLY,,,939a0ec586
ny_dol_mold,1823,Mold Assessment Contractor License (SH125):26-69Y3H-SHMO,26-69Y3H-SHMO,Mold Assessment Contractor License (SH125),Active,YES,NY Healthy Homes Testing Inc.,,c1d787d1b7,CREDENTIAL_ONLY,,,939a0ec586
ny_dol_mold,1824,Mold Assessment Contractor License (SH125):26-6SABA-SHMO,26-6SABA-SHMO,Mold Assessment Contractor License (SH125),Active,YES,NY Mold Assessors & Contractors LLC,,c1d787d1b7,CREDENTIAL_ONLY,,,939a0ec586
ny_dol_mold,1825,Mold Remediation Contractor License (SH126):01884,01884,Mold Remediation Contractor License (SH126),Expired,NO,"NYC Disinfection Services, Inc.",,c1d787d1b7,CREDENTIAL_ONLY,,,939a0ec586
ny_dol_mold,1826,Mold Assessment Contractor License (SH125):24-63UXB-SHMO,24-63UXB-SHMO,Mold Assessment Contractor License (SH125),Active,YES,NYC Lead Inspections,,c1d787d1b7,CREDENTIAL_ONLY,,,939a0ec586
ny_dol_mold,1827,Mold Remediation Contractor License (SH126):26-67H4S-SHMO,26-67H4S-SHMO,Mold Remediation Contractor License (SH126),Active,YES,NYCMOLD LLC,,c1d787d1b7,CREDENTIAL_ONLY,,,939a0ec586
ny_dol_mold,1828,Mold Remediation Contractor License (SH126):23-6TJAN-SHMO,23-6TJAN-SHMO,Mold Remediation Contractor License (SH126),Expired,NO,"Nam Remodeling, LLC",,c1d787d1b7,CREDENTIAL_ONLY,,,939a0ec586
ny_dol_mold,1829,Mold Assessment Contractor License (SH125):01688,01688,Mold Assessment Contractor License (SH125),Expired,NO,"National Environmental Specialists, Inc.",,c1d787d1b7,CREDENTIAL_ONLY,,,939a0ec586
ny_dol_mold,1830,Mold Remediation Contractor License (SH126):26-6ZUG1-SHMO,26-6ZUG1-SHMO,Mold Remediation Contractor License (SH126),Active,YES,"Naturally Green, LLC",,c1d787d1b7,CREDENTIAL_ONLY,,,939a0ec586
ny_dol_mold,1831,Mold Assessment Contractor License (SH125):25-6I49B-SHMO,25-6I49B-SHMO,Mold Assessment Contractor License (SH125),Active,YES,"Needham Risk Management Resource Group, LLC",,c1d787d1b7,CREDENTIAL_ONLY,,,939a0ec586
ny_dol_mold,1832,Mold Remediation Contractor License (SH126):01728,01728,Mold Remediation Contractor License (SH126),Expired,NO,Never Better Environmental Corp,,c1d787d1b7,CREDENTIAL_ONLY,,,939a0ec586
ny_dol_mold,1833,Mold Assessment Contractor License (SH125):23-6L61D-SHMO,23-6L61D-SHMO,Mold Assessment Contractor License (SH125),Expired,NO,New JM Home Improvement Inc,,c1d787d1b7,CREDENTIAL_ONLY,,,939a0ec586
ny_dol_mold,1834,Mold Remediation Contractor License (SH126):01905,01905,Mold Remediation Contractor License (SH126),Expired,NO,New Millennium Home Improvement Inc.,,c1d787d1b7,CREDENTIAL_ONLY,,,939a0ec586
ny_dol_mold,1835,Mold Assessment Contractor License (SH125):25-6IDNS-SHMO,25-6IDNS-SHMO,Mold Assessment Contractor License (SH125),Active,YES,"New York Environmental & Analytical Lab, Inc",,c1d787d1b7,CREDENTIAL_ONLY,,,939a0ec586
ny_dol_mold,1836,Mold Assessment Contractor License (SH125):24-6ZYBP-SHMO,24-6ZYBP-SHMO,Mold Assessment Contractor License (SH125),Expired,NO,New York Mold Eliminators LLC,,c1d787d1b7,CREDENTIAL_ONLY,,,939a0ec586
ny_dol_mold,1837,Mold Assessment Contractor License (SH125):26-6Z93L-SHMO,26-6Z93L-SHMO,Mold Assessment Contractor License (SH125),Active,YES,"New York Pro Inspections, LLC",,c1d787d1b7,CREDENTIAL_ONLY,,,939a0ec586
ny_dol_mold,1838,Mold Remediation Contractor License (SH126):25-6HNF7-SHMO,25-6HNF7-SHMO,Mold Remediation Contractor License (SH126),Active,YES,Newhouse Restoration inc,,c1d787d1b7,CREDENTIAL_ONLY,,,939a0ec586
ny_dol_mold,1839,Mold Assessment Contractor License (SH125):24-6Z75R-SHMO,24-6Z75R-SHMO,Mold Assessment Contractor License (SH125),Expired,NO,Next Solutions C.S. Incorporated,,c1d787d1b7,CREDENTIAL_ONLY,,,939a0ec586
ny_dol_mold,1840,Mold Remediation Contractor License (SH126):26-6L4XZ-SHMO,26-6L4XZ-SHMO,Mold Remediation Contractor License (SH126),Active,YES,Nicorob Corporation,,c1d787d1b7,CREDENTIAL_ONLY,,,939a0ec586
ny_dol_mold,1841,Mold Remediation Contractor License (SH126):26-6ZUVE-SHMO,26-6ZUVE-SHMO,Mold Remediation Contractor License (SH126),Active,YES,North Country EPS LLC,,c1d787d1b7,CREDENTIAL_ONLY,,,939a0ec586
ny_dol_mold,1842,Mold Assessment Contractor License (SH125):26-6ZNUL-SHMO,26-6ZNUL-SHMO,Mold Assessment Contractor License (SH125),Active,YES,"NorthEastern Environmental Testing, Inc.",,c1d787d1b7,CREDENTIAL_ONLY,,,939a0ec586
ny_dol_mold,1843,Mold Remediation Contractor License (SH126):25-6U8XC-SHMO,25-6U8XC-SHMO,Mold Remediation Contractor License (SH126),Active,YES,Northeast Property Restoration LLC,,c1d787d1b7,CREDENTIAL_ONLY,,,939a0ec586
ny_dol_mold,1844,Mold Remediation Contractor License (SH126):23-6TPJ1-SHMO,23-6TPJ1-SHMO,Mold Remediation Contractor License (SH126),Expired,NO,"Northern Property Management, LLC",,c1d787d1b7,CREDENTIAL_ONLY,,,939a0ec586
ny_dol_mold,1845,Mold Assessment Contractor License (SH125):25-6s96l-shmo,25-6s96l-shmo,Mold Assessment Contractor License (SH125),Active,YES,"Nu-Life Resources, LLC",,c1d787d1b7,CREDENTIAL_ONLY,,,939a0ec586
ny_dol_mold,1846,Mold Assessment Contractor License (SH125):26-6AC1Q-SHMO,26-6AC1Q-SHMO,Mold Assessment Contractor License (SH125),Active,YES,O'Rourke Inc.,,c1d787d1b7,CREDENTIAL_ONLY,,,939a0ec586
ny_dol_mold,1847,Mold Remediation Contractor License (SH126):26-9YFYL-SHMO,26-9YFYL-SHMO,Mold Remediation Contractor License (SH126),Active,YES,OLYMPIA24 LLC,,c1d787d1b7,CREDENTIAL_ONLY,,,939a0ec586
ny_dol_mold,1848,Mold Assessment Contractor License (SH125):26-6IC65-SHMO,26-6IC65-SHMO,Mold Assessment Contractor License (SH125),Active,YES,Oasis Indoor Environmental Inc.,,c1d787d1b7,CREDENTIAL_ONLY,,,939a0ec586
ny_dol_mold,1849,Mold Remediation Contractor License (SH126):01825,01825,Mold Remediation Contractor License (SH126),Expired,NO,On Call Home Solutions LLC,,c1d787d1b7,CREDENTIAL_ONLY,,,939a0ec586
ny_dol_mold,1850,Mold Remediation Contractor License (SH126):26-69HYI-SHMO,26-69HYI-SHMO,Mold Remediation Contractor License (SH126),Active,YES,On The Mapp Real Estate Investors LLC,,c1d787d1b7,CREDENTIAL_ONLY,,,939a0ec586
ny_dol_mold,1851,Mold Remediation Contractor License (SH126):01718,01718,Mold Remediation Contractor License (SH126),Expired,NO,"On Time Field Services, Inc",,c1d787d1b7,CREDENTIAL_ONLY,,,939a0ec586
ny_dol_mold,1852,Mold Remediation Contractor License (SH126):25-65SRE-SHMO,25-65SRE-SHMO,Mold Remediation Contractor License (SH126),Active,YES,Onyx Restoration NY LLC,,c1d787d1b7,CREDENTIAL_ONLY,,,939a0ec586
ny_dol_mold,1853,Mold Assessment Contractor License (SH125):23-6TPMF-SHMO,23-6TPMF-SHMO,Mold Assessment Contractor License (SH125),Expired,NO,Optima Environmental Services Inc.,,c1d787d1b7,CREDENTIAL_ONLY,,,939a0ec586
ny_dol_mold,1854,Mold Remediation Contractor License (SH126):26-6AAIS-SHMO,26-6AAIS-SHMO,Mold Remediation Contractor License (SH126),Active,YES,"Orion Demolition & Environmental Services, LLC",,c1d787d1b7,CREDENTIAL_ONLY,,,939a0ec586
ny_dol_mold,1855,Mold Remediation Contractor License (SH126):24-6S7FZ-SHMO,24-6S7FZ-SHMO,Mold Remediation Contractor License (SH126),Expired,NO,P.J.J. Service Inc,,c1d787d1b7,CREDENTIAL_ONLY,,,939a0ec586
ny_dol_mold,1856,Mold Remediation Contractor License (SH126):25-6LSZK-SHMO,25-6LSZK-SHMO,Mold Remediation Contractor License (SH126),Active,YES,PAR Environmental Corporation,,c1d787d1b7,CREDENTIAL_ONLY,,,939a0ec586
ny_dol_mold,1857,Mold Remediation Contractor License (SH126):25-6H3OL-SHMO,25-6H3OL-SHMO,Mold Remediation Contractor License (SH126),Active,YES,PITS Global LLC,,c1d787d1b7,CREDENTIAL_ONLY,,,939a0ec586
ny_dol_mold,1858,Mold Remediation Contractor License (SH126):26-6A9XZ-SHMO,26-6A9XZ-SHMO,Mold Remediation Contractor License (SH126),Active,YES,PM CONSTRUCTION USA CORP,,c1d787d1b7,CREDENTIAL_ONLY,,,939a0ec586
ny_dol_mold,1859,Mold Assessment Contractor License (SH125):26-693PX-SHMO,26-693PX-SHMO,Mold Assessment Contractor License (SH125),Active,YES,PRECISION COMPLIANCE TESTING INC,,c1d787d1b7,CREDENTIAL_ONLY,,,939a0ec586
ny_dol_mold,1860,Mold Assessment Contractor License (SH125):25-6LTTU-SHMO,25-6LTTU-SHMO,Mold Assessment Contractor License (SH125),Active,YES,"PVE, LLC",,c1d787d1b7,CREDENTIAL_ONLY,,,939a0ec586
ny_dol_mold,1861,Mold Assessment Contractor License (SH125):26-6I9JN-SHMO,26-6I9JN-SHMO,Mold Assessment Contractor License (SH125),Active,YES,"Paradigm Environmental Services, Inc.",,c1d787d1b7,CREDENTIAL_ONLY,,,939a0ec586
ny_dol_mold,1862,Mold Remediation Contractor License (SH126):26-677CR-SHMO,26-677CR-SHMO,Mold Remediation Contractor License (SH126),Active,YES,Patch Wall Pro's Corp,,c1d787d1b7,CREDENTIAL_ONLY,,,939a0ec586
ny_dol_mold,1863,Mold Assessment Contractor License (SH125):26-6Z9G1-SHMO,26-6Z9G1-SHMO,Mold Assessment Contractor License (SH125),Active,YES,"Paul Construction & Maintenance, Corp",,c1d787d1b7,CREDENTIAL_ONLY,,,939a0ec586
ny_dol_mold,1864,Mold Remediation Contractor License (SH126):23-6U8EA-SHMO,23-6U8EA-SHMO,Mold Remediation Contractor License (SH126),Expired,NO,Paulina Corporation,,c1d787d1b7,CREDENTIAL_ONLY,,,939a0ec586
ny_dol_mold,1865,Mold Remediation Contractor License (SH126):26-6ZU8O-SHMO,26-6ZU8O-SHMO,Mold Remediation Contractor License (SH126),Active,YES,"Peak Enterprises, Inc.",,c1d787d1b7,CREDENTIAL_ONLY,,,939a0ec586
ny_dol_mold,1866,Mold Remediation Contractor License (SH126):26-6756H-SHMO,26-6756H-SHMO,Mold Remediation Contractor License (SH126),Active,YES,Penta Restoration Corp,,c1d787d1b7,CREDENTIAL_ONLY,,,939a0ec586
ny_dol_mold,1867,Mold Remediation Contractor License (SH126):26-6ALEI-SHMO,26-6ALEI-SHMO,Mold Remediation Contractor License (SH126),Active,YES,"Performance Restoration, Inc.",,c1d787d1b7,CREDENTIAL_ONLY,,,939a0ec586
ny_dol_mold,1868,Mold Remediation Contractor License (SH126):26-6SAV3-SHMO,26-6SAV3-SHMO,Mold Remediation Contractor License (SH126),Active,YES,"Phase 1 Restoration, Inc.",,c1d787d1b7,CREDENTIAL_ONLY,,,939a0ec586
ny_dol_mold,1869,Mold Assessment Contractor License (SH125):23-6L49Q-SHMO,23-6L49Q-SHMO,Mold Assessment Contractor License (SH125),Expired,NO,Phoenix Mechanical Corp.,,c1d787d1b7,CREDENTIAL_ONLY,,,939a0ec586
ny_dol_mold,1870,Mold Assessment Contractor License (SH125):24-6A7PG-SHMO,24-6A7PG-SHMO,Mold Assessment Contractor License (SH125),Expired,NO,Pinnacle Environmental Corp.,,c1d787d1b7,CREDENTIAL_ONLY,,,939a0ec586
ny_dol_mold,1871,Mold Assessment Contractor License (SH125):26-663GI-SHMO,26-663GI-SHMO,Mold Assessment Contractor License (SH125),Active,YES,Plum Impressions Inc,,c1d787d1b7,CREDENTIAL_ONLY,,,939a0ec586
ny_dol_mold,1872,Mold Remediation Contractor License (SH126):23-6UYAM-SHMO,23-6UYAM-SHMO,Mold Remediation Contractor License (SH126),Expired,NO,"Polito Home Inspections, Inc.",,c1d787d1b7,CREDENTIAL_ONLY,,,939a0ec586
ny_dol_mold,1873,Mold Remediation Contractor License (SH126):24-63FLC-SHMO,24-63FLC-SHMO,Mold Remediation Contractor License (SH126),Active,YES,Polstar Inc,,c1d787d1b7,CREDENTIAL_ONLY,,,939a0ec586
ny_dol_mold,1874,Mold Remediation Contractor License (SH126):24-6381D-SHMO,24-6381D-SHMO,Mold Remediation Contractor License (SH126),Active,YES,Post Trauma Scene Decon LLC,,c1d787d1b7,CREDENTIAL_ONLY,,,939a0ec586
ny_dol_mold,1875,Mold Assessment Contractor License (SH125):24-6SUOV-SHMO,24-6SUOV-SHMO,Mold Assessment Contractor License (SH125),Expired,NO,Precise Home Inspection Services LLC,,c1d787d1b7,CREDENTIAL_ONLY,,,939a0ec586
ny_dol_mold,1876,Mold Remediation Contractor License (SH126):25-65ADK-SHMO,25-65ADK-SHMO,Mold Remediation Contractor License (SH126),Active,YES,Precour plumbing & hvac llc,,c1d787d1b7,CREDENTIAL_ONLY,,,939a0ec586
ny_dol_mold,1877,Mold Assessment Contractor License (SH125):25-64Q3O-SHMO,25-64Q3O-SHMO,Mold Assessment Contractor License (SH125),Active,YES,Premier Services of Long Island Inc,,c1d787d1b7,CREDENTIAL_ONLY,,,939a0ec586
ny_dol_mold,1878,Mold Remediation Contractor License (SH126):25-6IUCP-SHMO,25-6IUCP-SHMO,Mold Remediation Contractor License (SH126),Active,YES,"Prevost Family Enterprises, Inc.",,c1d787d1b7,CREDENTIAL_ONLY,,,939a0ec586
ny_dol_mold,1879,Mold Remediation Contractor License (SH126):26-6ZRKX-SHMO,26-6ZRKX-SHMO,Mold Remediation Contractor License (SH126),Active,YES,Prime Mold Removal Inc.,,c1d787d1b7,CREDENTIAL_ONLY,,,939a0ec586
ny_dol_mold,1880,Mold Remediation Contractor License (SH126):25-6UP9U-SHMO,25-6UP9U-SHMO,Mold Remediation Contractor License (SH126),Active,YES,"Princely Environmental, Inc",,c1d787d1b7,CREDENTIAL_ONLY,,,939a0ec586
ny_dol_mold,1881,Mold Assessment Contractor License (SH125):26-6ACXA-SHMO,26-6ACXA-SHMO,Mold Assessment Contractor License (SH125),Active,YES,Pro Spec Home Inspection Inc.,,c1d787d1b7,CREDENTIAL_ONLY,,,939a0ec586
ny_dol_mold,1882,Mold Remediation Contractor License (SH126):26-69U99-SHMO,26-69U99-SHMO,Mold Remediation Contractor License (SH126),Active,YES,ProManage Property Services LLC,,c1d787d1b7,CREDENTIAL_ONLY,,,939a0ec586
ny_dol_mold,1883,Mold Assessment Contractor License (SH125):25-6I49G-SHMO,25-6I49G-SHMO,Mold Assessment Contractor License (SH125),Active,YES,ProService Environmental LLC,,c1d787d1b7,CREDENTIAL_ONLY,,,939a0ec586
ny_dol_mold,1884,Mold Assessment Contractor License (SH125):26-6Z8EU-SHMO,26-6Z8EU-SHMO,Mold Assessment Contractor License (SH125),Active,YES,"Professional Environmental Services, Inc.",,c1d787d1b7,CREDENTIAL_ONLY,,,939a0ec586
ny_dol_mold,1885,Mold Assessment Contractor License (SH125):24-6ZXGV-SHMO,24-6ZXGV-SHMO,Mold Assessment Contractor License (SH125),Expired,NO,Professional Mold Removal And Assessments Inc,,c1d787d1b7,CREDENTIAL_ONLY,,,939a0ec586
ny_dol_mold,1886,Mold Remediation Contractor License (SH126):01816,01816,Mold Remediation Contractor License (SH126),Expired,NO,Proganic LLC,,c1d787d1b7,CREDENTIAL_ONLY,,,939a0ec586
ny_dol_mold,1887,Mold Remediation Contractor License (SH126):25-6UUJB-SHMO,25-6UUJB-SHMO,Mold Remediation Contractor License (SH126),Active,YES,Property Deep Cleaning LLC,,c1d787d1b7,CREDENTIAL_ONLY,,,939a0ec586
ny_dol_mold,1888,Mold Assessment Contractor License (SH125):23-6U17O-SHMO,23-6U17O-SHMO,Mold Assessment Contractor License (SH125),Expired,NO,Property Pro Enterprises LLC,,c1d787d1b7,CREDENTIAL_ONLY,,,939a0ec586
ny_dol_mold,1889,Mold Remediation Contractor License (SH126):25-6HPNF-SHMO,25-6HPNF-SHMO,Mold Remediation Contractor License (SH126),Active,YES,Proton Restoration Corp.,,c1d787d1b7,CREDENTIAL_ONLY,,,939a0ec586
ny_dol_mold,1890,Mold Assessment Contractor License (SH125):25-67E7A-SHMO,25-67E7A-SHMO,Mold Assessment Contractor License (SH125),Active,YES,Pure Environmental Inc,,c1d787d1b7,CREDENTIAL_ONLY,,,939a0ec586
ny_dol_mold,1891,Mold Remediation Contractor License (SH126):25-6HKFQ-SHMO,25-6HKFQ-SHMO,Mold Remediation Contractor License (SH126),Active,YES,Purge Wizards Inc,,c1d787d1b7,CREDENTIAL_ONLY,,,939a0ec586
ny_dol_mold,1892,Mold Remediation Contractor License (SH126):26-69V5E-SHMO,26-69V5E-SHMO,Mold Remediation Contractor License (SH126),Active,YES,QUALIS WORKFORCE LLC,,c1d787d1b7,CREDENTIAL_ONLY,,,939a0ec586
ny_dol_mold,1893,Mold Assessment Contractor License (SH125):26-66TPJ-SHMO,26-66TPJ-SHMO,Mold Assessment Contractor License (SH125),Active,YES,Quality Air Inspections LLC,,c1d787d1b7,CREDENTIAL_ONLY,,,939a0ec586
ny_dol_mold,1894,Mold Remediation Contractor License (SH126):26-6ZU87-SHMO,26-6ZU87-SHMO,Mold Remediation Contractor License (SH126),Active,YES,Qualtec Environmental Inc.,,c1d787d1b7,CREDENTIAL_ONLY,,,939a0ec586
ny_dol_mold,1895,Mold Assessment Contractor License (SH125):23-6UX3C-SHMO,23-6UX3C-SHMO,Mold Assessment Contractor License (SH125),Expired,NO,Quest Mold and Asbestos Inspections and Testing Corp,,c1d787d1b7,CREDENTIAL_ONLY,,,939a0ec586
ny_dol_mold,1896,Mold Assessment Contractor License (SH125):01168,01168,Mold Assessment Contractor License (SH125),Expired,NO,"R A West Associates, Inc.",,c1d787d1b7,CREDENTIAL_ONLY,,,939a0ec586
ny_dol_mold,1897,Mold Remediation Contractor License (SH126):25-64UAT-SHMO,25-64UAT-SHMO,Mold Remediation Contractor License (SH126),Active,YES,R&S Environmental LLC,,c1d787d1b7,CREDENTIAL_ONLY,,,939a0ec586
ny_dol_mold,1898,Mold Remediation Contractor License (SH126):25-67K6D-SHMO,25-67K6D-SHMO,Mold Remediation Contractor License (SH126),Active,YES,R.A.M.S ENVIRONMENTAL INC.,,c1d787d1b7,CREDENTIAL_ONLY,,,939a0ec586
ny_dol_mold,1899,Mold Remediation Contractor License (SH126):25-64SFA-SHMO,25-64SFA-SHMO,Mold Remediation Contractor License (SH126),Active,YES,RE Building Corp.,,c1d787d1b7,CREDENTIAL_ONLY,,,939a0ec586
ny_dol_mold,1900,Mold Remediation Contractor License (SH126):26-69Y3S-SHMO,26-69Y3S-SHMO,Mold Remediation Contractor License (SH126),Active,YES,RESI COMPLY NYC CORP,,c1d787d1b7,CREDENTIAL_ONLY,,,939a0ec586
ny_dol_mold,1901,Mold Remediation Contractor License (SH126):23-61VPN-SHMO,23-61VPN-SHMO,Mold Remediation Contractor License (SH126),Expired,NO,RM Environmental Specialists LLC,,c1d787d1b7,CREDENTIAL_ONLY,,,939a0ec586
ny_dol_mold,1902,Mold Remediation Contractor License (SH126):26-6ACVG-SHMO,26-6ACVG-SHMO,Mold Remediation Contractor License (SH126),Active,YES,"ROCKWELL BUILDING SERVICES COMPANY, INC.",,c1d787d1b7,CREDENTIAL_ONLY,,,939a0ec586
ny_dol_mold,1903,Mold Assessment Contractor License (SH125):25-65AHK-SHMO,25-65AHK-SHMO,Mold Assessment Contractor License (SH125),Active,YES,ROUTE 66 NY CORP.,,c1d787d1b7,CREDENTIAL_ONLY,,,939a0ec586
ny_dol_mold,1904,Mold Assessment Contractor License (SH125):23-6TK8B-SHMO,23-6TK8B-SHMO,Mold Assessment Contractor License (SH125),Expired,NO,RRR Brooklyn Corp.,,c1d787d1b7,CREDENTIAL_ONLY,,,939a0ec586
ny_dol_mold,1905,Mold Assessment Contractor License (SH125):25-6UFBN-SHMO,25-6UFBN-SHMO,Mold Assessment Contractor License (SH125),Active,YES,"RSP Home Inspections & Related Services, LLC",,c1d787d1b7,CREDENTIAL_ONLY,,,939a0ec586
ny_dol_mold,1906,Mold Remediation Contractor License (SH126):24-6SXLP-SHMO,24-6SXLP-SHMO,Mold Remediation Contractor License (SH126),Expired,NO,Raeni's Restoration LLC,,c1d787d1b7,CREDENTIAL_ONLY,,,939a0ec586
ny_dol_mold,1907,Mold Assessment Contractor License (SH125):24-6AIYP-SHMO,24-6AIYP-SHMO,Mold Assessment Contractor License (SH125),Expired,NO,"Ramboll Americas Engineering Solutions, Inc.",,c1d787d1b7,CREDENTIAL_ONLY,,,939a0ec586
ny_dol_mold,1908,Mold Remediation Contractor License (SH126):24-63FCK-SHMO,24-63FCK-SHMO,Mold Remediation Contractor License (SH126),Active,YES,Rapid Mold Solutions Inc.,,c1d787d1b7,CREDENTIAL_ONLY,,,939a0ec586
ny_dol_mold,1909,Mold Assessment Contractor License (SH125):25-6TKWK-SHMO,25-6TKWK-SHMO,Mold Assessment Contractor License (SH125),Active,YES,Rapid Roofing & Restoration LLC,,c1d787d1b7,CREDENTIAL_ONLY,,,939a0ec586
ny_dol_mold,1910,Mold Remediation Contractor License (SH126):26-66B9E-SHMO,26-66B9E-SHMO,Mold Remediation Contractor License (SH126),Active,YES,Rayon Home Inspection Inc,,c1d787d1b7,CREDENTIAL_ONLY,,,939a0ec586
ny_dol_mold,1911,Mold Remediation Contractor License (SH126):25-65FGD-SHMO,25-65FGD-SHMO,Mold Remediation Contractor License (SH126),Active,YES,Ready Restoration LLC,,c1d787d1b7,CREDENTIAL_ONLY,,,939a0ec586
ny_dol_mold,1912,Mold Assessment Contractor License (SH125):26-6Z1F1-SHMO,26-6Z1F1-SHMO,Mold Assessment Contractor License (SH125),Active,YES,Realty Asset Developers LLC,,c1d787d1b7,CREDENTIAL_ONLY,,,939a0ec586
ny_dol_mold,1913,Mold Assessment Contractor License (SH125):25-6TJDO-SHMO,25-6TJDO-SHMO,Mold Assessment Contractor License (SH125),Active,YES,Redocs Inc.,,c1d787d1b7,CREDENTIAL_ONLY,,,939a0ec586
ny_dol_mold,1914,Mold Remediation Contractor License (SH126):25-6LOS6-SHMO,25-6LOS6-SHMO,Mold Remediation Contractor License (SH126),Active,YES,Regional Environmental Demolition Inc,,c1d787d1b7,CREDENTIAL_ONLY,,,939a0ec586
ny_dol_mold,1915,Mold Assessment Contractor License (SH125):23-6T8ZB-SHMO,23-6T8ZB-SHMO,Mold Assessment Contractor License (SH125),Expired,NO,Remodeling Renovation NYC Corp,,c1d787d1b7,CREDENTIAL_ONLY,,,939a0ec586
ny_dol_mold,1916,Mold Assessment Contractor License (SH125):24-633ZS-SHMO,24-633ZS-SHMO,Mold Assessment Contractor License (SH125),Active,YES,Rensselaer Polytechnic Institute,,c1d787d1b7,CREDENTIAL_ONLY,,,939a0ec586
ny_dol_mold,1917,Mold Assessment Contractor License (SH125):26-6A4EI-SHMO,26-6A4EI-SHMO,Mold Assessment Contractor License (SH125),Active,YES,"Renu Contracting & Restoration, Inc.",,c1d787d1b7,CREDENTIAL_ONLY,,,939a0ec586
ny_dol_mold,1918,Mold Remediation Contractor License (SH126):26-6Z6LA-SHMO,26-6Z6LA-SHMO,Mold Remediation Contractor License (SH126),Active,YES,Resto Corp.,,c1d787d1b7,CREDENTIAL_ONLY,,,939a0ec586
ny_dol_mold,1919,Mold Remediation Contractor License (SH126):26-6SSA8-SHMO,26-6SSA8-SHMO,Mold Remediation Contractor License (SH126),Active,YES,Restoration Services of Central Manhattan LLC,,c1d787d1b7,CREDENTIAL_ONLY,,,939a0ec586
ny_dol_mold,1920,Mold Remediation Contractor License (SH126):25-6LHRQ-SHMO,25-6LHRQ-SHMO,Mold Remediation Contractor License (SH126),Active,YES,Restorations Experts of NY Inc,,c1d787d1b7,CREDENTIAL_ONLY,,,939a0ec586
ny_dol_mold,1921,Mold Assessment Contractor License (SH125):24-633X7-SHMO,24-633X7-SHMO,Mold Assessment Contractor License (SH125),Active,YES,NRGRKM Trading LLC,,c1d787d1b7,CREDENTIAL_ONLY,,,939a0ec586
ny_dol_mold,1922,Mold Remediation Contractor License (SH126):01703,01703,Mold Remediation Contractor License (SH126),Expired,NO,NSH Green Clean LLC,,c1d787d1b7,CREDENTIAL_ONLY,,,939a0ec586
ny_dol_mold,1923,Mold Remediation Contractor License (SH126):24-6ANZY-SHMO,24-6ANZY-SHMO,Mold Remediation Contractor License (SH126),Expired,NO,NY CPR Restoration Inc.,,c1d787d1b7,CREDENTIAL_ONLY,,,939a0ec586
ny_dol_mold,1924,Mold Assessment Contractor License (SH125):25-65SGT-SHMO,25-65SGT-SHMO,Mold Assessment Contractor License (SH125),Active,YES,NY Indoor Air Quality Solutions Corp,,c1d787d1b7,CREDENTIAL_ONLY,,,939a0ec586
ny_dol_mold,1925,Mold Assessment Contractor License (SH125):26-66HEE-SHMO,26-66HEE-SHMO,Mold Assessment Contractor License (SH125),Active,YES,NY Mold Group,,c1d787d1b7,CREDENTIAL_ONLY,,,939a0ec586
ny_dol_mold,1926,Mold Remediation Contractor License (SH126):25-6UU93-SHMO,25-6UU93-SHMO,Mold Remediation Contractor License (SH126),Active,YES,"NYC Environmental Consultants, LLC",,c1d787d1b7,CREDENTIAL_ONLY,,,939a0ec586
ny_dol_mold,1927,Mold Assessment Contractor License (SH125):26-69C6I-SHMO,26-69C6I-SHMO,Mold Assessment Contractor License (SH125),Active,YES,NYC environmental Experts LLC.,,c1d787d1b7,CREDENTIAL_ONLY,,,939a0ec586
ny_dol_mold,1928,Mold Remediation Contractor License (SH126):25-6TOF3-SHMO,25-6TOF3-SHMO,Mold Remediation Contractor License (SH126),Active,YES,NYS Services Corp,,c1d787d1b7,CREDENTIAL_ONLY,,,939a0ec586
ny_dol_mold,1929,Mold Assessment Contractor License (SH125):26-69Y37-SHMO,26-69Y37-SHMO,Mold Assessment Contractor License (SH125),Active,YES,Narcisse Consulting LLC,,c1d787d1b7,CREDENTIAL_ONLY,,,939a0ec586
ny_dol_mold,1930,Mold Assessment Contractor License (SH125):24-6A1CJ-SHMO,24-6A1CJ-SHMO,Mold Assessment Contractor License (SH125),Expired,NO,"National Restoration Guild, Inc.",,c1d787d1b7,CREDENTIAL_ONLY,,,939a0ec586
ny_dol_mold,1931,Mold Assessment Contractor License (SH125):26-6ZUGO-SHMO,26-6ZUGO-SHMO,Mold Assessment Contractor License (SH125),Active,YES,"Naturally Green, LLC",,c1d787d1b7,CREDENTIAL_ONLY,,,939a0ec586
ny_dol_mold,1932,Mold Assessment Contractor License (SH125):25-6UOIN-SHMO,25-6UOIN-SHMO,Mold Assessment Contractor License (SH125),Active,YES,"Neighborhood Home Inspections, LLC",,c1d787d1b7,CREDENTIAL_ONLY,,,939a0ec586
ny_dol_mold,1933,Mold Remediation Contractor License (SH126):24-6A6CC-SHMO,24-6A6CC-SHMO,Mold Remediation Contractor License (SH126),Expired,NO,"New Day Services, Inc.",,c1d787d1b7,CREDENTIAL_ONLY,,,939a0ec586
ny_dol_mold,1934,Mold Remediation Contractor License (SH126):23-6L61F-SHMO,23-6L61F-SHMO,Mold Remediation Contractor License (SH126),Expired,NO,New JM Home Improvement Inc,,c1d787d1b7,CREDENTIAL_ONLY,,,939a0ec586
ny_dol_mold,1935,Mold Remediation Contractor License (SH126):26-6S7UG-SHMO,26-6S7UG-SHMO,Mold Remediation Contractor License (SH126),Active,YES,New Millennium Painting Corp.,,c1d787d1b7,CREDENTIAL_ONLY,,,939a0ec586
ny_dol_mold,1936,Mold Remediation Contractor License (SH126):26-6ZLRF-SHMO,26-6ZLRF-SHMO,Mold Remediation Contractor License (SH126),Active,YES,"New York Environmental Systems, Inc.",,c1d787d1b7,CREDENTIAL_ONLY,,,939a0ec586
ny_dol_mold,1937,Mold Remediation Contractor License (SH126):01752,01752,Mold Remediation Contractor License (SH126),Expired,NO,New York Mold Removal Corp,,c1d787d1b7,CREDENTIAL_ONLY,,,939a0ec586
ny_dol_mold,1938,Mold Remediation Contractor License (SH126):25-6TJ7O-SHMO,25-6TJ7O-SHMO,Mold Remediation Contractor License (SH126),Active,YES,"New York State Lead, Inc.",,c1d787d1b7,CREDENTIAL_ONLY,,,939a0ec586
ny_dol_mold,1939,Mold Assessment Contractor License (SH125):23-6T87C-SHMO,23-6T87C-SHMO,Mold Assessment Contractor License (SH125),Expired,NO,Newhouse Restoration inc,,c1d787d1b7,CREDENTIAL_ONLY,,,939a0ec586
ny_dol_mold,1940,Mold Remediation Contractor License (SH126):24-64FFK-SHMO,24-64FFK-SHMO,Mold Remediation Contractor License (SH126),Active,YES,NextGen Environmental LLC,,c1d787d1b7,CREDENTIAL_ONLY,,,939a0ec586
ny_dol_mold,1941,Mold Remediation Contractor License (SH126):24-6SIQO-SHMO,24-6SIQO-SHMO,Mold Remediation Contractor License (SH126),Expired,NO,"Nikat Enterprises, Inc",,c1d787d1b7,CREDENTIAL_ONLY,,,939a0ec586
ny_dol_mold,1942,Mold Remediation Contractor License (SH126):25-6UXQU-SHMO,25-6UXQU-SHMO,Mold Remediation Contractor License (SH126),Active,YES,"North Country Janitorial, Inc.",,c1d787d1b7,CREDENTIAL_ONLY,,,939a0ec586
ny_dol_mold,1943,Mold Remediation Contractor License (SH126):26-6SFS9-SHMO,26-6SFS9-SHMO,Mold Remediation Contractor License (SH126),Active,YES,"NorthStar Contracting Group, Inc.",,c1d787d1b7,CREDENTIAL_ONLY,,,939a0ec586
ny_dol_mold,1944,Mold Assessment Contractor License (SH125):24-63ODB-SHMO,24-63ODB-SHMO,Mold Assessment Contractor License (SH125),Active,YES,Northeast Restoration Solutions LLC,,c1d787d1b7,CREDENTIAL_ONLY,,,939a0ec586
ny_dol_mold,1945,Mold Assessment Contractor License (SH125):23-6TPQT-SHMO,23-6TPQT-SHMO,Mold Assessment Contractor License (SH125),Expired,NO,"Northern Property Management, LLC",,c1d787d1b7,CREDENTIAL_ONLY,,,939a0ec586
ny_dol_mold,1946,Mold Assessment Contractor License (SH125):25-6IH45-SHMO,25-6IH45-SHMO,Mold Assessment Contractor License (SH125),Active,YES,Nuclear Environmental LLC,,c1d787d1b7,CREDENTIAL_ONLY,,,939a0ec586
ny_dol_mold,1947,Mold Assessment Contractor License (SH125):25-657PY-SHMO,25-657PY-SHMO,Mold Assessment Contractor License (SH125),Active,YES,OAU Contracting Services LLC,,c1d787d1b7,CREDENTIAL_ONLY,,,939a0ec586
ny_dol_mold,1948,Mold Remediation Contractor License (SH126):25-65SFK-SHMO,25-65SFK-SHMO,Mold Remediation Contractor License (SH126),Active,YES,"ONIXX ENVIRONMENTAL, LLC",,c1d787d1b7,CREDENTIAL_ONLY,,,939a0ec586
ny_dol_mold,1949,Mold Assessment Contractor License (SH125):25-6L4X6-SHMO,25-6L4X6-SHMO,Mold Assessment Contractor License (SH125),Active,YES,"Olmsted Env. Services, Inc.",,c1d787d1b7,CREDENTIAL_ONLY,,,939a0ec586
ny_dol_mold,1950,Mold Remediation Contractor License (SH126):01874,01874,Mold Remediation Contractor License (SH126),Expired,NO,On Call Home Solutions LLC,,c1d787d1b7,CREDENTIAL_ONLY,,,939a0ec586
ny_dol_mold,1951,Mold Assessment Contractor License (SH125):25-6IR9L-SHMO,25-6IR9L-SHMO,Mold Assessment Contractor License (SH125),Active,YES,"On The Mark Home Inspections, LLC",,c1d787d1b7,CREDENTIAL_ONLY,,,939a0ec586
ny_dol_mold,1952,Mold Remediation Contractor License (SH126):26-6ANVK-SHMO,26-6ANVK-SHMO,Mold Remediation Contractor License (SH126),Active,YES,"Oneida Sales & Service, Inc.",,c1d787d1b7,CREDENTIAL_ONLY,,,939a0ec586
ny_dol_mold,1953,Mold Assessment Contractor License (SH125):25-65SRF-SHMO,25-65SRF-SHMO,Mold Assessment Contractor License (SH125),Active,YES,Onyx Restoration NY LLC,,c1d787d1b7,CREDENTIAL_ONLY,,,939a0ec586
ny_dol_mold,1954,Mold Assessment Contractor License (SH125):01828,01828,Mold Assessment Contractor License (SH125),Expired,NO,Optima Home Inspections Inc,,c1d787d1b7,CREDENTIAL_ONLY,,,939a0ec586
ny_dol_mold,1955,Mold Assessment Contractor License (SH125):25-6IPGT-SHMO,25-6IPGT-SHMO,Mold Assessment Contractor License (SH125),Active,YES,"P. W. Grosser Consulting, Inc.",,c1d787d1b7,CREDENTIAL_ONLY,,,939a0ec586
ny_dol_mold,1956,Mold Remediation Contractor License (SH126):25-6UEB4-SHMO,25-6UEB4-SHMO,Mold Remediation Contractor License (SH126),Active,YES,"P.M. Leary, LLC",,c1d787d1b7,CREDENTIAL_ONLY,,,939a0ec586
ny_dol_mold,1957,Mold Remediation Contractor License (SH126):26-6Z5TQ-SHMO,26-6Z5TQ-SHMO,Mold Remediation Contractor License (SH126),Active,YES,PATRIOT SONS USA LLC,,c1d787d1b7,CREDENTIAL_ONLY,,,939a0ec586
ny_dol_mold,1958,Mold Assessment Contractor License (SH125):25-6H3OQ-SHMO,25-6H3OQ-SHMO,Mold Assessment Contractor License (SH125),Active,YES,PITS Global LLC,,c1d787d1b7,CREDENTIAL_ONLY,,,939a0ec586
ny_dol_mold,1959,Mold Remediation Contractor License (SH126):26-6Z4ZI-SHMO,26-6Z4ZI-SHMO,Mold Remediation Contractor License (SH126),Active,YES,PMG General Solutions Inc.,,c1d787d1b7,CREDENTIAL_ONLY,,,939a0ec586
ny_dol_mold,1960,Mold Assessment Contractor License (SH125):23-6TOW9-SHMO,23-6TOW9-SHMO,Mold Assessment Contractor License (SH125),Expired,NO,PRESERVATION SERVICES LLC,,c1d787d1b7,CREDENTIAL_ONLY,,,939a0ec586
ny_dol_mold,1961,Mold Assessment Contractor License (SH125):25-6HXKT-SHMO,25-6HXKT-SHMO,Mold Assessment Contractor License (SH125),Active,YES,Painting Guy Inc,,c1d787d1b7,CREDENTIAL_ONLY,,,939a0ec586
ny_dol_mold,1962,Mold Assessment Contractor License (SH125):25-6LSZD-SHMO,25-6LSZD-SHMO,Mold Assessment Contractor License (SH125),Active,YES,"Paradigm Environmental, LLC.",,c1d787d1b7,CREDENTIAL_ONLY,,,939a0ec586
ny_dol_mold,1963,Mold Assessment Contractor License (SH125):26-67H9H-SHMO,26-67H9H-SHMO,Mold Assessment Contractor License (SH125),Active,YES,Patch Wall Pro's Corp,,c1d787d1b7,CREDENTIAL_ONLY,,,939a0ec586
ny_dol_mold,1964,Mold Remediation Contractor License (SH126):26-6ZAKO-SHMO,26-6ZAKO-SHMO,Mold Remediation Contractor License (SH126),Active,YES,"Paul Davis Systems of the Capital District, Inc.",,c1d787d1b7,CREDENTIAL_ONLY,,,939a0ec586
ny_dol_mold,1965,Mold Assessment Contractor License (SH125):25-6U8EQ-SHMO,25-6U8EQ-SHMO,Mold Assessment Contractor License (SH125),Active,YES,Paulina Corporation,,c1d787d1b7,CREDENTIAL_ONLY,,,939a0ec586
ny_dol_mold,1966,Mold Assessment Contractor License (SH125):24-63154-SHMO,24-63154-SHMO,Mold Assessment Contractor License (SH125),Active,YES,"Pedcore, Inc.",,c1d787d1b7,CREDENTIAL_ONLY,,,939a0ec586
ny_dol_mold,1967,Mold Assessment Contractor License (SH125):00188,00188,Mold Assessment Contractor License (SH125),Expired,NO,"People's Environmental, Inc.",,c1d787d1b7,CREDENTIAL_ONLY,,,939a0ec586
ny_dol_mold,1968,Mold Remediation Contractor License (SH126):01892,01892,Mold Remediation Contractor License (SH126),Expired,NO,Pest Pro Extermination Co. Inc.,,c1d787d1b7,CREDENTIAL_ONLY,,,939a0ec586
ny_dol_mold,1969,Mold Assessment Contractor License (SH125):26-6Z8Y3-SHMO,26-6Z8Y3-SHMO,Mold Assessment Contractor License (SH125),Active,YES,Phillip M. Carabin,,c1d787d1b7,CREDENTIAL_ONLY,,,939a0ec586
ny_dol_mold,1970,Mold Remediation Contractor License (SH126):25-67G8P-SHMO,25-67G8P-SHMO,Mold Remediation Contractor License (SH126),Active,YES,Phoenix Restorations LLC,,c1d787d1b7,CREDENTIAL_ONLY,,,939a0ec586
ny_dol_mold,1971,Mold Assessment Contractor License (SH125):01488,01488,Mold Assessment Contractor License (SH125),Expired,NO,Pitroy Enterprises LLC,,c1d787d1b7,CREDENTIAL_ONLY,,,939a0ec586
ny_dol_mold,1972,Mold Remediation Contractor License (SH126):26-6SV5V-SHMO,26-6SV5V-SHMO,Mold Remediation Contractor License (SH126),Active,YES,Plus Construction Services inc,,c1d787d1b7,CREDENTIAL_ONLY,,,939a0ec586
ny_dol_mold,1973,Mold Assessment Contractor License (SH125):25-6UYAP-SHMO,25-6UYAP-SHMO,Mold Assessment Contractor License (SH125),Active,YES,"Polito Home Inspections, Inc.",,c1d787d1b7,CREDENTIAL_ONLY,,,939a0ec586
ny_dol_mold,1974,Mold Assessment Contractor License (SH125):24-6AR4Z-SHMO,24-6AR4Z-SHMO,Mold Assessment Contractor License (SH125),Expired,NO,Pomilla Property Corp,,c1d787d1b7,CREDENTIAL_ONLY,,,939a0ec586
ny_dol_mold,1975,Mold Assessment Contractor License (SH125):26-6Z88F-SHMO,26-6Z88F-SHMO,Mold Assessment Contractor License (SH125),Active,YES,"Powers Environmental, LLC",,c1d787d1b7,CREDENTIAL_ONLY,,,939a0ec586
ny_dol_mold,1976,Mold Assessment Contractor License (SH125):25-6IEYU-SHMO,25-6IEYU-SHMO,Mold Assessment Contractor License (SH125),Active,YES,"Precision Environmental, Inc.",,c1d787d1b7,CREDENTIAL_ONLY,,,939a0ec586
ny_dol_mold,1977,Mold Remediation Contractor License (SH126):24-6SCJB-SHMO,24-6SCJB-SHMO,Mold Remediation Contractor License (SH126),Expired,NO,Premier Drying Solutions Corp,,c1d787d1b7,CREDENTIAL_ONLY,,,939a0ec586
ny_dol_mold,1978,Mold Assessment Contractor License (SH125):26-6ZRHX-SHMO,26-6ZRHX-SHMO,Mold Assessment Contractor License (SH125),Active,YES,"Premier inspection services, LLC",,c1d787d1b7,CREDENTIAL_ONLY,,,939a0ec586
ny_dol_mold,1979,Mold Assessment Contractor License (SH125):26-6AY5I-SHMO,26-6AY5I-SHMO,Mold Assessment Contractor License (SH125),Active,YES,"Prime Aire Mold Services, Inc.",,c1d787d1b7,CREDENTIAL_ONLY,,,939a0ec586
ny_dol_mold,1980,Mold Assessment Contractor License (SH125):26-6ZRKI-SHMO,26-6ZRKI-SHMO,Mold Assessment Contractor License (SH125),Active,YES,Prime Mold Removal Inc.,,c1d787d1b7,CREDENTIAL_ONLY,,,939a0ec586
ny_dol_mold,1981,Mold Assessment Contractor License (SH125):25-651IV-SHMO,25-651IV-SHMO,Mold Assessment Contractor License (SH125),Active,YES,Pristine General Contracting INC,,c1d787d1b7,CREDENTIAL_ONLY,,,939a0ec586
ny_dol_mold,1982,Mold Assessment Contractor License (SH125):24-6ZPK6-SHMO,24-6ZPK6-SHMO,Mold Assessment Contractor License (SH125),Expired,NO,"Pro-Engineered Inspections, P.C.",,c1d787d1b7,CREDENTIAL_ONLY,,,939a0ec586
ny_dol_mold,1983,Mold Remediation Contractor License (SH126):26-6AHCC-SHMO,26-6AHCC-SHMO,Mold Remediation Contractor License (SH126),Active,YES,ProServe Envioronmental Inc.,,c1d787d1b7,CREDENTIAL_ONLY,,,939a0ec586
ny_dol_mold,1984,Mold Remediation Contractor License (SH126):26-6ICUN-SHMO,26-6ICUN-SHMO,Mold Remediation Contractor License (SH126),Active,YES,Procyon Inc.,,c1d787d1b7,CREDENTIAL_ONLY,,,939a0ec586
ny_dol_mold,1985,Mold Assessment Contractor License (SH125):26-6ZTS6-SHMO,26-6ZTS6-SHMO,Mold Assessment Contractor License (SH125),Active,YES,Professional Home Inspection Service Inc.,,c1d787d1b7,CREDENTIAL_ONLY,,,939a0ec586
ny_dol_mold,1986,Mold Assessment Contractor License (SH125):00544,00544,Mold Assessment Contractor License (SH125),Expired,NO,"Professional Mold Testing, Inc.",,c1d787d1b7,CREDENTIAL_ONLY,,,939a0ec586
ny_dol_mold,1987,Mold Remediation Contractor License (SH126):26-6IF3K-SHMO,26-6IF3K-SHMO,Mold Remediation Contractor License (SH126),Active,YES,Promore Construction Corp.,,c1d787d1b7,CREDENTIAL_ONLY,,,939a0ec586
ny_dol_mold,1988,Mold Assessment Contractor License (SH125):26-61EVC-Shmo,26-61EVC-Shmo,Mold Assessment Contractor License (SH125),Active,YES,Property Deep Cleaning LLC,,c1d787d1b7,CREDENTIAL_ONLY,,,939a0ec586
ny_dol_mold,1989,Mold Remediation Contractor License (SH126):24-6S73K-SHMO,24-6S73K-SHMO,Mold Remediation Contractor License (SH126),Expired,NO,"Property Restoration, Inc.",,c1d787d1b7,CREDENTIAL_ONLY,,,939a0ec586
ny_dol_mold,1990,Mold Assessment Contractor License (SH125):26-661PX-SHMO,26-661PX-SHMO,Mold Assessment Contractor License (SH125),Active,YES,Provision General Contracting Inc.,,c1d787d1b7,CREDENTIAL_ONLY,,,939a0ec586
ny_dol_mold,1991,Mold Assessment Contractor License (SH125):00717,00717,Mold Assessment Contractor License (SH125),Expired,NO,Pure Environmental Inc,,c1d787d1b7,CREDENTIAL_ONLY,,,939a0ec586
ny_dol_mold,1992,Mold Assessment Contractor License (SH125):01802,01802,Mold Assessment Contractor License (SH125),Expired,NO,Put Back Builders Fire Water Smoke Corp,,c1d787d1b7,CREDENTIAL_ONLY,,,939a0ec586
ny_dol_mold,1993,Mold Remediation Contractor License (SH126):25-6HRF4-SHMO,25-6HRF4-SHMO,Mold Remediation Contractor License (SH126),Active,YES,QUALITY AIR ABATEMENT INC,,c1d787d1b7,CREDENTIAL_ONLY,,,939a0ec586
ny_dol_mold,1994,Mold Assessment Contractor License (SH125):25-654NY-SHMO,25-654NY-SHMO,Mold Assessment Contractor License (SH125),Active,YES,Quality Air Testing LLC,,c1d787d1b7,CREDENTIAL_ONLY,,,939a0ec586
ny_dol_mold,1995,Mold Assessment Contractor License (SH125):26-6ZU89-SHMO,26-6ZU89-SHMO,Mold Assessment Contractor License (SH125),Active,YES,Qualtec Environmental Inc.,,c1d787d1b7,CREDENTIAL_ONLY,,,939a0ec586
ny_dol_mold,1996,Mold Assessment Contractor License (SH125):26-6Z47A-SHMO,26-6Z47A-SHMO,Mold Assessment Contractor License (SH125),Active,YES,Questar III BOCES,,c1d787d1b7,CREDENTIAL_ONLY,,,939a0ec586
ny_dol_mold,1997,Mold Remediation Contractor License (SH126):25-67UV9-SHMO,25-67UV9-SHMO,Mold Remediation Contractor License (SH126),Active,YES,R S Construction & Renovation LLC,,c1d787d1b7,CREDENTIAL_ONLY,,,939a0ec586
ny_dol_mold,1998,Mold Assessment Contractor License (SH125):23-6TJBC-SHMO,23-6TJBC-SHMO,Mold Assessment Contractor License (SH125),Expired,NO,R. Giordano Inc,,c1d787d1b7,CREDENTIAL_ONLY,,,939a0ec586
ny_dol_mold,1999,Mold Remediation Contractor License (SH126):25-64A8Y-SHMO,25-64A8Y-SHMO,Mold Remediation Contractor License (SH126),Active,YES,RAVEN CONSTRUCTION SERVICES CORP.,,c1d787d1b7,CREDENTIAL_ONLY,,,939a0ec586
ny_dol_mold,2000,Mold Assessment Contractor License (SH125):25-64SF4-SHMO,25-64SF4-SHMO,Mold Assessment Contractor License (SH125),Active,YES,RE Building Corp.,,c1d787d1b7,CREDENTIAL_ONLY,,,939a0ec586
ny_dol_mold,2001,Mold Assessment Contractor License (SH125):25-651OV-SHMO,25-651OV-SHMO,Mold Assessment Contractor License (SH125),Active,YES,RESTORATION SUPPORT SOLUTIONS LLC,,c1d787d1b7,CREDENTIAL_ONLY,,,939a0ec586
ny_dol_mold,2002,Mold Assessment Contractor License (SH125):25-6UNK8-SHMO,25-6UNK8-SHMO,Mold Assessment Contractor License (SH125),Active,YES,ROBERTS ENVIRONMENTAL CORP.,,c1d787d1b7,CREDENTIAL_ONLY,,,939a0ec586
ny_dol_mold,2003,Mold Assessment Contractor License (SH125):26-6ACVR-SHMO,26-6ACVR-SHMO,Mold Assessment Contractor License (SH125),Active,YES,"ROCKWELL BUILDING SERVICES COMPANY, INC.",,c1d787d1b7,CREDENTIAL_ONLY,,,939a0ec586
ny_dol_mold,2004,Mold Assessment Contractor License (SH125):23-6UJHD-SHMO,23-6UJHD-SHMO,Mold Assessment Contractor License (SH125),Expired,NO,RR Plumbing Services Corporation,,c1d787d1b7,CREDENTIAL_ONLY,,,939a0ec586
ny_dol_mold,2005,Mold Assessment Contractor License (SH125):01765,01765,Mold Assessment Contractor License (SH125),Expired,NO,"RS Home Inspections, Inc.",,c1d787d1b7,CREDENTIAL_ONLY,,,939a0ec586
ny_dol_mold,2006,Mold Assessment Contractor License (SH125):26-6I4XV-SHMO,26-6I4XV-SHMO,Mold Assessment Contractor License (SH125),Active,YES,RTK Environmental Group LLC,,c1d787d1b7,CREDENTIAL_ONLY,,,939a0ec586
ny_dol_mold,2007,Mold Remediation Contractor License (SH126):25-65JSR-SHMO,25-65JSR-SHMO,Mold Remediation Contractor License (SH126),Active,YES,Rafalex Contracting Corp.,,c1d787d1b7,CREDENTIAL_ONLY,,,939a0ec586
ny_dol_mold,2008,Mold Assessment Contractor License (SH125):23-6TJ3N-SHMO,23-6TJ3N-SHMO,Mold Assessment Contractor License (SH125),Expired,NO,Ramboll US Consulting Inc.,,c1d787d1b7,CREDENTIAL_ONLY,,,939a0ec586
ny_dol_mold,2009,Mold Assessment Contractor License (SH125):24-63FC8-SHMO,24-63FC8-SHMO,Mold Assessment Contractor License (SH125),Active,YES,Rapid Mold Solutions Inc.,,c1d787d1b7,CREDENTIAL_ONLY,,,939a0ec586
ny_dol_mold,2010,Mold Remediation Contractor License (SH126):23-61VC7-SHMO,23-61VC7-SHMO,Mold Remediation Contractor License (SH126),Expired,NO,Raw Restoration Services Inc.,,c1d787d1b7,CREDENTIAL_ONLY,,,939a0ec586
ny_dol_mold,2011,Mold Assessment Contractor License (SH125):26-66FXA-SHMO,26-66FXA-SHMO,Mold Assessment Contractor License (SH125),Active,YES,Rayon Home Inspection Inc,,c1d787d1b7,CREDENTIAL_ONLY,,,939a0ec586
ny_dol_mold,2012,Mold Remediation Contractor License (SH126):25-64USU-SHMO,25-64USU-SHMO,Mold Remediation Contractor License (SH126),Active,YES,Ready2Go Mold Restoration LLC,,c1d787d1b7,CREDENTIAL_ONLY,,,939a0ec586
ny_dol_mold,2013,Mold Assessment Contractor License (SH125):01761,01761,Mold Assessment Contractor License (SH125),Expired,NO,Recon Home Inspections LLC,,c1d787d1b7,CREDENTIAL_ONLY,,,939a0ec586
ny_dol_mold,2014,Mold Remediation Contractor License (SH126):25-67T3S-SHMO,25-67T3S-SHMO,Mold Remediation Contractor License (SH126),Active,YES,"Refind Organization & Design, LLC.",,c1d787d1b7,CREDENTIAL_ONLY,,,939a0ec586
ny_dol_mold,2015,Mold Assessment Contractor License (SH125):26-6SSAQ-SHMO,26-6SSAQ-SHMO,Mold Assessment Contractor License (SH125),Active,YES,"Reliable Property Inspections of WNY, LLC",,c1d787d1b7,CREDENTIAL_ONLY,,,939a0ec586
ny_dol_mold,2016,Mold Remediation Contractor License (SH126):23-6T8SZ-SHMO,23-6T8SZ-SHMO,Mold Remediation Contractor License (SH126),Expired,NO,Remodeling Renovation NYC Corp,,c1d787d1b7,CREDENTIAL_ONLY,,,939a0ec586
ny_dol_mold,2017,Mold Remediation Contractor License (SH126):26-63Y53-SHMO,26-63Y53-SHMO,Mold Remediation Contractor License (SH126),Active,YES,Rentals 4 You LLC,,c1d787d1b7,CREDENTIAL_ONLY,,,939a0ec586
ny_dol_mold,2018,Mold Assessment Contractor License (SH125):25-65A5O-SHMO,25-65A5O-SHMO,Mold Assessment Contractor License (SH125),Active,YES,"Renzi's Home Improvements, Inc.",,c1d787d1b7,CREDENTIAL_ONLY,,,939a0ec586
ny_dol_mold,2019,Mold Remediation Contractor License (SH126):24-63X19-SHMO,24-63X19-SHMO,Mold Remediation Contractor License (SH126),Active,YES,Restoration Masters Incorporated,,c1d787d1b7,CREDENTIAL_ONLY,,,939a0ec586
ny_dol_mold,2020,Mold Remediation Contractor License (SH126):26-6SRNA-SHMO,26-6SRNA-SHMO,Mold Remediation Contractor License (SH126),Active,YES,Restoration Services of Medford LLC,,c1d787d1b7,CREDENTIAL_ONLY,,,939a0ec586
ny_dol_mold,2021,Mold Remediation Contractor License (SH126):25-67RTS-SHMO,25-67RTS-SHMO,Mold Remediation Contractor License (SH126),Active,YES,"Restorations Services, Inc.",,c1d787d1b7,CREDENTIAL_ONLY,,,939a0ec586
ny_dol_mold,2022,Mold Remediation Contractor License (SH126):25-64TZB-SHMO,25-64TZB-SHMO,Mold Remediation Contractor License (SH126),Active,YES,Restore 365 Inc,,c1d787d1b7,CREDENTIAL_ONLY,,,939a0ec586
ny_dol_mold,2023,Mold Remediation Contractor License (SH126):24-63KPQ-SHMO,24-63KPQ-SHMO,Mold Remediation Contractor License (SH126),Active,YES,Revamp Cleaning Solutions L.L.C.,,c1d787d1b7,CREDENTIAL_ONLY,,,939a0ec586
ny_dol_mold,2024,Mold Remediation Contractor License (SH126):26-66J1C-SHMO,26-66J1C-SHMO,Mold Remediation Contractor License (SH126),Active,YES,Rezy Save NY LLC,,c1d787d1b7,CREDENTIAL_ONLY,,,939a0ec586
ny_dol_mold,2025,Mold Assessment Contractor License (SH125):23-6TC1I-SHMO,23-6TC1I-SHMO,Mold Assessment Contractor License (SH125),Expired,NO,Right Price General Construction Corp.,,c1d787d1b7,CREDENTIAL_ONLY,,,939a0ec586
ny_dol_mold,2026,Mold Remediation Contractor License (SH126):25-6UTFU-SHMO,25-6UTFU-SHMO,Mold Remediation Contractor License (SH126),Active,YES,Ripple Restoration LLC,,c1d787d1b7,CREDENTIAL_ONLY,,,939a0ec586
ny_dol_mold,2027,Mold Assessment Contractor License (SH125):25-6UQT1-SHMO,25-6UQT1-SHMO,Mold Assessment Contractor License (SH125),Active,YES,Riverbay Corporation,,c1d787d1b7,CREDENTIAL_ONLY,,,939a0ec586
ny_dol_mold,2028,Mold Assessment Contractor License (SH125):01809,01809,Mold Assessment Contractor License (SH125),Expired,NO,Rochester Environmental Assessment LLC,,c1d787d1b7,CREDENTIAL_ONLY,,,939a0ec586
ny_dol_mold,2029,Mold Remediation Contractor License (SH126):24-6SBZC-SHMO,24-6SBZC-SHMO,Mold Remediation Contractor License (SH126),Expired,NO,"Rock Emergency Services, Inc.",,c1d787d1b7,CREDENTIAL_ONLY,,,939a0ec586
ny_dol_mold,2030,Mold Assessment Contractor License (SH125):26-6I9PY-SHMO,26-6I9PY-SHMO,Mold Assessment Contractor License (SH125),Active,YES,Rockland BOCES,,c1d787d1b7,CREDENTIAL_ONLY,,,939a0ec586
ny_dol_mold,2031,Mold Assessment Contractor License (SH125):25-6LJXB-SHMO,25-6LJXB-SHMO,Mold Assessment Contractor License (SH125),Active,YES,"Rome Environmental Solutions & Testing, LLC",,c1d787d1b7,CREDENTIAL_ONLY,,,939a0ec586
ny_dol_mold,2032,Mold Remediation Contractor License (SH126):24-631QU-SHMO,24-631QU-SHMO,Mold Remediation Contractor License (SH126),Active,YES,Roslyn Mold Contractors LLC,,c1d787d1b7,CREDENTIAL_ONLY,,,939a0ec586
ny_dol_mold,2033,Mold Assessment Contractor License (SH125):24-63ZK3-SHMO,24-63ZK3-SHMO,Mold Assessment Contractor License (SH125),Active,YES,"Roux Environmental Engineering & Geology, D.P.C.",,c1d787d1b7,CREDENTIAL_ONLY,,,939a0ec586
ny_dol_mold,2034,Mold Assessment Contractor License (SH125):26-6ZZVI-SHMO,26-6ZZVI-SHMO,Mold Assessment Contractor License (SH125),Active,YES,"S.A. Barcia Inspections, LLC",,c1d787d1b7,CREDENTIAL_ONLY,,,939a0ec586
ny_dol_mold,2035,Mold Assessment Contractor License (SH125):26-6ZHYP-SHMO,26-6ZHYP-SHMO,Mold Assessment Contractor License (SH125),Active,YES,"SAI ENVIRONMENTAL CONSULTANTS, INC",,c1d787d1b7,CREDENTIAL_ONLY,,,939a0ec586
ny_dol_mold,2036,Mold Assessment Contractor License (SH125):25-6UXZN-SHMO,25-6UXZN-SHMO,Mold Assessment Contractor License (SH125),Active,YES,SBG Environmental Corp,,c1d787d1b7,CREDENTIAL_ONLY,,,939a0ec586
ny_dol_mold,2037,Mold Remediation Contractor License (SH126):24-6AUP3-SHMO,24-6AUP3-SHMO,Mold Remediation Contractor License (SH126),Expired,NO,SHANNON ABATEMENT INC,,c1d787d1b7,CREDENTIAL_ONLY,,,939a0ec586
ny_dol_mold,2038,Mold Remediation Contractor License (SH126):25-6453J-SHMO,25-6453J-SHMO,Mold Remediation Contractor License (SH126),Active,YES,SIBS Mechanical LLC,,c1d787d1b7,CREDENTIAL_ONLY,,,939a0ec586
ny_dol_mold,2039,Mold Remediation Contractor License (SH126):01865,01865,Mold Remediation Contractor License (SH126),Expired,NO,SKM Northeast Inc.,,c1d787d1b7,CREDENTIAL_ONLY,,,939a0ec586
ny_dol_mold,2040,Mold Remediation Contractor License (SH126):25-64UOV-SHMO,25-64UOV-SHMO,Mold Remediation Contractor License (SH126),Active,YES,SMG Solutions Group inc,,c1d787d1b7,CREDENTIAL_ONLY,,,939a0ec586
ny_dol_mold,2041,Mold Remediation Contractor License (SH126):26-6ZF6G-SHMO,26-6ZF6G-SHMO,Mold Remediation Contractor License (SH126),Active,YES,SPLUT Inc.,,c1d787d1b7,CREDENTIAL_ONLY,,,939a0ec586
ny_dol_mold,2042,Mold Remediation Contractor License (SH126):25-653NB-SHMO,25-653NB-SHMO,Mold Remediation Contractor License (SH126),Active,YES,STARNIGHT CORP,,c1d787d1b7,CREDENTIAL_ONLY,,,939a0ec586
ny_dol_mold,2043,Mold Assessment Contractor License (SH125):00923,00923,Mold Assessment Contractor License (SH125),Expired,NO,SUBURBAN CONSULTANTS LTD,,c1d787d1b7,CREDENTIAL_ONLY,,,939a0ec586
ny_dol_mold,2044,Mold Assessment Contractor License (SH125):25-6IAB3-SHMO,25-6IAB3-SHMO,Mold Assessment Contractor License (SH125),Active,YES,Safe Home Inspection Services LLC,,c1d787d1b7,CREDENTIAL_ONLY,,,939a0ec586
ny_dol_mold,2045,Mold Assessment Contractor License (SH125):25-6TJZM-SHMO,25-6TJZM-SHMO,Mold Assessment Contractor License (SH125),Active,YES,Safety Universal LLC,,c1d787d1b7,CREDENTIAL_ONLY,,,939a0ec586
ny_dol_mold,2046,Mold Remediation Contractor License (SH126):24-63OG9-SHMO,24-63OG9-SHMO,Mold Remediation Contractor License (SH126),Active,YES,Salvatore  Barbieri,,c1d787d1b7,CREDENTIAL_ONLY,,,939a0ec586
ny_dol_mold,2047,Mold Remediation Contractor License (SH126):25-6UTFO-SHMO,25-6UTFO-SHMO,Mold Remediation Contractor License (SH126),Active,YES,Sandy's Environmental Services LLC,,c1d787d1b7,CREDENTIAL_ONLY,,,939a0ec586
ny_dol_mold,2048,Mold Remediation Contractor License (SH126):25-6IOZQ-SHMO,25-6IOZQ-SHMO,Mold Remediation Contractor License (SH126),Active,YES,Satgur Construction Inc,,c1d787d1b7,CREDENTIAL_ONLY,,,939a0ec586
ny_dol_mold,2049,Mold Assessment Contractor License (SH125):26-6ASUE-SHMO,26-6ASUE-SHMO,Mold Assessment Contractor License (SH125),Active,YES,Scott Olenick,,c1d787d1b7,CREDENTIAL_ONLY,,,939a0ec586
ny_dol_mold,2050,Mold Remediation Contractor License (SH126):26-6ZE9J-SHMO,26-6ZE9J-SHMO,Mold Remediation Contractor License (SH126),Active,YES,"Sepco, Inc.",,c1d787d1b7,CREDENTIAL_ONLY,,,939a0ec586
ny_dol_mold,2051,Mold Remediation Contractor License (SH126):26-6Z138-SHMO,26-6Z138-SHMO,Mold Remediation Contractor License (SH126),Active,YES,ServiceMaster Restoration by Marano Services LLC,,c1d787d1b7,CREDENTIAL_ONLY,,,939a0ec586
ny_dol_mold,2052,Mold Remediation Contractor License (SH126):25-65FSS-SHMO,25-65FSS-SHMO,Mold Remediation Contractor License (SH126),Active,YES,Setanta Inc,,c1d787d1b7,CREDENTIAL_ONLY,,,939a0ec586
ny_dol_mold,2053,Mold Remediation Contractor License (SH126):24-6IZHB-SHMO,24-6IZHB-SHMO,Mold Remediation Contractor License (SH126),Expired,NO,"Sheperd & Sheperd, Inc.",,c1d787d1b7,CREDENTIAL_ONLY,,,939a0ec586
ny_dol_mold,2054,Mold Remediation Contractor License (SH126):24-6AQH5-SHMO,24-6AQH5-SHMO,Mold Remediation Contractor License (SH126),Expired,NO,Shirley Contracting Corp,,c1d787d1b7,CREDENTIAL_ONLY,,,939a0ec586
ny_dol_mold,2055,Mold Remediation Contractor License (SH126):25-645ZZ-SHMO,25-645ZZ-SHMO,Mold Remediation Contractor License (SH126),Active,YES,Sierra Environmental Solutions LLC,,c1d787d1b7,CREDENTIAL_ONLY,,,939a0ec586
ny_dol_mold,2056,Mold Assessment Contractor License (SH125):26-6SK8B-SHMO,26-6SK8B-SHMO,Mold Assessment Contractor License (SH125),Active,YES,Silver Wolf Environmental Inc.,,c1d787d1b7,CREDENTIAL_ONLY,,,939a0ec586
ny_dol_mold,2057,Mold Assessment Contractor License (SH125):23-6TJ1X-SHMO,23-6TJ1X-SHMO,Mold Assessment Contractor License (SH125),Expired,NO,Simon Hometech Inc.,,c1d787d1b7,CREDENTIAL_ONLY,,,939a0ec586
ny_dol_mold,2058,Mold Remediation Contractor License (SH126):23-6T8E7-SHMO,23-6T8E7-SHMO,Mold Remediation Contractor License (SH126),Expired,NO,Simply the Best Cleaning Service LLC,,c1d787d1b7,CREDENTIAL_ONLY,,,939a0ec586
ny_dol_mold,2059,Mold Assessment Contractor License (SH125):25-64V9X-SHMO,25-64V9X-SHMO,Mold Assessment Contractor License (SH125),Active,YES,"Skyward Property Solutions, LLC",,c1d787d1b7,CREDENTIAL_ONLY,,,939a0ec586
ny_dol_mold,2060,Mold Assessment Contractor License (SH125):26-6Z8EN-SHMO,26-6Z8EN-SHMO,Mold Assessment Contractor License (SH125),Active,YES,"Smith Inspection Services, LLC",,c1d787d1b7,CREDENTIAL_ONLY,,,939a0ec586
ny_dol_mold,2061,Mold Assessment Contractor License (SH125):25-641AP-SHMO,25-641AP-SHMO,Mold Assessment Contractor License (SH125),Active,YES,"Solid Rock Home Inspections of Long Island, LLC",,c1d787d1b7,CREDENTIAL_ONLY,,,939a0ec586
ny_dol_mold,2062,Mold Assessment Contractor License (SH125):25-64L9Y-SHMO,25-64L9Y-SHMO,Mold Assessment Contractor License (SH125),Active,YES,Sound Environmental Solutions Inc.,,c1d787d1b7,CREDENTIAL_ONLY,,,939a0ec586
ny_dol_mold,2063,Mold Remediation Contractor License (SH126):24-6A3ZD-SHMO,24-6A3ZD-SHMO,Mold Remediation Contractor License (SH126),Expired,NO,"Southeast Restoration, Inc.",,c1d787d1b7,CREDENTIAL_ONLY,,,939a0ec586
ny_dol_mold,2064,Mold Remediation Contractor License (SH126):26-6S7TL-SHMO,26-6S7TL-SHMO,Mold Remediation Contractor License (SH126),Active,YES,Spartan Quality Corp.,,c1d787d1b7,CREDENTIAL_ONLY,,,939a0ec586
ny_dol_mold,2065,Mold Remediation Contractor License (SH126):25-6HSIO-SHMO,25-6HSIO-SHMO,Mold Remediation Contractor License (SH126),Active,YES,Spinelli Cleaning Inc,,c1d787d1b7,CREDENTIAL_ONLY,,,939a0ec586
ny_dol_mold,2066,Mold Remediation Contractor License (SH126):23-6TJBP-SHMO,23-6TJBP-SHMO,Mold Remediation Contractor License (SH126),Expired,NO,Stamford Wrecking Company,,c1d787d1b7,CREDENTIAL_ONLY,,,939a0ec586
ny_dol_mold,2067,Mold Assessment Contractor License (SH125):25-61CYO-SHMO,25-61CYO-SHMO,Mold Assessment Contractor License (SH125),Active,YES,"Stat Sanitizing, LLC",,c1d787d1b7,CREDENTIAL_ONLY,,,939a0ec586
ny_dol_mold,2068,Mold Assessment Contractor License (SH125):24-63RJ8-SHMO,24-63RJ8-SHMO,Mold Assessment Contractor License (SH125),Expired,NO,Stephen G Stringer,,c1d787d1b7,CREDENTIAL_ONLY,,,939a0ec586
ny_dol_mold,2069,Mold Assessment Contractor License (SH125):25-6LU6Q-SHMO,25-6LU6Q-SHMO,Mold Assessment Contractor License (SH125),Active,YES,"Stock Consulting, LLC",,c1d787d1b7,CREDENTIAL_ONLY,,,939a0ec586
ny_dol_mold,2070,Mold Assessment Contractor License (SH125):25-64TZR-SHMO,25-64TZR-SHMO,Mold Assessment Contractor License (SH125),Active,YES,Stone Home Inspections Corp,,c1d787d1b7,CREDENTIAL_ONLY,,,939a0ec586
ny_dol_mold,2071,Mold Assessment Contractor License (SH125):26-69NYX-SHMO,26-69NYX-SHMO,Mold Assessment Contractor License (SH125),Active,YES,Studious Services LLC,,c1d787d1b7,CREDENTIAL_ONLY,,,939a0ec586
ny_dol_mold,2072,Mold Remediation Contractor License (SH126):26-6ZE9C-SHMO,26-6ZE9C-SHMO,Mold Remediation Contractor License (SH126),Active,YES,Sully Construction Corp,,c1d787d1b7,CREDENTIAL_ONLY,,,939a0ec586
ny_dol_mold,2073,Mold Remediation Contractor License (SH126):25-6Z737-SHMO,25-6Z737-SHMO,Mold Remediation Contractor License (SH126),Active,YES,Sunshine Environmental Solutions LLC,,c1d787d1b7,CREDENTIAL_ONLY,,,939a0ec586
ny_dol_mold,2074,Mold Remediation Contractor License (SH126):25-6188X-SHMO,25-6188X-SHMO,Mold Remediation Contractor License (SH126),Active,YES,Superior Cleaning Services Inc,,c1d787d1b7,CREDENTIAL_ONLY,,,939a0ec586
ny_dol_mold,2075,Mold Remediation Contractor License (SH126):26-6AANJ-SHMO,26-6AANJ-SHMO,Mold Remediation Contractor License (SH126),Active,YES,"Superior Restoration & Remodeling, Inc.",,c1d787d1b7,CREDENTIAL_ONLY,,,939a0ec586
ny_dol_mold,2076,Mold Remediation Contractor License (SH126):24-6ZUZT-SHMO,24-6ZUZT-SHMO,Mold Remediation Contractor License (SH126),Expired,NO,Suraj Construction Inc.,,c1d787d1b7,CREDENTIAL_ONLY,,,939a0ec586
ny_dol_mold,2077,Mold Remediation Contractor License (SH126):25-67E1A-SHMO,25-67E1A-SHMO,Mold Remediation Contractor License (SH126),Active,YES,"T&S Properties of New York, LLC",,c1d787d1b7,CREDENTIAL_ONLY,,,939a0ec586
ny_dol_mold,2078,Mold Assessment Contractor License (SH125):24-63YI8-SHMO,24-63YI8-SHMO,Mold Assessment Contractor License (SH125),Expired,NO,TA-Facon LLC,,c1d787d1b7,CREDENTIAL_ONLY,,,939a0ec586
ny_dol_mold,2079,Mold Remediation Contractor License (SH126):01891,01891,Mold Remediation Contractor License (SH126),Expired,NO,"TDM Royal, Inc",,c1d787d1b7,CREDENTIAL_ONLY,,,939a0ec586
ny_dol_mold,2080,Mold Assessment Contractor License (SH125):25-6TK8T-SHMO,25-6TK8T-SHMO,Mold Assessment Contractor License (SH125),Active,YES,THE DELAWARE VERTEX COMPANIES,,c1d787d1b7,CREDENTIAL_ONLY,,,939a0ec586
ny_dol_mold,2081,Mold Remediation Contractor License (SH126):24-6Z6AI-SHMO,24-6Z6AI-SHMO,Mold Remediation Contractor License (SH126),Expired,NO,"TMC Restoration of Syracuse, New York, LLC",,c1d787d1b7,CREDENTIAL_ONLY,,,939a0ec586
ny_dol_mold,2082,Mold Assessment Contractor License (SH125):24-63PAI-SHMO,24-63PAI-SHMO,Mold Assessment Contractor License (SH125),Active,YES,TRC Environmental Corporation,,c1d787d1b7,CREDENTIAL_ONLY,,,939a0ec586
ny_dol_mold,2083,Mold Remediation Contractor License (SH126):26-6Z19Q-SHMO,26-6Z19Q-SHMO,Mold Remediation Contractor License (SH126),Active,YES,TRU TEK CONSTRUCTION ADN RESTORATION INC,,c1d787d1b7,CREDENTIAL_ONLY,,,939a0ec586
ny_dol_mold,2084,Mold Assessment Contractor License (SH125):25-65N7T-SHMO,25-65N7T-SHMO,Mold Assessment Contractor License (SH125),Active,YES,"TURA HOME INSPECTIONS, LLC",,c1d787d1b7,CREDENTIAL_ONLY,,,939a0ec586
ny_dol_mold,2085,Mold Assessment Contractor License (SH125):25-6H893-SHMO,25-6H893-SHMO,Mold Assessment Contractor License (SH125),Active,YES,Tait Abate Mold Elimination LLC,,c1d787d1b7,CREDENTIAL_ONLY,,,939a0ec586
ny_dol_mold,2086,Mold Remediation Contractor License (SH126):25-6IOZT-SHMO,25-6IOZT-SHMO,Mold Remediation Contractor License (SH126),Active,YES,Team C.O.L Management Inc,,c1d787d1b7,CREDENTIAL_ONLY,,,939a0ec586
ny_dol_mold,2087,Mold Remediation Contractor License (SH126):26-6ZUSL-SHMO,26-6ZUSL-SHMO,Mold Remediation Contractor License (SH126),Active,YES,TechClean Industries,,c1d787d1b7,CREDENTIAL_ONLY,,,939a0ec586
ny_dol_mold,2088,Mold Assessment Contractor License (SH125):25-6UUHE-SHMO,25-6UUHE-SHMO,Mold Assessment Contractor License (SH125),Active,YES,Testing Mechanics Corp.,,c1d787d1b7,CREDENTIAL_ONLY,,,939a0ec586
ny_dol_mold,2089,Mold Remediation Contractor License (SH126):25-6IXZO-SHMO,25-6IXZO-SHMO,Mold Remediation Contractor License (SH126),Active,YES,"The ALC Group, LLC",,c1d787d1b7,CREDENTIAL_ONLY,,,939a0ec586
ny_dol_mold,2090,Mold Assessment Contractor License (SH125):24-6Z1A7-SHMO,24-6Z1A7-SHMO,Mold Assessment Contractor License (SH125),Expired,NO,"The CASA Group, Inc",,c1d787d1b7,CREDENTIAL_ONLY,,,939a0ec586
ny_dol_mold,2091,Mold Remediation Contractor License (SH126):24-6358P-SHMO,24-6358P-SHMO,Mold Remediation Contractor License (SH126),Active,YES,"The Lucky Duct, Inc",,c1d787d1b7,CREDENTIAL_ONLY,,,939a0ec586
ny_dol_mold,2092,Mold Remediation Contractor License (SH126):26-6AXJZ-SHMO,26-6AXJZ-SHMO,Mold Remediation Contractor License (SH126),Active,YES,The Restoration Specialist Group LLC,,c1d787d1b7,CREDENTIAL_ONLY,,,939a0ec586
ny_dol_mold,2093,Mold Remediation Contractor License (SH126):26-6ZUS7-SHMO,26-6ZUS7-SHMO,Mold Remediation Contractor License (SH126),Active,YES,The Stalwart Development Group LLC,,c1d787d1b7,CREDENTIAL_ONLY,,,939a0ec586
ny_dol_mold,2094,Mold Assessment Contractor License (SH125):26-6AGS4-SHMO,26-6AGS4-SHMO,Mold Assessment Contractor License (SH125),Active,YES,Thomas Madigan,,c1d787d1b7,CREDENTIAL_ONLY,,,939a0ec586
ny_dol_mold,2095,Mold Assessment Contractor License (SH125):25-65HG9-SHMO,25-65HG9-SHMO,Mold Assessment Contractor License (SH125),Active,YES,Titan Group USA,,c1d787d1b7,CREDENTIAL_ONLY,,,939a0ec586
ny_dol_mold,2096,Mold Assessment Contractor License (SH125):24-637FP-SHMO,24-637FP-SHMO,Mold Assessment Contractor License (SH125),Active,YES,Tom Conley Consulting LLC,,c1d787d1b7,CREDENTIAL_ONLY,,,939a0ec586
ny_dol_mold,2097,Mold Assessment Contractor License (SH125):25-65BE1-SHMO,25-65BE1-SHMO,Mold Assessment Contractor License (SH125),Active,YES,Top Home Inspection Services LLC,,c1d787d1b7,CREDENTIAL_ONLY,,,939a0ec586
ny_dol_mold,2098,Mold Remediation Contractor License (SH126):25-659P7-SHMO,25-659P7-SHMO,Mold Remediation Contractor License (SH126),Active,YES,Top-Notch Painting Inc,,c1d787d1b7,CREDENTIAL_ONLY,,,939a0ec586
ny_dol_mold,2099,Mold Remediation Contractor License (SH126):25-6TJKS-SHMO,25-6TJKS-SHMO,Mold Remediation Contractor License (SH126),Active,YES,"Total Environmental Restoration Solutions, Inc.",,c1d787d1b7,CREDENTIAL_ONLY,,,939a0ec586
ny_dol_mold,2100,Mold Assessment Contractor License (SH125):24-63OHR-SHMO,24-63OHR-SHMO,Mold Assessment Contractor License (SH125),Active,YES,Total Quality Environmental Inc,,c1d787d1b7,CREDENTIAL_ONLY,,,939a0ec586
ny_dol_mold,2101,Mold Assessment Contractor License (SH125):26-63GY5-SHMO,26-63GY5-SHMO,Mold Assessment Contractor License (SH125),Active,YES,Toxin Testers LLC,,c1d787d1b7,CREDENTIAL_ONLY,,,939a0ec586
ny_dol_mold,2102,Mold Remediation Contractor License (SH126):01821,01821,Mold Remediation Contractor License (SH126),Expired,NO,Tradeseal Corp,,c1d787d1b7,CREDENTIAL_ONLY,,,939a0ec586
ny_dol_mold,2103,Mold Assessment Contractor License (SH125):24-6SSJE-SHMO,24-6SSJE-SHMO,Mold Assessment Contractor License (SH125),Expired,NO,Tri-State Engineering P.C.,,c1d787d1b7,CREDENTIAL_ONLY,,,939a0ec586
ny_dol_mold,2104,Mold Remediation Contractor License (SH126):01572,01572,Mold Remediation Contractor License (SH126),Expired,NO,Trinity Solar Inc.,,c1d787d1b7,CREDENTIAL_ONLY,,,939a0ec586
ny_dol_mold,2105,Mold Remediation Contractor License (SH126):23-6TKXP-SHMO,23-6TKXP-SHMO,Mold Remediation Contractor License (SH126),Expired,NO,Tristate Fire Water Smoke LLC,,c1d787d1b7,CREDENTIAL_ONLY,,,939a0ec586
ny_dol_mold,2106,Mold Remediation Contractor License (SH126):24-6AOKO-SHMO,24-6AOKO-SHMO,Mold Remediation Contractor License (SH126),Expired,NO,"TruPro Remediation Services Group, Inc.",,c1d787d1b7,CREDENTIAL_ONLY,,,939a0ec586
ny_dol_mold,2107,Mold Assessment Contractor License (SH125):25-6TJFR-SHMO,25-6TJFR-SHMO,Mold Assessment Contractor License (SH125),Active,YES,"True View Home Inspections, LLC",,c1d787d1b7,CREDENTIAL_ONLY,,,939a0ec586
ny_dol_mold,2108,Mold Assessment Contractor License (SH125):26-69A4L-SHMO,26-69A4L-SHMO,Mold Assessment Contractor License (SH125),Active,YES,TwentyMile LLC,,c1d787d1b7,CREDENTIAL_ONLY,,,939a0ec586
ny_dol_mold,2109,Mold Remediation Contractor License (SH126):26-698PP-SHMO,26-698PP-SHMO,Mold Remediation Contractor License (SH126),Active,YES,"Two Sons Environmental 2, LLC",,c1d787d1b7,CREDENTIAL_ONLY,,,939a0ec586
ny_dol_mold,2110,Mold Remediation Contractor License (SH126):26-6I9CK-SHMO,26-6I9CK-SHMO,Mold Remediation Contractor License (SH126),Active,YES,"U.S. Environmental Abatement, Corp.",,c1d787d1b7,CREDENTIAL_ONLY,,,939a0ec586
ny_dol_mold,2111,Mold Assessment Contractor License (SH125):25-6AUSP-SHMO,25-6AUSP-SHMO,Mold Assessment Contractor License (SH125),Active,YES,"UL Verification Services, Inc.",,c1d787d1b7,CREDENTIAL_ONLY,,,939a0ec586
ny_dol_mold,2112,Mold Assessment Contractor License (SH125):25-6UNSJ-SHMO,25-6UNSJ-SHMO,Mold Assessment Contractor License (SH125),Active,YES,URS Corporation- New York,,c1d787d1b7,CREDENTIAL_ONLY,,,939a0ec586
ny_dol_mold,2113,Mold Assessment Contractor License (SH125):25-6UD5R-SHMO,25-6UD5R-SHMO,Mold Assessment Contractor License (SH125),Active,YES,Ulster County BOCES,,c1d787d1b7,CREDENTIAL_ONLY,,,939a0ec586
ny_dol_mold,2114,Mold Remediation Contractor License (SH126):01887,01887,Mold Remediation Contractor License (SH126),Expired,NO,Unique Remediation LLC,,c1d787d1b7,CREDENTIAL_ONLY,,,939a0ec586
ny_dol_mold,2115,Mold Remediation Contractor License (SH126):23-6UU8T-SHMO,23-6UU8T-SHMO,Mold Remediation Contractor License (SH126),Expired,NO,Universal Construction Inc.,,c1d787d1b7,CREDENTIAL_ONLY,,,939a0ec586
ny_dol_mold,2116,Mold Remediation Contractor License (SH126):01889,01889,Mold Remediation Contractor License (SH126),Expired,NO,"Upper East Side Restoration, Inc.",,c1d787d1b7,CREDENTIAL_ONLY,,,939a0ec586
ny_dol_mold,2117,Mold Assessment Contractor License (SH125):23-6TOPY-SHMO,23-6TOPY-SHMO,Mold Assessment Contractor License (SH125),Expired,NO,Upstate Home Services LLC,,c1d787d1b7,CREDENTIAL_ONLY,,,939a0ec586
ny_dol_mold,2118,Mold Remediation Contractor License (SH126):25-61JRU-SHMO,25-61JRU-SHMO,Mold Remediation Contractor License (SH126),Active,YES,Urgent Restoration1 LLC,,c1d787d1b7,CREDENTIAL_ONLY,,,939a0ec586
ny_dol_mold,2119,Mold Remediation Contractor License (SH126):26-9YN6G-SHMO,26-9YN6G-SHMO,Mold Remediation Contractor License (SH126),Active,YES,VENTRYX LLC,,c1d787d1b7,CREDENTIAL_ONLY,,,939a0ec586
ny_dol_mold,2120,Mold Remediation Contractor License (SH126):26-6646D-SHMO,26-6646D-SHMO,Mold Remediation Contractor License (SH126),Active,YES,VIT Unlimited Inc,,c1d787d1b7,CREDENTIAL_ONLY,,,939a0ec586
ny_dol_mold,2121,Mold Assessment Contractor License (SH125):25-6LIHI-SHMO,25-6LIHI-SHMO,Mold Assessment Contractor License (SH125),Active,YES,Valcon Environmental & Mechanical Contracting LLC,,c1d787d1b7,CREDENTIAL_ONLY,,,939a0ec586
ny_dol_mold,2122,Mold Assessment Contractor License (SH125):23-6UWJ5-SHMO,23-6UWJ5-SHMO,Mold Assessment Contractor License (SH125),Expired,NO,Vanguard Home Services LLC,,c1d787d1b7,CREDENTIAL_ONLY,,,939a0ec586
ny_dol_mold,2123,Mold Remediation Contractor License (SH126):23-6UD63-SHMO,23-6UD63-SHMO,Mold Remediation Contractor License (SH126),Expired,NO,Restore Rite NY Corp,,c1d787d1b7,CREDENTIAL_ONLY,,,939a0ec586
ny_dol_mold,2124,Mold Remediation Contractor License (SH126):23-6TQBN-SHMO,23-6TQBN-SHMO,Mold Remediation Contractor License (SH126),Expired,NO,Revolt Management SVC Corp,,c1d787d1b7,CREDENTIAL_ONLY,,,939a0ec586
ny_dol_mold,2125,Mold Assessment Contractor License (SH125):23-61VEE-SHMO,23-61VEE-SHMO,Mold Assessment Contractor License (SH125),Expired,NO,Rhini Solutions LLC,,c1d787d1b7,CREDENTIAL_ONLY,,,939a0ec586
ny_dol_mold,2126,Mold Remediation Contractor License (SH126):24-6TXE4-shmo,24-6TXE4-shmo,Mold Remediation Contractor License (SH126),Expired,NO,Right Price General Construction Corp.,,c1d787d1b7,CREDENTIAL_ONLY,,,939a0ec586
ny_dol_mold,2127,Mold Remediation Contractor License (SH126):23-6TKWQ-SHMO,23-6TKWQ-SHMO,Mold Remediation Contractor License (SH126),Expired,NO,Rising Star Infratech Corp,,c1d787d1b7,CREDENTIAL_ONLY,,,939a0ec586
ny_dol_mold,2128,Mold Assessment Contractor License (SH125):23-6I86D-SHMO,23-6I86D-SHMO,Mold Assessment Contractor License (SH125),Expired,NO,Robert DeJesus Perez,,c1d787d1b7,CREDENTIAL_ONLY,,,939a0ec586
ny_dol_mold,2129,Mold Assessment Contractor License (SH125):01715,01715,Mold Assessment Contractor License (SH125),Expired,NO,Rochester Environmental Assessment LLC,,c1d787d1b7,CREDENTIAL_ONLY,,,939a0ec586
ny_dol_mold,2130,Mold Assessment Contractor License (SH125):23-6LYUR-SHMO,23-6LYUR-SHMO,Mold Assessment Contractor License (SH125),Expired,NO,Rock Solid Biotechnologies LLC,,c1d787d1b7,CREDENTIAL_ONLY,,,939a0ec586
ny_dol_mold,2131,Mold Remediation Contractor License (SH126):25-6LOZH-SHMO,25-6LOZH-SHMO,Mold Remediation Contractor License (SH126),Active,YES,"Rockwood Environmental Solutions, LLC",,c1d787d1b7,CREDENTIAL_ONLY,,,939a0ec586
ny_dol_mold,2132,Mold Remediation Contractor License (SH126):25-6TQC1-SHMO,25-6TQC1-SHMO,Mold Remediation Contractor License (SH126),Active,YES,Rona Maintenance Inc.,,c1d787d1b7,CREDENTIAL_ONLY,,,939a0ec586
ny_dol_mold,2133,Mold Assessment Contractor License (SH125):26-6SGUV-SHMO,26-6SGUV-SHMO,Mold Assessment Contractor License (SH125),Active,YES,Rossi Home Inspections Inc.,,c1d787d1b7,CREDENTIAL_ONLY,,,939a0ec586
ny_dol_mold,2134,Mold Remediation Contractor License (SH126):25-6LJC4-SHMO,25-6LJC4-SHMO,Mold Remediation Contractor License (SH126),Active,YES,"Royal Restoration & Construction, Inc.",,c1d787d1b7,CREDENTIAL_ONLY,,,939a0ec586
ny_dol_mold,2135,Mold Remediation Contractor License (SH126):26-6S7J6-SHMO,26-6S7J6-SHMO,Mold Remediation Contractor License (SH126),Active,YES,"S.E.G. CONSTRUCTION, INC.",,c1d787d1b7,CREDENTIAL_ONLY,,,939a0ec586
ny_dol_mold,2136,Mold Assessment Contractor License (SH125):00583,00583,Mold Assessment Contractor License (SH125),Expired,NO,"SAI Environmental Consultants, Inc.",,c1d787d1b7,CREDENTIAL_ONLY,,,939a0ec586
ny_dol_mold,2137,Mold Assessment Contractor License (SH125):24-6AFZT-SHMO,24-6AFZT-SHMO,Mold Assessment Contractor License (SH125),Expired,NO,SELA Group New York Inc.,,c1d787d1b7,CREDENTIAL_ONLY,,,939a0ec586
ny_dol_mold,2138,Mold Remediation Contractor License (SH126):26-64TB9-SHMO,26-64TB9-SHMO,Mold Remediation Contractor License (SH126),Active,YES,SHINING SKY INC.,,c1d787d1b7,CREDENTIAL_ONLY,,,939a0ec586
ny_dol_mold,2139,Mold Assessment Contractor License (SH125):25-6453X-SHMO,25-6453X-SHMO,Mold Assessment Contractor License (SH125),Active,YES,SIBS Mechanical LLC,,c1d787d1b7,CREDENTIAL_ONLY,,,939a0ec586
ny_dol_mold,2140,Mold Assessment Contractor License (SH125):01766,01766,Mold Assessment Contractor License (SH125),Expired,NO,SKM Northeast Inc.,,c1d787d1b7,CREDENTIAL_ONLY,,,939a0ec586
ny_dol_mold,2141,Mold Assessment Contractor License (SH125):25-6TCU4-SHMO,25-6TCU4-SHMO,Mold Assessment Contractor License (SH125),Active,YES,SONIC HOME INSPECTIONS INC.,,c1d787d1b7,CREDENTIAL_ONLY,,,939a0ec586
ny_dol_mold,2142,Mold Remediation Contractor License (SH126):26-66L3I-SHMO,26-66L3I-SHMO,Mold Remediation Contractor License (SH126),Active,YES,SPRINT CONSTRUCTION INC.,,c1d787d1b7,CREDENTIAL_ONLY,,,939a0ec586
ny_dol_mold,2143,Mold Remediation Contractor License (SH126):24-63SG3-SHMO,24-63SG3-SHMO,Mold Remediation Contractor License (SH126),Active,YES,STEAMWAY INC.,,c1d787d1b7,CREDENTIAL_ONLY,,,939a0ec586
ny_dol_mold,2144,Mold Remediation Contractor License (SH126):25-65COU-SHMO,25-65COU-SHMO,Mold Remediation Contractor License (SH126),Active,YES,SW JD Inc,,c1d787d1b7,CREDENTIAL_ONLY,,,939a0ec586
ny_dol_mold,2145,Mold Assessment Contractor License (SH125):25-67EH8-SHMO,25-67EH8-SHMO,Mold Assessment Contractor License (SH125),Active,YES,SafeHome Mold Services LLC,,c1d787d1b7,CREDENTIAL_ONLY,,,939a0ec586
ny_dol_mold,2146,Mold Remediation Contractor License (SH126):25-64QOY-SHMO,25-64QOY-SHMO,Mold Remediation Contractor License (SH126),Active,YES,Sage Builders Syndicate Inc.,,c1d787d1b7,CREDENTIAL_ONLY,,,939a0ec586
ny_dol_mold,2147,Mold Assessment Contractor License (SH125):25-61GAF-SHMO,25-61GAF-SHMO,Mold Assessment Contractor License (SH125),Active,YES,"Salvus Group, LLC",,c1d787d1b7,CREDENTIAL_ONLY,,,939a0ec586
ny_dol_mold,2148,Mold Assessment Contractor License (SH125):26-6AY5Q-SHMO,26-6AY5Q-SHMO,Mold Assessment Contractor License (SH125),Active,YES,Sandy's Environmental Services LLC,,c1d787d1b7,CREDENTIAL_ONLY,,,939a0ec586
ny_dol_mold,2149,Mold Assessment Contractor License (SH125):25-6H17O-SHMO,25-6H17O-SHMO,Mold Assessment Contractor License (SH125),Active,YES,Sav-On Sewer & Drain Inc.,,c1d787d1b7,CREDENTIAL_ONLY,,,939a0ec586
ny_dol_mold,2150,Mold Remediation Contractor License (SH126):26-66R13-SHMO,26-66R13-SHMO,Mold Remediation Contractor License (SH126),Active,YES,Seemly Environmental Services,,c1d787d1b7,CREDENTIAL_ONLY,,,939a0ec586
ny_dol_mold,2151,Mold Assessment Contractor License (SH125):23-6UXFA-SHMO,23-6UXFA-SHMO,Mold Assessment Contractor License (SH125),Expired,NO,Serenity Home Inspections LLC,,c1d787d1b7,CREDENTIAL_ONLY,,,939a0ec586
ny_dol_mold,2152,Mold Remediation Contractor License (SH126):00290,00290,Mold Remediation Contractor License (SH126),Expired,NO,"Servpro of Oakdale/North Bay Shore, LLC",,c1d787d1b7,CREDENTIAL_ONLY,,,939a0ec586
ny_dol_mold,2153,Mold Assessment Contractor License (SH125):24-6ZU84-SHMO,24-6ZU84-SHMO,Mold Assessment Contractor License (SH125),Expired,NO,Sevens Inspection Services Inc.,,c1d787d1b7,CREDENTIAL_ONLY,,,939a0ec586
ny_dol_mold,2154,Mold Remediation Contractor License (SH126):24-63HYF-SHMO,24-63HYF-SHMO,Mold Remediation Contractor License (SH126),Expired,NO,Sheri & William D Osborne,,c1d787d1b7,CREDENTIAL_ONLY,,,939a0ec586
ny_dol_mold,2155,Mold Remediation Contractor License (SH126):26-66ROX-SHMO,26-66ROX-SHMO,Mold Remediation Contractor License (SH126),Active,YES,Shweet Firm LLC,,c1d787d1b7,CREDENTIAL_ONLY,,,939a0ec586
ny_dol_mold,2156,Mold Remediation Contractor License (SH126):26-6Z8RB-SHMO,26-6Z8RB-SHMO,Mold Remediation Contractor License (SH126),Active,YES,"Signal USA, LLC",,c1d787d1b7,CREDENTIAL_ONLY,,,939a0ec586
ny_dol_mold,2157,Mold Remediation Contractor License (SH126):26-674A6-SHMO,26-674A6-SHMO,Mold Remediation Contractor License (SH126),Active,YES,"Simco Enterprises, Corp.",,c1d787d1b7,CREDENTIAL_ONLY,,,939a0ec586
ny_dol_mold,2158,Mold Assessment Contractor License (SH125):25-649A8-SHMO,25-649A8-SHMO,Mold Assessment Contractor License (SH125),Active,YES,Simon Hometech Inc.,,c1d787d1b7,CREDENTIAL_ONLY,,,939a0ec586
ny_dol_mold,2159,Mold Assessment Contractor License (SH125):01699,01699,Mold Assessment Contractor License (SH125),Expired,NO,Sinclair Inspection Service LLC,,c1d787d1b7,CREDENTIAL_ONLY,,,939a0ec586
ny_dol_mold,2160,Mold Remediation Contractor License (SH126):25-67GZS-SHMO,25-67GZS-SHMO,Mold Remediation Contractor License (SH126),Active,YES,Smart Construction Technologies Corp.,,c1d787d1b7,CREDENTIAL_ONLY,,,939a0ec586
ny_dol_mold,2161,Mold Remediation Contractor License (SH126):23-6TM18-SHMO,23-6TM18-SHMO,Mold Remediation Contractor License (SH126),Expired,NO,"Smj Homes, Inc",,c1d787d1b7,CREDENTIAL_ONLY,,,939a0ec586
ny_dol_mold,2162,Mold Assessment Contractor License (SH125):25-6I85Z-SHMO,25-6I85Z-SHMO,Mold Assessment Contractor License (SH125),Active,YES,Sop's Home Inspection Corp,,c1d787d1b7,CREDENTIAL_ONLY,,,939a0ec586
ny_dol_mold,2163,Mold Assessment Contractor License (SH125):23-6L4V9-SHMO,23-6L4V9-SHMO,Mold Assessment Contractor License (SH125),Expired,NO,SoundSure Inspections LLC,,c1d787d1b7,CREDENTIAL_ONLY,,,939a0ec586
ny_dol_mold,2164,Mold Remediation Contractor License (SH126):26-691AZ-SHMO,26-691AZ-SHMO,Mold Remediation Contractor License (SH126),Active,YES,Spartan Environmental Corp.,,c1d787d1b7,CREDENTIAL_ONLY,,,939a0ec586
ny_dol_mold,2165,Mold Remediation Contractor License (SH126):26-6AOBJ-SHMO,26-6AOBJ-SHMO,Mold Remediation Contractor License (SH126),Active,YES,Spartan Restoration Inc,,c1d787d1b7,CREDENTIAL_ONLY,,,939a0ec586
ny_dol_mold,2166,Mold Assessment Contractor License (SH125):23-6LHVY-SHMO,23-6LHVY-SHMO,Mold Assessment Contractor License (SH125),Expired,NO,"Split Rock Creative, LLC",,c1d787d1b7,CREDENTIAL_ONLY,,,939a0ec586
ny_dol_mold,2167,Mold Remediation Contractor License (SH126):25-6LCFY-SHMO,25-6LCFY-SHMO,Mold Remediation Contractor License (SH126),Active,YES,"Stanley Steemer of Broome County, LLC",,c1d787d1b7,CREDENTIAL_ONLY,,,939a0ec586
ny_dol_mold,2168,Mold Assessment Contractor License (SH125):01161,01161,Mold Assessment Contractor License (SH125),Expired,NO,"State Environmental Analysis, Inc.",,c1d787d1b7,CREDENTIAL_ONLY,,,939a0ec586
ny_dol_mold,2169,Mold Assessment Contractor License (SH125):25-6TQY1-SHMO,25-6TQY1-SHMO,Mold Assessment Contractor License (SH125),Active,YES,"Stern Environmental Group, LLC",,c1d787d1b7,CREDENTIAL_ONLY,,,939a0ec586
ny_dol_mold,2170,Mold Assessment Contractor License (SH125):26-6SD97-SHMO,26-6SD97-SHMO,Mold Assessment Contractor License (SH125),Active,YES,"Stohl Environmental, LLC",,c1d787d1b7,CREDENTIAL_ONLY,,,939a0ec586
ny_dol_mold,2171,Mold Remediation Contractor License (SH126):25-6LDX3-SHMO,25-6LDX3-SHMO,Mold Remediation Contractor License (SH126),Active,YES,Storm Chaser Restoration Inc,,c1d787d1b7,CREDENTIAL_ONLY,,,939a0ec586
ny_dol_mold,2172,Mold Assessment Contractor License (SH125):26-69PXX-SHMO,26-69PXX-SHMO,Mold Assessment Contractor License (SH125),Active,YES,Suffolk Power & Electric LLC,,c1d787d1b7,CREDENTIAL_ONLY,,,939a0ec586
ny_dol_mold,2173,Mold Remediation Contractor License (SH126):25-6LVX7-SHMO,25-6LVX7-SHMO,Mold Remediation Contractor License (SH126),Active,YES,"Summit Environmental Services, Inc.",,c1d787d1b7,CREDENTIAL_ONLY,,,939a0ec586
ny_dol_mold,2174,Mold Remediation Contractor License (SH126):25-6LYUN-SHMO,25-6LYUN-SHMO,Mold Remediation Contractor License (SH126),Active,YES,"Sunshine Restoration Services, Inc.",,c1d787d1b7,CREDENTIAL_ONLY,,,939a0ec586
ny_dol_mold,2175,Mold Assessment Contractor License (SH125):26-638GR-SHMO,26-638GR-SHMO,Mold Assessment Contractor License (SH125),Active,YES,Superior Home Inspection Services Inc.,,c1d787d1b7,CREDENTIAL_ONLY,,,939a0ec586
ny_dol_mold,2176,Mold Remediation Contractor License (SH126):25-65BHF-SHMO,25-65BHF-SHMO,Mold Remediation Contractor License (SH126),Active,YES,Superstar Industries LLC,,c1d787d1b7,CREDENTIAL_ONLY,,,939a0ec586
ny_dol_mold,2177,Mold Assessment Contractor License (SH125):23-6TOC1-SHMO,23-6TOC1-SHMO,Mold Assessment Contractor License (SH125),Expired,NO,Surfacing Insights LLC,,c1d787d1b7,CREDENTIAL_ONLY,,,939a0ec586
ny_dol_mold,2178,Mold Assessment Contractor License (SH125):25-67EOR-SHMO,25-67EOR-SHMO,Mold Assessment Contractor License (SH125),Active,YES,"T&S Properties of New York, LLC",,c1d787d1b7,CREDENTIAL_ONLY,,,939a0ec586
ny_dol_mold,2179,Mold Assessment Contractor License (SH125):01293,01293,Mold Assessment Contractor License (SH125),Expired,NO,"TBL Building Sciences, LLC",,c1d787d1b7,CREDENTIAL_ONLY,,,939a0ec586
ny_dol_mold,2180,Mold Remediation Contractor License (SH126):24-6A7FI-SHMO,24-6A7FI-SHMO,Mold Remediation Contractor License (SH126),Expired,NO,"TEENUSA Construction, Corp.",,c1d787d1b7,CREDENTIAL_ONLY,,,939a0ec586
ny_dol_mold,2181,Mold Remediation Contractor License (SH126):25-6IR1B-SHMO,25-6IR1B-SHMO,Mold Remediation Contractor License (SH126),Active,YES,"TKS RECONSTRUCTION, LLC",,c1d787d1b7,CREDENTIAL_ONLY,,,939a0ec586
ny_dol_mold,2182,Mold Remediation Contractor License (SH126):24-63E8T-SHMO,24-63E8T-SHMO,Mold Remediation Contractor License (SH126),Active,YES,TNA Field Services Inc.,,c1d787d1b7,CREDENTIAL_ONLY,,,939a0ec586
ny_dol_mold,2183,Mold Assessment Contractor License (SH125):01447,01447,Mold Assessment Contractor License (SH125),Expired,NO,TRC Environmental Corporation,,c1d787d1b7,CREDENTIAL_ONLY,,,939a0ec586
ny_dol_mold,2184,Mold Assessment Contractor License (SH125):25-67E91-SHMO,25-67E91-SHMO,Mold Assessment Contractor License (SH125),Active,YES,TRUE CONSULTANT INC.,,c1d787d1b7,CREDENTIAL_ONLY,,,939a0ec586
ny_dol_mold,2185,Mold Remediation Contractor License (SH126):26-6A4OG-SHMO,26-6A4OG-SHMO,Mold Remediation Contractor License (SH126),Active,YES,Tabb Contracting Inc.,,c1d787d1b7,CREDENTIAL_ONLY,,,939a0ec586
ny_dol_mold,2186,Mold Remediation Contractor License (SH126):23-6IX6F-SHMO,23-6IX6F-SHMO,Mold Remediation Contractor License (SH126),Expired,NO,Taj Akins Group Inc,,c1d787d1b7,CREDENTIAL_ONLY,,,939a0ec586
ny_dol_mold,2187,Mold Remediation Contractor License (SH126):26-6ah8s-shmo,26-6ah8s-shmo,Mold Remediation Contractor License (SH126),Active,YES,Team Fox LLC,,c1d787d1b7,CREDENTIAL_ONLY,,,939a0ec586
ny_dol_mold,2188,Mold Assessment Contractor License (SH125):26-6ZZS4-SHMO,26-6ZZS4-SHMO,Mold Assessment Contractor License (SH125),Active,YES,TechClean Industries,,c1d787d1b7,CREDENTIAL_ONLY,,,939a0ec586
ny_dol_mold,2189,Mold Remediation Contractor License (SH126):26-6ANC6-SHMO,26-6ANC6-SHMO,Mold Remediation Contractor License (SH126),Active,YES,Testor Technology Environmental Services Inc.,,c1d787d1b7,CREDENTIAL_ONLY,,,939a0ec586
ny_dol_mold,2190,Mold Assessment Contractor License (SH125):25-6IGKR-SHMO,25-6IGKR-SHMO,Mold Assessment Contractor License (SH125),Active,YES,"The ALC Group, LLC",,c1d787d1b7,CREDENTIAL_ONLY,,,939a0ec586
ny_dol_mold,2191,Mold Remediation Contractor License (SH126):26-66C7H-SHMO,26-66C7H-SHMO,Mold Remediation Contractor License (SH126),Active,YES,"The CASA Group, Inc",,c1d787d1b7,CREDENTIAL_ONLY,,,939a0ec586
ny_dol_mold,2192,Mold Remediation Contractor License (SH126):25-6LU77-SHMO,25-6LU77-SHMO,Mold Remediation Contractor License (SH126),Active,YES,"The New Crystal Restoration Enterprises, Inc.",,c1d787d1b7,CREDENTIAL_ONLY,,,939a0ec586
ny_dol_mold,2193,Mold Assessment Contractor License (SH125):26-6ZIL9-SHMO,26-6ZIL9-SHMO,Mold Assessment Contractor License (SH125),Active,YES,"The Saban Engineering Group, Inc.",,c1d787d1b7,CREDENTIAL_ONLY,,,939a0ec586
ny_dol_mold,2194,Mold Remediation Contractor License (SH126):25-6AQQ9-SHMO,25-6AQQ9-SHMO,Mold Remediation Contractor License (SH126),Active,YES,The Steam Police LLC,,c1d787d1b7,CREDENTIAL_ONLY,,,939a0ec586
ny_dol_mold,2195,Mold Remediation Contractor License (SH126):24-6AISQ-SHMO,24-6AISQ-SHMO,Mold Remediation Contractor License (SH126),Expired,NO,"Three Guys Maintenance, Inc.",,c1d787d1b7,CREDENTIAL_ONLY,,,939a0ec586
ny_dol_mold,2196,Mold Remediation Contractor License (SH126):25-65H8N-SHMO,25-65H8N-SHMO,Mold Remediation Contractor License (SH126),Active,YES,Titan Group USA,,c1d787d1b7,CREDENTIAL_ONLY,,,939a0ec586
ny_dol_mold,2197,Mold Remediation Contractor License (SH126):24-637XD-SHMO,24-637XD-SHMO,Mold Remediation Contractor License (SH126),Active,YES,Tom Conley Consulting LLC,,c1d787d1b7,CREDENTIAL_ONLY,,,939a0ec586
ny_dol_mold,2198,Mold Remediation Contractor License (SH126):23-6LJCP-SHMO,23-6LJCP-SHMO,Mold Remediation Contractor License (SH126),Expired,NO,Top Notch Construction Corp.,,c1d787d1b7,CREDENTIAL_ONLY,,,939a0ec586
ny_dol_mold,2199,Mold Remediation Contractor License (SH126):24-63C4B-SHMO,24-63C4B-SHMO,Mold Remediation Contractor License (SH126),Active,YES,"Topline Property Maintenance, Inc.",,c1d787d1b7,CREDENTIAL_ONLY,,,939a0ec586
ny_dol_mold,2200,Mold Assessment Contractor License (SH125):24-6ACST-SHMO,24-6ACST-SHMO,Mold Assessment Contractor License (SH125),Expired,NO,"Total Home Inspectors, LLC",,c1d787d1b7,CREDENTIAL_ONLY,,,939a0ec586
ny_dol_mold,2201,Mold Remediation Contractor License (SH126):26-6ANST-SHMO,26-6ANST-SHMO,Mold Remediation Contractor License (SH126),Active,YES,Total Restoration Industries LLC,,c1d787d1b7,CREDENTIAL_ONLY,,,939a0ec586
ny_dol_mold,2202,Mold Remediation Contractor License (SH126):23-6UQWZ-SHMO,23-6UQWZ-SHMO,Mold Remediation Contractor License (SH126),Expired,NO,"Trade-Mark Restoration, Inc.",,c1d787d1b7,CREDENTIAL_ONLY,,,939a0ec586
ny_dol_mold,2203,Mold Remediation Contractor License (SH126):01244,01244,Mold Remediation Contractor License (SH126),Expired,NO,Tradeseal Corp,,c1d787d1b7,CREDENTIAL_ONLY,,,939a0ec586
ny_dol_mold,2204,Mold Remediation Contractor License (SH126):25-6TJ1P-SHMO,25-6TJ1P-SHMO,Mold Remediation Contractor License (SH126),Active,YES,"Tri-State Environmental Restoration, Inc.",,c1d787d1b7,CREDENTIAL_ONLY,,,939a0ec586
ny_dol_mold,2205,Mold Assessment Contractor License (SH125):24-6AZK1-SHMO,24-6AZK1-SHMO,Mold Assessment Contractor License (SH125),Expired,NO,Triplet Home Services Inc.,,c1d787d1b7,CREDENTIAL_ONLY,,,939a0ec586
ny_dol_mold,2206,Mold Assessment Contractor License (SH125):01777,01777,Mold Assessment Contractor License (SH125),Expired,NO,Tru Home Inspection LLC,,c1d787d1b7,CREDENTIAL_ONLY,,,939a0ec586
ny_dol_mold,2207,Mold Remediation Contractor License (SH126):23-6LAO9-SHMO,23-6LAO9-SHMO,Mold Remediation Contractor License (SH126),Expired,NO,"True Building Performance, LLC",,c1d787d1b7,CREDENTIAL_ONLY,,,939a0ec586
ny_dol_mold,2208,Mold Assessment Contractor License (SH125):26-9YYFB-SHMO,26-9YYFB-SHMO,Mold Assessment Contractor License (SH125),Active,YES,TrueWill Home Inspections LLC,,c1d787d1b7,CREDENTIAL_ONLY,,,939a0ec586
ny_dol_mold,2209,Mold Assessment Contractor License (SH125):24-6Z8GR-SHMO,24-6Z8GR-SHMO,Mold Assessment Contractor License (SH125),Expired,NO,Twin Peaks Environmental,,c1d787d1b7,CREDENTIAL_ONLY,,,939a0ec586
ny_dol_mold,2210,Mold Remediation Contractor License (SH126):25-67VVV-SHMO,25-67VVV-SHMO,Mold Remediation Contractor License (SH126),Active,YES,Two Sons Environmental LLC,,c1d787d1b7,CREDENTIAL_ONLY,,,939a0ec586
ny_dol_mold,2211,Mold Assessment Contractor License (SH125):25-65A59-SHMO,25-65A59-SHMO,Mold Assessment Contractor License (SH125),Active,YES,"U.S. Service Holdings, Inc.",,c1d787d1b7,CREDENTIAL_ONLY,,,939a0ec586
ny_dol_mold,2212,Mold Assessment Contractor License (SH125):25-6LER9-SHMO,25-6LER9-SHMO,Mold Assessment Contractor License (SH125),Active,YES,UNI-AWY TECH & EXPO TRADE INC,,c1d787d1b7,CREDENTIAL_ONLY,,,939a0ec586
ny_dol_mold,2213,Mold Remediation Contractor License (SH126):25-6LOGX-SHMO,25-6LOGX-SHMO,Mold Remediation Contractor License (SH126),Active,YES,US Recovery Services LLC,,c1d787d1b7,CREDENTIAL_ONLY,,,939a0ec586
ny_dol_mold,2214,Mold Assessment Contractor License (SH125):26-66LRQ-SHMO,26-66LRQ-SHMO,Mold Assessment Contractor License (SH125),Active,YES,Ultimate Scope Home Inspections LLC,,c1d787d1b7,CREDENTIAL_ONLY,,,939a0ec586
ny_dol_mold,2215,Mold Remediation Contractor License (SH126):26-6ZUVP-SHMO,26-6ZUVP-SHMO,Mold Remediation Contractor License (SH126),Active,YES,"Unitech Services Group, Inc.",,c1d787d1b7,CREDENTIAL_ONLY,,,939a0ec586
ny_dol_mold,2216,Mold Assessment Contractor License (SH125):25-61ERT-SHMO,25-61ERT-SHMO,Mold Assessment Contractor License (SH125),Active,YES,"University at Albany, SUNY",,c1d787d1b7,CREDENTIAL_ONLY,,,939a0ec586
ny_dol_mold,2217,Mold Remediation Contractor License (SH126):24-63A9U-SHMO,24-63A9U-SHMO,Mold Remediation Contractor License (SH126),Active,YES,Upper Restoration Inc.,,c1d787d1b7,CREDENTIAL_ONLY,,,939a0ec586
ny_dol_mold,2218,Mold Remediation Contractor License (SH126):25-67PEL-SHMO,25-67PEL-SHMO,Mold Remediation Contractor License (SH126),Active,YES,Upstate Mold Remediation LLC,,c1d787d1b7,CREDENTIAL_ONLY,,,939a0ec586
ny_dol_mold,2219,Mold Assessment Contractor License (SH125):26-69434-SHMO,26-69434-SHMO,Mold Assessment Contractor License (SH125),Active,YES,Utopia Restoration LLC,,c1d787d1b7,CREDENTIAL_ONLY,,,939a0ec586
ny_dol_mold,2220,Mold Assessment Contractor License (SH125):26-9YN68-SHMO,26-9YN68-SHMO,Mold Assessment Contractor License (SH125),Active,YES,VENTRYX LLC,,c1d787d1b7,CREDENTIAL_ONLY,,,939a0ec586
ny_dol_mold,2221,Mold Assessment Contractor License (SH125):26-6ZQZ6-SHMO,26-6ZQZ6-SHMO,Mold Assessment Contractor License (SH125),Active,YES,"VK General Contractor, Inc.",,c1d787d1b7,CREDENTIAL_ONLY,,,939a0ec586
ny_dol_mold,2222,Mold Assessment Contractor License (SH125):25-67QJF-SHMO,25-67QJF-SHMO,Mold Assessment Contractor License (SH125),Active,YES,Valente Home Inspections LLC,,c1d787d1b7,CREDENTIAL_ONLY,,,939a0ec586
ny_dol_mold,2223,Mold Remediation Contractor License (SH126):26-6ZTBU-SHMO,26-6ZTBU-SHMO,Mold Remediation Contractor License (SH126),Active,YES,"Venture Management & Reconstruction, Inc.",,c1d787d1b7,CREDENTIAL_ONLY,,,939a0ec586
ny_dol_mold,2224,Mold Remediation Contractor License (SH126):26-6956G-SHMO,26-6956G-SHMO,Mold Remediation Contractor License (SH126),Active,YES,Restorehaus Restoration Corp,,c1d787d1b7,CREDENTIAL_ONLY,,,939a0ec586
ny_dol_mold,2225,Mold Assessment Contractor License (SH125):23-6TQBF-SHMO,23-6TQBF-SHMO,Mold Assessment Contractor License (SH125),Expired,NO,Revolt Management SVC Corp,,c1d787d1b7,CREDENTIAL_ONLY,,,939a0ec586
ny_dol_mold,2226,Mold Assessment Contractor License (SH125):24-6SLUT-SHMO,24-6SLUT-SHMO,Mold Assessment Contractor License (SH125),Expired,NO,Richard Dowd,,c1d787d1b7,CREDENTIAL_ONLY,,,939a0ec586
ny_dol_mold,2227,Mold Remediation Contractor License (SH126):25-65I6Z-SHMO,25-65I6Z-SHMO,Mold Remediation Contractor License (SH126),Active,YES,Rightway Restoration LLC,,c1d787d1b7,CREDENTIAL_ONLY,,,939a0ec586
ny_dol_mold,2228,Mold Assessment Contractor License (SH125):25-6HY1C-SHMO,25-6HY1C-SHMO,Mold Assessment Contractor License (SH125),Active,YES,Rissat Construction Corp,,c1d787d1b7,CREDENTIAL_ONLY,,,939a0ec586
ny_dol_mold,2229,Mold Remediation Contractor License (SH126):25-61ERZ-SHMO,25-61ERZ-SHMO,Mold Remediation Contractor License (SH126),Active,YES,"Roblas Carpet, LLC",,c1d787d1b7,CREDENTIAL_ONLY,,,939a0ec586
ny_dol_mold,2230,Mold Remediation Contractor License (SH126):26-6ARAN-SHMO,26-6ARAN-SHMO,Mold Remediation Contractor License (SH126),Active,YES,Rochester Fire Restoration LLC,,c1d787d1b7,CREDENTIAL_ONLY,,,939a0ec586
ny_dol_mold,2231,Mold Remediation Contractor License (SH126):25-6LYU8-SHMO,25-6LYU8-SHMO,Mold Remediation Contractor License (SH126),Active,YES,Rock Solid Biotechnologies LLC,,c1d787d1b7,CREDENTIAL_ONLY,,,939a0ec586
ny_dol_mold,2232,Mold Remediation Contractor License (SH126):26-6IZYY-SHMO,26-6IZYY-SHMO,Mold Remediation Contractor License (SH126),Active,YES,"Rodi Services, LLC",,c1d787d1b7,CREDENTIAL_ONLY,,,939a0ec586
ny_dol_mold,2233,Mold Assessment Contractor License (SH125):23-6TXC8-SHMO,23-6TXC8-SHMO,Mold Assessment Contractor License (SH125),Expired,NO,Ronald Locascio,,c1d787d1b7,CREDENTIAL_ONLY,,,939a0ec586
ny_dol_mold,2234,Mold Remediation Contractor License (SH126):26-6TKXW-SHMO,26-6TKXW-SHMO,Mold Remediation Contractor License (SH126),Active,YES,Roto-Rooter Services Company,,c1d787d1b7,CREDENTIAL_ONLY,,,939a0ec586
ny_dol_mold,2235,Mold Remediation Contractor License (SH126):01490,01490,Mold Remediation Contractor License (SH126),Expired,NO,Rsb Clean Restoration Inc,,c1d787d1b7,CREDENTIAL_ONLY,,,939a0ec586
ny_dol_mold,2236,Mold Assessment Contractor License (SH125):26-66QLZ-SHMO,26-66QLZ-SHMO,Mold Assessment Contractor License (SH125),Active,YES,"SAFE-T-KLEAN ENVIRONMENTAL, INC.",,c1d787d1b7,CREDENTIAL_ONLY,,,939a0ec586
ny_dol_mold,2237,Mold Remediation Contractor License (SH126):26-667U4-SHMO,26-667U4-SHMO,Mold Remediation Contractor License (SH126),Active,YES,SANKAR MOLD CORP.,,c1d787d1b7,CREDENTIAL_ONLY,,,939a0ec586
ny_dol_mold,2238,Mold Remediation Contractor License (SH126):24-6ANGR-SHMO,24-6ANGR-SHMO,Mold Remediation Contractor License (SH126),Expired,NO,SELA Group New York Inc.,,c1d787d1b7,CREDENTIAL_ONLY,,,939a0ec586
ny_dol_mold,2239,Mold Remediation Contractor License (SH126):25-64VRQ-SHMO,25-64VRQ-SHMO,Mold Remediation Contractor License (SH126),Active,YES,SI Associates LLC,,c1d787d1b7,CREDENTIAL_ONLY,,,939a0ec586
ny_dol_mold,2240,Mold Assessment Contractor License (SH125):24-6AUKC-SHMO,24-6AUKC-SHMO,Mold Assessment Contractor License (SH125),Expired,NO,SK Improvements Corp,,c1d787d1b7,CREDENTIAL_ONLY,,,939a0ec586
ny_dol_mold,2241,Mold Remediation Contractor License (SH126):26-6AHEN-SHMO,26-6AHEN-SHMO,Mold Remediation Contractor License (SH126),Active,YES,SKYLINE ENVIRONMENTAL CORP.,,c1d787d1b7,CREDENTIAL_ONLY,,,939a0ec586
ny_dol_mold,2242,Mold Assessment Contractor License (SH125):25-64QSB-SHMO,25-64QSB-SHMO,Mold Assessment Contractor License (SH125),Active,YES,"SOUTH STAR CONSULTING, LLC",,c1d787d1b7,CREDENTIAL_ONLY,,,939a0ec586
ny_dol_mold,2243,Mold Assessment Contractor License (SH125):26-66L3S-SHMO,26-66L3S-SHMO,Mold Assessment Contractor License (SH125),Active,YES,SPRINT CONSTRUCTION INC.,,c1d787d1b7,CREDENTIAL_ONLY,,,939a0ec586
ny_dol_mold,2244,Mold Remediation Contractor License (SH126):24-63SBF-SHMO,24-63SBF-SHMO,Mold Remediation Contractor License (SH126),Active,YES,STF Restorations Inc.,,c1d787d1b7,CREDENTIAL_ONLY,,,939a0ec586
ny_dol_mold,2245,Mold Assessment Contractor License (SH125):24-6ZU8Z-SHMO,24-6ZU8Z-SHMO,Mold Assessment Contractor License (SH125),Expired,NO,"Safe At Home Indoor Air Quality Consultants, LLC",,c1d787d1b7,CREDENTIAL_ONLY,,,939a0ec586
ny_dol_mold,2246,Mold Assessment Contractor License (SH125):26-63KSD-SHMO,26-63KSD-SHMO,Mold Assessment Contractor License (SH125),Active,YES,"Safety Environmental Company of New York, Inc.",,c1d787d1b7,CREDENTIAL_ONLY,,,939a0ec586
ny_dol_mold,2247,Mold Assessment Contractor License (SH125):25-64P5N-SHMO,25-64P5N-SHMO,Mold Assessment Contractor License (SH125),Active,YES,Sage Builders Syndicate Inc.,,c1d787d1b7,CREDENTIAL_ONLY,,,939a0ec586
ny_dol_mold,2248,Mold Assessment Contractor License (SH125):24-6AEPU-SHMO,24-6AEPU-SHMO,Mold Assessment Contractor License (SH125),Expired,NO,Sand to Sound Home Inspections LLC,,c1d787d1b7,CREDENTIAL_ONLY,,,939a0ec586
ny_dol_mold,2249,Mold Remediation Contractor License (SH126):26-66OR8-SHMO,26-66OR8-SHMO,Mold Remediation Contractor License (SH126),Active,YES,Sanitech Services Inc,,c1d787d1b7,CREDENTIAL_ONLY,,,939a0ec586
ny_dol_mold,2250,Mold Remediation Contractor License (SH126):24-6ANLR-SHMO,24-6ANLR-SHMO,Mold Remediation Contractor License (SH126),Expired,NO,SavyMae Corp.,,c1d787d1b7,CREDENTIAL_ONLY,,,939a0ec586
ny_dol_mold,2251,Mold Remediation Contractor License (SH126):25-6587R-SHMO,25-6587R-SHMO,Mold Remediation Contractor License (SH126),Active,YES,Senese Restoration INC,,c1d787d1b7,CREDENTIAL_ONLY,,,939a0ec586
ny_dol_mold,2252,Mold Remediation Contractor License (SH126):25-6UOD1-SHMO,25-6UOD1-SHMO,Mold Remediation Contractor License (SH126),Active,YES,Serveco 911 LLC,,c1d787d1b7,CREDENTIAL_ONLY,,,939a0ec586
ny_dol_mold,2253,Mold Remediation Contractor License (SH126):24-6ZIOU-SHMO,24-6ZIOU-SHMO,Mold Remediation Contractor License (SH126),Expired,NO,"Servpro of S.E. Monroe County, Inc.",,c1d787d1b7,CREDENTIAL_ONLY,,,939a0ec586
ny_dol_mold,2254,Mold Assessment Contractor License (SH125):25-6HIO4-SHMO,25-6HIO4-SHMO,Mold Assessment Contractor License (SH125),Active,YES,Sevnec Environmental Services Inc.,,c1d787d1b7,CREDENTIAL_ONLY,,,939a0ec586
ny_dol_mold,2255,Mold Assessment Contractor License (SH125):24-6AUKV-SHMO,24-6AUKV-SHMO,Mold Assessment Contractor License (SH125),Expired,NO,Sherwood inspections,,c1d787d1b7,CREDENTIAL_ONLY,,,939a0ec586
ny_dol_mold,2256,Mold Assessment Contractor License (SH125):26-9YBX8-SHMO,26-9YBX8-SHMO,Mold Assessment Contractor License (SH125),Active,YES,Side eye Inspections LLC,,c1d787d1b7,CREDENTIAL_ONLY,,,939a0ec586
ny_dol_mold,2257,Mold Assessment Contractor License (SH125):01273,01273,Mold Assessment Contractor License (SH125),Expired,NO,"Signature Home Inspections, LLC",,c1d787d1b7,CREDENTIAL_ONLY,,,939a0ec586
ny_dol_mold,2258,Mold Assessment Contractor License (SH125):26-675D4-SHMO,26-675D4-SHMO,Mold Assessment Contractor License (SH125),Active,YES,"Simco Enterprises, Corp.",,c1d787d1b7,CREDENTIAL_ONLY,,,939a0ec586
ny_dol_mold,2259,Mold Assessment Contractor License (SH125):23-6IKHF-SHMO,23-6IKHF-SHMO,Mold Assessment Contractor License (SH125),Expired,NO,"Simple Solutions Restoration And Cleaning Services, LLC",,c1d787d1b7,CREDENTIAL_ONLY,,,939a0ec586
ny_dol_mold,2260,Mold Remediation Contractor License (SH126):26-6ZABT-SHMO,26-6ZABT-SHMO,Mold Remediation Contractor License (SH126),Active,YES,Sky Laundry Systems Corp.,,c1d787d1b7,CREDENTIAL_ONLY,,,939a0ec586
ny_dol_mold,2261,Mold Assessment Contractor License (SH125):26-665NS-SHMO,26-665NS-SHMO,Mold Assessment Contractor License (SH125),Active,YES,Smikeharpo IAQ Corp.,,c1d787d1b7,CREDENTIAL_ONLY,,,939a0ec586
ny_dol_mold,2262,Mold Remediation Contractor License (SH126):26-696IU-SHMO,26-696IU-SHMO,Mold Remediation Contractor License (SH126),Active,YES,Smooth Plastering LLC,,c1d787d1b7,CREDENTIAL_ONLY,,,939a0ec586
ny_dol_mold,2263,Mold Remediation Contractor License (SH126):25-6HLZH-SHMO,25-6HLZH-SHMO,Mold Remediation Contractor License (SH126),Active,YES,Sotir Cleaning Services Inc.,,c1d787d1b7,CREDENTIAL_ONLY,,,939a0ec586
ny_dol_mold,2264,Mold Assessment Contractor License (SH125):26-63SY7-SHMO,26-63SY7-SHMO,Mold Assessment Contractor License (SH125),Active,YES,"South Bronx Restoration, LLC",,c1d787d1b7,CREDENTIAL_ONLY,,,939a0ec586
ny_dol_mold,2265,Mold Assessment Contractor License (SH125):26-69AHI-SHMO,26-69AHI-SHMO,Mold Assessment Contractor License (SH125),Active,YES,Spartan Environmental Corp.,,c1d787d1b7,CREDENTIAL_ONLY,,,939a0ec586
ny_dol_mold,2266,Mold Assessment Contractor License (SH125):26-6I1OU-SHMO,26-6I1OU-SHMO,Mold Assessment Contractor License (SH125),Active,YES,"Spectrum Environmental Associates, Inc.",,c1d787d1b7,CREDENTIAL_ONLY,,,939a0ec586
ny_dol_mold,2267,Mold Assessment Contractor License (SH125):25-65CHG-SHMO,25-65CHG-SHMO,Mold Assessment Contractor License (SH125),Active,YES,Sponable Enterprises LLC,,c1d787d1b7,CREDENTIAL_ONLY,,,939a0ec586
ny_dol_mold,2268,Mold Assessment Contractor License (SH125):26-6ACK6-SHMO,26-6ACK6-SHMO,Mold Assessment Contractor License (SH125),Active,YES,Staring's Visual Inspection Professionals L.L.C.,,c1d787d1b7,CREDENTIAL_ONLY,,,939a0ec586
ny_dol_mold,2269,Mold Assessment Contractor License (SH125):24-63C9Z-SHMO,24-63C9Z-SHMO,Mold Assessment Contractor License (SH125),Active,YES,Step By Step Inspections LLC,,c1d787d1b7,CREDENTIAL_ONLY,,,939a0ec586
ny_dol_mold,2270,Mold Remediation Contractor License (SH126):25-6L73S-SHMO,25-6L73S-SHMO,Mold Remediation Contractor License (SH126),Active,YES,"Stern Environmental Group, LLC",,c1d787d1b7,CREDENTIAL_ONLY,,,939a0ec586
ny_dol_mold,2271,Mold Assessment Contractor License (SH125):01805,01805,Mold Assessment Contractor License (SH125),Expired,NO,"Stohl Environmental, LLC",,c1d787d1b7,CREDENTIAL_ONLY,,,939a0ec586
ny_dol_mold,2272,Mold Assessment Contractor License (SH125):23-6LLOO-SHMO,23-6LLOO-SHMO,Mold Assessment Contractor License (SH125),Expired,NO,Strong Home Improvements LLC,,c1d787d1b7,CREDENTIAL_ONLY,,,939a0ec586
ny_dol_mold,2273,Mold Remediation Contractor License (SH126):26-6I7EJ-SHMO,26-6I7EJ-SHMO,Mold Remediation Contractor License (SH126),Active,YES,"Sullivan Contracting, Inc.",,c1d787d1b7,CREDENTIAL_ONLY,,,939a0ec586
ny_dol_mold,2274,Mold Remediation Contractor License (SH126):24-63O59-SHMO,24-63O59-SHMO,Mold Remediation Contractor License (SH126),Active,YES,Sun Environmental Corp.,,c1d787d1b7,CREDENTIAL_ONLY,,,939a0ec586
ny_dol_mold,2275,Mold Remediation Contractor License (SH126):25-6UOPU-SHMO,25-6UOPU-SHMO,Mold Remediation Contractor License (SH126),Active,YES,Sunstream Corporation,,c1d787d1b7,CREDENTIAL_ONLY,,,939a0ec586
ny_dol_mold,2276,Mold Assessment Contractor License (SH125):24-6A4DJ-SHMO,24-6A4DJ-SHMO,Mold Assessment Contractor License (SH125),Expired,NO,Superior Home Inspections,,c1d787d1b7,CREDENTIAL_ONLY,,,939a0ec586
ny_dol_mold,2277,Mold Assessment Contractor License (SH125):01703,01703,Mold Assessment Contractor License (SH125),Expired,NO,"Supra Inspections, LLC",,c1d787d1b7,CREDENTIAL_ONLY,,,939a0ec586
ny_dol_mold,2278,Mold Remediation Contractor License (SH126):26-6Z8RZ-SHMO,26-6Z8RZ-SHMO,Mold Remediation Contractor License (SH126),Active,YES,Synatech Inc.,,c1d787d1b7,CREDENTIAL_ONLY,,,939a0ec586
ny_dol_mold,2279,Mold Remediation Contractor License (SH126):25-61C55-SHMO,25-61C55-SHMO,Mold Remediation Contractor License (SH126),Active,YES,"T.J. Bell Environmental, Inc.",,c1d787d1b7,CREDENTIAL_ONLY,,,939a0ec586
ny_dol_mold,2280,Mold Remediation Contractor License (SH126):26-66JX5-SHMO,26-66JX5-SHMO,Mold Remediation Contractor License (SH126),Active,YES,TBP ENVIRONMENTAL LLC,,c1d787d1b7,CREDENTIAL_ONLY,,,939a0ec586
ny_dol_mold,2281,Mold Assessment Contractor License (SH125):25-658N5-SHMO,25-658N5-SHMO,Mold Assessment Contractor License (SH125),Active,YES,TFW Partners Corp.,,c1d787d1b7,CREDENTIAL_ONLY,,,939a0ec586
ny_dol_mold,2282,Mold Remediation Contractor License (SH126):25-6UNCN-SHMO,25-6UNCN-SHMO,Mold Remediation Contractor License (SH126),Active,YES,TKS Reconstruction 2 LLC,,c1d787d1b7,CREDENTIAL_ONLY,,,939a0ec586
ny_dol_mold,2283,Mold Assessment Contractor License (SH125):24-63EG4-SHMO,24-63EG4-SHMO,Mold Assessment Contractor License (SH125),Active,YES,TNA Field Services Inc.,,c1d787d1b7,CREDENTIAL_ONLY,,,939a0ec586
ny_dol_mold,2284,Mold Assessment Contractor License (SH125):24-6I49D-SHMO,24-6I49D-SHMO,Mold Assessment Contractor License (SH125),Expired,NO,TRI STATE MOLD TESTING,,c1d787d1b7,CREDENTIAL_ONLY,,,939a0ec586
ny_dol_mold,2285,Mold Remediation Contractor License (SH126):25-6HN41-SHMO,25-6HN41-SHMO,Mold Remediation Contractor License (SH126),Active,YES,"TTI Environmental, Inc.",,c1d787d1b7,CREDENTIAL_ONLY,,,939a0ec586
ny_dol_mold,2286,Mold Assessment Contractor License (SH125):24-6A4ON-SHMO,24-6A4ON-SHMO,Mold Assessment Contractor License (SH125),Expired,NO,Tabb Contracting Inc.,,c1d787d1b7,CREDENTIAL_ONLY,,,939a0ec586
ny_dol_mold,2287,Mold Remediation Contractor License (SH126):25-64QVU-SHMO,25-64QVU-SHMO,Mold Remediation Contractor License (SH126),Active,YES,Tara Enterprises Corp.,,c1d787d1b7,CREDENTIAL_ONLY,,,939a0ec586
ny_dol_mold,2288,Mold Remediation Contractor License (SH126):01183,01183,Mold Remediation Contractor License (SH126),Expired,NO,Tech East Construction Inc,,c1d787d1b7,CREDENTIAL_ONLY,,,939a0ec586
ny_dol_mold,2289,Mold Assessment Contractor License (SH125):25-65FSA-SHMO,25-65FSA-SHMO,Mold Assessment Contractor License (SH125),Active,YES,"Tectonic Engineering Consultants, Geologists, & Land Surveyors, D.P.C.",,c1d787d1b7,CREDENTIAL_ONLY,,,939a0ec586
ny_dol_mold,2290,Mold Assessment Contractor License (SH125):26-6ANPD-SHMO,26-6ANPD-SHMO,Mold Assessment Contractor License (SH125),Active,YES,Testor Technology Environmental Services Inc.,,c1d787d1b7,CREDENTIAL_ONLY,,,939a0ec586
ny_dol_mold,2291,Mold Remediation Contractor License (SH126):25-64Q4Y-SHMO,25-64Q4Y-SHMO,Mold Remediation Contractor License (SH126),Active,YES,"The Abatement Group, LLC",,c1d787d1b7,CREDENTIAL_ONLY,,,939a0ec586
ny_dol_mold,2292,Mold Remediation Contractor License (SH126):25-6ICUF-SHMO,25-6ICUF-SHMO,Mold Remediation Contractor License (SH126),Active,YES,"The Heights Management Company, LLC",,c1d787d1b7,CREDENTIAL_ONLY,,,939a0ec586
ny_dol_mold,2293,Mold Assessment Contractor License (SH125):23-6UYQI-SHMO,23-6UYQI-SHMO,Mold Assessment Contractor License (SH125),Expired,NO,"The New York Public Library, Astor Lenox Tilden Foundation",,c1d787d1b7,CREDENTIAL_ONLY,,,939a0ec586
ny_dol_mold,2294,Mold Assessment Contractor License (SH125):23-61ERA-SHMO,23-61ERA-SHMO,Mold Assessment Contractor License (SH125),Expired,NO,"The Sierra Group Home Inspections, LLC",,c1d787d1b7,CREDENTIAL_ONLY,,,939a0ec586
ny_dol_mold,2295,Mold Remediation Contractor License (SH126):24-63UBS-SHMO,24-63UBS-SHMO,Mold Remediation Contractor License (SH126),Active,YES,The Water Mitigation Friend LLC,,c1d787d1b7,CREDENTIAL_ONLY,,,939a0ec586
ny_dol_mold,2296,Mold Assessment Contractor License (SH125):24-6AAB9-SHMO,24-6AAB9-SHMO,Mold Assessment Contractor License (SH125),Expired,NO,"Three Guys Maintenance, Inc.",,c1d787d1b7,CREDENTIAL_ONLY,,,939a0ec586
ny_dol_mold,2297,Mold Remediation Contractor License (SH126):26-63EDF-SHMO,26-63EDF-SHMO,Mold Remediation Contractor License (SH126),Active,YES,"Titanium Laboratories, Inc",,c1d787d1b7,CREDENTIAL_ONLY,,,939a0ec586
ny_dol_mold,2298,Mold Assessment Contractor License (SH125):26-6Z6NZ-SHMO,26-6Z6NZ-SHMO,Mold Assessment Contractor License (SH125),Active,YES,"Top Gun Inspection Services Group, Inc.",,c1d787d1b7,CREDENTIAL_ONLY,,,939a0ec586
ny_dol_mold,2299,Mold Remediation Contractor License (SH126):26-6AYQN-SHMO,26-6AYQN-SHMO,Mold Remediation Contractor License (SH126),Active,YES,Top Restorations LLC,,c1d787d1b7,CREDENTIAL_ONLY,,,939a0ec586
ny_dol_mold,2300,Mold Remediation Contractor License (SH126):25-63HYE-SHMO,25-63HYE-SHMO,Mold Remediation Contractor License (SH126),Active,YES,"Total Carpet Cleaning Service, Inc.",,c1d787d1b7,CREDENTIAL_ONLY,,,939a0ec586
ny_dol_mold,2301,Mold Assessment Contractor License (SH125):24-63NE8-SHMO,24-63NE8-SHMO,Mold Assessment Contractor License (SH125),Expired,NO,Total Mold Assessment And Remediation Corp.,,c1d787d1b7,CREDENTIAL_ONLY,,,939a0ec586
ny_dol_mold,2302,Mold Remediation Contractor License (SH126):26-66HSF-SHMO,26-66HSF-SHMO,Mold Remediation Contractor License (SH126),Active,YES,Total Restoration Services LLC,,c1d787d1b7,CREDENTIAL_ONLY,,,939a0ec586
ny_dol_mold,2303,Mold Assessment Contractor License (SH125):01235,01235,Mold Assessment Contractor License (SH125),Expired,NO,Tradeseal Corp,,c1d787d1b7,CREDENTIAL_ONLY,,,939a0ec586
ny_dol_mold,2304,Mold Remediation Contractor License (SH126):26-6SDK3-SHMO,26-6SDK3-SHMO,Mold Remediation Contractor License (SH126),Active,YES,Tri Boro Mold Remediation Inc.,,c1d787d1b7,CREDENTIAL_ONLY,,,939a0ec586
ny_dol_mold,2305,Mold Assessment Contractor License (SH125):01771,01771,Mold Assessment Contractor License (SH125),Expired,NO,Tricheck Home Inspections LLC,,c1d787d1b7,CREDENTIAL_ONLY,,,939a0ec586
ny_dol_mold,2306,Mold Assessment Contractor License (SH125):24-63UGB-SHMO,24-63UGB-SHMO,Mold Assessment Contractor License (SH125),Active,YES,Trisafe Inspections NY LLC,,c1d787d1b7,CREDENTIAL_ONLY,,,939a0ec586
ny_dol_mold,2307,Mold Assessment Contractor License (SH125):26-664H6-SHMO,26-664H6-SHMO,Mold Assessment Contractor License (SH125),Active,YES,Tru-Air Mold Advisors LLC,,c1d787d1b7,CREDENTIAL_ONLY,,,939a0ec586
ny_dol_mold,2308,Mold Assessment Contractor License (SH125):26-693YZ-SHMO,26-693YZ-SHMO,Mold Assessment Contractor License (SH125),Active,YES,True North Home Services LLC,,c1d787d1b7,CREDENTIAL_ONLY,,,939a0ec586
ny_dol_mold,2309,Mold Assessment Contractor License (SH125):25-6TKJY-SHMO,25-6TKJY-SHMO,Mold Assessment Contractor License (SH125),Active,YES,Tsoureki LLC,,c1d787d1b7,CREDENTIAL_ONLY,,,939a0ec586
ny_dol_mold,2310,Mold Remediation Contractor License (SH126):26-6A1CD-SHMO,26-6A1CD-SHMO,Mold Remediation Contractor License (SH126),Active,YES,"Two Brothers Contracting, Inc.",,c1d787d1b7,CREDENTIAL_ONLY,,,939a0ec586
ny_dol_mold,2311,Mold Assessment Contractor License (SH125):25-67VO9-SHMO,25-67VO9-SHMO,Mold Assessment Contractor License (SH125),Active,YES,"Two Sons Environmental, LLC",,c1d787d1b7,CREDENTIAL_ONLY,,,939a0ec586
ny_dol_mold,2312,Mold Remediation Contractor License (SH126):25-65A56-SHMO,25-65A56-SHMO,Mold Remediation Contractor License (SH126),Active,YES,"U.S. Service Holdings, Inc.",,c1d787d1b7,CREDENTIAL_ONLY,,,939a0ec586
ny_dol_mold,2313,Mold Remediation Contractor License (SH126):23-6LAU9-SHMO,23-6LAU9-SHMO,Mold Remediation Contractor License (SH126),Expired,NO,UNITED PRECISION MANAGEMENT INC,,c1d787d1b7,CREDENTIAL_ONLY,,,939a0ec586
ny_dol_mold,2314,Mold Assessment Contractor License (SH125):23-6IEPI-SHMO,23-6IEPI-SHMO,Mold Assessment Contractor License (SH125),Expired,NO,"USA Drains, Inc.",,c1d787d1b7,CREDENTIAL_ONLY,,,939a0ec586
ny_dol_mold,2315,Mold Remediation Contractor License (SH126):23-6UJ54-SHMO,23-6UJ54-SHMO,Mold Remediation Contractor License (SH126),Expired,NO,Ultra Clean Air Solutions LLC,,c1d787d1b7,CREDENTIAL_ONLY,,,939a0ec586
ny_dol_mold,2316,Mold Remediation Contractor License (SH126):25-6IF77-SHMO,25-6IF77-SHMO,Mold Remediation Contractor License (SH126),Active,YES,United Restoration Services Inc.,,c1d787d1b7,CREDENTIAL_ONLY,,,939a0ec586
ny_dol_mold,2317,Mold Assessment Contractor License (SH125):25-6LJCB-SHMO,25-6LJCB-SHMO,Mold Assessment Contractor License (SH125),Active,YES,University of Rochester,,c1d787d1b7,CREDENTIAL_ONLY,,,939a0ec586
ny_dol_mold,2318,Mold Remediation Contractor License (SH126):25-6TQPP-SHMO,25-6TQPP-SHMO,Mold Remediation Contractor License (SH126),Active,YES,Upper West Side Restoration LLC,,c1d787d1b7,CREDENTIAL_ONLY,,,939a0ec586
ny_dol_mold,2319,Mold Remediation Contractor License (SH126):24-6ZNP1-SHMO,24-6ZNP1-SHMO,Mold Remediation Contractor License (SH126),Expired,NO,Upstate Property Restorations LLC,,c1d787d1b7,CREDENTIAL_ONLY,,,939a0ec586
ny_dol_mold,2320,Mold Remediation Contractor License (SH126):26-6L5BG-SHMO,26-6L5BG-SHMO,Mold Remediation Contractor License (SH126),Active,YES,Utopia Restoration LLC,,c1d787d1b7,CREDENTIAL_ONLY,,,939a0ec586
ny_dol_mold,2321,Mold Assessment Contractor License (SH125):26-6A8KE-SHMO,26-6A8KE-SHMO,Mold Assessment Contractor License (SH125),Active,YES,"VHB Engineering, Surveying, Landscape Architecture and Geology, P.C.",,c1d787d1b7,CREDENTIAL_ONLY,,,939a0ec586
ny_dol_mold,2322,Mold Remediation Contractor License (SH126):24-63UJH-SHMO,24-63UJH-SHMO,Mold Remediation Contractor License (SH126),Active,YES,VP Renovations LLC,,c1d787d1b7,CREDENTIAL_ONLY,,,939a0ec586
ny_dol_mold,2323,Mold Assessment Contractor License (SH125):24-6ZPBO-SHMO,24-6ZPBO-SHMO,Mold Assessment Contractor License (SH125),Expired,NO,Van Dyk Solutions LLC,,c1d787d1b7,CREDENTIAL_ONLY,,,939a0ec586
ny_dol_mold,2324,Mold Assessment Contractor License (SH125):26-6ZO6H-SHMO,26-6ZO6H-SHMO,Mold Assessment Contractor License (SH125),Active,YES,"Venture Management & Reconstruction, Inc.",,c1d787d1b7,CREDENTIAL_ONLY,,,939a0ec586
ny_dol_mold,2325,Mold Assessment Contractor License (SH125):24-63QLC-SHMO,24-63QLC-SHMO,Mold Assessment Contractor License (SH125),Active,YES,Revamp Cleaning Solutions L.L.C.,,c1d787d1b7,CREDENTIAL_ONLY,,,939a0ec586
ny_dol_mold,2326,Mold Assessment Contractor License (SH125):01800,01800,Mold Assessment Contractor License (SH125),Expired,NO,"Revolutionary Home Inspections, LLC",,c1d787d1b7,CREDENTIAL_ONLY,,,939a0ec586
ny_dol_mold,2327,Mold Assessment Contractor License (SH125):01517,01517,Mold Assessment Contractor License (SH125),Expired,NO,"Rick Kast Carpentry, Inc.",,c1d787d1b7,CREDENTIAL_ONLY,,,939a0ec586
ny_dol_mold,2328,Mold Assessment Contractor License (SH125):23-6TQ6D-SHMO,23-6TQ6D-SHMO,Mold Assessment Contractor License (SH125),Expired,NO,Rimkus Consulting Group Inc,,c1d787d1b7,CREDENTIAL_ONLY,,,939a0ec586
ny_dol_mold,2329,Mold Remediation Contractor License (SH126):26-69XLP-SHMO,26-69XLP-SHMO,Mold Remediation Contractor License (SH126),Active,YES,Riverbay Corporation,,c1d787d1b7,CREDENTIAL_ONLY,,,939a0ec586
ny_dol_mold,2330,Mold Remediation Contractor License (SH126):23-6UOM4-SHMO,23-6UOM4-SHMO,Mold Remediation Contractor License (SH126),Expired,NO,Robust Clean Inc,,c1d787d1b7,CREDENTIAL_ONLY,,,939a0ec586
ny_dol_mold,2331,Mold Remediation Contractor License (SH126):25-6TJK3-SHMO,25-6TJK3-SHMO,Mold Remediation Contractor License (SH126),Active,YES,Rochester Mold Remediation LLC,,c1d787d1b7,CREDENTIAL_ONLY,,,939a0ec586
ny_dol_mold,2332,Mold Assessment Contractor License (SH125):25-6URHW-SHMO,25-6URHW-SHMO,Mold Assessment Contractor License (SH125),Active,YES,Rock Solid Home Inspections LLC,,c1d787d1b7,CREDENTIAL_ONLY,,,939a0ec586
ny_dol_mold,2333,Mold Assessment Contractor License (SH125):24-6A65Z-SHMO,24-6A65Z-SHMO,Mold Assessment Contractor License (SH125),Expired,NO,"Rolo Home Inspections, Inc",,c1d787d1b7,CREDENTIAL_ONLY,,,939a0ec586
ny_dol_mold,2334,Mold Assessment Contractor License (SH125):23-6UX8I-SHMO,23-6UX8I-SHMO,Mold Assessment Contractor License (SH125),Expired,NO,Roofs Etc Inc,,c1d787d1b7,CREDENTIAL_ONLY,,,939a0ec586
ny_dol_mold,2335,Mold Assessment Contractor License (SH125):24-63VOA-SHMO,24-63VOA-SHMO,Mold Assessment Contractor License (SH125),Active,YES,Roux Associates Inc.,,c1d787d1b7,CREDENTIAL_ONLY,,,939a0ec586
ny_dol_mold,2336,Mold Remediation Contractor License (SH126):00662,00662,Mold Remediation Contractor License (SH126),Expired,NO,S&J Services Inc.,,c1d787d1b7,CREDENTIAL_ONLY,,,939a0ec586
ny_dol_mold,2337,Mold Remediation Contractor License (SH126):26-66XRS-SHMO,26-66XRS-SHMO,Mold Remediation Contractor License (SH126),Active,YES,"SAFE-T-KLEAN ENVIRONMENTAL, INC.",,c1d787d1b7,CREDENTIAL_ONLY,,,939a0ec586
ny_dol_mold,2338,Mold Remediation Contractor License (SH126):25-6UCSW-SHMO,25-6UCSW-SHMO,Mold Remediation Contractor License (SH126),Active,YES,SBG Environmental Corp,,c1d787d1b7,CREDENTIAL_ONLY,,,939a0ec586
ny_dol_mold,2339,Mold Remediation Contractor License (SH126):26-9YNUU-SHMO,26-9YNUU-SHMO,Mold Remediation Contractor License (SH126),Active,YES,SHAKTI CONSTRUCTION CORP,,c1d787d1b7,CREDENTIAL_ONLY,,,939a0ec586
ny_dol_mold,2340,Mold Assessment Contractor License (SH125):25-64VRO-SHMO,25-64VRO-SHMO,Mold Assessment Contractor License (SH125),Active,YES,SI Associates LLC,,c1d787d1b7,CREDENTIAL_ONLY,,,939a0ec586
ny_dol_mold,2341,Mold Remediation Contractor License (SH126):26-6AIYK-SHMO,26-6AIYK-SHMO,Mold Remediation Contractor License (SH126),Active,YES,SK Improvements Corp,,c1d787d1b7,CREDENTIAL_ONLY,,,939a0ec586
ny_dol_mold,2342,Mold Remediation Contractor License (SH126):26-6SIEL-SHMO,26-6SIEL-SHMO,Mold Remediation Contractor License (SH126),Active,YES,"SLOVIT, INC.",,c1d787d1b7,CREDENTIAL_ONLY,,,939a0ec586
ny_dol_mold,2343,Mold Remediation Contractor License (SH126):25-64KP9-SHMO,25-64KP9-SHMO,Mold Remediation Contractor License (SH126),Active,YES,"SOUTH STAR CONSULTING, LLC",,c1d787d1b7,CREDENTIAL_ONLY,,,939a0ec586
ny_dol_mold,2344,Mold Remediation Contractor License (SH126):26-66TYG-SHMO,26-66TYG-SHMO,Mold Remediation Contractor License (SH126),Active,YES,STANLEY STEEMER INTL INC.,,c1d787d1b7,CREDENTIAL_ONLY,,,939a0ec586
ny_dol_mold,2345,Mold Assessment Contractor License (SH125):26-63NEU-SHMO,26-63NEU-SHMO,Mold Assessment Contractor License (SH125),Active,YES,STV Incorporated,,c1d787d1b7,CREDENTIAL_ONLY,,,939a0ec586
ny_dol_mold,2346,Mold Assessment Contractor License (SH125):24-6uxm8-shmo,24-6uxm8-shmo,Mold Assessment Contractor License (SH125),Active,YES,"Safe Harbor Inspections, Inc.",,c1d787d1b7,CREDENTIAL_ONLY,,,939a0ec586
ny_dol_mold,2347,Mold Remediation Contractor License (SH126):24-63KKZ-SHMO,24-63KKZ-SHMO,Mold Remediation Contractor License (SH126),Expired,NO,"Safety Environmental Company of New York, Inc.",,c1d787d1b7,CREDENTIAL_ONLY,,,939a0ec586
ny_dol_mold,2348,Mold Remediation Contractor License (SH126):25-65FS1-SHMO,25-65FS1-SHMO,Mold Remediation Contractor License (SH126),Active,YES,Saini Construction Corp,,c1d787d1b7,CREDENTIAL_ONLY,,,939a0ec586
ny_dol_mold,2349,Mold Assessment Contractor License (SH125):25-656K1-SHMO,25-656K1-SHMO,Mold Assessment Contractor License (SH125),Active,YES,Sandeep Gunnala Engineering PLLC,,c1d787d1b7,CREDENTIAL_ONLY,,,939a0ec586
ny_dol_mold,2350,Mold Remediation Contractor License (SH126):25-6TP9I-SHMO,25-6TP9I-SHMO,Mold Remediation Contractor License (SH126),Active,YES,"Sasser Companies, LLC",,c1d787d1b7,CREDENTIAL_ONLY,,,939a0ec586
ny_dol_mold,2351,Mold Remediation Contractor License (SH126):25-6LEFN-SHMO,25-6LEFN-SHMO,Mold Remediation Contractor License (SH126),Active,YES,Schwartz Enterprises Inc,,c1d787d1b7,CREDENTIAL_ONLY,,,939a0ec586
ny_dol_mold,2352,Mold Remediation Contractor License (SH126):26-6afai-shmo,26-6afai-shmo,Mold Remediation Contractor License (SH126),Active,YES,"Sensible Choice Contracting, LLC",,c1d787d1b7,CREDENTIAL_ONLY,,,939a0ec586
ny_dol_mold,2353,Mold Remediation Contractor License (SH126):25-6L8QC-SHMO,25-6L8QC-SHMO,Mold Remediation Contractor License (SH126),Active,YES,"Service Master By Clean Sweep, Inc",,c1d787d1b7,CREDENTIAL_ONLY,,,939a0ec586
ny_dol_mold,2354,Mold Remediation Contractor License (SH126):24-63HU8-SHMO,24-63HU8-SHMO,Mold Remediation Contractor License (SH126),Active,YES,"Sessler Environmental  Services, LLC",,c1d787d1b7,CREDENTIAL_ONLY,,,939a0ec586
ny_dol_mold,2355,Mold Assessment Contractor License (SH125):26-66JAI-SHMO,26-66JAI-SHMO,Mold Assessment Contractor License (SH125),Active,YES,SharpEC LLC,,c1d787d1b7,CREDENTIAL_ONLY,,,939a0ec586
ny_dol_mold,2356,Mold Assessment Contractor License (SH125):26-6I7L8-SHMO,26-6I7L8-SHMO,Mold Assessment Contractor License (SH125),Active,YES,Shield Guard Home Inspections LLC,,c1d787d1b7,CREDENTIAL_ONLY,,,939a0ec586
ny_dol_mold,2357,Mold Assessment Contractor License (SH125):24-6SYRD-SHMO,24-6SYRD-SHMO,Mold Assessment Contractor License (SH125),Expired,NO,Sienna Environmental Technologies LLC,,c1d787d1b7,CREDENTIAL_ONLY,,,939a0ec586
ny_dol_mold,2358,Mold Assessment Contractor License (SH125):01845,01845,Mold Assessment Contractor License (SH125),Expired,NO,Silver Maple Home Inspections LLC,,c1d787d1b7,CREDENTIAL_ONLY,,,939a0ec586
ny_dol_mold,2359,Mold Assessment Contractor License (SH125):01755,01755,Mold Assessment Contractor License (SH125),Expired,NO,"Simco Plumbing, Heating & A/C LLC",,c1d787d1b7,CREDENTIAL_ONLY,,,939a0ec586
ny_dol_mold,2360,Mold Assessment Contractor License (SH125):24-6ATOB-SHMO,24-6ATOB-SHMO,Mold Assessment Contractor License (SH125),Expired,NO,"Simply Sustainable, LLC",,c1d787d1b7,CREDENTIAL_ONLY,,,939a0ec586
ny_dol_mold,2361,Mold Remediation Contractor License (SH126):25-64V9T-SHMO,25-64V9T-SHMO,Mold Remediation Contractor License (SH126),Active,YES,"Skyward Property Solutions, LLC",,c1d787d1b7,CREDENTIAL_ONLY,,,939a0ec586
ny_dol_mold,2362,Mold Remediation Contractor License (SH126):26-6643H-SHMO,26-6643H-SHMO,Mold Remediation Contractor License (SH126),Active,YES,Smikeharpo IAQ Corp.,,c1d787d1b7,CREDENTIAL_ONLY,,,939a0ec586
ny_dol_mold,2363,Mold Assessment Contractor License (SH125):26-6LQBN-SHMO,26-6LQBN-SHMO,Mold Assessment Contractor License (SH125),Active,YES,Snyder Home Buyers LLC,,c1d787d1b7,CREDENTIAL_ONLY,,,939a0ec586
ny_dol_mold,2364,Mold Assessment Contractor License (SH125):25-6Z5TA-SHMO,25-6Z5TA-SHMO,Mold Assessment Contractor License (SH125),Active,YES,Sound Environmental Associates LLC,,c1d787d1b7,CREDENTIAL_ONLY,,,939a0ec586
ny_dol_mold,2365,Mold Remediation Contractor License (SH126):26-63SYH-SHMO,26-63SYH-SHMO,Mold Remediation Contractor License (SH126),Active,YES,"South Bronx Restoration, LLC",,c1d787d1b7,CREDENTIAL_ONLY,,,939a0ec586
ny_dol_mold,2366,Mold Remediation Contractor License (SH126):23-6UNQX-SHMO,23-6UNQX-SHMO,Mold Remediation Contractor License (SH126),Expired,NO,Spartan Environmental Corp.,,c1d787d1b7,CREDENTIAL_ONLY,,,939a0ec586
ny_dol_mold,2367,Mold Assessment Contractor License (SH125):24-63P3N-SHMO,24-63P3N-SHMO,Mold Assessment Contractor License (SH125),Active,YES,"Spectrum Geological Services, P.C.",,c1d787d1b7,CREDENTIAL_ONLY,,,939a0ec586
ny_dol_mold,2368,Mold Assessment Contractor License (SH125):25-6TJK4-SHMO,25-6TJK4-SHMO,Mold Assessment Contractor License (SH125),Active,YES,Stamford Wrecking Company,,c1d787d1b7,CREDENTIAL_ONLY,,,939a0ec586
ny_dol_mold,2369,Mold Remediation Contractor License (SH126):25-6HKF5-SHMO,25-6HKF5-SHMO,Mold Remediation Contractor License (SH126),Active,YES,"Stat Sanitizing, LLC",,c1d787d1b7,CREDENTIAL_ONLY,,,939a0ec586
ny_dol_mold,2370,Mold Assessment Contractor License (SH125):26-69QYI-SHMO,26-69QYI-SHMO,Mold Assessment Contractor License (SH125),Active,YES,Stephen G Stringer,,c1d787d1b7,CREDENTIAL_ONLY,,,939a0ec586
ny_dol_mold,2371,Mold Assessment Contractor License (SH125):25-6L1ZN-SHMO,25-6L1ZN-SHMO,Mold Assessment Contractor License (SH125),Active,YES,Steven J Giambra,,c1d787d1b7,CREDENTIAL_ONLY,,,939a0ec586
ny_dol_mold,2372,Mold Remediation Contractor License (SH126):26-6SD99-SHMO,26-6SD99-SHMO,Mold Remediation Contractor License (SH126),Active,YES,"Stohl Remediation Services, Inc.",,c1d787d1b7,CREDENTIAL_ONLY,,,939a0ec586
ny_dol_mold,2373,Mold Remediation Contractor License (SH126):23-6LLO9-SHMO,23-6LLO9-SHMO,Mold Remediation Contractor License (SH126),Expired,NO,Strong Home Improvements LLC,,c1d787d1b7,CREDENTIAL_ONLY,,,939a0ec586
ny_dol_mold,2374,Mold Remediation Contractor License (SH126):26-6Z589-SHMO,26-6Z589-SHMO,Mold Remediation Contractor License (SH126),Active,YES,"Sullivan's Cleaning & Restoration, LLC",,c1d787d1b7,CREDENTIAL_ONLY,,,939a0ec586
ny_dol_mold,2375,Mold Assessment Contractor License (SH125):25-6HB64-SHMO,25-6HB64-SHMO,Mold Assessment Contractor License (SH125),Active,YES,Sunset Mold Assessment Corp,,c1d787d1b7,CREDENTIAL_ONLY,,,939a0ec586
ny_dol_mold,2376,Mold Remediation Contractor License (SH126):26-6Z18L-SHMO,26-6Z18L-SHMO,Mold Remediation Contractor License (SH126),Active,YES,"Superior Carpet And Upholstery Cleaning, Inc.",,c1d787d1b7,CREDENTIAL_ONLY,,,939a0ec586
ny_dol_mold,2377,Mold Assessment Contractor License (SH125):01505,01505,Mold Assessment Contractor License (SH125),Expired,NO,Superior Home Inspections,,c1d787d1b7,CREDENTIAL_ONLY,,,939a0ec586
ny_dol_mold,2378,Mold Remediation Contractor License (SH126):01753,01753,Mold Remediation Contractor License (SH126),Expired,NO,"Supra Inspections, LLC",,c1d787d1b7,CREDENTIAL_ONLY,,,939a0ec586
ny_dol_mold,2379,Mold Remediation Contractor License (SH126):25-6IFOG-SHMO,25-6IFOG-SHMO,Mold Remediation Contractor License (SH126),Active,YES,T & L of The Southtowns,,c1d787d1b7,CREDENTIAL_ONLY,,,939a0ec586
ny_dol_mold,2380,Mold Remediation Contractor License (SH126):24-6Z6JO-SHMO,24-6Z6JO-SHMO,Mold Remediation Contractor License (SH126),Expired,NO,"T.Z. Butlers, Inc.",,c1d787d1b7,CREDENTIAL_ONLY,,,939a0ec586
ny_dol_mold,2381,Mold Remediation Contractor License (SH126):01194,01194,Mold Remediation Contractor License (SH126),Expired,NO,"TDJ Services, Inc.",,c1d787d1b7,CREDENTIAL_ONLY,,,939a0ec586
ny_dol_mold,2382,Mold Assessment Contractor License (SH125):00932,00932,Mold Assessment Contractor License (SH125),Expired,NO,THE DELAWARE VERTEX COMPANIES,,c1d787d1b7,CREDENTIAL_ONLY,,,939a0ec586
ny_dol_mold,2383,Mold Remediation Contractor License (SH126):25-6LGAD-SHMO,25-6LGAD-SHMO,Mold Remediation Contractor License (SH126),Active,YES,"TLD Services, Inc",,c1d787d1b7,CREDENTIAL_ONLY,,,939a0ec586
ny_dol_mold,2384,Mold Remediation Contractor License (SH126):26-6ZAKF-SHMO,26-6ZAKF-SHMO,Mold Remediation Contractor License (SH126),Active,YES,"TPM General Contractors, Inc.",,c1d787d1b7,CREDENTIAL_ONLY,,,939a0ec586
ny_dol_mold,2385,Mold Assessment Contractor License (SH125):25-6T8Z7-SHMO,25-6T8Z7-SHMO,Mold Assessment Contractor License (SH125),Active,YES,TRISTATE MOLD SOLUTIONS INC,,c1d787d1b7,CREDENTIAL_ONLY,,,939a0ec586
ny_dol_mold,2386,Mold Assessment Contractor License (SH125):25-6LJC8-SHMO,25-6LJC8-SHMO,Mold Assessment Contractor License (SH125),Active,YES,"TTI Environmental, Inc.",,c1d787d1b7,CREDENTIAL_ONLY,,,939a0ec586
ny_dol_mold,2387,Mold Assessment Contractor License (SH125):25-6uy3b-shmo,25-6uy3b-shmo,Mold Assessment Contractor License (SH125),Active,YES,Tacys Enterprises Inc.,,c1d787d1b7,CREDENTIAL_ONLY,,,939a0ec586
ny_dol_mold,2388,Mold Assessment Contractor License (SH125):25-6IGRO-SHMO,25-6IGRO-SHMO,Mold Assessment Contractor License (SH125),Active,YES,"Taylor Environmental Group, Inc.",,c1d787d1b7,CREDENTIAL_ONLY,,,939a0ec586
ny_dol_mold,2389,Mold Assessment Contractor License (SH125):25-6ABKD-SHMO,25-6ABKD-SHMO,Mold Assessment Contractor License (SH125),Active,YES,"Tech Smart Home Inspections, LLC",,c1d787d1b7,CREDENTIAL_ONLY,,,939a0ec586
ny_dol_mold,2390,Mold Assessment Contractor License (SH125):26-6Z8CX-SHMO,26-6Z8CX-SHMO,Mold Assessment Contractor License (SH125),Active,YES,"Terracon Consultants, Inc.",,c1d787d1b7,CREDENTIAL_ONLY,,,939a0ec586
ny_dol_mold,2391,Mold Assessment Contractor License (SH125):24-63SNY-SHMO,24-63SNY-SHMO,Mold Assessment Contractor License (SH125),Active,YES,"Tetra Tech, Inc.",,c1d787d1b7,CREDENTIAL_ONLY,,,939a0ec586
ny_dol_mold,2392,Mold Remediation Contractor License (SH126):24-63GAK-SHMO,24-63GAK-SHMO,Mold Remediation Contractor License (SH126),Active,YES,"The Asbestos Contractor, Inc.",,c1d787d1b7,CREDENTIAL_ONLY,,,939a0ec586
ny_dol_mold,2393,Mold Assessment Contractor License (SH125):25-6ICUD-SHMO,25-6ICUD-SHMO,Mold Assessment Contractor License (SH125),Active,YES,"The Heights Management Company, LLC",,c1d787d1b7,CREDENTIAL_ONLY,,,939a0ec586
ny_dol_mold,2394,Mold Remediation Contractor License (SH126):25-6UOYZ-SHMO,25-6UOYZ-SHMO,Mold Remediation Contractor License (SH126),Active,YES,The Puma Home Repair & Painting Corp.,,c1d787d1b7,CREDENTIAL_ONLY,,,939a0ec586
ny_dol_mold,2395,Mold Remediation Contractor License (SH126):26-66G3H-SHMO,26-66G3H-SHMO,Mold Remediation Contractor License (SH126),Active,YES,"The Skinkle Group, Inc.",,c1d787d1b7,CREDENTIAL_ONLY,,,939a0ec586
ny_dol_mold,2396,Mold Assessment Contractor License (SH125):25-6LVDS-SHMO,25-6LVDS-SHMO,Mold Assessment Contractor License (SH125),Active,YES,Thomas M Callahan,,c1d787d1b7,CREDENTIAL_ONLY,,,939a0ec586
ny_dol_mold,2397,Mold Remediation Contractor License (SH126):26-69XLJ-SHMO,26-69XLJ-SHMO,Mold Remediation Contractor License (SH126),Active,YES,Timars Flow Construction Corp,,c1d787d1b7,CREDENTIAL_ONLY,,,939a0ec586
ny_dol_mold,2398,Mold Assessment Contractor License (SH125):25-6LS3K-SHMO,25-6LS3K-SHMO,Mold Assessment Contractor License (SH125),Active,YES,"Titanium Laboratories, Inc",,c1d787d1b7,CREDENTIAL_ONLY,,,939a0ec586
ny_dol_mold,2399,Mold Remediation Contractor License (SH126):25-65Z61-SHMO,25-65Z61-SHMO,Mold Remediation Contractor License (SH126),Active,YES,Top Home Inspection Services LLC,,c1d787d1b7,CREDENTIAL_ONLY,,,939a0ec586
ny_dol_mold,2400,Mold Assessment Contractor License (SH125):25-644CY-SHMO,25-644CY-SHMO,Mold Assessment Contractor License (SH125),Active,YES,"Top To Bottom Home Inspections, LLC",,c1d787d1b7,CREDENTIAL_ONLY,,,939a0ec586
ny_dol_mold,2401,Mold Assessment Contractor License (SH125):25-6LQD8-SHMO,25-6LQD8-SHMO,Mold Assessment Contractor License (SH125),Active,YES,"Total Environmental Associates, Inc.",,c1d787d1b7,CREDENTIAL_ONLY,,,939a0ec586
ny_dol_mold,2402,Mold Remediation Contractor License (SH126):24-63NEC-SHMO,24-63NEC-SHMO,Mold Remediation Contractor License (SH126),Expired,NO,Total Mold Assessment And Remediation Corp.,,c1d787d1b7,CREDENTIAL_ONLY,,,939a0ec586
ny_dol_mold,2403,Mold Assessment Contractor License (SH125):26-6Z7QY-SHMO,26-6Z7QY-SHMO,Mold Assessment Contractor License (SH125),Active,YES,Totaleco Building Consultants Inc.,,c1d787d1b7,CREDENTIAL_ONLY,,,939a0ec586
ny_dol_mold,2404,Mold Assessment Contractor License (SH125):01522,01522,Mold Assessment Contractor License (SH125),Expired,NO,Tradeseal Corp,,c1d787d1b7,CREDENTIAL_ONLY,,,939a0ec586
ny_dol_mold,2405,Mold Remediation Contractor License (SH126):01266,01266,Mold Remediation Contractor License (SH126),Expired,NO,Tri County Mold Busters LLC,,c1d787d1b7,CREDENTIAL_ONLY,,,939a0ec586
ny_dol_mold,2406,Mold Remediation Contractor License (SH126):25-64X3Z-SHMO,25-64X3Z-SHMO,Mold Remediation Contractor License (SH126),Active,YES,Trident Mold Remediation LLC,,c1d787d1b7,CREDENTIAL_ONLY,,,939a0ec586
ny_dol_mold,2407,Mold Remediation Contractor License (SH126):24-6SCNJ-SHMO,24-6SCNJ-SHMO,Mold Remediation Contractor License (SH126),Expired,NO,"Tristate Contracting Solutions, Inc.",,c1d787d1b7,CREDENTIAL_ONLY,,,939a0ec586
ny_dol_mold,2408,Mold Assessment Contractor License (SH125):24-6AOKU-SHMO,24-6AOKU-SHMO,Mold Assessment Contractor License (SH125),Expired,NO,"TruPro Remediation Services Group, Inc.",,c1d787d1b7,CREDENTIAL_ONLY,,,939a0ec586
ny_dol_mold,2409,Mold Remediation Contractor License (SH126):26-6A6CT-SHMO,26-6A6CT-SHMO,Mold Remediation Contractor License (SH126),Active,YES,True Restorations Inc,,c1d787d1b7,CREDENTIAL_ONLY,,,939a0ec586
ny_dol_mold,2410,Mold Assessment Contractor License (SH125):01760,01760,Mold Assessment Contractor License (SH125),Expired,NO,Tubman Contracting Enterprises Inc,,c1d787d1b7,CREDENTIAL_ONLY,,,939a0ec586
ny_dol_mold,2411,Mold Assessment Contractor License (SH125):26-69VRA-SHMO,26-69VRA-SHMO,Mold Assessment Contractor License (SH125),Active,YES,"Two Sons Environmental 2, LLC",,c1d787d1b7,CREDENTIAL_ONLY,,,939a0ec586
ny_dol_mold,2412,Mold Remediation Contractor License (SH126):24-63RJB-SHMO,24-63RJB-SHMO,Mold Remediation Contractor License (SH126),Active,YES,U. A Builders Corp.,,c1d787d1b7,CREDENTIAL_ONLY,,,939a0ec586
ny_dol_mold,2413,Mold Remediation Contractor License (SH126):24-6ZENT-SHMO,24-6ZENT-SHMO,Mold Remediation Contractor License (SH126),Expired,NO,UHL Ventures LLC,,c1d787d1b7,CREDENTIAL_ONLY,,,939a0ec586
ny_dol_mold,2414,Mold Assessment Contractor License (SH125):25-6LGZ9-SHMO,25-6LGZ9-SHMO,Mold Assessment Contractor License (SH125),Active,YES,"UNYSE, LLC",,c1d787d1b7,CREDENTIAL_ONLY,,,939a0ec586
ny_dol_mold,2415,Mold Remediation Contractor License (SH126):23-6IBG3-SHMO,23-6IBG3-SHMO,Mold Remediation Contractor License (SH126),Expired,NO,"USA Drains, Inc.",,c1d787d1b7,CREDENTIAL_ONLY,,,939a0ec586
ny_dol_mold,2416,Mold Remediation Contractor License (SH126):25-6U8DP-SHMO,25-6U8DP-SHMO,Mold Remediation Contractor License (SH126),Active,YES,Undaunted Restoration Inc.,,c1d787d1b7,CREDENTIAL_ONLY,,,939a0ec586
ny_dol_mold,2417,Mold Remediation Contractor License (SH126):26-63GVA-SHMO,26-63GVA-SHMO,Mold Remediation Contractor License (SH126),Active,YES,United Safety LLC,,c1d787d1b7,CREDENTIAL_ONLY,,,939a0ec586
ny_dol_mold,2418,Mold Assessment Contractor License (SH125):01744,01744,Mold Assessment Contractor License (SH125),Expired,NO,Upfront Mold Assessors LLC,,c1d787d1b7,CREDENTIAL_ONLY,,,939a0ec586
ny_dol_mold,2419,Mold Remediation Contractor License (SH126):25-6LSPP-SHMO,25-6LSPP-SHMO,Mold Remediation Contractor License (SH126),Active,YES,Upstate Drainage and Mold LLC,,c1d787d1b7,CREDENTIAL_ONLY,,,939a0ec586
ny_dol_mold,2420,Mold Assessment Contractor License (SH125):25-6UODA-SHMO,25-6UODA-SHMO,Mold Assessment Contractor License (SH125),Active,YES,Urgent Restoration1 LLC,,c1d787d1b7,CREDENTIAL_ONLY,,,939a0ec586
ny_dol_mold,2421,Mold Remediation Contractor License (SH126):01757,01757,Mold Remediation Contractor License (SH126),Expired,NO,V & R Classic Management Inc.,,c1d787d1b7,CREDENTIAL_ONLY,,,939a0ec586
ny_dol_mold,2422,Mold Assessment Contractor License (SH125):01597,01597,Mold Assessment Contractor License (SH125),Expired,NO,"VHB Engineering, Surveying, Landscape Architecture and Geology, P.C.",,c1d787d1b7,CREDENTIAL_ONLY,,,939a0ec586
ny_dol_mold,2423,Mold Assessment Contractor License (SH125):24-6ZZZG-SHMO,24-6ZZZG-SHMO,Mold Assessment Contractor License (SH125),Expired,NO,"VPG Home Inspection, LLC",,c1d787d1b7,CREDENTIAL_ONLY,,,939a0ec586
ny_dol_mold,2424,Mold Remediation Contractor License (SH126):26-6ZGIO-SHMO,26-6ZGIO-SHMO,Mold Remediation Contractor License (SH126),Active,YES,Van Dyk Solutions LLC,,c1d787d1b7,CREDENTIAL_ONLY,,,939a0ec586
ny_dol_mold,2425,Mold Assessment Contractor License (SH125):26-693J4-SHMO,26-693J4-SHMO,Mold Assessment Contractor License (SH125),Active,YES,Verdantas Consultants Inc.,,c1d787d1b7,CREDENTIAL_ONLY,,,939a0ec586
ny_dol_mold,2426,Mold Assessment Contractor License (SH125):24-63UKB-SHMO,24-63UKB-SHMO,Mold Assessment Contractor License (SH125),Active,YES,Verdantgarde LLC,,c1d787d1b7,CREDENTIAL_ONLY,,,939a0ec586
ny_dol_mold,2427,Mold Remediation Contractor License (SH126):23-6LDOI-SHMO,23-6LDOI-SHMO,Mold Remediation Contractor License (SH126),Expired,NO,Vibrant Remediations and Environmental Services Inc.,,c1d787d1b7,CREDENTIAL_ONLY,,,939a0ec586
ny_dol_mold,2428,Mold Remediation Contractor License (SH126):00680,00680,Mold Remediation Contractor License (SH126),Expired,NO,"Vingoe Enterprises, Inc.",,c1d787d1b7,CREDENTIAL_ONLY,,,939a0ec586
ny_dol_mold,2429,Mold Assessment Contractor License (SH125):01813,01813,Mold Assessment Contractor License (SH125),Expired,NO,Visual Diaries Home Inspections LLC,,c1d787d1b7,CREDENTIAL_ONLY,,,939a0ec586
ny_dol_mold,2430,Mold Remediation Contractor License (SH126):26-6AGYR-SHMO,26-6AGYR-SHMO,Mold Remediation Contractor License (SH126),Active,YES,W. B. Maintenance & Repair Corp,,c1d787d1b7,CREDENTIAL_ONLY,,,939a0ec586
ny_dol_mold,2431,Mold Assessment Contractor License (SH125):25-6HBT8-SHMO,25-6HBT8-SHMO,Mold Assessment Contractor License (SH125),Active,YES,WDNY LLC,,c1d787d1b7,CREDENTIAL_ONLY,,,939a0ec586
ny_dol_mold,2432,Mold Remediation Contractor License (SH126):25-6LZG4-SHMO,25-6LZG4-SHMO,Mold Remediation Contractor License (SH126),Active,YES,"WESTFAIR RESTORATION SERVICES, INC.",,c1d787d1b7,CREDENTIAL_ONLY,,,939a0ec586
ny_dol_mold,2433,Mold Remediation Contractor License (SH126):24-63T8J-SHMO,24-63T8J-SHMO,Mold Remediation Contractor License (SH126),Active,YES,WNY Eco Solutions LLC,,c1d787d1b7,CREDENTIAL_ONLY,,,939a0ec586
ny_dol_mold,2434,Mold Assessment Contractor License (SH125):26-6ZZEU-SHMO,26-6ZZEU-SHMO,Mold Assessment Contractor License (SH125),Active,YES,"Walden Environmental Engineering,PLLC",,c1d787d1b7,CREDENTIAL_ONLY,,,939a0ec586
ny_dol_mold,2435,Mold Assessment Contractor License (SH125):23-6LDOU-SHMO,23-6LDOU-SHMO,Mold Assessment Contractor License (SH125),Expired,NO,"Warren & Panzer Engineers, P.C.",,c1d787d1b7,CREDENTIAL_ONLY,,,939a0ec586
ny_dol_mold,2436,Mold Assessment Contractor License (SH125):25-6L6ZP-SHMO,25-6L6ZP-SHMO,Mold Assessment Contractor License (SH125),Active,YES,"Watts Architecture + Engineering, D.P.C.",,c1d787d1b7,CREDENTIAL_ONLY,,,939a0ec586
ny_dol_mold,2437,Mold Remediation Contractor License (SH126):24-6AADC-SHMO,24-6AADC-SHMO,Mold Remediation Contractor License (SH126),Expired,NO,Wedry and Restore LLC,,c1d787d1b7,CREDENTIAL_ONLY,,,939a0ec586
ny_dol_mold,2438,Mold Assessment Contractor License (SH125):24-63HKD-SHMO,24-63HKD-SHMO,Mold Assessment Contractor License (SH125),Active,YES,"Westchester Drywall NY, Corp.",,c1d787d1b7,CREDENTIAL_ONLY,,,939a0ec586
ny_dol_mold,2439,Mold Assessment Contractor License (SH125):01754,01754,Mold Assessment Contractor License (SH125),Expired,NO,Win Fairfield LLC,,c1d787d1b7,CREDENTIAL_ONLY,,,939a0ec586
ny_dol_mold,2440,Mold Assessment Contractor License (SH125):24-6AZSV-SHMO,24-6AZSV-SHMO,Mold Assessment Contractor License (SH125),Expired,NO,Windsor Inspections LLC,,c1d787d1b7,CREDENTIAL_ONLY,,,939a0ec586
ny_dol_mold,2441,Mold Assessment Contractor License (SH125):24-63P98-SHMO,24-63P98-SHMO,Mold Assessment Contractor License (SH125),Active,YES,World Class Environmental LLC,,c1d787d1b7,CREDENTIAL_ONLY,,,939a0ec586
ny_dol_mold,2442,Mold Assessment Contractor License (SH125):26-667I9-SHMO,26-667I9-SHMO,Mold Assessment Contractor License (SH125),Active,YES,"YA Engineering, PLLC",,c1d787d1b7,CREDENTIAL_ONLY,,,939a0ec586
ny_dol_mold,2443,Mold Remediation Contractor License (SH126):25-61OCF-SHMO,25-61OCF-SHMO,Mold Remediation Contractor License (SH126),Active,YES,Yellowstone Builders 2 LLC,,c1d787d1b7,CREDENTIAL_ONLY,,,939a0ec586
ny_dol_mold,2444,Mold Remediation Contractor License (SH126):01902,01902,Mold Remediation Contractor License (SH126),Expired,NO,Zamlis LLC,,c1d787d1b7,CREDENTIAL_ONLY,,,939a0ec586
ny_dol_mold,2445,Mold Remediation Contractor License (SH126):23-6UDE7-SHMO,23-6UDE7-SHMO,Mold Remediation Contractor License (SH126),Expired,NO,Ziaur Bhuiyan DBA Dynamic Construction Co.,,c1d787d1b7,CREDENTIAL_ONLY,,,939a0ec586
ny_dol_mold,2446,Mold Assessment Contractor License (SH125):26-63CBS-SHMO,26-63CBS-SHMO,Mold Assessment Contractor License (SH125),Active,YES,amzo,,c1d787d1b7,CREDENTIAL_ONLY,,,939a0ec586
ny_dol_mold,2447,Mold Remediation Contractor License (SH126):26-66AP9-SHMO,26-66AP9-SHMO,Mold Remediation Contractor License (SH126),Active,YES,northeastern restoration services llc,,c1d787d1b7,CREDENTIAL_ONLY,,,939a0ec586
ny_dol_mold,2448,Mold Assessment Contractor License (SH125):24-63OST-SHMO,24-63OST-SHMO,Mold Assessment Contractor License (SH125),Active,YES,Verify Home Inspection LLC,,c1d787d1b7,CREDENTIAL_ONLY,,,939a0ec586
ny_dol_mold,2449,Mold Assessment Contractor License (SH125):24-63ISO-SHMO,24-63ISO-SHMO,Mold Assessment Contractor License (SH125),Active,YES,Victor Escalona,,c1d787d1b7,CREDENTIAL_ONLY,,,939a0ec586
ny_dol_mold,2450,Mold Remediation Contractor License (SH126):25-6L65Q-SHMO,25-6L65Q-SHMO,Mold Remediation Contractor License (SH126),Active,YES,Vision 21 Inc,,c1d787d1b7,CREDENTIAL_ONLY,,,939a0ec586
ny_dol_mold,2451,Mold Assessment Contractor License (SH125):25-6TJ9Y-SHMO,25-6TJ9Y-SHMO,Mold Assessment Contractor License (SH125),Active,YES,Vivid Home Inspection LLC,,c1d787d1b7,CREDENTIAL_ONLY,,,939a0ec586
ny_dol_mold,2452,Mold Remediation Contractor License (SH126):25-6H8XE-SHMO,25-6H8XE-SHMO,Mold Remediation Contractor License (SH126),Active,YES,WALL CONTRACTOR CORP.,,c1d787d1b7,CREDENTIAL_ONLY,,,939a0ec586
ny_dol_mold,2453,Mold Remediation Contractor License (SH126):25-6UKUU-SHMO,25-6UKUU-SHMO,Mold Remediation Contractor License (SH126),Active,YES,WDNY LLC,,c1d787d1b7,CREDENTIAL_ONLY,,,939a0ec586
ny_dol_mold,2454,Mold Assessment Contractor License (SH125):25-6LYFG-SHMO,25-6LYFG-SHMO,Mold Assessment Contractor License (SH125),Active,YES,"WHITESTONE ASSOCIATES, INC.",,c1d787d1b7,CREDENTIAL_ONLY,,,939a0ec586
ny_dol_mold,2455,Mold Remediation Contractor License (SH126):25-6UCSH-SHMO,25-6UCSH-SHMO,Mold Remediation Contractor License (SH126),Active,YES,WPS Contracting Group LLC,,c1d787d1b7,CREDENTIAL_ONLY,,,939a0ec586
ny_dol_mold,2456,Mold Assessment Contractor License (SH125):25-67VVJ-SHMO,25-67VVJ-SHMO,Mold Assessment Contractor License (SH125),Active,YES,Walter Baenziger,,c1d787d1b7,CREDENTIAL_ONLY,,,939a0ec586
ny_dol_mold,2457,Mold Remediation Contractor License (SH126):26-6S4PZ-SHMO,26-6S4PZ-SHMO,Mold Remediation Contractor License (SH126),Active,YES,Warwick Valley Builders LLC,,c1d787d1b7,CREDENTIAL_ONLY,,,939a0ec586
ny_dol_mold,2458,Mold Assessment Contractor License (SH125):26-6ZLRH-SHMO,26-6ZLRH-SHMO,Mold Assessment Contractor License (SH125),Active,YES,We Inspect LLC,,c1d787d1b7,CREDENTIAL_ONLY,,,939a0ec586
ny_dol_mold,2459,Mold Remediation Contractor License (SH126):24-6I6II-SHMO,24-6I6II-SHMO,Mold Remediation Contractor License (SH126),Expired,NO,"West Sky Enterprise, LLC",,c1d787d1b7,CREDENTIAL_ONLY,,,939a0ec586
ny_dol_mold,2460,Mold Assessment Contractor License (SH125):26-6ACU1-SHMO,26-6ACU1-SHMO,Mold Assessment Contractor License (SH125),Active,YES,"Weston Solutions, Inc.",,c1d787d1b7,CREDENTIAL_ONLY,,,939a0ec586
ny_dol_mold,2461,Mold Remediation Contractor License (SH126):01743,01743,Mold Remediation Contractor License (SH126),Expired,NO,Win Fairfield LLC,,c1d787d1b7,CREDENTIAL_ONLY,,,939a0ec586
ny_dol_mold,2462,Mold Remediation Contractor License (SH126):24-6ZUEY-SHMO,24-6ZUEY-SHMO,Mold Remediation Contractor License (SH126),Expired,NO,"Wise Home Solutions, Inc.",,c1d787d1b7,CREDENTIAL_ONLY,,,939a0ec586
ny_dol_mold,2463,Mold Assessment Contractor License (SH125):26-6AF8B-SHMO,26-6AF8B-SHMO,Mold Assessment Contractor License (SH125),Active,YES,Worthex Pro Inspections LLC,,c1d787d1b7,CREDENTIAL_ONLY,,,939a0ec586
ny_dol_mold,2464,Mold Assessment Contractor License (SH125):01803,01803,Mold Assessment Contractor License (SH125),Expired,NO,YETCS INC,,c1d787d1b7,CREDENTIAL_ONLY,,,939a0ec586
ny_dol_mold,2465,Mold Remediation Contractor License (SH126):25-61OC8-SHMO,25-61OC8-SHMO,Mold Remediation Contractor License (SH126),Active,YES,Yellowstone Builders LLC,,c1d787d1b7,CREDENTIAL_ONLY,,,939a0ec586
ny_dol_mold,2466,Mold Remediation Contractor License (SH126):26-6APQG-SHMO,26-6APQG-SHMO,Mold Remediation Contractor License (SH126),Active,YES,Zavza Seal LLC,,c1d787d1b7,CREDENTIAL_ONLY,,,939a0ec586
ny_dol_mold,2467,Mold Assessment Contractor License (SH125):23-6L79Y-SHMO,23-6L79Y-SHMO,Mold Assessment Contractor License (SH125),Expired,NO,"Zielinski Home Inspections, LLC",,c1d787d1b7,CREDENTIAL_ONLY,,,939a0ec586
ny_dol_mold,2468,Mold Remediation Contractor License (SH126):26-69SH3-SHMO,26-69SH3-SHMO,Mold Remediation Contractor License (SH126),Active,YES,asap environmental consultants llc,,c1d787d1b7,CREDENTIAL_ONLY,,,939a0ec586
ny_dol_mold,2469,Mold Remediation Contractor License (SH126):25-64X7A-SHMO,25-64X7A-SHMO,Mold Remediation Contractor License (SH126),Active,YES,"y&N Construction,LLC",,c1d787d1b7,CREDENTIAL_ONLY,,,939a0ec586
ny_dol_mold,2470,Mold Assessment Contractor License (SH125):23-6TPIJ-SHMO,23-6TPIJ-SHMO,Mold Assessment Contractor License (SH125),Expired,NO,Verner Inspection Services LLC,,c1d787d1b7,CREDENTIAL_ONLY,,,939a0ec586
ny_dol_mold,2471,Mold Remediation Contractor License (SH126):25-6IPFT-SHMO,25-6IPFT-SHMO,Mold Remediation Contractor License (SH126),Active,YES,Victory Restoration and Cleaning Inc.,,c1d787d1b7,CREDENTIAL_ONLY,,,939a0ec586
ny_dol_mold,2472,Mold Remediation Contractor License (SH126):26-6T8GE-SHMO,26-6T8GE-SHMO,Mold Remediation Contractor License (SH126),Active,YES,Vista Construction & Environmental Group Inc.,,c1d787d1b7,CREDENTIAL_ONLY,,,939a0ec586
ny_dol_mold,2473,Mold Remediation Contractor License (SH126):26-67HIR-SHMO,26-67HIR-SHMO,Mold Remediation Contractor License (SH126),Active,YES,Volk Industrial Services Corp.,,c1d787d1b7,CREDENTIAL_ONLY,,,939a0ec586
ny_dol_mold,2474,Mold Assessment Contractor License (SH125):25-67OEL-SHMO,25-67OEL-SHMO,Mold Assessment Contractor License (SH125),Active,YES,WATER AND MOLD  SOLUTIONS LLC,,c1d787d1b7,CREDENTIAL_ONLY,,,939a0ec586
ny_dol_mold,2475,Mold Assessment Contractor License (SH125):25-6TQ3G-SHMO,25-6TQ3G-SHMO,Mold Assessment Contractor License (SH125),Active,YES,WESTERN SYSTEMS CORPORATION,,c1d787d1b7,CREDENTIAL_ONLY,,,939a0ec586
ny_dol_mold,2476,Mold Assessment Contractor License (SH125):25-6UQUJ-SHMO,25-6UQUJ-SHMO,Mold Assessment Contractor License (SH125),Active,YES,WNY Capital Development LLC,,c1d787d1b7,CREDENTIAL_ONLY,,,939a0ec586
ny_dol_mold,2477,Mold Remediation Contractor License (SH126):24-63O4S-SHMO,24-63O4S-SHMO,Mold Remediation Contractor License (SH126),Active,YES,WRS Environmental Services Inc,,c1d787d1b7,CREDENTIAL_ONLY,,,939a0ec586
ny_dol_mold,2478,Mold Assessment Contractor License (SH125):26-6ZFBJ-SHMO,26-6ZFBJ-SHMO,Mold Assessment Contractor License (SH125),Active,YES,"Warbler Property Inspections, LLC",,c1d787d1b7,CREDENTIAL_ONLY,,,939a0ec586
ny_dol_mold,2479,Mold Remediation Contractor License (SH126):25-67J93-SHMO,25-67J93-SHMO,Mold Remediation Contractor License (SH126),Active,YES,Water Restoration Services of Central New York,,c1d787d1b7,CREDENTIAL_ONLY,,,939a0ec586
ny_dol_mold,2480,Mold Remediation Contractor License (SH126):26-6AF3E-SHMO,26-6AF3E-SHMO,Mold Remediation Contractor License (SH126),Active,YES,"We-Do Windows, Inc.",,c1d787d1b7,CREDENTIAL_ONLY,,,939a0ec586
ny_dol_mold,2481,Mold Assessment Contractor License (SH125):26-6ZUGL-SHMO,26-6ZUGL-SHMO,Mold Assessment Contractor License (SH125),Active,YES,"WestNY Environmental Resources, LLC",,c1d787d1b7,CREDENTIAL_ONLY,,,939a0ec586
ny_dol_mold,2482,Mold Remediation Contractor License (SH126):24-6ZH9D-SHMO,24-6ZH9D-SHMO,Mold Remediation Contractor License (SH126),Expired,NO,"WetDry Carpet and Restoration, LLC",,c1d787d1b7,CREDENTIAL_ONLY,,,939a0ec586
ny_dol_mold,2483,Mold Assessment Contractor License (SH125):24-6A648-SHMO,24-6A648-SHMO,Mold Assessment Contractor License (SH125),Expired,NO,"Windmill Environmental, Inc.",,c1d787d1b7,CREDENTIAL_ONLY,,,939a0ec586
ny_dol_mold,2484,Mold Remediation Contractor License (SH126):26-6Z43A-SHMO,26-6Z43A-SHMO,Mold Remediation Contractor License (SH126),Active,YES,Woodys Construction Inc,,c1d787d1b7,CREDENTIAL_ONLY,,,939a0ec586
ny_dol_mold,2485,Mold Assessment Contractor License (SH125):25-6T8ZO-SHMO,25-6T8ZO-SHMO,Mold Assessment Contractor License (SH125),Active,YES,"Wright Way Inspections, LLC",,c1d787d1b7,CREDENTIAL_ONLY,,,939a0ec586
ny_dol_mold,2486,Mold Assessment Contractor License (SH125):26-6L9U8-SHMO,26-6L9U8-SHMO,Mold Assessment Contractor License (SH125),Active,YES,"YU & Associates, Inc.",,c1d787d1b7,CREDENTIAL_ONLY,,,939a0ec586
ny_dol_mold,2487,Mold Assessment Contractor License (SH125):25-65UDX-SHMO,25-65UDX-SHMO,Mold Assessment Contractor License (SH125),Active,YES,"York Colony, LLC",,c1d787d1b7,CREDENTIAL_ONLY,,,939a0ec586
ny_dol_mold,2488,Mold Remediation Contractor License (SH126):26-69JSY-SHMO,26-69JSY-SHMO,Mold Remediation Contractor License (SH126),Active,YES,Zcarpentry LLC,,c1d787d1b7,CREDENTIAL_ONLY,,,939a0ec586
ny_dol_mold,2489,Mold Remediation Contractor License (SH126):24-63UQ6-SHMO,24-63UQ6-SHMO,Mold Remediation Contractor License (SH126),Active,YES,Zion Global Concept LLC,,c1d787d1b7,CREDENTIAL_ONLY,,,939a0ec586
ny_dol_mold,2490,Mold Assessment Contractor License (SH125):24-6355R-SHMO,24-6355R-SHMO,Mold Assessment Contractor License (SH125),Active,YES,asap environmental consultants llc,,c1d787d1b7,CREDENTIAL_ONLY,,,939a0ec586
ny_dol_mold,2491,Mold Assessment Contractor License (SH125):25-6UCTN-SHMO,25-6UCTN-SHMO,Mold Assessment Contractor License (SH125),Active,YES,"Vetter Environmental Sciences, Inc.",,c1d787d1b7,CREDENTIAL_ONLY,,,939a0ec586
ny_dol_mold,2492,Mold Assessment Contractor License (SH125):26-6SDC5-SHMO,26-6SDC5-SHMO,Mold Assessment Contractor License (SH125),Active,YES,Viking Environmental Corp.,,c1d787d1b7,CREDENTIAL_ONLY,,,939a0ec586
ny_dol_mold,2493,Mold Assessment Contractor License (SH125):26-6U1QA-SHMO,26-6U1QA-SHMO,Mold Assessment Contractor License (SH125),Active,YES,Vista Construction & Environmental Group Inc.,,c1d787d1b7,CREDENTIAL_ONLY,,,939a0ec586
ny_dol_mold,2494,Mold Remediation Contractor License (SH126):23-6IDNJ-SHMO,23-6IDNJ-SHMO,Mold Remediation Contractor License (SH126),Expired,NO,Vorio Group Ltd,,c1d787d1b7,CREDENTIAL_ONLY,,,939a0ec586
ny_dol_mold,2495,Mold Remediation Contractor License (SH126):26-67HX4-SHMO,26-67HX4-SHMO,Mold Remediation Contractor License (SH126),Active,YES,WATER CLEANUP EXPERTS INC.,,c1d787d1b7,CREDENTIAL_ONLY,,,939a0ec586
ny_dol_mold,2496,Mold Remediation Contractor License (SH126):25-6TQ3F-SHMO,25-6TQ3F-SHMO,Mold Remediation Contractor License (SH126),Active,YES,WESTERN SYSTEMS CORPORATION,,c1d787d1b7,CREDENTIAL_ONLY,,,939a0ec586
ny_dol_mold,2497,Mold Remediation Contractor License (SH126):25-65O63-SHMO,25-65O63-SHMO,Mold Remediation Contractor License (SH126),Active,YES,WNY DRY LLC,,c1d787d1b7,CREDENTIAL_ONLY,,,939a0ec586
ny_dol_mold,2498,Mold Assessment Contractor License (SH125):25-65YUR-SHMO,25-65YUR-SHMO,Mold Assessment Contractor License (SH125),Active,YES,WSP USA SOLUTIONS INC.,,c1d787d1b7,CREDENTIAL_ONLY,,,939a0ec586
ny_dol_mold,2499,Mold Remediation Contractor License (SH126):26-6387E-SHMO,26-6387E-SHMO,Mold Remediation Contractor License (SH126),Active,YES,Wardour Restoration Inc.,,c1d787d1b7,CREDENTIAL_ONLY,,,939a0ec586
ny_dol_mold,2500,Mold Assessment Contractor License (SH125):26-6ZCUT-SHMO,26-6ZCUT-SHMO,Mold Assessment Contractor License (SH125),Active,YES,"Watson & Associates, Occupational Hygiene and Safety, LLC",,c1d787d1b7,CREDENTIAL_ONLY,,,939a0ec586
ny_dol_mold,2501,Mold Remediation Contractor License (SH126):26-66KRQ-SHMO,26-66KRQ-SHMO,Mold Remediation Contractor License (SH126),Active,YES,Wedge Wood Building Services Inc.,,c1d787d1b7,CREDENTIAL_ONLY,,,939a0ec586
ny_dol_mold,2502,Mold Remediation Contractor License (SH126):24-63HKN-SHMO,24-63HKN-SHMO,Mold Remediation Contractor License (SH126),Active,YES,"Westchester Drywall NY, Corp.",,c1d787d1b7,CREDENTIAL_ONLY,,,939a0ec586
ny_dol_mold,2503,Mold Assessment Contractor License (SH125):23-6LEQ1-SHMO,23-6LEQ1-SHMO,Mold Assessment Contractor License (SH125),Expired,NO,William J. Kimble,,c1d787d1b7,CREDENTIAL_ONLY,,,939a0ec586
ny_dol_mold,2504,Mold Remediation Contractor License (SH126):25-6HZI6-SHMO,25-6HZI6-SHMO,Mold Remediation Contractor License (SH126),Active,YES,"Window Specialist, Inc.",,c1d787d1b7,CREDENTIAL_ONLY,,,939a0ec586
ny_dol_mold,2505,Mold Remediation Contractor License (SH126):24-63P9E-SHMO,24-63P9E-SHMO,Mold Remediation Contractor License (SH126),Active,YES,World Class Environmental LLC,,c1d787d1b7,CREDENTIAL_ONLY,,,939a0ec586
ny_dol_mold,2506,Mold Assessment Contractor License (SH125):23-6U66A-SHMO,23-6U66A-SHMO,Mold Assessment Contractor License (SH125),Expired,NO,"Wunder Home Consultants, LLC",,c1d787d1b7,CREDENTIAL_ONLY,,,939a0ec586
ny_dol_mold,2507,Mold Remediation Contractor License (SH126):25-6UDQB-SHMO,25-6UDQB-SHMO,Mold Remediation Contractor License (SH126),Active,YES,Yellow Restoration Inc,,c1d787d1b7,CREDENTIAL_ONLY,,,939a0ec586
ny_dol_mold,2508,Mold Assessment Contractor License (SH125):01779,01779,Mold Assessment Contractor License (SH125),Expired,NO,Young and Old Home Inspection LLC,,c1d787d1b7,CREDENTIAL_ONLY,,,939a0ec586
ny_dol_mold,2509,Mold Assessment Contractor License (SH125):24-63VG8-SHMO,24-63VG8-SHMO,Mold Assessment Contractor License (SH125),Active,YES,Zen Rustic Home & Design LLC,,c1d787d1b7,CREDENTIAL_ONLY,,,939a0ec586
ny_dol_mold,2510,Mold Remediation Contractor License (SH126):25-6IBYH-SHMO,25-6IBYH-SHMO,Mold Remediation Contractor License (SH126),Active,YES,Zott Restoration and Remediation LLC,,c1d787d1b7,CREDENTIAL_ONLY,,,939a0ec586
ny_dol_mold,2511,Mold Remediation Contractor License (SH126):26-673FU-SHMO,26-673FU-SHMO,Mold Remediation Contractor License (SH126),Active,YES,"iFlooded Services, Inc.",,c1d787d1b7,CREDENTIAL_ONLY,,,939a0ec586
