Name,Attention,Address 1,Address 2,City,State,Zip Code,Phone,Credential,Licensee Type,First Issued Date,Expiration Date,License Status,Status Reason,Supervisor License,Supervisor Name,Supervision Type,Supervisor License Status,Supervisor Expiration,
VECTOR SECURITY INC,,50 E. MAIN ST.,,GENEVA,OH,44041,(440)466-7233,50.04.0004,Fire Protection Organization - Branch Office,06/12/2012,07/01/2027,Active,ACTIVE,53.50.1081,VECTOR SECURITY INC DBA VECTOR SECURITY NETWORKS,Branch Company to Company,ACTIVE,07/01/2027,
LIBERTY FIRE PROTECTION SERVICE LLC DBA 1ST CHOICE FIRE,,636 S ZANE HWY,,MARTINS FERRY,OH,43935-1275,(301) 591-4210,50.07.0001,Fire Protection Organization - Branch Office,12/22/2025,07/01/2027,Active,ACTIVE,53.89.2101,LIBERTY FIRE PROTECTION SERVICES LLC,Branch Company to Company,ACTIVE,07/01/2027,
SA COMUNALE CO INC,,4755 INTERSTATE DR,,WEST CHESTER,OH,45246-1111,(513)874-4268,50.09.1064,Fire Protection Organization - Branch Office,03/09/1995,07/01/2027,Active,ACTIVE,53.77.1016,SA COMUNALE,Branch Company to Company,ACTIVE,07/01/2027,
GA BUSINESS PURCHASER LLC DBA GUARDIAN ALARM,C T CORPORATION,140 GRAND ST STE 300,,WHITE PLAINS,NY,10601-4840,,50.09.1068,Fire Protection Organization - Branch Office,09/20/2024,07/01/2027,Active,ACTIVE,53.48.1002,GUARDIAN ALARM COMPANY,Branch Company to Company,ACTIVE,07/01/2027,
AIRTRON LLC,,5100 RIALTO RD,,WEST CHESTER,OH,45069-2923,(614) 324-9972,50.09.1069,Fire Protection Organization - Branch Office,01/31/2025,07/01/2027,Active,ACTIVE,53.25.4055,AIRTRON LLC,Branch Company to Company,ACTIVE,07/01/2027,
FIRE PROTECTION PROS LLC,,75 SMALLEY BLVD,,HAMILTON,OH,45013-6235,(616) 588-0742,50.09.1070,Fire Protection Organization - Branch Office,06/10/2025,07/01/2027,Active,ACTIVE,53.89.1887,FIRE PROTECTION PROS LLC,Branch Company to Company,ACTIVE,07/01/2027,
EVERON LLC,,9466 MERIDIAN WAY BLDG 1,,WEST CHESTER,OH,45069-6527,(213) 392-9333,50.09.1071,Fire Protection Organization - Branch Office,06/16/2025,07/01/2027,Active,ACTIVE,53.89.1925,EVERON LLC,Branch Company to Company,ACTIVE,07/01/2027,
JOHNSON CONTROLS BUILDING SOLUTIONS LLC,LICENSING DEPT,PO Box 3042,,Boca Raton,FL,33431-0942,(561) 341-7357,50.09.1072,Fire Protection Organization - Branch Office,05/28/2026,07/01/2027,Active,ACTIVE,53.48.1231,JOHNSON CONTROLS BUILDING SOLUTIIONS LLC,Branch Company to Company,ACTIVE,07/01/2027,
KOORSEN FIRE & SECURITY,,8090 N DIXIE DR,,DAYTON,OH,45414-2724,(937)660-7050,50.12.0001,Fire Protection Organization - Branch Office,06/04/2007,07/01/2027,Active,ACTIVE,53.89.1036,KOORSEN FIRE & SECURITY,Branch Company to Company,ACTIVE,07/01/2027,
FIRE PROTECTION PROS LLC DBA ELITE FIRE SERVICES,,611 W MAIN ST,,BLANCHESTER,OH,45107-1141,(301) 591-4210,50.14.0001,Fire Protection Organization - Branch Office,01/05/2026,07/01/2027,Active,ACTIVE,53.89.1887,FIRE PROTECTION PROS LLC,Branch Company to Company,ACTIVE,07/01/2027,
CINTAS CORPORATION #2,,4350 RENAISSANCE PKWY STE F,,CLEVELAND,OH,44128-5786,(440) 746-7718,50.18.0015,Fire Protection Organization - Branch Office,02/05/2009,07/01/2027,Active,ACTIVE,53.31.1094,CINTAS CORPORATION #2,Branch Company to Company,ACTIVE,07/01/2027,
ADT LLC - CLEVELAND BRANCH,LICENSING DEPT,PO BOX 310702,,BOCA RATON,FL,33431-0702,(561) 988-3681,50.18.0018,Fire Protection Organization - Branch Office,03/15/2012,07/01/2027,Active,ACTIVE,53.89.1726,ADT LLC DBA PROTECTION ONE,Branch Company to Company,ACTIVE,07/01/2027,
SA COMUNALE,,135 ALPHA PARK,,HIGHLAND HTS,OH,44143-2224,(216)426-0856,50.18.1030,Fire Protection Organization - Branch Office,09/05/1991,07/01/2027,Active,ACTIVE,53.77.1016,SA COMUNALE,Branch Company to Company,ACTIVE,07/01/2027,
JOHNSON CONTROLS SECURITY SOLUTIONS LLC,,6650 WEST SNOWVILLE RD. STE K&L,,BRECKSVILLE,OH,44141,(216) 526-0450,50.18.1052,Fire Protection Organization - Branch Office,08/07/1991,07/01/2027,Active,ACTIVE,53.31.1582,JOHNSON CONTROLS SECURITY SOLUTIONS LLC,Branch Company to Company,ACTIVE,07/01/2027,
SILCO FIRE & SECURITY,BRANDY MAYNARD,13015 YORK DELTA DR,,CLEVELAND,OH,44133-3520,(216) 252-3851,50.18.1450,Fire Protection Organization - Branch Office,05/30/2014,07/01/2027,Active,ACTIVE,,,,,,
KOORSEN FIRE AND SECURITY INC,,5295 COMMERCE PKWY W,,CLEVELAND,OH,44130-1272,(317) 225-5763,50.18.1452,Fire Protection Organization - Branch Office,01/20/2016,07/01/2027,Active,ACTIVE,53.89.1036,KOORSEN FIRE & SECURITY,Branch Company to Company,ACTIVE,07/01/2027,
ESI INC,,6161 COCHRAN RD,,SOLON,OH,44139-3300,(440) 349-2600,50.18.1455,Fire Protection Organization - Branch Office,03/13/2020,07/01/2027,Active,ACTIVE,53.31.1039,ESI INC,Branch Company to Company,ACTIVE,07/01/2027,
SIEMENS INDUSTRY INC,,5350 TRANSPORTATION BLVD STE 9,,CLEVELAND,OH,44125-5307,(216) 816-4213,50.18.1456,Fire Protection Organization - Branch Office,05/11/2020,07/01/2027,Active,ACTIVE,53.13.1062,SIEMENS INDUSTRY INC,Branch Company to Company,ACTIVE,07/01/2027,
GUARDIAN PROTECTION SERVICES INC,,7710 FIRST PLACE BLDG E STE H,,BEDFORD,OH,44146,(724) 741-3500,50.18.1457,Fire Protection Organization - Branch Office,05/20/2020,07/01/2027,Active,ACTIVE,53.89.1300,GUARDIAN PROTECTION SERVICES INC,Branch Company to Company,ACTIVE,07/01/2027,
IMEG CORP,,672 E ROYALTON RD,,BROADVIEW HEIGHTS,OH,44147-2529,(440) 546-9696,50.18.1460,Fire Protection Organization - Branch Office,07/19/2021,07/01/2027,Active,ACTIVE,53.89.1958,IMEG CORP,Branch Company to Company,ACTIVE,07/01/2027,
GARDINER FIRE & SECURITY LLC DBA CONTINENTAL FIRE & SECURITY,,31200 BAINBRIDGE RD,,SOLON,OH,44139-2297,(216) 749-5522,50.18.1461,Fire Protection Organization - Branch Office,04/20/2022,07/01/2027,Active,ACTIVE,53.18.5094,GARDINER FIRE & SECURITY LLC,Branch Company to Company,ACTIVE,07/01/2027,
CINTAS CORPORATION #2,,10250 ROYALTON RD,,NORTH ROYALTON,OH,44133-4429,(440) 237-6677,50.18.1462,Fire Protection Organization - Branch Office,11/29/2023,07/01/2027,Active,ACTIVE,53.31.1094,CINTAS CORPORATION #2,Branch Company to Company,ACTIVE,07/01/2027,
GA BUSINESS PURCHASER LLC DBA GUARDIAN ALARM,C T CORPORATION,140 GRAND ST STE 300,,WHITE PLAINS,NY,10601-4840,,50.18.1463,Fire Protection Organization - Branch Office,09/20/2024,07/01/2027,Active,ACTIVE,53.48.1002,GUARDIAN ALARM COMPANY,Branch Company to Company,ACTIVE,07/01/2027,
THOMPSON SAFETY LLC,,26820 FARGO AVE STE P,,BEDFORD,OH,44146-1342,(877) 506-4291,50.18.1464,Fire Protection Organization - Branch Office,10/02/2024,07/01/2027,Active,ACTIVE,53.89.2056,THOMPSON SAFETY LLC,Branch Company to Company,ACTIVE,07/01/2027,
JOHNSON CONTROLS BUILDING SOLUTIONS LLC,LICENSING DEPT,PO Box 3042,,Boca Raton,FL,33431-0942,(561) 341-7357,50.18.1465,Fire Protection Organization - Branch Office,05/28/2026,07/01/2027,Active,ACTIVE,53.48.1231,JOHNSON CONTROLS BUILDING SOLUTIIONS LLC,Branch Company to Company,ACTIVE,07/01/2027,
PLACE SERVICES INC,,8772 COTTER ST,,LEWIS CENTER,OH,43035-7104,(678) 888-4777,50.21.0001,Fire Protection Organization - Branch Office,03/25/2025,07/01/2027,Active,ACTIVE,53.89.2069,PLACE SERVICES INCORPORATED,Branch Company to Company,ACTIVE,07/01/2027,
SUMMIT FIRE & SECURITY LLC,,1250 NORTHLAND DR STE 200,,MENDOTA HEIGHTS,MN,55120-1174,,50.22.0001,Fire Protection Organization - Branch Office,07/28/1997,07/01/2027,Active,ACTIVE,53.18.5101,SUMMIT FIRE & SECURITY LLC,Branch Company to Company,ACTIVE,07/01/2027,
DALMATIAN FIRE A DIVISION OF SHAMBAUGH & SON LP,,7719 GRAPHICS WAY STE F,,LEWIS CENTER,OH,43035-9667,(740)549-4509,50.25.0003,Fire Protection Organization - Branch Office,09/18/1997,07/01/2027,Active,ACTIVE,53.83.1006,DALMATIAN FIRE A DIVISION OF SHAMBAUGH & SON LP,Branch Company to Company,ACTIVE,07/01/2027,
KOORSEN FIRE & SECURITY INC,,727 MANOR PARK DR,,COLUMBUS,OH,43228-9522,(614) 853-5678,50.25.0004,Fire Protection Organization - Branch Office,07/11/1997,07/01/2027,Active,ACTIVE,53.89.1036,KOORSEN FIRE & SECURITY,Branch Company to Company,ACTIVE,07/01/2027,
VECTOR SECURITY,,779 BROOKSEDGE BLVD,,WESTERVILLE,OH,43081-2821,(614)367-7820,50.25.0005,Fire Protection Organization - Branch Office,08/21/1998,07/01/2027,Active,ACTIVE,53.50.1081,VECTOR SECURITY INC DBA VECTOR SECURITY NETWORKS,Branch Company to Company,ACTIVE,07/01/2027,
HONEYWELL BUILDING SOLUTION,,2080 ARLINGATE LN,,COLUMBUS,OH,43228-4112,(740) 572-3037,50.25.0016,Fire Protection Organization - Branch Office,05/23/2007,07/01/2027,Active,ACTIVE,53.18.1622,HONEYWELL INTERNATIONAL INC,Branch Company to Company,ACTIVE,07/01/2027,
SUMMIT FIRE & SECURITY LLC,,1250 NORTHLAND DR STE 200,,MENDOTA HEIGHTS,MN,55120-1174,,50.25.0017,Fire Protection Organization - Branch Office,06/04/2007,07/01/2027,Active,ACTIVE,53.18.5101,SUMMIT FIRE & SECURITY LLC,Branch Company to Company,ACTIVE,07/01/2027,
CERTASITE,,4581 POTH RD,,WHITEHALL,OH,43213-1327,(330)633-1014,50.25.0021,Fire Protection Organization - Branch Office,08/23/2011,07/01/2027,Active,ACTIVE,53.77.2009,CERTASITE,Branch Company to Company,ACTIVE,07/01/2027,
ADT LLC - COLUMBUS BRANCH,LICENSING DEPT,PO BOX 310702,,BOCA RATON,FL,33431-0702,(561) 988-3681,50.25.0023,Fire Protection Organization - Branch Office,03/15/2012,07/01/2027,Active,ACTIVE,53.89.1726,ADT LLC DBA PROTECTION ONE,Branch Company to Company,ACTIVE,07/01/2027,
JOHNSON CONTROLS SECURITY SOLUTIONS LLC,,6175 SHAMROCK CT STE S,,DUBLIN,OH,43016-1224,(561) 226-8222,50.25.1050,Fire Protection Organization - Branch Office,06/24/1991,07/01/2027,Active,ACTIVE,53.31.1582,JOHNSON CONTROLS SECURITY SOLUTIONS LLC,Branch Company to Company,ACTIVE,07/01/2027,
SILCO FIRE & SECURITY,,2395 SOUTHWEST BLVD,,GROVE CITY,OH,43123-2163,(614)449-2101,50.25.1331,Fire Protection Organization - Branch Office,07/13/1992,07/01/2027,Active,ACTIVE,53.31.1003,SILCO FIRE & SECURITY,Branch Company to Company,ACTIVE,07/01/2027,
SA COMUNALE CO INC,,3709 PARKWAY LN,,HILLIARD,OH,43026-1216,(614)291-7001,50.25.1428,Fire Protection Organization - Branch Office,06/21/1996,07/01/2027,Active,ACTIVE,53.77.1016,SA COMUNALE,Branch Company to Company,ACTIVE,07/01/2027,
INTEGRATED PROTECTION SERVICES INC,,6110 ENTERPRISE PKWY,,GROVE CITY,OH,43123-9286,(614) 871-1011,50.25.1435,Fire Protection Organization - Branch Office,03/24/2017,07/01/2027,Active,ACTIVE,53.31.1571,INTEGRATED PROTECTION SERVICES INC,Branch Company to Company,ACTIVE,07/01/2027,
DENIER ELECTRIC CO INC,,4000 GANTZ RD STE C,,GROVE CITY,OH,43123-4844,(614)338-4664,50.25.1437,Fire Protection Organization - Branch Office,07/05/2018,07/01/2027,Active,ACTIVE,53.31.1033,DENIER ELECTRIC CO INC,Branch Company to Company,ACTIVE,07/01/2027,
GUARDIAN PROTECTION SERVICES INC,,4423 PROFESSIONAL PKWY,,GROVEPORT,OH,43125-9228,(513) 759-1850,50.25.1438,Fire Protection Organization - Branch Office,04/15/2019,07/01/2027,Active,ACTIVE,53.89.1300,GUARDIAN PROTECTION SERVICES INC,Branch Company to Company,ACTIVE,07/01/2027,
SIEMENS INDUSTRY INC,,530 LAKEVIEW PLAZA BLVD STE D,,WORTHINGTON,OH,43085-4710,(614) 846-8540,50.25.1440,Fire Protection Organization - Branch Office,07/03/2019,07/01/2027,Active,ACTIVE,53.13.1062,SIEMENS INDUSTRY INC,Branch Company to Company,ACTIVE,07/01/2027,
EVERON LLC,COMMERCIAL LICENSING DEPT,1501 W YAMATO RD,,BOCA RATON,FL,33431-4438,,50.25.1441,Fire Protection Organization - Branch Office,01/09/2020,07/01/2027,Active,ACTIVE,53.89.1925,EVERON LLC,Branch Company to Company,ACTIVE,07/01/2027,
ESI INC,,3656 PARAGON DR,,COLUMBUS,OH,43228-9750,(614) 782-2472,50.25.1442,Fire Protection Organization - Branch Office,03/13/2020,07/01/2027,Active,ACTIVE,53.31.1039,ESI INC,Branch Company to Company,ACTIVE,07/01/2027,
ALMUR CONSTRUCTION INC DBA CITYWIDE SOLUTIONS,,PO BOX 310,,DUBLIN,OH,43017-0310,(614) 203-4306,50.25.1444,Fire Protection Organization - Branch Office,03/14/2022,07/01/2027,Active,ACTIVE,53.25.3983,ALMUR CONSTRUCTION INC,Branch Company to Company,ACTIVE,07/01/2027,
ALMUR CONSTRUCTION INC DBA STERLING PROTECTIVE SERVICES,,PO BOX 310,,DUBLIN,OH,43017-0310,(614) 203-4306,50.25.1445,Fire Protection Organization - Branch Office,03/14/2022,07/01/2027,Active,ACTIVE,53.25.3983,ALMUR CONSTRUCTION INC,Branch Company to Company,ACTIVE,07/01/2027,
SARGENT ELECTRIC COMPANY,,980 CLAYCRAFT RD STE A,,GAHANNA,OH,43230-6694,(380) 400-3200,50.25.1447,Fire Protection Organization - Branch Office,07/22/2024,07/01/2027,Active,ACTIVE,53.89.1417,SARGENT ELECTRIC COMPANY,Branch Company to Company,ACTIVE,07/01/2027,
GA BUSINESS PURCHASER LLC DBA GUARDIAN ALARM,C T CORPORATION,140 GRAND ST STE 300,,WHITE PLAINS,NY,10601-4840,,50.25.1448,Fire Protection Organization - Branch Office,09/20/2024,07/01/2027,Active,ACTIVE,53.48.1002,GUARDIAN ALARM COMPANY,Branch Company to Company,ACTIVE,07/01/2027,
FIRE PROTECTION PROS LLC DBA ELITE FIRE SERVICES,,3025 SWITZER AVE,,COLUMBUS,OH,43219-2369,(301) 591-4210,50.25.1449,Fire Protection Organization - Branch Office,01/05/2026,07/01/2027,Active,ACTIVE,53.89.1887,FIRE PROTECTION PROS LLC,Branch Company to Company,ACTIVE,07/01/2027,
MACQUEEN EQUIPMENT LLC,,1130 MORRISON RD,,COLUMBUS,OH,43230-6646,(614) 557-2396,50.25.1450,Fire Protection Organization - Branch Office,03/25/2026,07/01/2027,Active,ACTIVE,53.89.2115,MACQUEEN EQUIPMENT LLC,Branch Company to Company,ACTIVE,07/01/2027,
JOHNSON CONTROLS BUILDING SOLUTIONS LLC,LICENSING DEPT,PO Box 3042,,Boca Raton,FL,33431-0942,(561) 341-7357,50.25.1451,Fire Protection Organization - Branch Office,05/28/2026,07/01/2027,Active,ACTIVE,53.48.1231,JOHNSON CONTROLS BUILDING SOLUTIIONS LLC,Branch Company to Company,ACTIVE,07/01/2027,
BAKER'S GAS & WELDING SUPPLIES INC,,1299 W SHOOP AVE,,WAUSEON,OH,43567,(877)930-5690,50.26.0001,Fire Protection Organization - Branch Office,07/22/2011,07/01/2027,Active,ACTIVE,53.89.1649,BAKERS GAS & WELDING SUPPLIES INC,Branch Company to Company,ACTIVE,07/01/2027,
HONEYWELL INTERNATIONAL INC,,2100 APOLLO DR,,BROOK PARK,OH,44142-4103,(513) 745-7200,50.29.0001,Fire Protection Organization - Branch Office,05/28/2002,07/01/2027,Active,ACTIVE,53.18.1622,HONEYWELL INTERNATIONAL INC,Branch Company to Company,ACTIVE,07/01/2027,
ADT LLC,LICENSING DEPT,PO BOX 310702,,BOCA RATON,FL,33431-0702,(561) 988-3681,50.29.0003,Fire Protection Organization - Branch Office,03/15/2012,07/01/2027,Active,ACTIVE,53.89.1726,ADT LLC DBA PROTECTION ONE,Branch Company to Company,ACTIVE,07/01/2027,
SUMMIT FIRE & SECURITY LLC,,1250 NORTHLAND DR STE 200,,MENDOTA HEIGHTS,MN,55120-1174,,50.30.0001,Fire Protection Organization - Branch Office,12/12/2013,07/01/2027,Active,ACTIVE,53.18.5101,SUMMIT FIRE & SECURITY LLC,Branch Company to Company,ACTIVE,07/01/2027,
GUARDIAN PROTECTION SERVICES,,9852 WINDISCH RD,,WEST CHESTER,OH,45069-3806,(513)771-9400,50.31.0004,Fire Protection Organization - Branch Office,08/21/1998,07/01/2027,Active,ACTIVE,53.89.1300,GUARDIAN PROTECTION SERVICES INC,Branch Company to Company,ACTIVE,07/01/2027,
HONEYWELL INTERNATIONAL,,7901 INNOVATION WAY,,MASON,OH,45040-9498,(740) 572-3037,50.31.0009,Fire Protection Organization - Branch Office,06/18/2008,07/01/2027,Active,ACTIVE,53.18.1622,HONEYWELL INTERNATIONAL INC,Branch Company to Company,ACTIVE,07/01/2027,
ADT LLC,,2300 WALL ST STE H,,CINCINNATI,OH,45212-2794,(561) 988-3681,50.31.0014,Fire Protection Organization - Branch Office,03/15/2012,07/01/2027,Active,ACTIVE,53.89.1726,ADT LLC DBA PROTECTION ONE,Branch Company to Company,ACTIVE,07/01/2027,
JOHNSON CONTROLS FIRE PROTECTION LP,LICENSING DEPT,PO BOX 3042,,BOCA RATON,FL,33431-0942,,50.31.1020,Fire Protection Organization - Branch Office,06/24/1991,07/01/2027,Active,ACTIVE,53.25.1041,JOHNSON CONTROLS FIRE PROTECTION LP,Branch Company to Company,ACTIVE,07/01/2027,
VIKING AUTOMATIC SPRINKLER CO DBA VFP FIRE SYSTEMS,,8790 BECKETT RD,,WEST CHESTER,OH,45069-2904,(513)777-7510,50.31.1049,Fire Protection Organization - Branch Office,06/14/1991,07/01/2027,Active,ACTIVE,53.89.1121,VIKING AUTOMATIC SPRINKLER CO DBA VFP FIRE SYSTEMS,Branch Company to Company,ACTIVE,07/01/2027,
KOORSEN FIRE & SECURITY,,10608 MILLINGTON CT,,BLUE ASH,OH,45242-4015,(317) 225-5795,50.31.1057,Fire Protection Organization - Branch Office,05/01/2014,07/01/2027,Active,ACTIVE,,,,,,
SUMMIT FIRE & SECURITY LLC,,1250 NORTHLAND DR STE 200,,MENDOTA HEIGHTS,MN,55120-1174,,50.31.1059,Fire Protection Organization - Branch Office,10/30/2014,07/01/2027,Active,ACTIVE,53.18.5101,SUMMIT FIRE & SECURITY LLC,Branch Company to Company,ACTIVE,07/01/2027,
DEBRA-KUEMPEL INC DBA DYNAELECTRIC OHIO,,3976 SOUTHERN AVE,,CINCINNATI,OH,45227-3562,(513) 271-6500,50.31.1062,Fire Protection Organization - Branch Office,10/20/2023,07/01/2027,Active,ACTIVE,53.25.1490,DEBRA-KUEMPEL INC DBA DYNALECTRIC OHIO,Branch Company to Company,ACTIVE,07/01/2027,
RYAN FIREPROTECTION INC,,7225 EDINGTON DR,,CINCINNATI,OH,45249-1064,(513) 489-5454,50.31.1063,Fire Protection Organization - Branch Office,01/13/2026,07/01/2027,Active,ACTIVE,53.89.1257,RYAN FIREPROTECTION INC,Branch Company to Company,ACTIVE,07/01/2027,
CLINE FIRE LLC,,2215 N MAIN ST STE D,,FINDLAY,OH,45840-3901,(419) 571-4119,50.32.0003,Fire Protection Organization - Branch Office,04/16/2024,07/01/2027,Active,ACTIVE,53.70.1566,CLINE FIRE LLC,Branch Company to Company,ACTIVE,07/01/2027,
CERTASITE,,6509 ANGOLA RD,,HOLLAND,OH,43528-9651,(330) 673-3600,50.48.0005,Fire Protection Organization - Branch Office,06/05/2001,07/01/2027,Active,ACTIVE,53.77.2009,CERTASITE,Branch Company to Company,ACTIVE,07/01/2027,
SHAMBAUGH & SON LP,,PO BOX 1287,,FORT WAYNE,IN,46801-1287,(260) 487-7746,50.48.0007,Fire Protection Organization - Branch Office,11/18/2009,07/01/2027,Active,ACTIVE,53.89.1038,SHAMBAUGH & SON LP,Branch Company to Company,ACTIVE,07/01/2027,
ADT LLC - TOLEDO BRANCH,LICENSING DEPT,PO BOX 310702,,BOCA RATON,FL,33431-0702,,50.48.0008,Fire Protection Organization - Branch Office,03/15/2012,07/01/2027,Active,ACTIVE,53.89.1726,ADT LLC DBA PROTECTION ONE,Branch Company to Company,ACTIVE,07/01/2027,
SUMMIT FIRE & SECURITY LLC,,1250 NORTHLAND DR STE 200,,MENDOTA HEIGHTS,MN,55120-1174,(419) 882-1200,50.48.0009,Fire Protection Organization - Branch Office,06/14/2013,07/01/2027,Active,ACTIVE,53.18.5101,SUMMIT FIRE & SECURITY LLC,Branch Company to Company,ACTIVE,07/01/2027,
JOHNSON CONTROLS SECURITY SOLUTIONS LLC,LICENSING DEPT.,PO BOX 3042,,BOCA RATON,FL,33431-0942,,50.48.1032,Fire Protection Organization - Branch Office,06/05/1991,07/01/2027,Active,ACTIVE,53.31.1582,JOHNSON CONTROLS SECURITY SOLUTIONS LLC,Branch Company to Company,ACTIVE,07/01/2027,
KOORSEN FIRE AND SECURITY INC,,2719 N ARLINGTON AVE,,INDIANAPOLIS,IN,46218-3322,(317) 225-5763,50.48.1127,Fire Protection Organization - Branch Office,01/20/2016,07/01/2027,Active,ACTIVE,53.89.1036,KOORSEN FIRE & SECURITY,Branch Company to Company,ACTIVE,07/01/2027,
CHAPEL ROMANOFF TECHNOLOGIES,,5570 ENTERPRISE BLVC,,TOLEDO,OH,43612,(419) 726-2627,50.48.1129,Fire Protection Organization - Branch Office,08/06/2021,07/01/2027,Active,ACTIVE,53.57.1246,CHAPEL ROMANOFF TECHNOLOGIES LLC,Branch Company to Company,ACTIVE,07/01/2027,
FAIRCHILD COMMUNICATION SYSTEMS INC,,5333 SECOR RD STE 22,,TOLEDO,OH,43623-2420,(419) 473-3648,50.48.1130,Fire Protection Organization - Branch Office,05/13/2024,07/01/2027,Active,ACTIVE,53.89.1590,FAIRCHILD COMMUNICATION SYSTEMS INC,Branch Company to Company,ACTIVE,07/01/2027,
GA BUSINESS PURCHASER LLC DBA GUARDIAN ALARM,C T CORPORATION,140 GRAND ST STE 300,,WHITE PLAINS,NY,10601-4840,,50.48.1131,Fire Protection Organization - Branch Office,09/20/2024,07/01/2027,Active,ACTIVE,53.48.1002,GUARDIAN ALARM COMPANY,Branch Company to Company,ACTIVE,07/01/2027,
FYR FYTER SALES & SERVICE,,1981 TREMAINSVILLE RD,,TOLEDO,OH,43613-4037,(513) 733-5655,50.48.1132,Fire Protection Organization - Branch Office,08/04/2025,07/01/2027,Active,ACTIVE,53.31.1003,SILCO FIRE & SECURITY,Branch Company to Company,ACTIVE,07/01/2027,
S A COMUNALE CO INC,,25 N CANFIELD NILES RD STE 25,,YOUNGSTOWN,OH,44515-2308,(330) 797-7558,50.50.1065,Fire Protection Organization - Branch Office,03/05/2019,07/01/2027,Active,ACTIVE,53.77.1016,SA COMUNALE,Branch Company to Company,ACTIVE,07/01/2027,
VECTOR SECURITY INC,,4259 BOARDMAN CANFIELD RD STE 5,,CANFIELD,OH,44406-8064,(330) 726-9841,50.50.1066,Fire Protection Organization - Branch Office,12/30/2021,07/01/2027,Active,ACTIVE,53.50.1081,VECTOR SECURITY INC DBA VECTOR SECURITY NETWORKS,Branch Company to Company,ACTIVE,07/01/2027,
DAVIS ULMER SPRINKLER COMPANY INC DBA GRUNAU FIRE PROTECTION,,590 E WESTERN RESERVE RD BLDG 5,,YOUNGSTOWN,OH,44514-3395,(716) 691-3200,50.50.1067,Fire Protection Organization - Branch Office,07/27/2023,07/01/2027,Active,ACTIVE,53.89.2017,DAVIS ULMER SPRINKLER COMPANY INC,Branch Company to Company,ACTIVE,07/01/2027,
SILCO FIRE & SECURITY,BRANDY MAYNARD,420 CONGRESS PARK DR,,DAYTON,OH,45459-4125,(937)426-9717,50.57.1118,Fire Protection Organization - Branch Office,06/10/1991,07/01/2027,Active,ACTIVE,53.31.1003,SILCO FIRE & SECURITY,Branch Company to Company,ACTIVE,07/01/2027,
JOHNSON CONTROLS SECURITY SOLUTIONS LLC,,4742 PAYNE AVE,,DAYTON,OH,45414-4161,(513) 342-9111,50.57.1119,Fire Protection Organization - Branch Office,08/08/2014,07/01/2027,Active,ACTIVE,53.31.1582,JOHNSON CONTROLS SECURITY SOLUTIONS LLC,Branch Company to Company,ACTIVE,07/01/2027,
ESI INC,,6400 SAND LAKE RD,,DAYTON,OH,45414-2635,(937) 293-6138,50.57.1122,Fire Protection Organization - Branch Office,03/13/2020,07/01/2027,Active,ACTIVE,53.31.1039,ESI INC,Branch Company to Company,ACTIVE,07/01/2027,
DEBRA-KUEMPEL INC DBA DYNAELECTRIC OHIO,,131 JANNEY RD,,DAYTON,OH,45404-1225,(937) 531-5455,50.57.1124,Fire Protection Organization - Branch Office,10/20/2023,07/01/2027,Active,ACTIVE,53.25.1490,DEBRA-KUEMPEL INC DBA DYNALECTRIC OHIO,Branch Company to Company,ACTIVE,07/01/2027,
GEER GAS CORPORATION,,2545 NEEDMORE RD,,DAYTON,OH,45414,(937) 965-4006,50.57.1125,Fire Protection Organization - Branch Office,10/02/2023,07/01/2027,Active,ACTIVE,53.25.4048,GEER GAS CORPORATION,Branch Company to Company,ACTIVE,07/01/2027,
CERTASITE BRANCH OFFICE,,123 S KEOWEE ST,,DAYTON,OH,45402-2240,(937) 228-4188,50.57.1126,Fire Protection Organization - Branch Office,09/11/2024,07/01/2027,Active,ACTIVE,53.77.2009,CERTASITE,Branch Company to Company,ACTIVE,07/01/2027,
CERTASITE LLC,,4620 CRYSTAL PKWY,,KENT,OH,44240-8020,(574) 587-3662,50.67.0001,Fire Protection Organization - Branch Office,06/27/2023,07/01/2027,Active,ACTIVE,53.77.2009,CERTASITE,Branch Company to Company,ACTIVE,07/01/2027,
KOORSEN FIRE & SECRUITY,,100 SWARN PKWY,,MANSFIELD,OH,44903-6515,(419)526-2212,50.70.0002,Fire Protection Organization - Branch Office,09/29/2004,07/01/2027,Active,ACTIVE,53.89.1036,KOORSEN FIRE & SECURITY,Branch Company to Company,ACTIVE,07/01/2027,
VECTOR SECURITY INC,,186 STURGES AVE,,MANSFIELD,OH,44903,(419)526-1299,50.70.0004,Fire Protection Organization - Branch Office,10/05/2010,07/01/2027,Active,ACTIVE,53.50.1081,VECTOR SECURITY INC DBA VECTOR SECURITY NETWORKS,Branch Company to Company,ACTIVE,07/01/2027,
CLINE FIRE LLC,,67 ILLINOIS AVE S,,MANSFIELD,OH,44905-2824,(419) 571-4119,50.70.1009,Fire Protection Organization - Branch Office,08/26/2025,07/01/2027,Active,ACTIVE,53.70.1566,CLINE FIRE LLC,Branch Company to Company,ACTIVE,07/01/2027,
SA COMUNALE CO INC,,1524 OLD OAK HARBOR RD,,FREMONT,OH,43420,(419)334-3841,50.72.1002,Fire Protection Organization - Branch Office,06/05/1991,07/01/2027,Active,ACTIVE,53.77.1016,SA COMUNALE,Branch Company to Company,ACTIVE,07/01/2027,
OHIO VALLEY INTEGRATION SERV INC,,2005 COMMERCE DR,,SIDNEY,OH,45365,(937)492-0088,50.75.0001,Fire Protection Organization - Branch Office,10/30/2000,07/01/2027,Active,ACTIVE,53.75.1005,AREA ENERGY AND ELECTRIC INC,Branch Company to Company,ACTIVE,07/01/2027,
SAFE-N-SOUND SECURITY INC,,5555 COUNTY ROAD 203,,MILLERSBURG,OH,44654-8242,(330)491-1148,50.76.0002,Fire Protection Organization - Branch Office,08/28/2002,07/01/2027,Active,ACTIVE,53.76.1104,SAFE-N-SOUND SECURITY INC,Branch Company to Company,ACTIVE,07/01/2027,
DIEBOLD NIXDORF INC,,PO BOX 3077,,NORTH CANTON,OH,44720-8077,(330) 490-4000,50.76.0004,Fire Protection Organization - Branch Office,11/02/2009,07/01/2027,Active,ACTIVE,53.76.1066,DIEBOLD NIXDORF INC,Branch Company to Company,ACTIVE,07/01/2027,
ADT LLC,LICENSING DEPT,PO BOX 310702,,BOCA RATON,FL,33431-0702,(561) 988-3681,50.76.0006,Fire Protection Organization - Branch Office,03/21/2012,07/01/2027,Active,ACTIVE,53.89.1726,ADT LLC DBA PROTECTION ONE,Branch Company to Company,ACTIVE,07/01/2027,
SUMMIT FIRE & SECURITY LLC,,1250 NORTHLAND DR STE 200,,MENDOTA HEIGHTS,MN,55120-1174,,50.77.0001,Fire Protection Organization - Branch Office,07/28/1997,07/01/2027,Active,ACTIVE,53.18.5101,SUMMIT FIRE & SECURITY LLC,Branch Company to Company,ACTIVE,07/01/2027,
SILCO FIRE & SECURITY,BRANDY MAYNARD,451 KENNEDY RD,,AKRON,OH,44305-4423,(330)535-4343,50.77.0002,Fire Protection Organization - Branch Office,08/30/2002,07/01/2027,Active,ACTIVE,53.31.1003,SILCO FIRE & SECURITY,Branch Company to Company,ACTIVE,07/01/2027,
KOORSEN FIRE & SECURITY,,875 SEVILLE RD,,WADSWORTH,OH,44281-9553,(317) 225-5795,50.77.1017,Fire Protection Organization - Branch Office,05/01/2014,07/01/2027,Active,ACTIVE,,,,,,
EVERON LLC,COMMERCIAL LICENSING DEPT.,1501 W YAMATO RD,,BOCA RATON,FL,33431-4438,,50.77.1020,Fire Protection Organization - Branch Office,01/09/2020,07/01/2027,Active,ACTIVE,53.89.1925,EVERON LLC,Branch Company to Company,ACTIVE,07/01/2027,
KOORSEN FIRE & SECURITY,,524 RIVER ST,,DOVER,OH,44622-1935,(317) 225-5795,50.79.0002,Fire Protection Organization - Branch Office,06/02/2014,07/01/2027,Active,ACTIVE,,,,,,
FAIRCHILD COMMUNICATION SYSTEMS INC,,7780 CORPORATE BLVD UNIT 1513,,PLAIN CITY,OH,43064-3599,(614) 696-8248,50.80.0002,Fire Protection Organization - Branch Office,12/01/2025,07/01/2027,Active,ACTIVE,53.89.1590,FAIRCHILD COMMUNICATION SYSTEMS INC,Branch Company to Company,ACTIVE,07/01/2027,
LAKE ERIE ELECTRIC INC - DAYTON DIV,,360 INDUSTRIAL DR,,FRANKLIN,OH,45005,(937)743-1220,50.83.0003,Fire Protection Organization - Branch Office,06/25/2013,07/01/2027,Active,ACTIVE,53.18.1287,LAKE ERIE ELECTRIC INC,Branch Company to Company,ACTIVE,07/01/2027,
VIKING AUTOMATIC SPRINKLER CO DBA VFP FIRE SYSTEMS,,2835 CHARTER ST,,COLUMBUS,OH,43228-4607,(614)527-9855,50.87.1005,Fire Protection Organization - Branch Office,06/14/1991,07/01/2027,Active,ACTIVE,53.89.1121,VIKING AUTOMATIC SPRINKLER CO DBA VFP FIRE SYSTEMS,Branch Company to Company,ACTIVE,07/01/2027,
R L FIRE PROTECTION INC,,9921 DOWLING RD,,PERRYSBURG,OH,43551-9521,(419) 806-1856,50.87.1006,Fire Protection Organization - Branch Office,08/30/2023,07/01/2027,Active,ACTIVE,53.89.2020,R L FIRE PROTECTION INC,Branch Company to Company,ACTIVE,07/01/2027,
JOHNSON CONTROLS FIRE PROTECTION LP,LICENSING DEPT,PO BOX 3042,,BOCA RATON,FL,33431-0942,,50.89.0012,Fire Protection Organization - Branch Office,11/29/2001,07/01/2027,Active,ACTIVE,53.25.1041,JOHNSON CONTROLS FIRE PROTECTION LP,Branch Company to Company,ACTIVE,07/01/2027,
ADT LLC- PITTSBURG BRANCH,LICENSING DEPT,PO BOX 310702,,BOCA RATON,FL,33431-0702,(561) 988-3681,50.89.0016,Fire Protection Organization - Branch Office,03/15/2012,07/01/2027,Active,ACTIVE,53.89.1726,ADT LLC DBA PROTECTION ONE,Branch Company to Company,ACTIVE,07/01/2027,
JOHNSON CONTROLS FIRE PROTECTION,,7202 E 87TH ST STE 113,,INDIANAPOLIS,IN,46256-1200,(317) 473-9934,50.89.0017,Fire Protection Organization - Branch Office,04/24/2012,07/01/2027,Active,ACTIVE,53.18.1046,JOHNSON CONTROLS FIRE PROTECTION LP,Branch Company to Company,ACTIVE,07/01/2027,
JOHNSON CONTROLS FIRE PROTECTION LP,LICENSING DEPT,PO BOX 3042,,BOCA RATON,FL,33431-0942,(304) 746-4081,50.89.1016,Fire Protection Organization - Branch Office,06/24/1991,07/01/2027,Active,ACTIVE,53.18.1046,JOHNSON CONTROLS FIRE PROTECTION LP,Branch Company to Company,ACTIVE,07/01/2027,
VIKING AUTOMATIC SPRINKLER CO DBA VFP FIRE SYSTEMS,,7032 DEREK DR,,FORT WAYNE,IN,46803-3213,(219)493-0843,50.89.1098,Fire Protection Organization - Branch Office,06/14/1991,07/01/2027,Active,ACTIVE,53.89.1121,VIKING AUTOMATIC SPRINKLER CO DBA VFP FIRE SYSTEMS,Branch Company to Company,ACTIVE,07/01/2027,
VIKING AUTOMATIC SPRINKLER CO DBA VFP FIRE SYSTEMS,,525 19TH ST W,,HUNTINGTON,WV,25704-1405,(304)522-1390,50.89.1122,Fire Protection Organization - Branch Office,06/14/1991,07/01/2027,Active,ACTIVE,53.89.1121,VIKING AUTOMATIC SPRINKLER CO DBA VFP FIRE SYSTEMS,Branch Company to Company,ACTIVE,07/01/2027,
CINTAS CORPORATION #2,,2737 W STATE ST,,NEW CASTLE,PA,16101-8667,(724) 510-0708,50.89.1282,Fire Protection Organization - Branch Office,07/09/2015,07/01/2027,Active,ACTIVE,53.31.1094,CINTAS CORPORATION #2,Branch Company to Company,ACTIVE,07/01/2027,
IES COMMUNICATIONS LLC,,2801 S FAIR LN,,TEMPE,AZ,85282-3162,(713) 860-1561,50.89.1283,Fire Protection Organization - Branch Office,01/26/2016,07/01/2027,Active,ACTIVE,53.89.1841,IES COMMUNICATIONS LLC,Branch Company to Company,ACTIVE,07/01/2027,
CINTAS CORP NO 2,,1720 RESEARCH DR,,LOUISVILLE,KY,40299-2218,(502) 776-1551,50.89.1288,Fire Protection Organization - Branch Office,04/27/2020,07/01/2027,Active,ACTIVE,53.31.1094,CINTAS CORPORATION #2,Branch Company to Company,ACTIVE,07/01/2027,
ESCO COMMUNICATIONS LLC DBA NEW ERA TECHNOLOGY,,7506 HONEYWELL DR,,FORT WAYNE,IN,46825-6271,(260) 490-8111,50.89.1289,Fire Protection Organization - Branch Office,05/08/2020,07/01/2027,Active,ACTIVE,53.89.0019,NEW ERA TECHNOLOGY,Branch Company to Company,ACTIVE,07/01/2027,
SUMMIT FIRE PROTECTION,,10447 S HAROLD ST,,LUNA PIER,MI,48157-9756,(734) 848-5000,50.89.1290,Fire Protection Organization - Branch Office,09/15/2020,07/01/2027,Active,ACTIVE,53.89.1537,SUMMIT FIRE PROTECTION,Branch Company to Company,ACTIVE,07/01/2027,
APEX PUMPING EQUIPMENT INC,,4361 WEST 96TH ST,,INDIANAPOLIS,IN,46268-1178,(866) 563-2739,50.89.1294,Fire Protection Organization - Branch Office,04/21/2021,07/01/2027,Active,ACTIVE,53.89.1956,APEX PUMPING EQUIPMENT INC,Branch Company to Company,ACTIVE,07/01/2027,
APEX PUMPING EQUIPMENT INC,,1318 BABLON DR,,WHITE LAKE,MI,48386-3975,(248) 330-5588,50.89.1295,Fire Protection Organization - Branch Office,04/21/2021,07/01/2027,Active,ACTIVE,53.89.1956,APEX PUMPING EQUIPMENT INC,Branch Company to Company,ACTIVE,07/01/2027,
FIRE PROTECTION PROS LLC,,25550 SEELEY RD STE 200,,NOVI,MI,48375-2052,(248) 397-6550,50.89.1296,Fire Protection Organization - Branch Office,06/10/2021,07/01/2027,Active,ACTIVE,53.89.1887,FIRE PROTECTION PROS LLC,Branch Company to Company,ACTIVE,07/01/2027,
API GROUP LIFE SAFETY USA LLC DBA WESTERN STATES FIRE PROTECTION CO,,7020 S TUCSON WAY,,CENTENNIAL,CO,80112-6791,(303)790-0022,50.89.1297,Fire Protection Organization - Branch Office,01/31/2022,07/01/2027,Active,ACTIVE,53.89.1977,API GROUP LIFE SAFETY USA LLC,Branch Company to Company,ACTIVE,07/01/2027,
API GROUP LIFE SAFETY USA LLC DBA SECURITY FIRE PROTECTION CO INC,,7020 S TUCSON WAY,,CENTENNIAL,CO,80112-6791,,50.89.1298,Fire Protection Organization - Branch Office,01/31/2022,07/01/2027,Active,ACTIVE,53.89.1977,API GROUP LIFE SAFETY USA LLC,Branch Company to Company,ACTIVE,07/01/2027,
API GROUP LIFE SAFETY USA LLC DBA PREMIER FIRE & SECURITY,,7020 S TUCSON WAY,,CENTENNIAL,CO,80112-6791,,50.89.1299,Fire Protection Organization - Branch Office,01/31/2022,07/01/2027,Active,ACTIVE,53.89.1977,API GROUP LIFE SAFETY USA LLC,Branch Company to Company,ACTIVE,07/01/2027,
CERTASITE,,210 WEST DR STE A,,GREENSBURG,PA,15601-1206,(463) 777-8892,50.89.1300,Fire Protection Organization - Branch Office,03/24/2022,07/01/2027,Active,ACTIVE,53.77.2009,CERTASITE,Branch Company to Company,ACTIVE,07/01/2027,
SUMMIT FIRE & SECURITY LLC,,1250 NORTHLAND DR STE 200,,MENDOTA HEIGHTS,MN,55120-1174,,50.89.1301,Fire Protection Organization - Branch Office,06/15/2023,07/01/2027,Active,ACTIVE,53.18.5101,SUMMIT FIRE & SECURITY LLC,Branch Company to Company,ACTIVE,07/01/2027,
SUMMIT FIRE & SECURITY LLC,,1250 NORTHLAND DR STE 200,,MENDOTA HEIGHTS,MN,55120-1174,,50.89.1302,Fire Protection Organization - Branch Office,06/15/2023,07/01/2027,Active,ACTIVE,53.18.5101,SUMMIT FIRE & SECURITY LLC,Branch Company to Company,ACTIVE,07/01/2027,
VIKING AUTOMATIC SPRINKLER CO DBA WILLIAM CROOK FIRE PROTECTION,,301 YORK AVE,,SAINT PAUL,MN,55130-4039,(763) 443-5922,50.89.1304,Fire Protection Organization - Branch Office,09/06/2023,07/01/2027,Active,ACTIVE,53.89.1121,VIKING AUTOMATIC SPRINKLER CO DBA VFP FIRE SYSTEMS,Branch Company to Company,ACTIVE,07/01/2027,
SUMMIT FIRE PROTECTION CO,,54750 GRAND RIVER AVE,,NEW HUDSON,MI,48165-8526,(248) 773-7151,50.89.1306,Fire Protection Organization - Branch Office,02/12/2024,07/01/2027,Active,ACTIVE,53.89.1537,SUMMIT FIRE PROTECTION,Branch Company to Company,ACTIVE,07/01/2027,
MESSER CONSTRUCTION CO DBA EGC CONSTRUCTION CORP,,30 W 4TH ST,,NEWPORT,KY,41071-1061,(859) 441-7947,50.89.1307,Fire Protection Organization - Branch Office,01/08/2025,07/01/2027,Active,ACTIVE,53.31.3467,MESSER CONSTRUCTION CO,Branch Company to Company,ACTIVE,07/01/2027,
PYE BARKER FIRE & SAFETY,,2500 NORTHWINDS PKWY STE 200,,ALPHARETTA,GA,30009-2252,(801) 395-8731,50.89.1308,Fire Protection Organization - Branch Office,03/25/2025,07/01/2027,Active,ACTIVE,53.89.1936,PYE BARKER FIRE & SAFETY LLC,Branch Company to Company,ACTIVE,07/01/2027,
CENTURY FIRE PROTECTION LLC,,1631 HWY 72/221 HWY EAST,,GREENWOOD,SC,29649,(864) 677-3715,50.89.1309,Fire Protection Organization - Branch Office,07/28/2025,07/01/2027,Active,ACTIVE,53.89.1607,CENTURY FIRE PROTECTION LLC,Branch Company to Company,ACTIVE,07/01/2027,
PEERLESS MIDWEST INC,,1470 TORREY RD,,FENTON,MI,48430-1360,(810) 215-1295,50.89.1310,Fire Protection Organization - Branch Office,02/25/2026,07/01/2027,Active,ACTIVE,53.89.1606,PEERLESS-MIDWEST INC,Branch Company to Company,ACTIVE,07/01/2027,
PYE BARKER FIRE & LIFESAFETY LLC DBA FLAGSHIP FIRE INC,,2500 NORTHWINDS PKWY STE 200,,ALPHARETTA,GA,30009-2252,(941) 723-7230,50.89.1311,Fire Protection Organization - Branch Office,08/05/2026,07/01/2027,Active,ACTIVE,53.89.1936,PYE BARKER FIRE & SAFETY LLC,Branch Company to Company,ACTIVE,07/01/2027,
VIKING AUTOMATIC SPRINKLER COMPANY DBA QUALITY FIRE PROTECTION,,220 INDUSTRIAL DR,,LAWRENCEBURG,IN,47025-1199,(812) 926-1825,50.89.1312,Fire Protection Organization - Branch Office,03/23/2026,07/01/2027,Active,ACTIVE,53.89.1121,VIKING AUTOMATIC SPRINKLER CO DBA VFP FIRE SYSTEMS,Branch Company to Company,ACTIVE,07/01/2027,
VALLEN DISTRIBUTION INC,,403 HERON DR STE D,,SWEDESBORO,NJ,08085-1937,(856) 542-1453,50.89.1313,Fire Protection Organization - Branch Office,07/08/2026,07/01/2027,Active,ACTIVE,53.89.2016,VALLEN DISTRIBUTION INC,Branch Company to Company,ACTIVE,07/01/2027,
JOHNSON CONTROLS BUILDING SOLUTIONS LLC,LICENSING DEPT,PO Box 3042,,Boca Raton,FL,33431-0942,(561) 341-7357,50.89.1314,Fire Protection Organization - Branch Office,05/28/2026,07/01/2027,Active,ACTIVE,53.48.1231,JOHNSON CONTROLS BUILDING SOLUTIIONS LLC,Branch Company to Company,ACTIVE,07/01/2027,
JOHNSON CONTROLS BUILDING SOLUTIONS LLC,LICENSING DEPT,PO Box 3042,,Boca Raton,FL,33431-0942,(561) 341-7357,50.89.1315,Fire Protection Organization - Branch Office,05/28/2026,07/01/2027,Active,ACTIVE,53.48.1231,JOHNSON CONTROLS BUILDING SOLUTIIONS LLC,Branch Company to Company,ACTIVE,07/01/2027,
MARMIC FIRE & SAFETY CO INC,,230 DEPOT ST NW,,CHRISTIANSBURG,VA,24073,(479) 646-8934,50.89.1316,Fire Protection Organization - Branch Office,08/24/2026,07/01/2027,Active,ACTIVE,53.89.2132,MARMIC FIRE & SAFETY CO INC,Branch Company to Company,ACTIVE,07/01/2027,
MARMIC FIRE & SAFETY CO INC,,300 ENTERPRISE DR,,LOGAN,WV,25601-3756,(740) 340-8497,50.89.1317,Fire Protection Organization - Branch Office,08/24/2026,07/01/2027,Active,ACTIVE,53.89.2132,MARMIC FIRE & SAFETY CO INC,Branch Company to Company,ACTIVE,07/01/2027,
MARMIC FIRE & SAFETY CO INC,,315 S SYCAMORE ST,,FLORA,IN,46929-1255,(574) 967-0017,50.89.1318,Fire Protection Organization - Branch Office,08/24/2026,07/01/2027,Active,ACTIVE,53.89.2132,MARMIC FIRE & SAFETY CO INC,Branch Company to Company,ACTIVE,07/01/2027,
SECURITY UNLIMITED PROFESSIONALS,,372 S JACKSON ST,,LIMA,OH,45804-1332,(419) 863-9590,52.02.0005,Fire Protection Organization - Sole Proprietor,08/20/2013,10/01/2026,Active In Renewal,RENEWAL PENDING,,,,,,
BUSY WORKER BEES LLC,,356 BELLFLOWER AVE NW,,CANTON,OH,44708-5608,(567) 215-7000,52.03.0003,Fire Protection Organization - Sole Proprietor,04/04/2017,07/01/2027,Active,ACTIVE,,,,,,
TECH INSTALLATIONS,,833 WESTERN STAR CT,,ROME,OH,44085,(440)669-4139,52.04.0004,Fire Protection Organization - Sole Proprietor,04/23/2001,04/01/2027,Active,ACTIVE,,,,,,
HITEC SECURITY,,1008 DUTCH HILL RD,,MARTINS FERRY,OH,43935-8732,(740) 738-0747,52.07.0004,Fire Protection Organization - Sole Proprietor,02/27/2019,01/02/2027,Active In Renewal,RENEWAL PENDING,,,,,,
DEWEY K JONES ELECTRIC,,7035 MORRIS RD,,HAMILTON,OH,45011,(513)863-8584,52.09.0002,Fire Protection Organization - Sole Proprietor,12/19/2000,04/01/2027,Active,ACTIVE,,,,,,
PROTECTION 2000,,5750 GREENLAWN RD,,HAMILTON,OH,45011-2232,(513)200-6090,52.09.1058,Fire Protection Organization - Sole Proprietor,03/24/2004,07/01/2027,Active,ACTIVE,,,,,,
PRIDE FIRE PROTECTION LLC,,3942 SCHOENLING RD,,OKEANA,OH,45053-9614,(513) 208-5624,52.09.1916,Fire Protection Organization - Sole Proprietor,06/13/2017,04/01/2027,Active,ACTIVE,,,,,,
HAAG COMMUNICATIONS,,11316 COLERAIN RD,,CINCINNATI,OH,45252-1432,(513) 296-1392,52.09.1917,Fire Protection Organization - Sole Proprietor,04/30/2018,04/01/2027,Active,ACTIVE,,,,,,
COLLINS DEVELOPMENT LLC DBA CT SECURITY SERVICES,,2264 ROSS ESTATES DR,,HAMILTON,OH,45013-8048,(937) 388-4287,52.09.1918,Fire Protection Organization - Sole Proprietor,01/28/2019,01/02/2027,Active In Renewal,RENEWAL PENDING,,,,,,
ASIMAT SOLUTIONS SERVICES,,6279 JAYFIELD DR,,FAIRFIELD TOWNSHIP,OH,45011-5171,(267) 312-9191,52.09.1920,Fire Protection Organization - Sole Proprietor,09/24/2025,10/01/2026,Active In Renewal,RENEWAL PENDING,,,,,,
CINCY FIREX INSPECTIONS,,3214 RIVER RD,,HAMILTON,OH,45015-1756,(740) 418-2362,52.09.1921,Fire Protection Organization - Sole Proprietor,12/18/2025,04/01/2027,Active,ACTIVE,,,,,,
MCCABE ELECTRIC INC,,2847 CRANE SCHOOLHOUSE RD,,BETHEL,OH,45106,(513)734-7296,52.13.1010,Fire Protection Organization - Sole Proprietor,04/06/1998,07/01/2027,Active,ACTIVE,,,,,,
YOXTHIMER TECHNOLOGY SERVICES LLC,,6264 SHAGBARK DR,,LOVELAND,OH,45140-8420,(513) 722-7926,52.13.1037,Fire Protection Organization - Sole Proprietor,08/15/2013,10/01/2027,Active,ACTIVE,,,,,,
JAMES MCVEY DBA WATCHMAN PROTECTION SERVICES,,6055 BRANCH HILL GUINEA PIKE STE A,,MILFORD,OH,45150-7200,(937) 776-0117,52.13.1039,Fire Protection Organization - Sole Proprietor,04/03/2019,04/01/2027,Active,ACTIVE,,,,,,
US SAFETY LLC,,PO BOX 911,,MILFORD,OH,45150-0911,(513) 615-7100,52.13.1040,Fire Protection Organization - Sole Proprietor,01/29/2020,07/01/2027,Active,ACTIVE,,,,,,
IRWIN FIRE EQUIPMENT,,PO BOX 488,,WILMINGTON,OH,45177-0488,(937) 302-7629,52.14.0004,Fire Protection Organization - Sole Proprietor,02/10/2026,04/01/2027,Active,ACTIVE,,,,,,
MEAD ELECTRONICS,,PO BOX 147,910 W MANSFIELD ST,BUCYRUS,OH,44820-0147,(419)562-9314,52.17.0002,Fire Protection Organization - Sole Proprietor,06/28/2011,04/01/2027,Active,ACTIVE,,,,,,
PAUL DELOST CO,,1318 IRVING AVE,,CLEVELAND,OH,44109-3538,(216) 509-0848,52.18.0010,Fire Protection Organization - Sole Proprietor,08/05/1998,01/02/2028,Active,ACTIVE,,,,,,
ALL CITY BACKFLOW PREVENTION,,14231 PEASE RD,,MAPLE HEIGHTS,OH,44137,(216)581-3575,52.18.0040,Fire Protection Organization - Sole Proprietor,08/29/2005,04/01/2027,Active,ACTIVE,,,,,,
SANTIAGO PLUMBING,,PO BOX 263,,NORTH OLMSTED,OH,44070,(216)374-7630,52.18.0041,Fire Protection Organization - Sole Proprietor,08/22/2007,07/01/2027,Active,ACTIVE,,,,,,
NORTHEAST OHIO SECURITY & ELECTRONIC SOLUTIONS,,9345 RAVENNA RD UNIT C,,TWINSBURG,OH,44087-2452,(216) 798-8987,52.18.0050,Fire Protection Organization - Sole Proprietor,01/20/2009,10/01/2027,Active,ACTIVE,,,,,,
BASS HEATING/STEWART ELECTRIC CO,,1791 SAGAMORE DR,,EUCLID,OH,44117-2332,(216) 481-2122,52.18.0055,Fire Protection Organization - Sole Proprietor,12/08/2009,07/01/2027,Active,ACTIVE,,,,,,
FBL TECHNOLOGIES,,7093 OAK TREE DR S,,LORAIN,OH,44053-4338,(216)548-6530,52.18.0064,Fire Protection Organization - Sole Proprietor,08/23/2011,01/02/2027,Active In Renewal,RENEWAL PENDING,,,,,,
SUTTON SECURITY SYSTEMS INC,,8743 ROYALHAVEN DR,,NORTH ROYALTON,OH,44133-1657,,52.18.1324,Fire Protection Organization - Sole Proprietor,06/05/1991,07/01/2027,Active,ACTIVE,,,,,,
DRIGGS PLUMBING,,4615 KINGSLEY CIR W,,SANDUSKY,OH,44870-6043,(216)4022060,52.18.1389,Fire Protection Organization - Sole Proprietor,06/10/1993,01/02/2027,Active In Renewal,RENEWAL PENDING,,,,,,
CSS ENTERPRISES,,PO BOX 347104,,PARMA,OH,44134-7104,(216) 577-3330,52.18.3655,Fire Protection Organization - Sole Proprietor,02/10/2014,10/01/2027,Active,ACTIVE,,,,,,
AB PLUMBING SERVICES LLC,,1325 COOK AVE,,LAKEWOOD,OH,44107-2567,(216) 521-9272,52.18.3663,Fire Protection Organization - Sole Proprietor,12/04/2017,01/02/2027,Active In Renewal,RENEWAL PENDING,,,,,,
WIRE MEN LLC,,5960 AKINS RD,,NORTH ROYALTON,OH,44133-4964,(440) 668-6250,52.18.3664,Fire Protection Organization - Sole Proprietor,02/03/2018,04/01/2027,Active,ACTIVE,,,,,,
SECURITY & SOUND SOLUTIONS,,7472 MCMECHAM RD,,GREENVILLE,OH,45331-9499,937-467-1469,52.19.1013,Fire Protection Organization - Sole Proprietor,10/19/2016,07/01/2027,Active,ACTIVE,,,,,,
ZACHTECH LLC,,PO BOX 30116,,JEWELL,OH,43530-0116,(419) 785-6660,52.20.0001,Fire Protection Organization - Sole Proprietor,07/24/2015,10/01/2027,Active,ACTIVE,,,,,,
BEAR WIRE SERVICES,,338 VISTA RIDGE DR,,DELAWARE,OH,43015-7068,(614) 584-2367,52.21.0008,Fire Protection Organization - Sole Proprietor,02/23/2017,01/02/2028,Active,ACTIVE,,,,,,
HERBST EXCAVATING LLC,,2328 RIVER AVE,,SANDUSKY,OH,44870-3954,(419) 656-2251,52.22.1037,Fire Protection Organization - Sole Proprietor,01/30/2018,04/01/2027,Active,ACTIVE,,,,,,
JONATHAN PARKER,,5471 VILLAGE GROVE LN,,CANAL WINCHESTER,OH,43110-7966,(740)808-0940,52.23.0015,Fire Protection Organization - Sole Proprietor,07/17/2009,07/01/2027,Active,ACTIVE,,,,,,
CE SCHMELZER ELECTRIC & SERVICE LLC,,3301 WHEELING RD NE,,LANCASTER,OH,43130,(740)654-6818,52.23.0016,Fire Protection Organization - Sole Proprietor,06/08/2010,07/01/2027,Active,ACTIVE,,,,,,
AMERICAN FIRE PROTECTION,,3025 VALLEY VIEW RD NE,,LANCASTER,OH,43130-8217,(740)681-9999,52.23.1025,Fire Protection Organization - Sole Proprietor,09/28/1994,04/01/2027,Active,ACTIVE,,,,,,
AERO ELECTRICAL CONTRACTORS,,8020-A DOVE PKWY,,CANAL WINCHESTER,OH,43110,(614)834-8181,52.23.1029,Fire Protection Organization - Sole Proprietor,06/02/1995,10/01/2026,Active In Renewal,RENEWAL PENDING,,,,,,
OHIO LEAK LOCATORS,,3319 SUGAR GROVE RD SE,,LANCASTER,OH,43130-8537,(740) 974-8330,52.23.1557,Fire Protection Organization - Sole Proprietor,03/07/2018,04/01/2027,Active,ACTIVE,,,,,,
STEW ELECTRICAL LLC,,PO BOX 453,,LITHOPOLIS,OH,43136-0453,(614) 323-6665,52.23.1558,Fire Protection Organization - Sole Proprietor,04/11/2018,07/01/2027,Active,ACTIVE,,,,,,
SECURITY OPERATIONS SYSTEMS,,2755 BLACKLICK EASTERN RD NW,,BALTIMORE,OH,43105,(614)746-6172,52.25.0009,Fire Protection Organization - Sole Proprietor,08/14/1998,01/02/2027,Active In Renewal,RENEWAL PENDING,,,,,,
GILLIVAN MECHANICAL,,3302 PARK ST,,GROVE CITY,OH,43123,(614)871-1987,52.25.0020,Fire Protection Organization - Sole Proprietor,11/21/2001,01/02/2027,Active In Renewal,RENEWAL PENDING,,,,,,
CARDINAL ELECTRIC & COMMUNICATIONS LLC,,4920 SCIOTO DARBY RD STE 120,,HILLIARD,OH,43026-1500,(614)527-8610,52.25.0028,Fire Protection Organization - Sole Proprietor,02/26/2004,01/02/2028,Active,ACTIVE,,,,,,
WESS ELECTRIC LLC,,175 S 3RD ST STE 120,,COLUMBUS,OH,43215-5188,(614)348-9370,52.25.0036,Fire Protection Organization - Sole Proprietor,11/28/2005,10/01/2026,Active In Renewal,RENEWAL PENDING,,,,,,
RICHARD LEE CURRY,,6548 PORTRAIT CR,,WESTERVILLE,OH,43081,(614)245-8585,52.25.0053,Fire Protection Organization - Sole Proprietor,07/20/2010,01/02/2027,Active In Renewal,RENEWAL PENDING,,,,,,
RESCHKE ELECTRIC LLC,,210 E PARK ST,JEFFREY RESCHKE,WESTERVILLE,OH,43081-2306,(614)507-2705,52.25.0062,Fire Protection Organization - Sole Proprietor,06/19/2013,07/01/2027,Active,ACTIVE,,,,,,
EAGLE ELECTRIC INC,,5901 GROVE CITY RD,,GROVE CITY,OH,43123,(614)875-9944,52.25.1204,Fire Protection Organization - Sole Proprietor,06/27/1991,04/01/2027,Active,ACTIVE,,,,,,
FAULKNER SECURITY SERVICES LLC,,374 GARDEN RD,,COLUMBUS,OH,43214,(614)267-5712,52.25.1288,Fire Protection Organization - Sole Proprietor,05/20/1991,01/02/2027,Active In Renewal,RENEWAL PENDING,,,,,,
CERTIFIED BURGLAR ALARM SYSTEM,,4615 UPDIKE RD,,CENTERBURG,OH,43011-9703,(614) 989-9383,52.25.1422,Fire Protection Organization - Sole Proprietor,10/25/1995,07/01/2027,Active,ACTIVE,,,,,,
SYSTEM 1 SECURITY & SURVEILLANCE,,1264 YOLANDA DR,,COLUMBUS,OH,43207-2121,(614) 896-1132,52.25.4421,Fire Protection Organization - Sole Proprietor,09/11/2014,10/01/2027,Active,ACTIVE,,,,,,
INNOVATIVE FIRE PROTECTION,,3324 MORSE RD STE I,,COLUMBUS,OH,43231-9216,(614) 377-1434,52.25.4424,Fire Protection Organization - Sole Proprietor,02/12/2016,04/01/2027,Active,ACTIVE,,,,,,
AER SYSTEMS LLC,,2792 SHELLWICK CT,,COLUMBUS,OH,43235-7296,(704)964-9665,52.25.4426,Fire Protection Organization - Sole Proprietor,02/21/2017,01/02/2027,Active In Renewal,RENEWAL PENDING,,,,,,
GEARING CUSTOM RENOVATIONS & CONSTRUCTION LLC,,842 PRINCE WILLIAM LN,,WESTERVILLE,OH,43081-1926,614-859-4438,52.25.4427,Fire Protection Organization - Sole Proprietor,07/21/2017,01/02/2028,Active,ACTIVE,,,,,,
QNR,,3804 ARDATH RD,,COLUMBUS,OH,43228-3115,(614) 736-1315,52.25.4430,Fire Protection Organization - Sole Proprietor,02/26/2018,10/01/2027,Active,ACTIVE,,,,,,
INFINITY ELECTRICAL LLC,,6418 WOLCOTT CT,,DUBLIN,OH,43017-1759,(614) 787-3732,52.25.4432,Fire Protection Organization - Sole Proprietor,03/30/2018,04/01/2027,Active,ACTIVE,,,,,,
REV ELECTRIC LLC,,7941 ALBANY LN,,WESTERVILLE,OH,43081-9200,(614) 507-2706,52.25.4436,Fire Protection Organization - Sole Proprietor,08/09/2018,10/01/2027,Active,ACTIVE,,,,,,
WAGNER EXCAVATION,,15200 COUNTY ROAD J,,WAUSEON,OH,43567-9221,(419) 386-9268,52.26.1007,Fire Protection Organization - Sole Proprietor,10/02/2023,10/01/2026,Active In Renewal,RENEWAL PENDING,,,,,,
BLUE COLLAR ELECTRICIANS LLC,,PO BOX 835,,CHARDON,OH,44024-0835,(216) 701-9639,52.28.1026,Fire Protection Organization - Sole Proprietor,03/24/2015,04/01/2027,Active,ACTIVE,,,,,,
DFR ELECTRIC,,963 BLACK LN,,FAIRBORN,OH,45324-9735,(937) 776-0918,52.29.1033,Fire Protection Organization - Sole Proprietor,05/08/2025,07/01/2027,Active,ACTIVE,,,,,,
T & J ELECTRIC AND CONTROLS,,7441 SHAWNEE RUN RD,,MADEIRA,OH,45243,(513)527-4338,52.31.0008,Fire Protection Organization - Sole Proprietor,11/09/1999,01/02/2027,Active In Renewal,RENEWAL PENDING,,,,,,
KLOSTERMAN FIRE AND SECURITY,,4426 OAKVILLE DR,,CINCINNATI,OH,45211-2461,(513)615-7210,52.31.0025,Fire Protection Organization - Sole Proprietor,04/01/2010,04/01/2027,Active,ACTIVE,,,,,,
PROALERT SECURITY SYSTEMS LLC,,PO BOX 53245,,CINCINNATI,OH,45253,(513)353-3141,52.31.0268,Fire Protection Organization - Sole Proprietor,05/10/2012,01/02/2027,Active In Renewal,RENEWAL PENDING,,,,,,
MOOSE SCHULER SECURITY,,6514 CLIFF RIDGE LN,,CINCINNATI,OH,45213-1050,(513)531-5445,52.31.1138,Fire Protection Organization - Sole Proprietor,05/20/1991,07/01/2027,Active,ACTIVE,,,,,,
UNWIN ELECTRIC,,4521 LAYHIGH RD,,HAMILTON,OH,45013-9200,(513)608-0996,52.31.1526,Fire Protection Organization - Sole Proprietor,06/23/1994,10/01/2027,Active,ACTIVE,,,,,,
PRO CIRCUIT ELECTRICAL SERVICES,,2160 CARRIAGE STATION RD,,BATAVIA,OH,45103-2646,(513) 497-3838,52.31.2973,Fire Protection Organization - Sole Proprietor,09/14/2017,10/01/2027,Active,ACTIVE,,,,,,
GRIFFIN FIRE & PIPE,,9996 INTERNATIONAL BLVD,,WEST CHESTER,OH,45246-4852,(513) 273-1061,52.31.2978,Fire Protection Organization - Sole Proprietor,03/19/2019,01/02/2027,Active In Renewal,RENEWAL PENDING,,,,,,
ROBERT KEITH BUSH DBA BUSH FIRE SYSTEMS,,7176 BLUECREST DR,,CINCINNATI,OH,45230-2203,(513) 429-6618,52.31.2979,Fire Protection Organization - Sole Proprietor,06/13/2023,01/02/2028,Active,ACTIVE,,,,,,
LOGAN ELECTRIC LLC,,13863 TOWNSHIP ROAD 218,,VAN BUREN,OH,45889-9761,(419) 957-0352,52.32.1160,Fire Protection Organization - Sole Proprietor,01/04/2019,04/01/2027,Active,ACTIVE,,,,,,
RIGHT AT HOME TECHNOLOGIES LTD,,504 MCINTOSH TER,PO BOX 209,ADA,OH,45810-1032,(419) 558-1300,52.33.0001,Fire Protection Organization - Sole Proprietor,04/30/2018,04/01/2027,Active,ACTIVE,,,,,,
ABSOLUTE CABLING,,976 MACEDONIA RD,,BLANCHESTER,OH,45107-8761,(937)402-6844,52.36.0002,Fire Protection Organization - Sole Proprietor,08/16/2011,10/01/2026,Active In Renewal,RENEWAL PENDING,,,,,,
THOMAS ORION MOORMAN LLC DBA RH FIRE EXTINGUISHER,,13411 BOBO RD,,LOGAN,OH,43138-9775,(740) 380-3607,52.37.0004,Fire Protection Organization - Sole Proprietor,07/21/2020,04/01/2027,Active,ACTIVE,,,,,,
RYBECK ELECTRIC LLC,,74 NORTHERN DR,,MILLERSBURG,OH,44654-9700,(330) 231-5385,52.38.1003,Fire Protection Organization - Sole Proprietor,06/07/2019,07/01/2027,Active,ACTIVE,,,,,,
SMETZER SECURITY SYSTEMS LLC,,8 GERARD DR,,NORWALK,OH,44857-2495,(419) 624-9007,52.39.0001,Fire Protection Organization - Sole Proprietor,06/14/2000,07/01/2027,Active,ACTIVE,,,,,,
WHITAKER ELECTRIC DBA OHIO VALLEY ELECTRIC,,PO BOX 2070,,WINTERSVILLE,OH,43953-0070,(740) 765-4070,52.41.0002,Fire Protection Organization - Sole Proprietor,04/07/2026,10/01/2027,Active,ACTIVE,,,,,,
CHAPIN ELECTRIC LLC,,20653 HARDING RD,,MOUNT VERNON,OH,43050-9738,(740)392-4408,52.42.0001,Fire Protection Organization - Sole Proprietor,01/04/1999,01/02/2027,Active In Renewal,RENEWAL PENDING,,,,,,
CENTERBURG TECHNOLOGY CENTER,,12 W MAIN ST,PO BOX 586,CENTERBURG,OH,43011-7048,(740) 625-6100,52.42.1003,Fire Protection Organization - Sole Proprietor,12/30/2024,04/01/2027,Active,ACTIVE,,,,,,
ALL LOW COST ECO,,431 E 266TH ST,,EUCLID,OH,44132-1504,(440)951-3652,52.43.0004,Fire Protection Organization - Sole Proprietor,07/18/2003,07/01/2027,Active,ACTIVE,,,,,,
LAKE ERIE FIRE INSPECTIONS,,12330 RT 86,,PAINESVILLE,OH,44077,(440)547-2911,52.43.0015,Fire Protection Organization - Sole Proprietor,10/13/2009,04/01/2027,Active,ACTIVE,,,,,,
DALMATIAN FIRE PROTECTION LLC,,1081 PEACH BLVD,,WILLOUGHBY,OH,44094-7152,(440) 497-0943,52.43.1082,Fire Protection Organization - Sole Proprietor,05/04/2018,01/02/2027,Active In Renewal,RENEWAL PENDING,,,,,,
SEVCO CONSTRUCTION CO INC,,38038 POPLAR DR,,WILLOUGHBY,OH,44094-7553,(216) 389-5878,52.43.1083,Fire Protection Organization - Sole Proprietor,04/30/2019,07/01/2027,Active,ACTIVE,,,,,,
LITTLES FIRE,,38355 PLEASANT RIDGE RD,,GRAYSVILLE,OH,45734-9762,(740) 237-5667,52.44.0001,Fire Protection Organization - Sole Proprietor,01/16/2018,04/01/2027,Active,ACTIVE,,,,,,
AMERICAN FIRE SERVICES EQUIPMENT,,PO BOX 634,,NEW ALBANY,OH,43054,(740)927-5335,52.45.1029,Fire Protection Organization - Sole Proprietor,06/10/1991,07/01/2027,Active,ACTIVE,,,,,,
QUANTUM ELECTRIC,,PO BOX 30,,PATASKALA,OH,43062-0030,(740)927-2632,52.45.1031,Fire Protection Organization - Sole Proprietor,06/27/1991,10/01/2027,Active,ACTIVE,,,,,,
CENTRAL OHIO PROTECTIVE SERVICE,,8991 CLOVER VALLEY RD,,JOHNSTOWN,OH,43031-9337,(740) 967-4602,52.45.1061,Fire Protection Organization - Sole Proprietor,08/13/2001,07/01/2027,Active,ACTIVE,,,,,,
NEWMAN TECHNICAL SERVICES LLC,,517 E MAIN ST # 1073,,HEBRON,OH,43025-9702,(740)9739557,52.45.1532,Fire Protection Organization - Sole Proprietor,05/08/2012,07/01/2027,Active,ACTIVE,,,,,,
GLENFORD FIRE PROTECTION LLC,,12252 BROWNSVILLE RD,,GLENFORD,OH,43739-9614,(740) 755-0602,52.45.1534,Fire Protection Organization - Sole Proprietor,07/26/2018,10/01/2027,Active,ACTIVE,,,,,,
JAMES HAID,,8569 ROBBINS LOOP DR,,REYNOLDSBURG,OH,43068-8581,(740) 404-1124,52.45.1535,Fire Protection Organization - Sole Proprietor,01/13/2026,04/01/2027,Active,ACTIVE,,,,,,
TM PLUMBING SERVICE LLC,,47349 MERRIAM ROAD,,WELLINGTON,OH,44090,(440)822-5224,52.47.0008,Fire Protection Organization - Sole Proprietor,11/04/2011,04/01/2027,Active,ACTIVE,,,,,,
ASAP AFFORDABLE SEWER & PLUMBING LLC,,33502 DICKENS CIR,,NORTH RIDGEVILLE,OH,44039-3360,(440) 670-1330,52.47.0009,Fire Protection Organization - Sole Proprietor,02/22/2012,04/01/2027,Active,ACTIVE,,,,,,
STONE ELECTRIC,FRANK PASSANISI,C/O 3056 SE PINE VALLEY ST,,PORT SAINT LUCIE,FL,34952,(440) 213-8175,52.47.1034,Fire Protection Organization - Sole Proprietor,06/05/1991,07/01/2027,Active,ACTIVE,,,,,,
COLIN L HYLE PLUMBING & EXCAVATING,,37564 BUTTERNUT RIDGE RD,,N RIDGEVILLE,OH,44039-8466,(440)668-5300,52.47.1059,Fire Protection Organization - Sole Proprietor,08/22/1994,04/01/2027,Active,ACTIVE,,,,,,
D & D ASSOCIATED CONTRACTORS INC,,14151 STATE ROUTE 511,,OBERLIN,OH,44074-9457,(440) 774-2283,52.47.1061,Fire Protection Organization - Sole Proprietor,09/25/2014,07/01/2027,Active,ACTIVE,,,,,,
SIRC PROFESSIONALS LLC,,507 GOLDEN RUSSETT BLVD,,AMHERST,OH,44001-3129,(440) 541-4733,52.47.1063,Fire Protection Organization - Sole Proprietor,12/10/2015,04/01/2027,Active,ACTIVE,,,,,,
TURNBULL PLUMBING & HEATING LLC,,46661 US HIGHWAY 20,,OBERLIN,OH,44074-9255,(440)775-0383,52.47.1066,Fire Protection Organization - Sole Proprietor,08/23/2018,10/01/2027,Active,ACTIVE,,,,,,
T & I SERVICES INC,,3041 EASTMORELAND DR,,OREGON,OH,43616-2949,(419)410-0858,52.48.0006,Fire Protection Organization - Sole Proprietor,07/19/2004,01/02/2027,Active In Renewal,RENEWAL PENDING,,,,,,
CENTRAL SECURITY LLC,,7350 AIRPORT HWY STE 7,,HOLLAND,OH,43528-8364,(419)467-3321,52.48.0008,Fire Protection Organization - Sole Proprietor,04/17/2006,10/01/2027,Active,ACTIVE,,,,,,
LYMCO FIRE PROTECTION INC,,4840 W BANCROFT ST,,TOLEDO,OH,43615-3904,(419)537-0439,52.48.1117,Fire Protection Organization - Sole Proprietor,04/06/1993,04/01/2027,Active,ACTIVE,,,,,,
FERRARI FIRE,,2544 LIMA AVE,,TOLEDO,OH,43613-2612,(419) 704-0107,52.48.1131,Fire Protection Organization - Sole Proprietor,04/02/2024,01/02/2028,Active,ACTIVE,,,,,,
MID EAST SPRINKLER CO,,12713 SOUTH AVE,,NORTH LIMA,OH,44452-9785,(330)549-5516,52.50.1050,Fire Protection Organization - Sole Proprietor,05/09/1991,01/02/2027,Active In Renewal,RENEWAL PENDING,,,,,,
C G KISH FIRE EQUIPMENT,,700 BROAD ST,,WADSWORTH,OH,44281-2320,(330)336-6333,52.52.0007,Fire Protection Organization - Sole Proprietor,03/31/2009,07/01/2027,Active,ACTIVE,,,,,,
RNR ALARM LLC,,1169 STONY HILL RD,,HINCKLEY,OH,44233-9538,(330) 273-4647,52.52.1227,Fire Protection Organization - Sole Proprietor,12/12/2018,07/01/2027,Active,ACTIVE,,,,,,
ADVANCED FIRE PROTECTION INC,,1170 S ST RT 721,,LAURA,OH,45337,(937)947-2501,52.55.0002,Fire Protection Organization - Sole Proprietor,07/22/1998,07/01/2027,Active,ACTIVE,,,,,,
DYNAMIC SAFETY SERVICES LLC,,PO BOX 54,,HANNIBAL,OH,43931-0054,(740)457-7590,52.56.0001,Fire Protection Organization - Sole Proprietor,10/17/2013,01/02/2027,Active In Renewal,RENEWAL PENDING,,,,,,
M & S ELECTRIC SERVICE LLC,,3156 LITTLE YORK RD,,DAYTON,OH,45414,(513)890-3566,52.57.0001,Fire Protection Organization - Sole Proprietor,07/09/1996,07/01/2027,Active,ACTIVE,,,,,,
FPD INC,,8105 SPANISH OAK DR,,GAUTIER,MS,39553-2337,228-497-4052,52.57.0003,Fire Protection Organization - Sole Proprietor,08/21/1998,04/01/2027,Active,ACTIVE,,,,,,
KIMERLING FIRE PROTECTION,,305 LORETTA DR,,DAYTON,OH,45415,(937)279-9712,52.57.0018,Fire Protection Organization - Sole Proprietor,02/02/2010,04/01/2027,Active,ACTIVE,,,,,,
CHAD FISHER,,7016 LONER LN,,BROOKVILLE,OH,45309-8292,(937) 654-5359,52.57.1200,Fire Protection Organization - Sole Proprietor,08/04/2014,01/02/2028,Active,ACTIVE,,,,,,
"A&B MULTI SERVICES, LLC",,3045 RODENBECK DR STE 1A,,BEAVERCREEK,OH,45432-2670,(937) 902-9448,52.57.1202,Fire Protection Organization - Sole Proprietor,03/13/2015,04/01/2027,Active,ACTIVE,,,,,,
G & L ELECTRIC LTD,,64 S DIAMOND MILL RD,,NEW LEBANON,OH,45345-9765,(937) 603-8064,52.57.1204,Fire Protection Organization - Sole Proprietor,04/04/2017,07/01/2027,Active,ACTIVE,,,,,,
ROBERT RAKESTRAW,,2611 DELLA DR,,DAYTON,OH,45417-4429,(937) 604-8781,52.57.1205,Fire Protection Organization - Sole Proprietor,05/22/2017,07/01/2027,Active,ACTIVE,,,,,,
TAMAM SERVICES,,6883 GRAND OAKS CT,,MASON,OH,45040-2711,(513) 720-4062,52.57.1206,Fire Protection Organization - Sole Proprietor,10/19/2017,07/01/2027,Active,ACTIVE,,,,,,
JCL INTEGRATED SOLUTIONS LLC,,1138 ETHEL AVE,,MIAMISBURG,OH,45342-2510,(937) 479-1627,52.57.1207,Fire Protection Organization - Sole Proprietor,01/22/2018,04/01/2027,Active,ACTIVE,,,,,,
APEX FIRE & SAFETY LLC,,7160 COUNTY ROAD 47,,LEXINGTON,OH,44904-9601,(419) 566-4357,52.59.0001,Fire Protection Organization - Sole Proprietor,12/07/2018,07/01/2027,Active,ACTIVE,,,,,,
CS INTEGRATORS LLC,,PO BOX 3312,,ZANESVILLE,OH,43702-3312,,52.60.1014,Fire Protection Organization - Sole Proprietor,09/09/2013,10/01/2027,Active,ACTIVE,,,,,,
AFK SYSTEMS LLC,,PO BOX 2383,,ZANESVILLE,OH,43702-2383,740-868-2167,52.60.1015,Fire Protection Organization - Sole Proprietor,09/09/2016,04/01/2027,Active,ACTIVE,,,,,,
M & M SYSTEMS,,14920 MAYFAIR RD,,THORNVILLE,OH,43076,(614)554-3352,52.64.0002,Fire Protection Organization - Sole Proprietor,05/23/2013,04/01/2027,Active,ACTIVE,,,,,,
PICKAWAY FIRE EXTINGUISHER SYS,,26989 MORRIS SALEM RD,,CIRCLEVILLE,OH,43113,(740)477-3791,52.65.0003,Fire Protection Organization - Sole Proprietor,04/24/2000,04/01/2027,Active,ACTIVE,,,,,,
PIERCE CONSTRUCTION,,1988 SCHROEDER RD,,MOGADORE,OH,44260-9672,(330) 325-2292,52.67.0003,Fire Protection Organization - Sole Proprietor,03/27/2007,04/01/2027,Active,ACTIVE,,,,,,
PEB CONTRACTORS LLC,,4974 STATE ROUTE 121,,GREENVILLE,OH,45331-8722,(937) 547-0620,52.68.0008,Fire Protection Organization - Sole Proprietor,06/23/1995,01/02/2027,Active In Renewal,RENEWAL PENDING,,,,,,
ROBNETT FIRE & SECURITY,,PO BOX 909,,PORTSMOUTH,OH,45662-0909,(740)727-5678,52.73.0006,Fire Protection Organization - Sole Proprietor,01/07/2010,07/01/2027,Active,ACTIVE,,,,,,
CHILDS ENGINEERING LLC,,360 WABASH AVE N,,BREWSTER,OH,44613-1042,(330) 767-7441,52.76.2107,Fire Protection Organization - Sole Proprietor,11/06/2014,01/02/2027,Active In Renewal,RENEWAL PENDING,,,,,,
CHARLES WORRELL FIRE SAFETY CONCEPTS,,629 SEIBERLING ST,,AKRON,OH,44306-3345,(800)459-1380,52.77.0011,Fire Protection Organization - Sole Proprietor,05/29/2003,10/01/2027,Active,ACTIVE,,,,,,
WIRED AKRON,,170 PORTAGE DR,,AKRON,OH,44303-1113,(330)524-8003,52.77.0025,Fire Protection Organization - Sole Proprietor,05/14/2010,07/01/2027,Active,ACTIVE,,,,,,
OHIO FIRE SUPPRESSION LLC,,10481 MARYLAND AVE,,AURORA,OH,44202-8506,(216)269-6032,52.77.0027,Fire Protection Organization - Sole Proprietor,06/08/2011,04/01/2027,Active,ACTIVE,,,,,,
HUDSON SERVICE CO,,5938 STOW RD,,HUDSON,OH,44236-3536,(330) 697-2796,52.77.1112,Fire Protection Organization - Sole Proprietor,07/28/1992,04/01/2027,Active,ACTIVE,,,,,,
XSTREAM PLUMBING LLC,,9111 WALTON RD,,NORTHFIELD,OH,44067-1186,2(330) 468-2659,52.77.1142,Fire Protection Organization - Sole Proprietor,02/25/2014,01/02/2027,Active In Renewal,RENEWAL PENDING,,,,,,
DREXMORE LLC,,901 ARBORETUM CIR,,NORTHFIELD,OH,44067-2383,(330)468-1922,52.77.1146,Fire Protection Organization - Sole Proprietor,08/09/2018,01/02/2027,Active In Renewal,RENEWAL PENDING,,,,,,
GALLSTAR FIRE PROTECTION,,PO BOX 4881,,AKRON,OH,44310-0881,(330) 389-1279,52.77.1147,Fire Protection Organization - Sole Proprietor,09/22/2023,01/02/2027,Active In Renewal,RENEWAL PENDING,,,,,,
HEARD ELECTRIC,,4016 WHIPPERWILL WAY,,YOUNGSTOWN,OH,44505,(330) 717-5347,52.78.1199,Fire Protection Organization - Sole Proprietor,05/30/2019,04/01/2027,Active,ACTIVE,,,,,,
MODERN INTEGRATED SYSTEMS,,5107 RIVERWALK DR,,KINGS MILLS,OH,45034,(513)398-0887,52.83.0002,Fire Protection Organization - Sole Proprietor,06/26/2000,07/01/2027,Active,ACTIVE,,,,,,
HUNTER ELECTRIC SERVICE,,4710 STATE ROUTE 122,,FRANKLIN,OH,45005-9767,(937) 746-6788,52.83.1015,Fire Protection Organization - Sole Proprietor,02/13/2018,04/01/2027,Active,ACTIVE,,,,,,
LONG BROTHERS ELECTRIC LLC,,PO BOX 737,,LEBANON,OH,45036-0737,(513) 617-1431,52.83.1016,Fire Protection Organization - Sole Proprietor,02/21/2018,04/01/2027,Active,ACTIVE,,,,,,
REAL ELECTRIC,,4255 PRAIRIE SMOKE CT,,LEBANON,OH,45036-4018,(513) 836-0173,52.83.1018,Fire Protection Organization - Sole Proprietor,04/08/2022,04/01/2027,Active,ACTIVE,,,,,,
CBCK SOLUTIONS LLC,,7646 CEDAR VALLEY RD,,WEST SALEM,OH,44287-9531,(330) 317-3784,52.85.1022,Fire Protection Organization - Sole Proprietor,01/10/2019,01/02/2027,Active In Renewal,RENEWAL PENDING,,,,,,
WENTLING ELECTRICAL SERVICE LLC,,3649 CR 97,,CAREY,OH,43316,419-722-8541,52.88.1002,Fire Protection Organization - Sole Proprietor,10/04/2016,10/01/2027,Active,ACTIVE,,,,,,
JH REITER FIRE EXTINGUISHER SVC,,441 SPENCER AVE,,SHARON,PA,16146-3124,(724)342-9821,52.89.0013,Fire Protection Organization - Sole Proprietor,07/23/2008,07/01/2027,Active,ACTIVE,,,,,,
FIRECHECK CO2 SERVICE LLC,,18660 COLLINS RD,,DUNDEE,MI,48131-9629,(734)529-7908,52.89.0014,Fire Protection Organization - Sole Proprietor,08/15/2008,10/01/2027,Active,ACTIVE,,,,,,
FIREWATER FIRE PROTECTION LLC,,11201 MASTERS RD,,HOWARD CITY,MI,49329-9534,(616)835-7687,52.89.0016,Fire Protection Organization - Sole Proprietor,02/02/2010,07/01/2027,Active,ACTIVE,,,,,,
RKC AND CHEY,,8 BUTLER CT,,LAWRENCEBURG,IN,47025-1076,(513)335-9141,52.89.0017,Fire Protection Organization - Sole Proprietor,10/26/2011,10/01/2027,Active,RENEWED,,,,,,
A&S FIRE PROTECTION SERVICES,,213 CAROLINE AVE,,WURTLAND,KY,41144-1408,(606) 465-1135,52.89.3605,Fire Protection Organization - Sole Proprietor,09/23/2013,01/02/2027,Active In Renewal,RENEWAL PENDING,,,,,,
"CADMAN FIRE EXTINGUISHER SERVICE, LLC",,4528 US HIGHWAY 322,,JAMESTOWN,PA,16134-4612,724-866-7474,52.89.3611,Fire Protection Organization - Sole Proprietor,06/16/2016,01/02/2027,Active In Renewal,RENEWAL PENDING,,,,,,
AIRPORT FIRE FX,,140 UPPER SERVICE RD,,HOOKSTOWN,PA,15050-1446,(724) 573-6028,52.89.3615,Fire Protection Organization - Sole Proprietor,04/06/2017,01/02/2027,Active In Renewal,RENEWAL PENDING,,,,,,
NEXT GEN SECURITY SERVICES OF WESTERN PA,,640 GIRTY RD,,SHELOCTA,PA,15774-3135,(855) 963-9843,52.89.3621,Fire Protection Organization - Sole Proprietor,08/08/2022,01/02/2027,Active In Renewal,RENEWAL PENDING,,,,,,
JASON GIBBONS DBA GENCO FIRE PROTECTION,,1120 HARTFORD RD,,KINGSTON,TN,37763-2320,(865) 255-6054,52.89.3622,Fire Protection Organization - Sole Proprietor,06/13/2023,01/02/2027,Active In Renewal,RENEWAL PENDING,,,,,,
LAWSON FIRE EXTINGUISHER SERVICE,,PO BOX 1974,,MIDDLESBORO,KY,40965-3974,(606) 269-7490,52.89.3623,Fire Protection Organization - Sole Proprietor,07/15/2025,01/02/2027,Active In Renewal,RENEWAL PENDING,,,,,,
JAXSON DAVES FIRE PROTECTION,,3614 TITANIC AVE,,EL PASO,TX,79904-3227,(915) 873-5353,52.89.3624,Fire Protection Organization - Sole Proprietor,05/27/2026,04/01/2027,Active,ACTIVE,,,,,,
K & M FIRE PROTECTION,,576 STOUT ROAD,,WINCHESTER,OH,45697,(937)205-3000,53.01.0003,Fire Protection Organization - Company,02/22/2012,07/01/2027,Active,ACTIVE,,,,,,
BUDDY NIECE DBA FIRE SAFE LLC,,1623 WAGGONER RIFFLE RD,,WEST UNION,OH,45693-9783,(937) 217-1616,53.01.0004,Fire Protection Organization - Company,06/04/2024,07/01/2027,Active,ACTIVE,,,,,,
NORTHWESTERN OHIO SECURITY SYSTEMS,,PO BOX 869,121 E HIGH ST,LIMA,OH,45802-0869,(419)227-1655,53.02.1015,Fire Protection Organization - Company,06/10/1991,07/01/2027,Active,ACTIVE,,,,,,
SPARTA ELECTRIC INC,,2440 BATY RD,,ELIDA,OH,45807-1507,(419)331-6941,53.02.1016,Fire Protection Organization - Company,05/20/1991,07/01/2027,Active,ACTIVE,,,,,,
LIMA SECURITY INC,,703 N WEST ST,,LIMA,OH,45801,(419)222-7866,53.02.1020,Fire Protection Organization - Company,07/16/1991,07/01/2027,Active,ACTIVE,,,,,,
SPRINT ELECTRIC INC,,1264 E HANTHORN RD,,LIMA,OH,45804-3932,(419) 222-0494,53.02.1026,Fire Protection Organization - Company,06/27/1991,07/01/2027,Active,ACTIVE,,,,,,
ARMOR FIRE PROTECTION INC,,1028 FINDLAY RD,,LIMA,OH,45801-3170,(419)222-7667,53.02.1029,Fire Protection Organization - Company,06/19/1992,07/01/2027,Active,ACTIVE,,,,,,
ST RITA'S MEDICAL CENTER,FACILITIES,730 W MARKET ST,,LIMA,OH,45801-4602,(419) 226-9163,53.02.1030,Fire Protection Organization - Company,08/11/1993,07/01/2027,Active,ACTIVE,,,,,,
L-A ELECTRIC,,902 INCENTIVE DR,,FORT WAYNE,IN,46825-3276,,53.02.1034,Fire Protection Organization - Company,11/30/1998,07/01/2027,Active,ACTIVE,,,,,,
CHALLENGE ELECTRIC II LTD,,2050 W BREESE RD,,LIMA,OH,45806-1710,(419) 224-2290,53.02.1036,Fire Protection Organization - Company,01/03/2001,07/01/2027,Active,ACTIVE,,,,,,
LIPPINCOTT PLG. HTG. & A/C INC,,872 ST JOHNS AVE,,LIMA,OH,45804,(419)222-0856,53.02.1037,Fire Protection Organization - Company,01/17/2001,07/01/2027,Active,ACTIVE,,,,,,
HOMELAND TECHNOLOGY GROUP LLC,,3590 HARDING HWY,,LIMA,OH,45804-3520,(419)225-7776,53.02.1043,Fire Protection Organization - Company,12/23/2002,07/01/2027,Active,ACTIVE,,,,,,
BLUFFTON UNIVERSITY,,1 UNIVERSITY DR,,BLUFFTON,OH,45817-2104,(419)358-3000,53.02.1044,Fire Protection Organization - Company,06/05/2003,07/01/2027,Active,ACTIVE,,,,,,
GLOBAL ELECTRIC INC,,PO BOX 1998,,WAPAKONETA,OH,45895-0998,(419) 738-0001,53.02.1046,Fire Protection Organization - Company,05/10/2006,07/01/2027,Active,ACTIVE,,,,,,
RD JONES EXCAVATING INC,,PO BOX 127,10225 ALGER RD,HARROD,OH,45850-0127,(419)648-5870,53.02.1047,Fire Protection Organization - Company,05/15/2006,07/01/2027,Active,ACTIVE,,,,,,
BRENNEMAN EXCAVATING INC,,6150 W STATE ROAD,,ELIDA,OH,45807,(419)339-3613,53.02.1051,Fire Protection Organization - Company,10/17/2011,07/01/2027,Active,ACTIVE,,,,,,
J & D SNYDER EXCAVATING LLC,,95 RILEY CREEK CT,,BLUFFTON,OH,45817-1601,(419) 222-3967,53.02.1053,Fire Protection Organization - Company,05/05/2015,07/01/2027,Active,ACTIVE,,,,,,
DEGEN EXCAVATING CO INC,,1920 BIBLE RD,,LIMA,OH,45801-2207,(419) 225-6871,53.02.1054,Fire Protection Organization - Company,12/14/2015,07/01/2027,Active,ACTIVE,,,,,,
ACS EXCAVATING LLC,,790 N NAPOLEON RD,,LIMA,OH,45801-9724,(419) 649-9111,53.02.1055,Fire Protection Organization - Company,03/08/2017,07/01/2027,Active,ACTIVE,,,,,,
WATCH TV COMPANY,,1805 N DIXIE HWY,,LIMA,OH,45801-3255,(800) 589-3837,53.02.1056,Fire Protection Organization - Company,10/14/2020,07/01/2027,Active,ACTIVE,,,,,,
SANTE FE SERVICES LLC,,9289 ADA RD,,HARROD,OH,45850-9405,(567) 204-4701,53.02.1058,Fire Protection Organization - Company,03/18/2022,07/01/2027,Active,ACTIVE,,,,,,
VELOCITY MAINTENANCE SERVICES LLC,,2050 W BREESE RD,,LIMA,OH,45806-1710,(419) 224-2290,53.02.1059,Fire Protection Organization - Company,09/01/2026,07/01/2027,Active,ACTIVE,,,,,,
GUENTHER MECHANICAL,,1248 MIDDLE ROWSBURG RD,,ASHLAND,OH,44805-2813,(419)289-6900,53.03.1001,Fire Protection Organization - Company,06/27/1991,07/01/2027,Active,ACTIVE,,,,,,
AM FIRE SAFETY EQUIPMENT INC,,500 E MAIN ST,,ASHLAND,OH,44805-2548,(419)289-0585,53.03.1002,Fire Protection Organization - Company,08/07/1991,07/01/2027,Active,ACTIVE,,,,,,
ALLSTATE FIRE PROTECTION & SERVICE LLC,,900 LAVER RD,,MANSFIELD,OH,44905-2343,(419) 994-5188,53.03.1009,Fire Protection Organization - Company,09/05/1991,07/01/2027,Active,ACTIVE,,,,,,
B C U ELECTRIC INC,,1019 US 250 N,,ASHLAND,OH,44805,(419)281-8944,53.03.1012,Fire Protection Organization - Company,11/07/1996,07/01/2027,Active,ACTIVE,,,,,,
SCHALK MECHANICAL INC,,527 STATE ROUTE 58,,ASHLAND,OH,44805,(440)653-1263,53.03.1017,Fire Protection Organization - Company,07/02/2013,07/01/2027,Active,ACTIVE,,,,,,
DIRT DAWG EXCAVATING LLC,,1681 ORANGE RD,,ASHLAND,OH,44805-1300,(419) 289-0778,53.03.1020,Fire Protection Organization - Company,09/13/2017,07/01/2027,Active,ACTIVE,,,,,,
SHROCK PREMIER CUSTOM CONSTRUCTION LLC,,234 W MAIN ST,,LOUDONVILLE,OH,44842-1134,(419) 994-0004,53.03.1021,Fire Protection Organization - Company,09/18/2019,07/01/2027,Active,ACTIVE,,,,,,
BUCKEYE BACKFLOW AND FIRE PROTECTION LLC,,434 TOWNSHIP ROAD 462,,SULLIVAN,OH,44880-9744,(440) 315-9363,53.03.1023,Fire Protection Organization - Company,11/25/2025,07/01/2027,Active,ACTIVE,,,,,,
BROWN SPRINKLER SERVICE INC,,PO BOX 8,2458 RT 193,DORSET,OH,44032-0008,(440)858-2573,53.04.1005,Fire Protection Organization - Company,07/16/1991,07/01/2027,Active,ACTIVE,,,,,,
SECURITY TECHNOLOGIES,,1618 W 7TH STREET,,ASHTABULA,OH,44004,(440)964-2817,53.04.1014,Fire Protection Organization - Company,07/05/1991,07/01/2027,Active,ACTIVE,,,,,,
ALL PHASE MAINTENANCE & ELECTRIC INC,,6891 PARKS RD,,ORWELL,OH,44076-9332,(440) 813-0410,53.04.1027,Fire Protection Organization - Company,08/28/1998,07/01/2027,Active,ACTIVE,,,,,,
APEX ELECTRIC INC OF OHIO,,7131 TURNER RD,PO BOX 144,PIERPONT,OH,44082-9729,(440)577-1088,53.04.1028,Fire Protection Organization - Company,05/07/2002,07/01/2027,Active,ACTIVE,,,,,,
NORTH EAST FIRE PROTECTION,,563 BEECH ST,,JEFFERSON,OH,44047,(440)576-1174,53.04.1029,Fire Protection Organization - Company,02/22/2006,07/01/2027,Active,ACTIVE,,,,,,
J SEVERINO CONSTRUCTION INC,,937 W 52ND ST,,ASHTABULA,OH,44004-7144,(440) 992-4274,53.04.1031,Fire Protection Organization - Company,07/29/2016,07/01/2027,Active,ACTIVE,,,,,,
BSE ELECTRICAL CONTRACTORS INC,,600 STATE RD,,ASHTABULA,OH,44004-3933,(440) 465-6840,53.04.1032,Fire Protection Organization - Company,01/17/2020,07/01/2027,Active,ACTIVE,,,,,,
E Z FIRE & SECURITY LLC,,1300 S BROADWAY,,GENEVA,OH,44041-8113,(440) 361-1233,53.04.1035,Fire Protection Organization - Company,01/02/2024,07/01/2027,Active,ACTIVE,,,,,,
KARST TECHNOLOGY LLC,,585 RUTH ST,,GENEVA,OH,44041-1569,(440) 316-0613,53.04.1036,Fire Protection Organization - Company,09/01/2026,07/01/2027,Active,ACTIVE,,,,,,
KAL ELECTRIC INC,,5265 HEBBARDSVILLE RD,,ATHENS,OH,45701,(740)593-8720,53.05.1002,Fire Protection Organization - Company,06/14/1991,07/01/2027,Active,ACTIVE,,,,,,
DC CONSTRUCTION SPRINKLERS,,13370 N PEACH RIDGE RD,,ATHENS,OH,45701-8846,(740) 591-6006,53.05.1005,Fire Protection Organization - Company,06/27/1991,07/01/2027,Active,ACTIVE,,,,,,
PALLINI INDUSTRIES INC,,6395 BAKER RD,,ATHENS,OH,45701,(614)594-7730,53.05.1007,Fire Protection Organization - Company,07/16/1993,07/01/2027,Active,ACTIVE,,,,,,
OHIO UNIVERSITY FACILITIES MGMT,,49 FACTORY ST,,ATHENS,OH,45701-6803,(740)593-2928,53.05.1010,Fire Protection Organization - Company,08/27/1998,07/01/2027,Active,ACTIVE,,,,,,
YORK PAVING CO,,PO BOX 2450,,ATHENS,OH,45701-5250,,53.05.1016,Fire Protection Organization - Company,01/30/2007,07/01/2027,Active,ACTIVE,,,,,,
CLINE WELDING SUPPLY,,100 ELMWOOD PL,,ATHENS,OH,45701-2001,(740)592-2155,53.05.1017,Fire Protection Organization - Company,11/07/2008,07/01/2027,Active,ACTIVE,,,,,,
ZOD MECHANICAL LLC,,25 CAMPBELL ST,,ATHENS,OH,45701-2616,(740) 274-0777,53.05.1022,Fire Protection Organization - Company,06/06/2016,07/01/2027,Active,ACTIVE,,,,,,
HOCKING VALLEY FIRE LLC,,28 DALTON DR,,NELSONVILLE,OH,45764-1345,(740) 406-2287,53.05.1025,Fire Protection Organization - Company,05/06/2026,07/01/2027,Active,ACTIVE,,,,,,
BUSCHUR ELECTRIC INC,,PO BOX 107,,MINSTER,OH,45865,(419)628-3407,53.06.0001,Fire Protection Organization - Company,07/05/1991,07/01/2027,Active,ACTIVE,,,,,,
SECUR COM INC,,307 W FIRST ST,PO BOX 116,MINSTER,OH,45865,(419)628-1049,53.06.0005,Fire Protection Organization - Company,05/07/1998,07/01/2027,Active,ACTIVE,,,,,,
HARROD NAGEL ELECTRIC INC,,11882 OWL CREEK RD,,WAPAKONETA,OH,45895-8358,419-738-3537,53.06.1005,Fire Protection Organization - Company,06/20/2017,07/01/2027,Active,ACTIVE,,,,,,
PETERSON CONSTRUCTION COMPANY,,18817 STATE ROUTE 501,,WAPAKONETA,OH,45895-9335,(419) 941-2233,53.06.1007,Fire Protection Organization - Company,02/14/2020,07/01/2027,Active,ACTIVE,,,,,,
SEAN BARNETT ELECTRICAL LLC,,0699 STATE ROUTE 197,,MENDON,OH,45862-9736,(567) 259-8343,53.06.1009,Fire Protection Organization - Company,12/28/2023,07/01/2027,Active,ACTIVE,,,,,,
PREMIER CHOICE SERVICES LLC,,15653 STATE ROUTE 67,,WAPAKONETA,OH,45895-9163,(419) 788-6839,53.06.1010,Fire Protection Organization - Company,08/08/2025,07/01/2027,Active,ACTIVE,,,,,,
ERB ELECTRIC CO INC,,500 HALL ST - BLDG #1,,BRIDGEPORT,OH,43912,(740)633-5055,53.07.0006,Fire Protection Organization - Company,06/04/2007,07/01/2027,Active,ACTIVE,,,,,,
JONES FIRE PROTECTION CONSTRUCTION LLC,,1033 SHINKLE RIDGE RD,,GEORGETOWN,OH,45121-9728,(937) 213-1708,53.08.0006,Fire Protection Organization - Company,05/25/2021,07/01/2027,Active,ACTIVE,,,,,,
GT ELECTRICAL SERVICES LLC,,10465 DRAKE RD,,HAMERSVILLE,OH,45130-9618,(513) 278-2498,53.08.0008,Fire Protection Organization - Company,12/24/2025,07/01/2027,Active,ACTIVE,,,,,,
MIDDLETOWN SECURITY SYSTEMS INC,,20 S BREIEL BLVD,,MIDDLETOWN,OH,45044,(513)423-1065,53.09.0002,Fire Protection Organization - Company,06/14/1991,07/01/2027,Active,ACTIVE,,,,,,
B & B PLUMBING & HEATING CO,,5131 COLLEGE CORNER PIKE,,OXFORD,OH,45056,(513)523-4010,53.09.1027,Fire Protection Organization - Company,06/14/1991,07/01/2027,Active,ACTIVE,,,,,,
PUMP SYSTEMS LLC,,2246 PORT CENTRE DR,,MEDINA,OH,44256-5994,(330) 630-0890,53.09.1046,Fire Protection Organization - Company,10/15/1991,07/01/2027,Active,ACTIVE,,,,,,
RIGLING ELECTRIC INC,,PO BOX 615,,ROSS,OH,45061,(513) 738-8800,53.09.1057,Fire Protection Organization - Company,07/16/1993,07/01/2027,Active,ACTIVE,,,,,,
IMS TECHNOLOGY & SECURITY LLC,,PO BOX 218,,XENIA,OH,45385-0218,(937)910-6200,53.09.1063,Fire Protection Organization - Company,01/31/1995,07/01/2027,Active,ACTIVE,,,,,,
JOSEPH MARCONI CONSTRUCTION,,4172 W ELKTON RD,,HAMILTON,OH,45011-8552,(513) 646-5979,53.09.1072,Fire Protection Organization - Company,02/21/1997,07/01/2027,Active,ACTIVE,,,,,,
BRONCO EXCAVATING INC,,280 DONALD DR,,FAIRFIELD,OH,45014-3007,(513)829-9880,53.09.1073,Fire Protection Organization - Company,02/14/1997,07/01/2027,Active,ACTIVE,,,,,,
"D & E ELECTRIC COMPANY, INC",,7055 OKEANA DREWERSBURG RD,,OKEANA,OH,45053-9651,(513)738-1172,53.09.1082,Fire Protection Organization - Company,03/21/2000,07/01/2027,Active,ACTIVE,,,,,,
INLOES HEATING & COOLING INC,,157 N B ST,,HAMILTON,OH,45013-3102,(513)896-9499,53.09.1084,Fire Protection Organization - Company,02/14/2001,07/01/2027,Active,ACTIVE,,,,,,
EXECUTIVE SECURITY,,PO BOX 18898,,FAIRFIELD,OH,45018-0898,(513)895-2783,53.09.1086,Fire Protection Organization - Company,03/14/2002,07/01/2027,Active,ACTIVE,,,,,,
RTF FIRE PROTECTION LLC,,11445 ROCKFIELD CT,,CINCINNATI,OH,45241-1916,(513)942-1500,53.09.1088,Fire Protection Organization - Company,01/16/2004,07/01/2027,Active,ACTIVE,,,,,,
T S GARNETT CONSTRUCTION INC,,1721 OLD OXFORD RD,,HAMILTON,OH,45013-1041,(513)868-3404,53.09.1096,Fire Protection Organization - Company,10/17/2006,07/01/2027,Active,ACTIVE,,,,,,
ROMY'S PLUMBING,,6701 DIXIE HWY,DBA AA PLUMBING INC,FAIRFIELD,OH,45014-5427,(513)874-1888,53.09.1097,Fire Protection Organization - Company,04/12/2007,07/01/2027,Active,ACTIVE,,,,,,
ATECH FIRE & SECURITY LLC,,7985 FEDERAL RD,,SOUTH SOLON,OH,43153-9505,(866)734-2045,53.09.1099,Fire Protection Organization - Company,12/14/2007,07/01/2027,Active,ACTIVE,,,,,,
MCGRAW/KOKOSING INC,,101 CLARK BLVD,,MONROE,OH,45044-3216,(513)422-4521,53.09.1102,Fire Protection Organization - Company,10/15/2008,07/01/2027,Active,ACTIVE,,,,,,
GANN ELECTRIC INC,,4380 HAMILTON RICHMOND RD,,OXFORD,OH,45056-9452,(513)523-8502,53.09.1103,Fire Protection Organization - Company,04/21/2009,07/01/2027,Active,ACTIVE,,,,,,
AMERILECT INC,,940 SYMMES AVE,,HAMILTON,OH,45015-1598,(513)737-3900,53.09.1105,Fire Protection Organization - Company,01/15/2010,07/01/2027,Active,ACTIVE,,,,,,
MORRIS ELECTRIC CONTRACTING & SERV,,4481 RITA MAE DR,,FAIRFIELD,OH,45014,(513)858-1817,53.09.1106,Fire Protection Organization - Company,07/14/2010,07/01/2027,Active,ACTIVE,,,,,,
PROCESS PUMP & SEAL INC,,4317 KUGLER MILL RD,,CINCINNATI,OH,45236-1820,(513) 988-7000,53.09.1115,Fire Protection Organization - Company,09/09/2013,07/01/2027,Active,ACTIVE,,,,,,
JOHNSTON FIRE SAFETY LLC,,PO BOX 747,,OXFORD,OH,45056-0747,(513) 348-0251,53.09.1117,Fire Protection Organization - Company,03/30/2015,07/01/2027,Active,ACTIVE,,,,,,
GREG MARTIN EXCAVATING INC,,1501 S UNIVERSITY BLVD,,MIDDLETOWN,OH,45044-5967,(513) 727-9300,53.09.1119,Fire Protection Organization - Company,07/15/2015,07/01/2027,Active,ACTIVE,,,,,,
OHIO HEAVY EQUIPMENT LEASING,,260 OSBORNE DR,,FAIRFIELD,OH,45014-2246,,53.09.1121,Fire Protection Organization - Company,11/16/2015,07/01/2027,Active,ACTIVE,,,,,,
T C ELECTRICAL SERVICES INC,,6417 GLENMONT DR,,HAMILTON,OH,45011-5084,(513) 863-4866,53.09.1122,Fire Protection Organization - Company,07/26/2017,07/01/2027,Active,ACTIVE,,,,,,
DARANA HYBRID INC / APOLLO ELECTRIC INC,,903 BELLE AVE,,HAMILTON,OH,45015-1605,(513) 860-4490,53.09.1123,Fire Protection Organization - Company,08/15/2017,07/01/2027,Active,ACTIVE,,,,,,
JFDB LTD,,10036 SPRINGFIELD PIKE,,CINCINNATI,OH,45215-1452,(513) 870-0601,53.09.1124,Fire Protection Organization - Company,01/30/2018,07/01/2027,Active,ACTIVE,,,,,,
GALE SERVICES LLC,,5578 DOVE LN,,WEST CHESTER,OH,45069-1094,(513) 918-1228,53.09.1125,Fire Protection Organization - Company,02/26/2018,07/01/2027,Active,ACTIVE,,,,,,
SECURELIFE SECURITY LLC,,611 N DICK AVE,,HAMILTON,OH,45013-2615,(352) 256-3004,53.09.1126,Fire Protection Organization - Company,01/09/2019,07/01/2027,Active,ACTIVE,,,,,,
KRAUSE ELECTRIC,,688 OXFORD GERMANTOWN RD,,CAMDEN,OH,45311-7525,(513) 200-3936,53.09.1127,Fire Protection Organization - Company,02/27/2019,07/01/2027,Active,ACTIVE,,,,,,
BUNNELL ELECTRIC INC,,9966 CINCINNATI DAYTON RD,,WEST CHESTER,OH,45069-3824,(513) 779-8778,53.09.1128,Fire Protection Organization - Company,11/22/2019,07/01/2027,Active,ACTIVE,,,,,,
LIVING WATERS FIRE PROTECTION LLC,,3515 COLUMBIA RD UNIT 8212,,LEBANON,OH,45036-9690,(513) 849-5966,53.09.1132,Fire Protection Organization - Company,02/11/2022,07/01/2027,Active,ACTIVE,,,,,,
MAJORS ENTERPRISES INC,,6393 HAMILTON LEBANON RD,,MONROE,OH,45050-1345,(513) 539-8217,53.09.1133,Fire Protection Organization - Company,12/30/2022,07/01/2027,Active,ACTIVE,,,,,,
TRI STATE SITE LLC,,2099 HAMILTON EATON RD,,HAMILTON,OH,45011-9538,(513) 839-1156,53.09.1136,Fire Protection Organization - Company,02/27/2024,07/01/2027,Active,ACTIVE,,,,,,
WAYPOINTE SOLUTIONS LLC DBA WAYPOINTE INTEGRATED SYSTEMS,,5769 LIBERTY FAIRFIELD RD,,LIBERTY TWP,OH,45011-6214,(513) 335-1921,53.09.1138,Fire Protection Organization - Company,09/10/2024,07/01/2027,Active,ACTIVE,,,,,,
KOTZ ELECTRICAL AND MECHANICAL SERVICES INC,,461 COMMERCIAL DR,,WEST CHESTER,OH,45014-7585,(513) 467-9111,53.09.1139,Fire Protection Organization - Company,01/31/2025,07/01/2027,Active,ACTIVE,,,,,,
ADVANCED UNDERGROUND INC,,4440 HAMILTON SCIPIO RD,,HAMILTON,OH,45013-9129,(513) 867-0200,53.09.1140,Fire Protection Organization - Company,12/03/2025,07/01/2027,Active,ACTIVE,,,,,,
SITE X CONSTRUCTION LLC,,1275 ELIZABETH DR,,HAMILTON,OH,45013-3516,(513) 716-4637,53.09.1141,Fire Protection Organization - Company,05/01/2026,07/01/2027,Active,ACTIVE,,,,,,
MADESAFE ELECTRICAL SYSTEMS LLC,,2972 MORMAN RD,,HAMILTON,OH,45013-9329,(513) 382-4488,53.09.1142,Fire Protection Organization - Company,09/08/2026,07/01/2027,Active,ACTIVE,,,,,,
BECK ELECTRIC COMPANY,,7165 RIDGEVIEW DR SE,,WAYNESBURG,OH,44688-9566,(330) 205-5505,53.10.1008,Fire Protection Organization - Company,09/13/2016,07/01/2027,Active,ACTIVE,,,,,,
RICHARDSON ELECTRIC LLC,,42462 10TH STREET EXT,,WELLSVILLE,OH,43968-9657,(330) 739-6003,53.10.1009,Fire Protection Organization - Company,03/14/2017,07/01/2027,Active,ACTIVE,,,,,,
KLINE ELECTRIC INC,,5275 MAYHAM RD NE,,CARROLLTON,OH,44615-9136,(330) 738-2424,53.10.1010,Fire Protection Organization - Company,08/10/2021,07/01/2027,Active,ACTIVE,,,,,,
EFFICIENT PIPELINE LLC,,277 STEUBENVILLE RD SE,,CARROLLTON,OH,44615-9601,(330) 627-4440,53.10.1011,Fire Protection Organization - Company,06/24/2025,07/01/2027,Active,ACTIVE,,,,,,
MCGUIRE FARMS & EXCAVATING LLC,,2516 CHURCH RD,,URBANA,OH,43078-9373,(937) 605-3339,53.11.1003,Fire Protection Organization - Company,06/30/2020,07/01/2027,Active,ACTIVE,,,,,,
J & J CONSTRUCTION SYSTEMS LTD DBA MCKEEVERS,,1248 E US HIGHWAY 36,,URBANA,OH,43078-8002,(937) 652-2045,53.11.1004,Fire Protection Organization - Company,05/01/2023,07/01/2027,Active,ACTIVE,,,,,,
SPRINGFIELD ACME ELECTRIC CO,,P.O. BOX 63,,SPRINGFIELD,OH,45501,(937)325-5533,53.12.1006,Fire Protection Organization - Company,07/05/1991,07/01/2027,Active,ACTIVE,,,,,,
TRIEC ELECTRICAL SERVICES,,1630 PROGRESS RD,,SPRINGFIELD,OH,45505-4467,(937)323-3721,53.12.1008,Fire Protection Organization - Company,05/20/1991,07/01/2027,Active,ACTIVE,,,,,,
C.I.R.E.S. INC,,600 W LEFFEL LN,,SPRINGFIELD,OH,45506-3532,(937)323-4844,53.12.1026,Fire Protection Organization - Company,09/21/1992,07/01/2027,Active,ACTIVE,,,,,,
HAUCK BROS INC,,1974 COMMERCE CIR,,SPRINGFIELD,OH,45504-2012,(937)325-0636,53.12.1036,Fire Protection Organization - Company,08/05/1998,07/01/2027,Active,ACTIVE,,,,,,
BELAIR PLUMBING INC,,2356 ST PARIS PIKE,,SPRINGFIELD,OH,45504,(937)342-8585,53.12.1037,Fire Protection Organization - Company,09/22/1998,07/01/2027,Active,ACTIVE,,,,,,
BASIC ELECTRICAL SERVICES INC,,5145 NEW CARLISLE SAINT PAR RD,,NEW CARLISLE,OH,45344-9535,(937)846-1065,53.12.1041,Fire Protection Organization - Company,05/23/2003,07/01/2027,Active,ACTIVE,,,,,,
ALLIANCE ELECTRIC LLC,,2601 ENON RD STE 1,,ENON,OH,45323-1005,(937) 340-6262,53.12.1047,Fire Protection Organization - Company,07/24/2023,07/01/2027,Active,ACTIVE,,,,,,
CFP SOLUTIONS LLC,,2352 OLD ARTHUR RD,,SPRINGFIELD,OH,45502-9134,(937) 206-2615,53.12.1049,Fire Protection Organization - Company,07/28/2025,07/01/2027,Active,ACTIVE,,,,,,
WILLIAM R BECKER PLUMBING INC,,1019 PAXTON LAKE DR,,LOVELAND,OH,45140-6727,(513) 314-9028,53.13.1003,Fire Protection Organization - Company,07/05/1991,07/01/2027,Active,ACTIVE,,,,,,
CURRY ELECTRIC INC,,533 OLD STATE ROUTE 74,,CINCINNATI,OH,45244-2141,513-752-5454,53.13.1014,Fire Protection Organization - Company,06/27/1991,07/01/2027,Active,ACTIVE,,,,,,
KEP ELECTRIC INC,,4026 BACH BUXTON RD,,BATAVIA,OH,45103-2525,(513)752-3043,53.13.1031,Fire Protection Organization - Company,07/01/1994,07/01/2027,Active,ACTIVE,,,,,,
FOUR SEASONS ENVIROMENTAL INC,,43 NEW GARVER RD,,MONROE,OH,45050-1244,(513) 539-2978,53.13.1037,Fire Protection Organization - Company,01/11/1996,07/01/2027,Active,ACTIVE,,,,,,
G & R PLUMBING INC,,562 CLOUGH PK,,CINCINNATI,OH,45245,(513)528-5151,53.13.1038,Fire Protection Organization - Company,04/23/1997,07/01/2027,Active,ACTIVE,,,,,,
JWH EXCAVATING INC,,PO BOX 280,,NEWTONSVILLE,OH,45158-0280,(513)625-3478,53.13.1041,Fire Protection Organization - Company,03/09/1998,07/01/2027,Active,ACTIVE,,,,,,
MDX INC,,100 CASTLEBERRY CT,PO BOX 313,MILFORD,OH,45150-1998,(513)469-0127,53.13.1043,Fire Protection Organization - Company,11/30/2004,07/01/2027,Active,ACTIVE,,,,,,
D & M CARTER LLC,,PO BOX 20,106 ST RT 126,MIAMIVILLE,OH,45147-0020,(513)831-8843,53.13.1044,Fire Protection Organization - Company,01/30/2007,07/01/2027,Active,ACTIVE,,,,,,
TOWNE CONSTRUCTION SERVICES LLC,,500 KENT RD,,BATAVIA,OH,45103-1703,(513) 561-3700,53.13.1052,Fire Protection Organization - Company,12/22/2015,07/01/2027,Active,ACTIVE,,,,,,
SOUTHERN OHIO SPRINKLER LLC,,5651 LINDENWOOD LN,,FAIRFIELD,OH,45014-3562,(513) 448-7440,53.13.1053,Fire Protection Organization - Company,12/20/2016,07/01/2027,Active,ACTIVE,,,,,,
PLUMB TECH SERVICES LLC,,1951 US HIGHWAY 50,,BATAVIA,OH,45103-8604,(513) 600-2104,53.13.1056,Fire Protection Organization - Company,04/13/2018,07/01/2027,Active,ACTIVE,,,,,,
THE ORANGE ELECTRIC COMPANY INC,,400 COMMERCIAL DR STE A,,FAIRFIELD,OH,45014-7490,(513) 518-4517,53.13.1057,Fire Protection Organization - Company,01/18/2022,07/01/2027,Active,ACTIVE,,,,,,
SITE SOLUTIONS CONSULTING LLC,,1050 SAGEBRUSH CT,,LOVELAND,OH,45140-8869,(513) 405-1642,53.13.1058,Fire Protection Organization - Company,02/24/2022,07/01/2027,Active,ACTIVE,,,,,,
DOCCS LLC,,PO BOX 25,,NEWTONSVILLE,OH,45158-0025,(513) 238-4777,53.13.1059,Fire Protection Organization - Company,01/12/2023,07/01/2027,Active,ACTIVE,,,,,,
THE DJ DREW COMPANY LLC,,2720 OLD STATE ROUTE 32,,BATAVIA,OH,45103-3210,(513) 724-8177,53.13.1060,Fire Protection Organization - Company,07/03/2023,07/01/2027,Active,ACTIVE,,,,,,
SIEMENS INDUSTRY INC,,2000 EASTMAN DR,,MILFORD,OH,45150-2712,(847) 215-1000,53.13.1062,Fire Protection Organization - Company,11/03/2023,07/01/2027,Active,ACTIVE,,,,,,
ADVANCED TECHNOLOGY SOLUTIONS LLC,,3770 VINEYARD WOODS DR,,CINCINNATI,OH,45255-4682,(513) 276-7416,53.13.1063,Fire Protection Organization - Company,08/21/2024,07/01/2027,Active,ACTIVE,,,,,,
EMPIRE EXCAVATION LLC,,2263 STATE ROUTE 222,,NEW RICHMOND,OH,45157-9692,(513) 525-4553,53.13.1064,Fire Protection Organization - Company,01/15/2026,07/01/2027,Active,ACTIVE,,,,,,
ESTABLISHED WORK LLC,,3656 HERITAGE FARM LN,,AMELIA,OH,45102-9217,(631) 332-3429,53.13.1065,Fire Protection Organization - Company,07/22/2026,07/01/2027,Active,ACTIVE,,,,,,
STROUDS EXCAVATION LLC,,7294 STATE ROUTE 380,,WILMINGTON,OH,45177-8402,(937) 608-8254,53.14.0006,Fire Protection Organization - Company,12/02/2019,07/01/2027,Active,ACTIVE,,,,,,
ANTRAM FIRE EQUIPMENT,,27990 WINONA RD,,N GEORGETOWN,OH,44665-0074,(330)525-7171,53.15.0001,Fire Protection Organization - Company,07/16/1991,07/01/2027,Active,ACTIVE,,,,,,
SANFORD PLUMBING,,1725 PENNSYLVANIA AVE,,E LIVERPOOL,OH,43920-2277,(330)386-5191,53.15.0002,Fire Protection Organization - Company,05/20/1991,07/01/2027,Active,ACTIVE,,,,,,
ELLYSON PLUMBING & HEATING INC,,411 W STATE ST,,SALEM,OH,44460-2759,(330)337-8795,53.15.1005,Fire Protection Organization - Company,05/20/1991,07/01/2027,Active,ACTIVE,,,,,,
21ST CENTURY ALARM DATA INC,,810 MAIN ST,,SALEM,OH,44460-1474,(330)332-9743,53.15.1007,Fire Protection Organization - Company,06/10/1991,07/01/2027,Active,ACTIVE,,,,,,
SAYRE ELECTRIC INC,,400 MARKET ST # 406,PO BOX 1001,EAST LIVERPOOL,OH,43920-3036,(330)385-2520,53.15.1008,Fire Protection Organization - Company,06/27/1991,07/01/2027,Active,ACTIVE,,,,,,
GRAFT ELECTRIC INC,,1370 STATE ROUTE 14,PO BOX 22,COLUMBIANA,OH,44408-9626,(330)482-9071,53.15.1013,Fire Protection Organization - Company,11/26/1999,07/01/2027,Active,ACTIVE,,,,,,
PROTECH ELECTRICAL CONT LLC,,PO BOX 2712,46576 Y AND O RD.,EAST LIVERPOOL,OH,43920-0712,(330) 385-5030,53.15.1018,Fire Protection Organization - Company,02/05/2007,07/01/2027,Active,ACTIVE,,,,,,
LIBERTY ELECTRIC INC,,16 PROSPECT ST,,COLUMBIANA,OH,44408-1311,(330)482-9472,53.15.1022,Fire Protection Organization - Company,02/10/2009,07/01/2027,Active,ACTIVE,,,,,,
BUCKEYE WIRING LLC,,41659 LODGE RD,,LEETONIA,OH,44431-9630,(330) 482-9800,53.15.1023,Fire Protection Organization - Company,08/01/2017,07/01/2027,Active,ACTIVE,,,,,,
JAMES PLUMBING LTD,,2689 COUNTY ROAD 16,PO BOX 718,COSHOCTON,OH,43812-9454,(740)622-6862,53.16.0001,Fire Protection Organization - Company,08/22/1994,07/01/2027,Active,ACTIVE,,,,,,
WILLIAM ALBERT INC,,1300 CASSINGHAM HOLLOW DR,,COSHOCTON,OH,43812,(740)622-3045,53.16.0003,Fire Protection Organization - Company,12/17/1996,07/01/2027,Active,ACTIVE,,,,,,
PHILLIP A WAGNER INC,,763 S 6TH ST,,COSHOCTON,OH,43812-2506,(740)622-9464,53.16.1005,Fire Protection Organization - Company,05/20/1991,07/01/2027,Active,ACTIVE,,,,,,
LONESTAR FIRE PROTECTION & SECURITY LLC,,110 W CHURCH ST,,WARSAW,OH,43844-9011,(740) 824-8005,53.16.1006,Fire Protection Organization - Company,01/04/2019,07/01/2027,Active,ACTIVE,,,,,,
GALION FIRE APPLIANCE LLC,,235 BLOOMER ST,,GALION,OH,44833-2006,(419) 468-3088,53.17.1000,Fire Protection Organization - Company,07/05/1991,07/01/2027,Active,ACTIVE,,,,,,
KIESS ELECTRIC INC,,1765 E MANSFIELD ST,,BUCYRUS,OH,44820-2017,(419)562-0756,53.17.1009,Fire Protection Organization - Company,06/14/1991,07/01/2027,Active,ACTIVE,,,,,,
CARTER ELECTRIC INC,,844 EDWARD ST,PO BOX 711,GALION,OH,44833,(419)468-9019,53.17.1010,Fire Protection Organization - Company,08/07/1991,07/01/2027,Active,ACTIVE,,,,,,
"RIETSCHLIN CONSTRUCTION, INC",,4240 BAKER RD,,CRESTLINE,OH,44827,(419)347-4341,53.17.1014,Fire Protection Organization - Company,06/10/2005,07/01/2027,Active,ACTIVE,,,,,,
A & E FIRE AND SAFETY SERVICES LLC,,222 S POPLAR ST,,BUCYRUS,OH,44820-2210,(419) 562-4896,53.17.1015,Fire Protection Organization - Company,08/19/2014,07/01/2027,Active,ACTIVE,,,,,,
GIBSON ELECTRICAL LLC,,180 OUTERBELT ST,,COLUMBUS,OH,43213-1527,(419) 462-2525,53.17.1016,Fire Protection Organization - Company,08/23/2017,07/01/2027,Active,ACTIVE,,,,,,
ATTACK SECURITY LLC,,829 PLYMOUTH ST,,BUCYRUS,OH,44820-9700,(419) 631-5167,53.17.1017,Fire Protection Organization - Company,01/10/2020,07/01/2027,Active,ACTIVE,,,,,,
DRIVEN EXCAVATING LLC,,121 S WASHINGTON AVE,,CRESTLINE,OH,44827-1931,(567) 224-1421,53.17.1018,Fire Protection Organization - Company,08/05/2021,07/01/2027,Active,ACTIVE,,,,,,
FABRIZI TRUCKING & PAVING CO INC,,20389 1ST AVE,,MIDDLEBURG HEIGHTS,OH,44130-2433,(440) 973-4929,53.18.0015,Fire Protection Organization - Company,06/05/1991,07/01/2027,Active,ACTIVE,,,,,,
VA CONKEY CO,,1701 JOSEPH LLOYD PKWY,,WILLOUGHBY,OH,44094,(440)269-5555,53.18.0021,Fire Protection Organization - Company,05/20/1991,07/01/2027,Active,ACTIVE,,,,,,
RELMEC MECHANICAL LLC,,4975 HAMILTON AVE,,CLEVELAND,OH,44114,(216)391-1030,53.18.0036,Fire Protection Organization - Company,07/16/1991,07/01/2027,Active,ACTIVE,,,,,,
ZENITH SYSTEMS LLC,,5055 CORBIN DR,,BEDFORD HEIGHTS,OH,44128-5462,(216) 587-9510,53.18.0050,Fire Protection Organization - Company,06/27/1991,07/01/2027,Active,ACTIVE,,,,,,
PJ ELLIS ELECTRIC CO INC,,1219 BROOKPARK RD,,PARMA,OH,44109,(216)749-3450,53.18.0051,Fire Protection Organization - Company,07/05/1991,07/01/2027,Active,ACTIVE,,,,,,
GENE PTACEK & SON FIRE EQUIPMENT CO,,7310 ASSOCIATE AVE,,BROOKLYN,OH,44144-1101,(216)651-8300,53.18.1004,Fire Protection Organization - Company,06/27/1991,07/01/2027,Active,ACTIVE,,,,,,
US PROTECTIVE SERVICES CORP,,750 W RESOURCE DR,,BROOKLYN HTS,OH,44131-1878,(216)475-8550,53.18.1014,Fire Protection Organization - Company,06/27/1991,07/01/2027,Active,ACTIVE,,,,,,
JOHNSON CONTROLS FIRE PROTECTION LP,LICENSING,PO BOX 3042,,BOCA RATON,FL,33431-0942,,53.18.1046,Fire Protection Organization - Company,06/14/1991,07/01/2027,Active,ACTIVE,,,,,,
LONDON ROAD ELECTRIC CO,,16109 SAINT CLAIR AVE,,CLEVELAND,OH,44110-3028,(216)531-2700,53.18.1049,Fire Protection Organization - Company,07/16/1991,07/01/2027,Active,ACTIVE,,,,,,
EINHEIT ELECTRIC CONSTRUCTION CO,,240 TUXEDO AVE,,CLEVELAND,OH,44131-1142,(216)661-6000,53.18.1057,Fire Protection Organization - Company,07/05/1991,07/01/2027,Active,ACTIVE,,,,,,
HARRINGTON ELECTRIC CO,,3800 PERKINS AVE,,CLEVELAND,OH,44114-4635,(216)361-5101,53.18.1065,Fire Protection Organization - Company,05/20/1991,07/01/2027,Active,ACTIVE,,,,,,
WIEMELS PLUMBING CO INC,,16419 LORAIN AVE,,CLEVELAND,OH,44111,(216)251-3283,53.18.1069,Fire Protection Organization - Company,03/31/1992,07/01/2027,Active,ACTIVE,,,,,,
SMITH AND OBY COMPANY,,7676 NORTHFIELD RD,,WALTON HILLS,OH,44146-5519,(440)735-5333,53.18.1076,Fire Protection Organization - Company,06/14/1991,07/01/2027,Active,ACTIVE,,,,,,
HERBST ELECTRIC LLC,,5171 GRANT AVE,,CLEVELAND,OH,44125-1031,(216)621-5890,53.18.1078,Fire Protection Organization - Company,06/10/1991,07/01/2027,Active,ACTIVE,,,,,,
SCHWEIZER DIPPLE INC,,7227 DIVISION ST,,OAKWOOD VILLAGE,OH,44146-5405,(440)786-8090,53.18.1092,Fire Protection Organization - Company,08/15/1991,07/01/2027,Active,ACTIVE,,,,,,
MILLER PLUMBING HEATING CO,,196 BELL ST,,CHAGRIN FALLS,OH,44022-2900,(440)247-6446,53.18.1093,Fire Protection Organization - Company,07/16/1991,07/01/2027,Active,ACTIVE,,,,,,
NEPTUNE PLUMBING HEATING CO,,23860 MILES RD,,CLEVELAND,OH,44128-5478,(216)475-9100,53.18.1095,Fire Protection Organization - Company,05/20/1991,07/01/2027,Active,ACTIVE,,,,,,
CLOCK ELECTRIC INC,,1624 COUTANT AVE,,LAKEWOOD,OH,44107-5228,(216)221-1400,53.18.1107,Fire Protection Organization - Company,06/27/1991,07/01/2027,Active,ACTIVE,,,,,,
L & A PLUMBING HEATING,,1137 WILBUR RD,,MEDINA,OH,44256-8468,(216)961-4399,53.18.1112,Fire Protection Organization - Company,07/16/1991,07/01/2027,Active,ACTIVE,,,,,,
MCPHILLIPS PLUMBING HEATING & AIR CONDITIONING CO INC,,16115 WATERLOO RD,,CLEVELAND,OH,44110-1665,(216)481-1400,53.18.1114,Fire Protection Organization - Company,05/09/1991,07/01/2027,Active,ACTIVE,,,,,,
COLEMAN SPOHN CORP,,1775 E 45TH ST,,CLEVELAND,OH,44103,(216)431-8070,53.18.1120,Fire Protection Organization - Company,07/05/1991,07/01/2027,Active,ACTIVE,,,,,,
ABC PIPING INC,,1277 E SCHAAF RD,,BROOKLYN HTS,OH,44131-1301,(216)398-4000,53.18.1169,Fire Protection Organization - Company,08/15/1991,07/01/2027,Active,ACTIVE,,,,,,
CALCOM INC,,5145 BRECKSVILLE RD STE 105,,RICHFIELD,OH,44286-9250,(440)838-1717,53.18.1175,Fire Protection Organization - Company,05/20/1991,07/01/2027,Active,ACTIVE,,,,,,
GILLMORE SECURITY SYSTEMS INC,,26165 BROADWAY AVE,,CLEVELAND,OH,44146,(440)232-1000,53.18.1177,Fire Protection Organization - Company,06/27/1991,07/01/2027,Active,ACTIVE,,,,,,
WIRING UNLIMITED INC,,13911 LORAIN AVE,,CLEVELAND,OH,44111-3431,(216)671-1800,53.18.1198,Fire Protection Organization - Company,05/20/1991,07/01/2027,Active,ACTIVE,,,,,,
GILLESPIE CO,,1815 COLUMBUS RD,,CLEVELAND,OH,44113-2411,(216)771-4323,53.18.1205,Fire Protection Organization - Company,05/20/1991,07/01/2027,Active,ACTIVE,,,,,,
UNITED MECHANICAL CONTRACTORS INC,,26660 LAKELAND BLVD,,EUCLID,OH,44132,(216)261-7070,53.18.1219,Fire Protection Organization - Company,05/20/1991,07/01/2027,Active,ACTIVE,,,,,,
JLEC INC,,1480 BAGLEY RD,,BEREA,OH,44017,(440)243-7113,53.18.1229,Fire Protection Organization - Company,06/14/1991,07/01/2027,Active,ACTIVE,,,,,,
DIVERSIFIED PIPING & MECHANICAL INC,,7561 TYLER BLVD. UNIT #8,,MENTOR,OH,44060,(440)951-6004,53.18.1234,Fire Protection Organization - Company,05/20/1991,07/01/2027,Active,ACTIVE,,,,,,
CLARK MECHANICAL INC,,18101 GREATWOOD LN,,CHAGRIN FALLS,OH,44023-9068,(440) 543-6037,53.18.1240,Fire Protection Organization - Company,06/27/1991,07/01/2027,Active,ACTIVE,,,,,,
ULLMAN ELECTRIC CO,,4569 SPRING RD,,BROOKLYN HEIGHTS,OH,44131-1023,(216)432-5777,53.18.1282,Fire Protection Organization - Company,06/27/1991,07/01/2027,Active,ACTIVE,,,,,,
NORTH BAY CONSTRUCTION INC,,25800 1ST ST,,WESTLAKE,OH,44145,(440)835-1898,53.18.1286,Fire Protection Organization - Company,07/16/1991,07/01/2027,Active,ACTIVE,,,,,,
LAKE ERIE ELECTRIC INC,,25730 1ST ST,PO BOX 450859,WESTLAKE,OH,44145-1432,(419)529-4611,53.18.1287,Fire Protection Organization - Company,07/16/1991,07/01/2027,Active,ACTIVE,,,,,,
PALADIN PROTECTIVE SYSTEMS,,7680 HUB PKWY,,VALLEY VIEW,OH,44125-5707,(216)441-6500,53.18.1310,Fire Protection Organization - Company,06/14/1991,07/01/2027,Active,ACTIVE,,,,,,
GATEWAY ELECTRIC INC,,4450 JOHNSTON PKWY,,CLEVELAND,OH,44128-2951,(216)518-5500,53.18.1318,Fire Protection Organization - Company,05/20/1991,07/01/2027,Active,ACTIVE,,,,,,
FOX FIRE PROTECTION INC,,21931 W LUNN RD,,STRONGSVILLE,OH,44149,(440)238-5543,53.18.1353,Fire Protection Organization - Company,10/15/1991,07/01/2027,Active,ACTIVE,,,,,,
CONTEMPORARY ELECTRIC INC,,5947 GRAYDON DR,,SEVEN HILLS,OH,44131,(216)975-9962,53.18.1360,Fire Protection Organization - Company,02/25/1992,07/01/2027,Active,ACTIVE,,,,,,
JOHN CARROLL UNIVERSITY,,1 JOHN CARROLL BLVD,ATTN GARRY HOMANY,UNIVERSITY HTS,OH,44118,(216)397-4314,53.18.1368,Fire Protection Organization - Company,07/16/1992,07/01/2027,Active,ACTIVE,,,,,,
HIDDEN VALLEY ELECTRIC,,28749 HIDDEN VALLEY DR,,ORANGE VILLAGE,OH,44022,(440)349-1196,53.18.1396,Fire Protection Organization - Company,07/14/1993,07/01/2027,Active,ACTIVE,,,,,,
TROMBOLD EQUIPMENT CO,,7500 WALL ST STE 115,,CLEVELAND,OH,44125-3357,(216)663-8700,53.18.1402,Fire Protection Organization - Company,08/13/1993,07/01/2027,Active,ACTIVE,,,,,,
C & S PLUMBING,,6032 STATE RD,,PARMA,OH,44134-2855,(440)886-3949,53.18.1411,Fire Protection Organization - Company,01/13/1994,07/01/2027,Active,ACTIVE,,,,,,
INDEPENDENCE EXCAVATING INC,,5720 INDEPENDENCE DR STE 500,,BRECKSVILLE,OH,44141-2909,(330) 207-0032,53.18.1414,Fire Protection Organization - Company,03/14/1994,07/01/2027,Active,ACTIVE,,,,,,
DIFRANCO PLUMBING CO,,4917 VAN EPPS RD,,BROOKLYN HEIGHTS,OH,44131-1017,(216)641-2300,53.18.1420,Fire Protection Organization - Company,05/04/1994,07/01/2027,Active,ACTIVE,,,,,,
PARKWAY PLUMBING INC,,9925 ROYALTON RD,,N ROYALTON,OH,44133-4457,(440)237-0102,53.18.1422,Fire Protection Organization - Company,05/04/1994,07/01/2027,Active,ACTIVE,,,,,,
GREEN INTEGRATED SERVICES INC,,34194 AURORA RD STE 120,,SOLON,OH,44139-3801,(440)439-9740,53.18.1427,Fire Protection Organization - Company,12/28/2012,07/01/2027,Active,ACTIVE,,,,,,
EMSHOFF EXCAVATING INC,,4556 STATE ROUTE 82,,MANTUA,OH,44255-9653,(440)248-6688,53.18.1434,Fire Protection Organization - Company,07/29/1994,07/01/2027,Active,ACTIVE,,,,,,
CONTROLLED ENVIRONMENTAL SYSTEMS,,7995 ELMHURST DR,,BROADVIEW HTS,OH,44147-1221,(440) 582-0438,53.18.1436,Fire Protection Organization - Company,09/21/1994,07/01/2027,Active,ACTIVE,,,,,,
CLEVELAND MUSEUM OF ART,,11150 EAST BLVD,,CLEVELAND,OH,44106,(216)707-2193,53.18.1439,Fire Protection Organization - Company,11/10/1994,07/01/2027,Active,ACTIVE,,,,,,
JOHN PROCHAZKA PLUMBING & HEATING,,PO BOX 427,4120 LANDER RD,ORANGE VILLAGE,OH,44022,(216)831-5165,53.18.1441,Fire Protection Organization - Company,11/25/1994,07/01/2027,Active,ACTIVE,,,,,,
TERRY THE PLUMBER,,12904 KINSMAN RD,,CLEVELAND,OH,44120,(216)561-2066,53.18.1446,Fire Protection Organization - Company,03/14/1995,07/01/2027,Active,ACTIVE,,,,,,
EDWARDS PLUMBING AND HEATING INC,,8515 NOWLEN ST,,MENTOR,OH,44060-5826,(440) 255-3940,53.18.1468,Fire Protection Organization - Company,07/05/1996,07/01/2027,Active,ACTIVE,,,,,,
"RICHARD GENTILE ELECTRIC, INC",,19440 STONY POINT DR,,STRONGSVILLE,OH,44136-8160,(440)572-5527,53.18.1475,Fire Protection Organization - Company,10/07/1996,07/01/2027,Active,ACTIVE,,,,,,
FIRST ENERGY,,6670 BETA DR,,MAYFIELD VILLAGE,OH,44143-2352,(440) 604-9835,53.18.1478,Fire Protection Organization - Company,12/17/1996,07/01/2027,Active,ACTIVE,,,,,,
COOK FIRE & SECURITY INC,,6002 GAREAU DR,,NORTH OLMSTED,OH,44070-4163,(440)779-8587,53.18.1498,Fire Protection Organization - Company,11/17/1997,07/01/2027,Active,ACTIVE,,,,,,
GREAT LAKES CONSTRUCTION CO,2608 GREAT LAKES WAY,,,HINCKLEY,OH,44233-9590,(330) 220-3900,53.18.1509,Fire Protection Organization - Company,06/12/1998,07/01/2027,Active,ACTIVE,,,,,,
OHIO TURNPIKE COMMISSION,,682 PROSPECT ST,,BEREA,OH,44017-2711,(440)234-2081,53.18.1516,Fire Protection Organization - Company,08/19/1998,07/01/2027,Active,ACTIVE,,,,,,
TRADESMEN INTERNATIONAL,,9760 SHEPARD RD,,MACEDONIA,OH,44056-1124,(440)349-3432,53.18.1519,Fire Protection Organization - Company,11/06/1998,07/01/2027,Active,ACTIVE,,,,,,
WELDED RING PRODUCTS CO,,2180 W 114TH ST,,CLEVELAND,OH,44102,(216)961-3800,53.18.1520,Fire Protection Organization - Company,11/03/1998,07/01/2027,Active,ACTIVE,,,,,,
SECURE CARE HEALTH SYSTEMS INC,,6968 ENGLE RD,,MIDDLEBURG HGTS,OH,44130,(440)826-0324,53.18.1530,Fire Protection Organization - Company,08/05/1999,07/01/2027,Active,ACTIVE,,,,,,
NORTHEAST OHIO TRENCHING SERVICE,,17900 MILES RD,,WARRENSVILLE HEIGHTS,OH,44128-3400,(216)663-6006,53.18.1532,Fire Protection Organization - Company,08/24/1999,07/01/2027,Active,ACTIVE,,,,,,
DNS TECHNOLOGIES INC,,1090 BEREA INDUSTRIAL PKWY,,BEREA,OH,44017-2947,(440) 891-4350,53.18.1533,Fire Protection Organization - Company,10/13/1999,07/01/2027,Active,ACTIVE,,,,,,
HARSTONE ELECTRICAL SERVICES,,9403 HAMILTON DR,,MENTOR,OH,44060-8709,(216)341-5505,53.18.1552,Fire Protection Organization - Company,02/22/2001,07/01/2027,Active,ACTIVE,,,,,,
PEROVSEK ENGINEERING INC,,21850 ST CLAIR AVE,,EUCLID,OH,44117,(216)531-4748,53.18.1559,Fire Protection Organization - Company,05/31/2001,07/01/2027,Active,ACTIVE,,,,,,
HORIZON ELECTRIC INC,,15100 ARDEN AVE,,LAKEWOOD,OH,44107,(216)221-6637,53.18.1561,Fire Protection Organization - Company,06/05/2001,07/01/2027,Active,ACTIVE,,,,,,
WINGATE  CONSTRUCTION INC,,PO BOX 361445,,STRONGSVILLE,OH,44136,(440)452-5068,53.18.1564,Fire Protection Organization - Company,09/13/2001,07/01/2026,Active,ACTIVE,,,,,,
NERONE & SONS INC,,19501 S MILES RD STE 1,,WARRENSVILLE HEIGHTS,OH,44128-4261,(216)662-2235,53.18.1572,Fire Protection Organization - Company,08/06/2002,07/01/2027,Active,ACTIVE,,,,,,
DIGIOIA-SUBURBAN EXCAVATING LLC,,11293 ROYALTON RD,,NORTH ROYALTON,OH,44133-4409,(440)237-1978,53.18.1581,Fire Protection Organization - Company,08/29/2003,07/01/2027,Active,ACTIVE,,,,,,
JSS ELECTRIC INC,,19250 CRANWOOD PKWY,,CLEVELAND,OH,44128-4043,(216)581-7434,53.18.1584,Fire Protection Organization - Company,04/30/2004,07/01/2027,Active,ACTIVE,,,,,,
ALL TECH LLC,,728 W BAGLEY RD UNIT 2,,BEREA,OH,44017-2900,(440) 625-6001,53.18.1588,Fire Protection Organization - Company,08/12/2004,07/01/2027,Active,ACTIVE,,,,,,
CARRON ASPHALT PAVING INC,,7615 BOND ST,,SOLON,OH,44139,(440)439-6464,53.18.1593,Fire Protection Organization - Company,11/22/2004,07/01/2027,Active,ACTIVE,,,,,,
SC FIRE PROTECTION LLC,,8531 FREEWAY DR,,MACEDONIA,OH,44056-1534,(330)468-3300,53.18.1600,Fire Protection Organization - Company,11/18/2005,07/01/2027,Active,ACTIVE,,,,,,
LIFE SAFETY SYSTEMS LLC,,PO BOX 64,,HINCKLEY,OH,44233-0064,(216)391-4840,53.18.1604,Fire Protection Organization - Company,03/07/2006,07/01/2027,Active,ACTIVE,,,,,,
LAKELAND ELECTRIC INC,,5350 GRANT AVE,,CLEVELAND,OH,44125-1036,(216)398-7866,53.18.1610,Fire Protection Organization - Company,12/06/2006,07/01/2027,Active,ACTIVE,,,,,,
PRECISION ENVIRONMENTAL,,5500 OLD BRECKSVILLE RD,,INDEPENDENCE,OH,44131-1508,(216)642-6040,53.18.1613,Fire Protection Organization - Company,01/18/2007,07/01/2027,Active,ACTIVE,,,,,,
FIVE STAR MECHANICAL LLC,,4727 HAMILTON AVE,,CLEVELAND,OH,44114-3856,(216)662-0400,53.18.1619,Fire Protection Organization - Company,05/02/2007,07/01/2027,Active,ACTIVE,,,,,,
CROMWELL MECHANICAL LLC,,3405 PERKINS AVE,,CLEVELAND,OH,44114-4612,(216)373-7378,53.18.1620,Fire Protection Organization - Company,07/06/2007,07/01/2027,Active,ACTIVE,,,,,,
HONEYWELL INTERNATIONAL INC,ATTN: BUSINESS LICENSE ADMINISTRATOR,222 S WESTMONTE DR STE 200,,ALTAMONTE SPRINGS,FL,32714-4268,866-333-6851,53.18.1622,Fire Protection Organization - Company,05/09/2007,07/01/2027,Active,ACTIVE,,,,,,
R M RIGGLE ENTERPRISES INC,,879 W BAGLEY RD,,BEREA,OH,44017-2903,(4402340700,53.18.1623,Fire Protection Organization - Company,09/14/2007,07/01/2027,Active,ACTIVE,,,,,,
G & B ELECTRIC CO,,10343 BRECKSVILLE RD,,BRECKSVILLE,OH,44141-3335,(440)838-0880,53.18.1624,Fire Protection Organization - Company,09/14/2007,07/01/2027,Active,ACTIVE,,,,,,
WAIN SECURITY INC,,8803 BRECKSVILLE RD,,BRECKSVILLE,OH,44141-1932,(216)475-6565,53.18.1625,Fire Protection Organization - Company,09/20/2007,07/01/2027,Active,ACTIVE,,,,,,
C & J CONTRACTORS INC,,866 ADDISON RD,,CLEVELAND,OH,44103-1608,(216)391-5700,53.18.1626,Fire Protection Organization - Company,01/24/2008,07/01/2027,Active,ACTIVE,,,,,,
NORTH ELECTRIC INC,,PO BOX 35577,,CLEVELAND,OH,44135-0577,(216) 331-4141,53.18.1628,Fire Protection Organization - Company,03/20/2008,07/01/2027,Active,ACTIVE,,,,,,
IIT INC,,PO BOX 46022,,BEDFORD,OH,44146-0022,,53.18.1629,Fire Protection Organization - Company,04/09/2008,07/01/2027,Active,ACTIVE,,,,,,
MSU INC MARKS ELECTRIC,,17875 STERLING GLEN LN,,CHAGRIN FALLS,OH,44023-2463,(440) 232-1177,53.18.1637,Fire Protection Organization - Company,01/12/2009,07/01/2027,Active,ACTIVE,,,,,,
MATTLIN CUSTOM SYSTEMS INC,,7321 SHELFORD DR,,SOLON,OH,44139-7029,(440)543-5566,53.18.1638,Fire Protection Organization - Company,01/20/2009,07/01/2027,Active,ACTIVE,,,,,,
SIGNATURE ELECTRIC INC,,3494 W 25TH ST,,CLEVELAND,OH,44109-1963,(216)485-8710,53.18.1639,Fire Protection Organization - Company,01/26/2009,07/01/2027,Active,ACTIVE,,,,,,
FIRE EXTINGUISHER SERV & SALES,,DBA ABLE FIRE SAFETY,4420 SUPERIOR AVE,CLEVELAND,OH,44103,(216)361-5566,53.18.1640,Fire Protection Organization - Company,03/18/2009,07/01/2027,Active,ACTIVE,,,,,,
IMPERIAL HEATING & COOLING,,7850 HUB PKWY,,CLEVELAND,OH,44125-5711,(440)498-1788,53.18.1643,Fire Protection Organization - Company,06/09/2009,07/01/2027,Active,ACTIVE,,,,,,
IMPERIAL MECHANICAL,,7850 HUB PKWY,,VALLEY VIEW,OH,44125-5711,(440)498-1788,53.18.1645,Fire Protection Organization - Company,06/09/2009,07/01/2027,Active,ACTIVE,,,,,,
D&D LOCK SERVICE,,7710 RAGALL PKWY,,MIDDLEBURG HTS,OH,44130,(216)299-7358,53.18.1646,Fire Protection Organization - Company,07/16/2009,07/01/2027,Active,ACTIVE,,,,,,
ELLIS BROTHERS ELECTRIC LTD,,5982 W 54TH ST,,PARMA,OH,44129,(216)269-6693,53.18.1647,Fire Protection Organization - Company,08/19/2009,07/01/2027,Active,ACTIVE,,,,,,
PRECISION KLEEN INC,,27101 TUNGSTEN RD,,EUCLID,OH,44132-2940,(216)531-2426,53.18.1649,Fire Protection Organization - Company,11/30/2009,07/01/2027,Active,ACTIVE,,,,,,
RJ MARTIN NATIONAL CONTRACTING LLC,,22841 AURORA RD,,BEDFORD HTS,OH,44146-1244,(216)662-7100,53.18.1650,Fire Protection Organization - Company,01/26/2010,07/01/2027,Active,ACTIVE,,,,,,
DIAL ELECTRIC LTD,,30685 SOLON INDUSTRIAL PKWY E,,SOLON,OH,44139,(440)914-4200,53.18.1657,Fire Protection Organization - Company,01/06/2011,07/01/2027,Active,ACTIVE,,,,,,
PRECISION ENGINEERING & CONT,,31340 SOLON ROAD,STE 25 & 26,SOLON,OH,44139,(440)349-1204,53.18.1658,Fire Protection Organization - Company,01/10/2011,07/01/2027,Active,ACTIVE,,,,,,
INTELLINET SYSTEMS LLC,,19885 DETROIT RD # 255,,ROCKY RIVER,OH,44116-1815,(440)368-4208,53.18.1660,Fire Protection Organization - Company,02/22/2011,07/01/2027,Active,ACTIVE,,,,,,
TRI COUNTY ELECTRIC SERVICE INC,,4900 NEO PKWY,,GARFIELD HEIGHTS,OH,44128-3104,(440)542-0735,53.18.1662,Fire Protection Organization - Company,05/24/2011,07/01/2027,Active,ACTIVE,,,,,,
LEGACY ELECTRIC LLC,,7105 KRICK RD,,WALTON HILLS,OH,44146-4417,(440)359-5532,53.18.1663,Fire Protection Organization - Company,07/25/2011,07/01/2027,Active,ACTIVE,,,,,,
ECLIPSE CO LLC,,11554  E WASHINGTON ST,,CHAGRIN FALLS,OH,44023-9213,(440) 543-3494,53.18.1665,Fire Protection Organization - Company,11/10/2011,07/01/2027,Active,ACTIVE,,,,,,
CHIEFTAIN TRUCKING & EXCAVATING,,3926 VALLEY RD SUITE 300,,CLEVELAND,OH,44142,(216)485-8034,53.18.1666,Fire Protection Organization - Company,12/13/2011,07/01/2027,Active,ACTIVE,,,,,,
SPARTAN ELECTRICAL INC,,36250 LAKELAND BLVD UNIT 6,,EASTLAKE,OH,44095-5301,(216)337-8085,53.18.1669,Fire Protection Organization - Company,03/06/2012,07/01/2027,Active,ACTIVE,,,,,,
COX ADVANCED SERVICES OHIO LLC,,12221 PLAZA DR,,PARMA,OH,44130-1059,,53.18.1671,Fire Protection Organization - Company,07/05/2012,07/01/2027,Active,ACTIVE,,,,,,
SCHARTON ELECTRIC COMPANY INC,,28730 CANNON ROAD,,SOLON,OH,44139,(440)248-3300,53.18.1673,Fire Protection Organization - Company,08/23/2012,07/01/2027,Active,ACTIVE,,,,,,
NATIONAL SECURITY SERVICES INC,,4089 W 50TH ST,,CLEVELAND,OH,44144-1803,(440)336-1973,53.18.1674,Fire Protection Organization - Company,02/13/2013,07/01/2027,Active,ACTIVE,,,,,,
MUI CONSTRUCTION LLC,,12351 PROSPECT ROAD,,STRONGSVILLE,OH,44149,(440)238-1162,53.18.1675,Fire Protection Organization - Company,02/20/2013,07/01/2027,Active,ACTIVE,,,,,,
TRIPLE A ELECTRIC & SMART WIRE INC,,30815 SOLON RD UNIT 1,,SOLON,OH,44139-3423,(440)248-6969,53.18.1676,Fire Protection Organization - Company,03/29/2013,07/01/2027,Active,ACTIVE,,,,,,
CCM ELECTRIC INC,,30175 LORAIN RD,,NORTH OLMSTED,OH,44070-3923,(216)905-1838,53.18.1677,Fire Protection Organization - Company,05/21/2013,07/01/2027,Active,ACTIVE,,,,,,
INDUSTRIAL FIRST INC,,25840 MILES RD,,BEDFORD,OH,44146-1425,(216) 991-8600,53.18.5040,Fire Protection Organization - Company,02/18/2015,07/01/2027,Active,ACTIVE,,,,,,
ALL WEATHER HEATING & COOLING,,30641 CENTER RIDGE RD,,WESTLAKE,OH,44145-5138,(440) 899-9755,53.18.5043,Fire Protection Organization - Company,07/21/2015,07/01/2027,Active,ACTIVE,,,,,,
TECHNOLOGY INSTALL PARTNERS,,13701 ENTERPRISE AVE,,CLEVELAND,OH,44135-5113,216-325-1006,53.18.5047,Fire Protection Organization - Company,09/30/2015,07/01/2027,Active,ACTIVE,,,,,,
IRIZAR ELECTRIC LLC,,239 OLD BROOKPARK RD STE C,,CLEVELAND,OH,44109-5801,(216) 459-9030,53.18.5048,Fire Protection Organization - Company,11/02/2015,07/01/2027,Active,ACTIVE,,,,,,
UNITED FIRE PROTECTION COMPANY,,2226 WOOSTER RD,,ROCKY RIVER,OH,44116-2749,(440) 356-0718,53.18.5050,Fire Protection Organization - Company,02/04/2016,07/01/2027,Active,ACTIVE,,,,,,
AMERICAN SAFE & VAULT SERVICE LLC,,25935 DETROIT RD # 204,,WESTLAKE,OH,44145-2452,(440) 779-6066,53.18.5052,Fire Protection Organization - Company,02/09/2016,07/01/2027,Active,ACTIVE,,,,,,
RGT SERVICES DBA TEH FOWLER COMPANY,,26185 BROADWAY AVE,,BEDFORD,OH,44146-6512,(440) 786-9777,53.18.5055,Fire Protection Organization - Company,05/16/2016,07/01/2027,Active,ACTIVE,,,,,,
OCTAVIAN R PANDREA DBA REDSHIFT TECHNOLOGY,,7620 ISAAC DR,,CLEVELAND,OH,44130-6223,(888) 604-7367,53.18.5057,Fire Protection Organization - Company,06/06/2016,07/01/2027,Active,ACTIVE,,,,,,
CITI ELECTRIC,,12815 ELMWOOD AVE,,CLEVELAND,OH,44111-5913,(216) 688-2484,53.18.5058,Fire Protection Organization - Company,08/26/2016,07/01/2027,Active,ACTIVE,,,,,,
R J PLATTEN CONTRACTING COMPANY,,14490 YORK RD,,NORTH ROYALTON,OH,44133-4502,(440) 237-8070,53.18.5059,Fire Protection Organization - Company,03/14/2017,07/01/2027,Active,ACTIVE,,,,,,
ALTERNALITE ELECTRIC INC,,4171 LINDEN CIR,,NORTH OLMSTED,OH,44070-2981,(440) 777-7800,53.18.5060,Fire Protection Organization - Company,04/04/2017,07/01/2027,Active,ACTIVE,,,,,,
SMYLIE ONE HEATING & COOLING INC,,5108 RICHMOND RD,,BEDFORD HEIGHTS,OH,44146-1331,(440) 449-4328,53.18.5062,Fire Protection Organization - Company,08/03/2017,07/01/2027,Active,ACTIVE,,,,,,
PROSPECT ELECTRIC LLC,,45 W PROSPECT AVE STE 910 GH,,CLEVELAND,OH,44115-1039,(216) 621-6848,53.18.5063,Fire Protection Organization - Company,09/01/2017,07/01/2027,Active,ACTIVE,,,,,,
SAFENET PHASE III LLC,,6351 W 29TH ST,,CLEVELAND,OH,44134-4257,(440) 252-9006,53.18.5064,Fire Protection Organization - Company,09/28/2017,07/01/2027,Active,ACTIVE,,,,,,
BIG CREEK PLUMBING,,6709 PEARL RD,,PARMA HEIGHTS,OH,44130-3804,(440) 743-7032,53.18.5065,Fire Protection Organization - Company,10/31/2017,07/01/2027,Active,ACTIVE,,,,,,
ANTHONY ALLEGA CEMENT CONTRACTOR INC,,5146 ALLEGA WAY,,RICHFIELD,OH,44286-9817,(216) 447-0814,53.18.5066,Fire Protection Organization - Company,12/26/2017,07/01/2027,Active,ACTIVE,,,,,,
BUILDING INTEGRATED SERVICES,,7777 FIRST PL,,BEDFORD,OH,44146-6733,(330) 733-9191,53.18.5069,Fire Protection Organization - Company,05/29/2018,07/01/2027,Active,ACTIVE,,,,,,
CENTERLINE PLUMBING CONTRACTORS LLC,,7007 GRANT AVE,,CLEVELAND,OH,44105-5631,(216) 762-1010,53.18.5070,Fire Protection Organization - Company,06/04/2018,07/01/2027,Active,ACTIVE,,,,,,
NOVA ELECTRIC LLC,,17117 HUNTING MEADOWS DR,,STRONGSVILLE,OH,44136-6227,(440) 428-7400,53.18.5073,Fire Protection Organization - Company,10/15/2018,07/01/2027,Active,ACTIVE,,,,,,
PM ELECTRIC LLC,,8611 PIN OAK DR,,PARMA,OH,44130-7655,(216) 287-6347,53.18.5074,Fire Protection Organization - Company,03/26/2019,07/01/2027,Active,ACTIVE,,,,,,
A BBC CONTRACTING LLC,,9115 RENO AVE,,CLEVELAND,OH,44105-2122,(216) 352-1600,53.18.5075,Fire Protection Organization - Company,04/16/2019,07/01/2027,Active,ACTIVE,,,,,,
NE1 FIRE PROTECTION LLC,,879 W BAGLEY RD,,BEREA,OH,44017-2903,(440) 539-4512,53.18.5076,Fire Protection Organization - Company,06/18/2019,07/01/2027,Active,ACTIVE,,,,,,
ALL SERVICE PLUMBING LLC,,10 CORPORATION CTR DRIVE,,BROADVIEW HEIGHTS,OH,44147-3265,330-321-2886,53.18.5077,Fire Protection Organization - Company,10/01/2019,07/01/2027,Active,ACTIVE,,,,,,
CABLING CONCEPTS INC,,18407 DETROIT AVE,,LAKEWOOD,OH,44107-3312,(216) 226-9203,53.18.5078,Fire Protection Organization - Company,10/23/2019,07/01/2027,Active,ACTIVE,,,,,,
LAKE ERIE MECHANICAL,,7626 STATE RD,,PARMA,OH,44134-6169,(216) 225-8864,53.18.5079,Fire Protection Organization - Company,10/30/2019,07/01/2027,Active,ACTIVE,,,,,,
HARB SECURITY SYSTEMS LLC,,5211 BROOKPARK RD,,CLEVELAND,OH,44134-1045,(440) 783-0216,53.18.5081,Fire Protection Organization - Company,03/18/2020,07/01/2027,Active,ACTIVE,,,,,,
SYSTEMS OHIO INC,,2218 CEDARVIEW DR,,BEACHWOOD,OH,44122-1222,(216) 825-2300,53.18.5082,Fire Protection Organization - Company,04/20/2020,07/01/2027,Active,ACTIVE,,,,,,
US COMMUNICATIONS & ELECTRIC INC,,4933 NEO PKWY,,CLEVELAND,OH,44128-3103,(216) 478-0810,53.18.5083,Fire Protection Organization - Company,06/10/2020,07/01/2027,Active,ACTIVE,,,,,,
MMI SYSTEMS LLC DBA SECURITY ZONE,,400 WYLESWOOD DR,,BEREA,OH,44017-2441,(440)292-5503,53.18.5084,Fire Protection Organization - Company,07/08/2020,07/01/2027,Active,ACTIVE,,,,,,
OHM ELECTRIC INC,,23400 AURORA RD STE 6,,BEDFORD,OH,44146-1738,(440) 232-0708,53.18.5086,Fire Protection Organization - Company,07/08/2020,07/01/2027,Active,ACTIVE,,,,,,
DOUBLE ENTERPRISES LTD,,9591 YORK ALPHA DR,,NORTH ROYALTON,OH,44133-3515,(440) 230-9000,53.18.5091,Fire Protection Organization - Company,12/15/2020,07/01/2027,Active,ACTIVE,,,,,,
MRN LIMITED PARTNERSHIP,,PO BOX 14100,,CLEVELAND,OH,44114-0100,(216) 696-6611,53.18.5093,Fire Protection Organization - Company,10/06/2021,07/01/2027,Active,ACTIVE,,,,,,
GARDINER FIRE & SECURITY LLC,,31200 BAINBRIDGE RD,,SOLON,OH,44139-2297,(440) 248-3400,53.18.5094,Fire Protection Organization - Company,01/24/2022,07/01/2027,Active,ACTIVE,,,,,,
ADVANCED SECURITY OF OHIO,,23000 MASTICK RD,,NORTH OLMSTED,OH,44070-3882,(440) 237-7601,53.18.5095,Fire Protection Organization - Company,02/23/2022,07/01/2027,Active,ACTIVE,,,,,,
CBG MIDWEST LLC DBA BASS SECURITY SERVICES,,26701 RICHMOND RD,,BEDFORD,OH,44146-1449,(216) 755-1200,53.18.5096,Fire Protection Organization - Company,02/28/2022,07/01/2027,Active,ACTIVE,,,,,,
VETERANS ELECTRICAL GROUP LLC,,8100 GRAND AVE STE 700,,CLEVELAND,OH,44104-3168,(216) 201-0239,53.18.5099,Fire Protection Organization - Company,07/03/2023,07/01/2027,Active,ACTIVE,,,,,,
SUMMIT FIRE & SECURITY LLC,,1250 NORTHLAND DR STE 200,,MENDOTA HEIGHTS,MN,55120-1174,,53.18.5101,Fire Protection Organization - Company,10/21/2022,07/01/2027,Active,ACTIVE,,,,,,
ICU SECURITY SOLUTIONS INC,,173 SANDSTONE RIDGE WAY,,BEREA,OH,44017-1082,(440) 554-9895,53.18.5102,Fire Protection Organization - Company,10/25/2022,07/01/2027,Active,ACTIVE,,,,,,
GDK CONSULTANTS LLC,,347 SPYGLASS DR,,FAIRLAWN,OH,44333-9211,(440) 725-9602,53.18.5103,Fire Protection Organization - Company,11/15/2022,07/01/2027,Active,ACTIVE,,,,,,
CVELBAR ELECTRIC LLC,,9132 MEADOW LN,,BRECKSVILLE,OH,44141-1643,(440) 539-8354,53.18.5106,Fire Protection Organization - Company,02/08/2023,07/01/2027,Active,ACTIVE,,,,,,
BM SPRINKLER HOLDINGS LLC,,4250 W 130TH ST,,CLEVELAND,OH,44135-4870,(216) 476-2500,53.18.5108,Fire Protection Organization - Company,10/03/2023,07/01/2027,Active,ACTIVE,,,,,,
REGAL FIRE PROTECTION LLC,,3500 PROSPECT AVE E,,CLEVELAND,OH,44115,(440) 462-8683,53.18.5109,Fire Protection Organization - Company,12/14/2023,07/01/2027,Active,ACTIVE,,,,,,
K & B ELECTRICAL SOLUTIONS LLC,,19934 W KERRY PL,,STRONGSVILLE,OH,44149-0917,(440) 829-5562,53.18.5110,Fire Protection Organization - Company,01/29/2024,07/01/2027,Active,ACTIVE,,,,,,
CUSTOM MEDIA SYSTEMS DBA WELLMAN & GRIFFITH,,22775 LORAIN RD,,CLEVELAND,OH,44126-2222,(440) 734-2322,53.18.5111,Fire Protection Organization - Company,02/09/2024,07/01/2027,Active,ACTIVE,,,,,,
ASHE FIRE PROTECTION LLC,,7779 COACHMAN CT,,BRECKSVILLE,OH,44141-1015,(440) 665-7732,53.18.5112,Fire Protection Organization - Company,04/02/2024,07/01/2027,Active,ACTIVE,,,,,,
JOHNSON CONTROLS INC,,6650 W SNOWVILLE RD STE M,,BRECKSVILLE,OH,44141-4301,(216) 518-5903,53.18.5113,Fire Protection Organization - Company,06/28/2024,07/01/2027,Active,ACTIVE,,,,,,
CLAIM THE VICTORY,,9115 VALLEY VIEW RD,,MACEDONIA,OH,44056-2012,(330)329-4261,53.18.5116,Fire Protection Organization - Company,03/18/2025,07/01/2027,Active,ACTIVE,,,,,,
TECH TWIST SOLUTIONS LLC,,29271 LORAIN RD,,NORTH OLMSTED,OH,44070-3904,(216) 333-8000,53.18.5117,Fire Protection Organization - Company,03/27/2025,07/01/2027,Active,ACTIVE,,,,,,
AMERICAN RESIDENTIAL SERVICES LLC DBA ARS PLUMBING & RESCUE,,4505 INDUSTRIAL PKWY,,CLEVELAND,OH,44135-4541,(216) 749-4600,53.18.5118,Fire Protection Organization - Company,03/31/2025,07/01/2027,Active,ACTIVE,,,,,,
SHKAYEV INSTALLATION LLC,,3237 E MONMOUTH RD,,CLEVELAND HEIGHTS,OH,44118-4237,(440) 749-9012,53.18.5121,Fire Protection Organization - Company,07/22/2025,07/01/2027,Active,ACTIVE,,,,,,
JDW SERVICES LLC,,3969 W 165TH ST,,CLEVELAND,OH,44111-4238,(440) 207-0977,53.18.5122,Fire Protection Organization - Company,08/20/2025,07/01/2027,Active,ACTIVE,,,,,,
360 HEATING AND COOLING LLC,,10321 JASPER RD,,CLEVELAND,OH,44111-3833,(330) 883-2713,53.18.5124,Fire Protection Organization - Company,02/11/2026,07/01/2027,Active,ACTIVE,,,,,,
RTD ELECTRICAL SOLUTIONS LLC,,25975 EMERY RD,,CLEVELAND,OH,44128-5726,(216) 336-7721,53.18.5125,Fire Protection Organization - Company,03/12/2026,07/01/2027,Active,ACTIVE,,,,,,
HIVE SYSTEMS INC,,4441 MICHAEL AVE,,NORTH OLMSTED,OH,44070-2916,(216) 548-5676,53.18.5126,Fire Protection Organization - Company,06/30/2026,07/01/2027,Active,ACTIVE,,,,,,
BREAKWATER PLUMBING LLC,,7810 PLANTATION DR,,BRECKSVILLE,OH,44141-1068,(440) 665-0225,53.18.5127,Fire Protection Organization - Company,07/08/2026,07/01/2027,Active,ACTIVE,,,,,,
BLACK DOG BUILDERS LLC,,PO BOX 19203,,CLEVELAND,OH,44119-0203,(440) 341-7892,53.18.5128,Fire Protection Organization - Company,08/06/2026,07/01/2027,Active,ACTIVE,,,,,,
CORSILLO PLUMBING & SEWER CLEANING CO,,23850 SAINT CLAIR AVE,,EUCLID,OH,44117-2518,(440) 461-2200,53.18.5129,Fire Protection Organization - Company,08/18/2026,07/01/2027,Active,ACTIVE,,,,,,
BUDS ELECTRIC INC,,3548 STATE ROUTE 49,,ARCANUM,OH,45304-9731,(937)692-8096,53.19.1008,Fire Protection Organization - Company,07/09/1993,07/01/2027,Active,ACTIVE,,,,,,
3-WAY ELECTRIC INC,,710 HIDDESON AVE,PO BOX 171,GREENVILLE,OH,45331,(937)548-8843,53.19.1011,Fire Protection Organization - Company,07/21/1995,07/01/2027,Active,ACTIVE,,,,,,
LIGHTNING ELECTRIC INC,,3992 GETTYSBURG PITSBURG RD,,ARCANUM,OH,45304-9725,(937)316-8035,53.19.1016,Fire Protection Organization - Company,03/05/2003,07/01/2027,Active,ACTIVE,,,,,,
CALVIN ELECTRIC LLC,,PO BOX 10,,CLAYTON,OH,45315-0010,,53.19.1018,Fire Protection Organization - Company,05/07/2012,07/01/2027,Active,ACTIVE,,,,,,
M & T EXCAVATING,,9565 NEW HARRISON BRADFORD RD,,BRADFORD,OH,45308-9502,(937) 448-2765,53.19.1020,Fire Protection Organization - Company,03/14/2016,07/01/2027,Active,ACTIVE,,,,,,
LK & SONS EXCAVATING LLC,,11334 FENNER RD,,LAURA,OH,45337-8844,(937) 947-1163,53.19.1021,Fire Protection Organization - Company,02/23/2018,07/01/2027,Active,ACTIVE,,,,,,
LUTHMAN ELECTRIC LLC,,10268 CHRISTIAN RD,,VERSAILLES,OH,45380-9580,(937) 423-2841,53.19.1022,Fire Protection Organization - Company,02/05/2019,07/01/2027,Active,ACTIVE,,,,,,
RUHENKAMP ELECTRIC LLC,,PO BOX 68,,NORTH STAR,OH,45350-0068,(937) 467-6937,53.19.1024,Fire Protection Organization - Company,07/28/2021,07/01/2027,Active,ACTIVE,,,,,,
AOK FIRE PROTECTION LLC,,6655 WESTFALL RD,,GREENVILLE,OH,45331-9244,(937) 548-3473,53.19.1025,Fire Protection Organization - Company,04/16/2022,07/01/2027,Active,ACTIVE,,,,,,
MOORE TECH SOLUTIONS LLC,,6311 REQUARTH RD,,GREENVILLE,OH,45331-9216,(937) 459-1230,53.19.1026,Fire Protection Organization - Company,12/19/2022,07/01/2027,Active,ACTIVE,,,,,,
DK SYSTEMS LLC,,1202 PARKWAY DR,,GREENVILLE,OH,45331-2651,(937) 564-3724,53.19.1027,Fire Protection Organization - Company,05/29/2025,07/01/2027,Active,ACTIVE,,,,,,
GREEN ELECTRICAL SERVICES LLC,,1486 STATE ROUTE 49,,ARCANUM,OH,45304-8605,(937) 551-3019,53.19.1028,Fire Protection Organization - Company,07/14/2026,07/01/2027,Active,ACTIVE,,,,,,
STOLLSTEIMER ELECTRIC INC,,19989 SWITZER RD,,DEFIANCE,OH,43512-6716,(419)782-2623,53.20.1009,Fire Protection Organization - Company,08/19/1998,07/01/2027,Active,ACTIVE,,,,,,
HIGHLAND CENTER ELECTRIC,,27622 HOFFMAN RD,,DEFIANCE,OH,43512-8979,(419) 395-2577,53.20.1010,Fire Protection Organization - Company,05/22/2014,07/01/2027,Active,ACTIVE,,,,,,
RENSI DIRT WORKS,,PO BOX 303,,DEFIANCE,OH,43512-0303,(419) 769-4383,53.20.1012,Fire Protection Organization - Company,09/09/2026,07/01/2027,Active,ACTIVE,,,,,,
COUNTRYSIDE ELECTRIC INC,,2920 SWITZER AVE,,COLUMBUS,OH,43219-2372,(614) 478-7960,53.21.0001,Fire Protection Organization - Company,06/24/1991,07/01/2027,Active,ACTIVE,,,,,,
TRUCCO CONSTRUCTION CO INC,,3531 AIRPORT RD,,DELAWARE,OH,43015,(740)417-9010,53.21.0004,Fire Protection Organization - Company,08/05/1992,07/01/2027,Active,ACTIVE,,,,,,
SELLERS ELECTRIC CO INC,,PO BOX 347,,DELAWARE,OH,43015,(740)369-3211,53.21.0008,Fire Protection Organization - Company,07/09/1993,07/01/2027,Active,ACTIVE,,,,,,
OHIO WESLEYAN UNIVERSITY,,61 S SANDUSKY ST,,DELAWARE,OH,43015-2333,(740) 368-3352,53.21.0012,Fire Protection Organization - Company,09/05/1996,07/01/2027,Active,ACTIVE,,,,,,
UNION ELECTRIC & COMMUNICATIONS LLC,,259 VERNON AVE,,DELAWARE,OH,43015-2037,(740)362-4447,53.21.0018,Fire Protection Organization - Company,08/25/2000,07/01/2027,Active,ACTIVE,,,,,,
IRONSITE INC,,PO BOX 304,DBA FACEMYER COMPANY,SUNBURY,OH,43074-0304,(740)965-4616,53.21.0020,Fire Protection Organization - Company,07/09/2004,07/01/2027,Active,ACTIVE,,,,,,
INDCO ELECTRICAL CONTRACTORS,,130 STELZER COURT,STE A,SUNBURY,OH,43074,(740)965-9212,53.21.0028,Fire Protection Organization - Company,07/03/2008,07/01/2027,Active,ACTIVE,,,,,,
PROELITE SECURITY SYSTEMS LLC,,3139 RYAN MEADOW PL,,GALENA,OH,43021,(614)203-1111,53.21.0032,Fire Protection Organization - Company,04/15/2011,07/01/2027,Active,ACTIVE,,,,,,
EATON PLUMBING INC,,5600 E WALNUT ST,,WESTERVILLE,OH,43081-8229,(614)891-7005,53.21.1004,Fire Protection Organization - Company,07/16/1991,07/01/2027,Active,ACTIVE,,,,,,
EMERGENCY PLUMBING HEATING AND AIR,,PO BOX 91,,DELAWARE,OH,43015-0091,,53.21.1009,Fire Protection Organization - Company,02/20/2014,07/01/2027,Active,ACTIVE,,,,,,
S&S MIDWEST FIRE PROTECTION LLC,,PO BOX 294,,LEWIS CENTER,OH,43035-0294,(614) 396-8631,53.21.1012,Fire Protection Organization - Company,02/23/2015,07/01/2027,Active,ACTIVE,,,,,,
JCORR LLC DBA JCORR MECHANICAL,,9002 COTTER ST,,LEWIS CENTER,OH,43035-7101,(614) 880-4111,53.21.1015,Fire Protection Organization - Company,06/02/2017,07/01/2027,Active,ACTIVE,,,,,,
COMMUNICATION COMPANY OF OHIO,,5320 S MAIN ST,,SOUTH BEND,IN,46614-5285,,53.21.1016,Fire Protection Organization - Company,06/03/2019,07/01/2027,Active,ACTIVE,,,,,,
COLUMBUS BACKFLOW TESTING CO & FIRE,,1491 POLARIS PKWY STE 177,,COLUMBUS,OH,43240-2041,(614) 654-3569,53.21.1017,Fire Protection Organization - Company,03/05/2020,07/01/2027,Active,ACTIVE,,,,,,
OUTLAW FIRE PROTECTION LLC,,3073 CLARK SHAW RD,,POWELL,OH,43065-9716,(614) 314-6704,53.21.1020,Fire Protection Organization - Company,11/15/2021,07/01/2027,Active,ACTIVE,,,,,,
NORDCO ELECTRIC LLC,,4730 PITTMAN RD,,DELAWARE,OH,43015-9048,(740) 815-8573,53.21.1022,Fire Protection Organization - Company,02/17/2023,07/01/2027,Active,ACTIVE,,,,,,
OHIO BACKFLOW & FIRE,,9271 WINDY CREEK DR,,COLUMBUS,OH,43240-6013,(419) 545-1060,53.21.1023,Fire Protection Organization - Company,05/30/2023,07/01/2027,Active,ACTIVE,,,,,,
HARRIS ELECTRICAL SERVICES INC,,12744 FANCHER RD,,WESTERVILLE,OH,43082-9508,(614) 554-8744,53.21.1024,Fire Protection Organization - Company,08/28/2023,07/01/2027,Active,ACTIVE,,,,,,
BENSEN FIRE & SAFETY CONSULTING LTD,,8350 US HIGHWAY 23 N,,DELAWARE,OH,43015-9784,(740) 726-2000,53.21.1025,Fire Protection Organization - Company,04/10/2025,07/01/2027,Active,ACTIVE,,,,,,
EPRO FIRE SERVICES LLC,,1491 POLARIS PKWY # 217,,COLUMBUS,OH,43240-2041,(614) 212-7739,53.21.1026,Fire Protection Organization - Company,12/15/2025,07/01/2027,Active,ACTIVE,,,,,,
RDL BACKFLOW & FIRE LLC,,27 LANDRUM AVE,,CENTERBURG,OH,43011-8023,(419) 566-4463,53.21.1027,Fire Protection Organization - Company,02/05/2026,07/01/2027,Active,ACTIVE,,,,,,
FIRELANDS ELECTRIC INC,,2721 COLUMBUS AVE,,SANDUSKY,OH,44870,(419)626-4908,53.22.1007,Fire Protection Organization - Company,06/28/1991,07/01/2027,Active,ACTIVE,,,,,,
BRADY SIGN COMPANY,,1721 HANCOCK ST,,SANDUSKY,OH,44870-4121,(419)626-5112,53.22.1008,Fire Protection Organization - Company,06/27/1991,07/01/2027,Active,ACTIVE,,,,,,
GILBERT HEATING & AIR COND INC,,2121 CLEVELAND RD,,SANDUSKY,OH,44870-4412,(419)625-8875,53.22.1014,Fire Protection Organization - Company,06/14/1991,07/01/2027,Active,ACTIVE,,,,,,
SAFE HARBOR SECURITY & FIRE LLC,,3812 LIBERTY AVE,,VERMILION,OH,44089-2334,(440)967-5135,53.22.1021,Fire Protection Organization - Company,06/27/1991,07/01/2027,Active,ACTIVE,,,,,,
STEVENS ENGINEERS & CONST,,7850 FREEWAY CIR STE 100,,MIDDLEBURG HEIGHTS,OH,44130-6317,(440)234-7888,53.22.1023,Fire Protection Organization - Company,07/16/1991,07/01/2027,Active,ACTIVE,,,,,,
SATTELIGHT ELECTRIC INC,,PO BOX 197,,VERMILION,OH,44089-0197,(440) 967-1444,53.22.1029,Fire Protection Organization - Company,10/19/1994,07/01/2027,Active,ACTIVE,,,,,,
PALAZZO BROTHERS ELECTRIC INC,,2811 STATE ROUTE 18,,NORWALK,OH,44857-8829,(419)668-1100,53.22.1030,Fire Protection Organization - Company,12/06/1994,07/01/2027,Active,ACTIVE,,,,,,
ALL PHASE POWER AND LIGHTING,,2122 CAMPBELL ST,PO BOX 2515,SANDUSKY,OH,44870-4816,(419)626-8140,53.22.1032,Fire Protection Organization - Company,02/16/1996,07/01/2027,Active,ACTIVE,,,,,,
ALARMING CONCEPTS LTD,,3250 E STATE RD # B2,,PORT CLINTON,OH,43452-2543,(419)359-1852,53.22.1034,Fire Protection Organization - Company,03/20/1996,07/01/2027,Active,ACTIVE,,,,,,
GROSS BROS/DICK WEST PLBG & HTG INC,,1024 DOUGLAS ST,PO BOX 362,VERMILION,OH,44089-1206,(440)967-6121,53.22.1038,Fire Protection Organization - Company,11/06/2000,07/01/2027,Active,ACTIVE,,,,,,
PARKER EXCAVATING INC,,321 INDUSTRIAL PKWY,,SANDUSKY,OH,44870-5883,(419)626-1638,53.22.1039,Fire Protection Organization - Company,03/30/2001,07/01/2027,Active,ACTIVE,,,,,,
GUNDLACH SHEET METAL WORKS INC,,910 COLUMBUS AVE,,SANDUSKY,OH,44870-3553,(419)626-4525,53.22.1045,Fire Protection Organization - Company,02/17/2009,07/01/2027,Active,ACTIVE,,,,,,
CT ELECTRICAL SERVICES LLC,,210 W PERKINS AVE STE 2,,SANDUSKY,OH,44870-9004,(419)202-2434,53.22.1046,Fire Protection Organization - Company,09/02/2011,07/01/2027,Active,ACTIVE,,,,,,
KJC MECHANICAL LLC,,2016 E PERKINS AVE STE B,,SANDUSKY,OH,44870-5129,(419) 366-2312,53.22.1048,Fire Protection Organization - Company,03/16/2020,07/01/2027,Active,ACTIVE,,,,,,
SAFEGUARD FIRE SERVICE LLC,,139 CHAPPEL ST,PO BOX 904,KELLEYS ISLAND,OH,43438,(614) 570-7585,53.22.1049,Fire Protection Organization - Company,06/10/2020,07/01/2027,Active,ACTIVE,,,,,,
OAK ELECTRIC SERVICE INC DBA GREAT LAKES ELECTRIC,,PO BOX 575,7 N MAIN ST,MILAN,OH,44846-0575,(419) 499-4157,53.22.1050,Fire Protection Organization - Company,04/07/2025,07/01/2027,Active,ACTIVE,,,,,,
CLAYPOOL ELECTRIC INC,,1275 LANCASTER KIRKERSVILLE RD NW,,LANCASTER,OH,43130-8969,(740)653-5683,53.23.1002,Fire Protection Organization - Company,07/16/1991,07/01/2027,Active,ACTIVE,,,,,,
SECURE-TEL INC,,221 WHITTIER DR N,,LANCASTER,OH,43130-1439,(740)687-1072,53.23.1014,Fire Protection Organization - Company,07/16/1991,07/01/2027,Active,ACTIVE,,,,,,
PROLINE ELECTRIC INC,,1755 VICTOR RD NW,,LANCASTER,OH,43130-0100,(740)687-4571,53.23.1033,Fire Protection Organization - Company,12/17/1996,07/01/2027,Active,ACTIVE,,,,,,
WELLINGTON POWER CORP,,177 THORN HILL RD,,WARRENDALE,PA,15086-7527,(724) 779-4000,53.23.1035,Fire Protection Organization - Company,08/12/1997,07/01/2027,Active,ACTIVE,,,,,,
SOUTH CENTRAL POWER CO,,720 MILL PARK DR,,LANCASTER,OH,43130-7933,1(800)282-5064,53.23.1036,Fire Protection Organization - Company,05/05/1998,07/01/2027,Active,ACTIVE,,,,,,
FRAZIER ELECTRIC INC,,593 WHILEY RD,,LANCASTER,OH,43130,(740)689-3719,53.23.1042,Fire Protection Organization - Company,05/03/2000,07/01/2027,Active,ACTIVE,,,,,,
AARMSTRONG ELECTRIC OF OHIO LLC,,3983 CARROLL SOUTHERN RD,,CARROLL,OH,43112-9702,(614)778-8652,53.23.1045,Fire Protection Organization - Company,11/14/2001,07/01/2027,Active,ACTIVE,,,,,,
JD PLATINUM ELECTRIC LLC,,5975 COONPATH RD,,CARROLL,OH,43112-9754,(614) 332-0106,53.23.1048,Fire Protection Organization - Company,12/02/2004,07/01/2027,Active,ACTIVE,,,,,,
OHIO SOUND LLC,,12954 STONECREEK DR,,PICKERINGTON,OH,43147-8840,(614)833-2700,53.23.1055,Fire Protection Organization - Company,05/23/2011,07/01/2027,Active,ACTIVE,,,,,,
PROTECTION PLUS,,PO BOX 363,,PICKERINGTON,OH,43147,(614)833-4144,53.23.1058,Fire Protection Organization - Company,10/13/2011,07/01/2027,Active,ACTIVE,,,,,,
THOMPSON EXCAVATION LTD,,6182 WINCHESTER RD,PO BOX 440,CARROLL,OH,43112-9764,(740)756-7256,53.23.1059,Fire Protection Organization - Company,05/07/2012,07/01/2027,Active,ACTIVE,,,,,,
CARD TECHNOLOGIES & SERVICES LLC,,424 S BROAD ST,,LANCASTER,OH,43130-4324,740-215-4704,53.23.1063,Fire Protection Organization - Company,09/30/2015,07/01/2027,Active,ACTIVE,,,,,,
ALLIED DEVELOPMENT GROUP,,4966 CHILLICOTHE LANCASTER RD SW,,LANCASTER,OH,43130-8915,(740) 969-1077,53.23.1065,Fire Protection Organization - Company,03/11/2016,07/01/2027,Active,ACTIVE,,,,,,
RAYCO MECHANICAL INC,,167 PORTER ST,,LANCASTER,OH,43130-4453,(740) 653-5052,53.23.1067,Fire Protection Organization - Company,06/30/2016,07/01/2027,Active,ACTIVE,,,,,,
BEDROCK EARTHWORKS LLC,,2045 CINCINNATI ZANESVILLE RD SW,,LANCASTER,OH,43130-9286,(614) 554-7202,53.23.1068,Fire Protection Organization - Company,03/01/2018,07/01/2027,Active,ACTIVE,,,,,,
SRH SERVICES LLC,,5653 DUNCAN RD SW,,LANCASTER,OH,43130-9214,(740) 808-1673,53.23.1072,Fire Protection Organization - Company,09/24/2020,07/01/2027,Active,ACTIVE,,,,,,
GLASS CITY FIRE PROTECTION LLC,,2658 N COLUMBUS ST STE D,,LANCASTER,OH,43130-8796,(740) 785-9044,53.23.1073,Fire Protection Organization - Company,11/09/2020,07/01/2027,Active,ACTIVE,,,,,,
AXXEL ELECTRIC LLC,,1477 SUGAR GROVE RD SE,,LANCASTER,OH,43130-4863,(740) 438-7472,53.23.1074,Fire Protection Organization - Company,01/13/2021,07/01/2027,Active,ACTIVE,,,,,,
J FOSTER EXCAVATING LLC,,10319 RIDGE RD SW,,AMANDA,OH,43102-9737,(740) 207-5804,53.23.1076,Fire Protection Organization - Company,07/13/2023,07/01/2027,Active,ACTIVE,,,,,,
FAIRFIELD FIRE PROTECTION LLC,,508 W 6TH AVE,,LANCASTER,OH,43130-2449,(740) 974-0363,53.23.1077,Fire Protection Organization - Company,02/06/2024,07/01/2027,Active,ACTIVE,,,,,,
BUCKEYE FIRE AND LIFE SAFETY,,131 ALAMEDA CT,,LANCASTER,OH,43130-2202,(740) 215-6983,53.23.1081,Fire Protection Organization - Company,10/27/2025,07/01/2027,Active,ACTIVE,,,,,,
SAFEWATCH SECURITY LLC,,6958 TENT CHURCH RD NE,,LANCASTER,OH,43130-9390,(740) 503-5362,53.23.1082,Fire Protection Organization - Company,02/24/2026,07/01/2027,Active,ACTIVE,,,,,,
REMINGTON ELECTRIC,,PO BOX 667,,WASHINGTON COURT HOUSE,OH,43160-0667,(740) 463-1108,53.24.1006,Fire Protection Organization - Company,10/16/2017,07/01/2027,Active,ACTIVE,,,,,,
SCIOTO SITE SERVICES LLC,,2077 OLD SPRINGFIELD RD,,NEW HOLLAND,OH,43145-9614,(614) 928-2228,53.24.1009,Fire Protection Organization - Company,12/09/2024,07/01/2027,Active,ACTIVE,,,,,,
SAFEWAY ELECTRIC CO INC,,1973 LOCKBOURNE RD,,COLUMBUS,OH,43207-1460,(614)443-7672,53.25.0013,Fire Protection Organization - Company,06/14/1991,07/01/2027,Active,ACTIVE,,,,,,
BRUCE MERRILEES ELECTRIC LLC,,930 CASS ST,,NEW CASTLE,PA,16101-5241,(724)652-5566,53.25.0025,Fire Protection Organization - Company,07/05/1991,07/01/2027,Active,ACTIVE,,,,,,
CAPITAL FIRE PROTECTION CO,,3360 VALLEYVIEW DR,,COLUMBUS,OH,43204-1296,(614)279-9448,53.25.1002,Fire Protection Organization - Company,05/09/1991,07/01/2027,Active,ACTIVE,,,,,,
JESS HOWARD ELECTRIC CO,,6630 TAYLOR RD,,BLACKLICK,OH,43004-8661,(614)861-1300,53.25.1006,Fire Protection Organization - Company,06/24/1991,07/01/2027,Active,ACTIVE,,,,,,
INDUSTRIAL SALES CO INC,,400 E WILSON BRIDGE RD STE F,,WORTHINGTON,OH,43085-2363,(614)882-1916,53.25.1009,Fire Protection Organization - Company,07/16/1991,07/01/2027,Active,ACTIVE,,,,,,
JULIAN SPEER CO DBA SPEER MECHANICAL,,5255 SINCLAIR RD,,COLUMBUS,OH,43229-5042,(614)261-6331,53.25.1027,Fire Protection Organization - Company,06/10/1991,07/01/2027,Active,ACTIVE,,,,,,
JOHNSON CONTROLS FIRE PROTECTION LP,LICENSING DEPT,PO BOX 3042,,BOCA RATON,FL,33431-0942,,53.25.1041,Fire Protection Organization - Company,07/16/1991,07/01/2027,Active,ACTIVE,,,,,,
ROBERTS SERVICE GROUP INC,,820 N HAGUE AVE,,COLUMBUS,OH,43204,(614)276-0126,53.25.1052,Fire Protection Organization - Company,05/20/1991,07/01/2027,Active,ACTIVE,,,,,,
MID CITY ELECTRIC CO,,937 EASTWIND DR,,WESTERVILLE,OH,43081-3330,(614)221-5153,53.25.1069,Fire Protection Organization - Company,06/10/1991,07/01/2027,Active,ACTIVE,,,,,,
TP MECHANICAL CONTRACTORS,,2130 FRANKLIN RD,,COLUMBUS,OH,43209-2724,(614)253-8556,53.25.1081,Fire Protection Organization - Company,07/05/1991,07/01/2027,Active,ACTIVE,,,,,,
G&M PLUMBING HEATING INC,,2077 JOYCE AVE,,COLUMBUS,OH,43219-1074,(614)263-1851,53.25.1090,Fire Protection Organization - Company,06/27/1991,07/01/2027,Active,ACTIVE,,,,,,
WAIBEL ELECTRIC COMPANY INC,,133 HUMPHRIES DR,,ETNA,OH,43068-6801,(740)964-2956,53.25.1110,Fire Protection Organization - Company,06/27/1991,07/01/2027,Active,ACTIVE,,,,,,
ROEHRENBECK ELECTRIC INC,,2525 ENGLISH RD,,COLUMBUS,OH,43207-2840,(614)443-9709,53.25.1117,Fire Protection Organization - Company,05/20/1991,07/01/2027,Active,ACTIVE,,,,,,
CONVERSE ELECTRIC INC,,655 DEARBORN PARK LN,,WORTHINGTON,OH,43085-5702,(614)871-8700,53.25.1127,Fire Protection Organization - Company,06/27/1991,07/01/2027,Active,ACTIVE,,,,,,
X-F ELECTRICAL CONTRACTORS,,1120 CLAYCRAFT RD,,COLUMBUS,OH,43230-6640,(614)253-7437,53.25.1128,Fire Protection Organization - Company,06/10/1991,07/01/2027,Active,ACTIVE,,,,,,
ROMANOFF ELECTRIC INC,,977 GAHANNA PKWY,,COLUMBUS,OH,43230-6610,(614)755-4500,53.25.1162,Fire Protection Organization - Company,06/27/1991,07/01/2027,Active,ACTIVE,,,,,,
EFFICIENT ELECTRIC CORP,,4800 GROVES RD,,COLUMBUS,OH,43232-4165,(614)552-0200,53.25.1166,Fire Protection Organization - Company,07/16/1991,07/01/2027,Active,ACTIVE,,,,,,
PENN ELECTRIC CO,,2888 JOHNSTOWN RD,,COLUMBUS,OH,43219-1772,(614)475-9694,53.25.1191,Fire Protection Organization - Company,06/27/1991,07/01/2027,Active,ACTIVE,,,,,,
C & J ELECTRIC INC,,13510 STATE ROUTE 29,,ANNA,OH,45302-9654,(937) 394-2300,53.25.1209,Fire Protection Organization - Company,06/05/1996,07/01/2027,Active,ACTIVE,,,,,,
ACCURATE ELECTRIC CONSTRUCTION INC,,8075 HOWE INDUSTRIAL PKWY,,CANAL WINCHESTER,OH,43110-7890,(614)863-1844,53.25.1219,Fire Protection Organization - Company,06/14/1991,07/01/2027,Active,ACTIVE,,,,,,
WIRED TO THE MAX INC,,PO BOX 24803,,COLUMBUS,OH,43224-0803,(614)337-0062,53.25.1238,Fire Protection Organization - Company,06/27/1991,07/01/2027,Active,ACTIVE,,,,,,
HARD FIRE SUPPRESSION SYSTEMS,,400 E WILSON BRIDGE RD STE A,,WORTHINGTON,OH,43085-0006,(614)882-2990,53.25.1241,Fire Protection Organization - Company,07/05/1991,07/01/2027,Active,ACTIVE,,,,,,
ELECTRICAL DESIGN SERVICE,,2892 E 14TH AVE,,COLUMBUS,OH,43219-2302,(614)471-1210,53.25.1244,Fire Protection Organization - Company,07/05/1991,07/01/2027,Active,ACTIVE,,,,,,
TERRA FIRE SUPPRESSION SYSTEMS INC,,2425 FAIRWOOD AVE,,COLUMBUS,OH,43207,,53.25.1269,Fire Protection Organization - Company,06/03/1991,07/01/2027,Active,ACTIVE,,,,,,
KNS SERVICES INC,,8450 RAUSCH DR,,PLAIN CITY,OH,43064-8047,(614)733-3880,53.25.1301,Fire Protection Organization - Company,07/16/1991,07/01/2027,Active,ACTIVE,,,,,,
INNOVATIVE HARDWARE INC/DBA EPS,,8845 BASIL WESTERN RD NW,,CANAL WINCHESTER,OH,43110-9276,(614) 829-5473,53.25.1308,Fire Protection Organization - Company,09/09/1991,07/01/2027,Active,ACTIVE,,,,,,
ELECTRICAL SERVICE PROFESSIONALS,,4110 DEMOREST RD,,GROVE CITY,OH,43123-9549,(614)875-0104,53.25.1317,Fire Protection Organization - Company,01/14/1992,07/01/2027,Active,ACTIVE,,,,,,
TIGER SYSTEMS INC,,963 SCHROCK RD,,COLUMBUS,OH,43229-1133,(614)888-8055,53.25.1336,Fire Protection Organization - Company,07/16/1992,07/01/2027,Active,ACTIVE,,,,,,
SECURITY NETWORK INC,,1324 DUBLIN RD,,COLUMBUS,OH,43215,,53.25.1338,Fire Protection Organization - Company,02/03/1993,07/01/2027,Active,ACTIVE,,,,,,
MJB ELECTRIC SERVICE,,975 EASTWIND DR STE 175,,WESTERVILLE,OH,43081-3398,(614)847-1952,53.25.1351,Fire Protection Organization - Company,12/31/1992,07/01/2027,Active,ACTIVE,,,,,,
ELECTRIC SOLUTIONS INC,,1625 EASTGATE PKWY,,GAHANNA,OH,43230-8601,(614)577-1188,53.25.1356,Fire Protection Organization - Company,05/27/1993,07/01/2027,Active,ACTIVE,,,,,,
DAVE GREGORY ELECTRIC INC,,1080 FRANK RD,,COLUMBUS,OH,43223,(614)272-8989,53.25.1359,Fire Protection Organization - Company,06/30/1993,07/01/2027,Active,ACTIVE,,,,,,
DOUBLE EIGHT FIRE PROTECTION INC,,5930 WILCOX PL STE C,,DUBLIN,OH,43016-6804,(614) 467-9433,53.25.1386,Fire Protection Organization - Company,08/11/1994,07/01/2027,Active,ACTIVE,,,,,,
HI TECH LOCK SAFE SERVICE INC,,1660 FRANCISCO RD,,COLUMBUS,OH,43220,(614)442-0111,53.25.1395,Fire Protection Organization - Company,12/30/1994,07/01/2027,Active,ACTIVE,,,,,,
D & L PLUMBING INC,,4736 E WALNUT ST,,WESTERVILLE,OH,43081-9609,(614)882-8281,53.25.1399,Fire Protection Organization - Company,01/31/1995,07/01/2027,Active,ACTIVE,,,,,,
GEORGE J IGEL CO INC,,3500 ALUM CREEK DR,,COLUMBUS,OH,43207-3423,(614)445-8421,53.25.1401,Fire Protection Organization - Company,02/23/1995,07/01/2027,Active,ACTIVE,,,,,,
BERWICK COMPANIES LLC,,PO BOX 241,,CANAL WINCHESTER,OH,43110,(614)834-2301,53.25.1407,Fire Protection Organization - Company,04/13/1995,07/01/2027,Active,ACTIVE,,,,,,
SETTLE MUTER ELECTIC,,711 CLAYCRAFT RD,,COLUMBUS,OH,43230-6631,(614)866-7554,53.25.1419,Fire Protection Organization - Company,09/21/1995,07/01/2027,Active,ACTIVE,,,,,,
GEOTEX CONSTRUCTION SERVICES INC,,6496 TAYLOR RD SW,,REYNOLDSBURG,OH,43068-9633,(614)444-5690,53.25.1426,Fire Protection Organization - Company,12/19/1995,07/01/2027,Active,ACTIVE,,,,,,
JOHN ERAMO & SONS INC,,3670 LACON ROAD,,HILLIARD,OH,43026,(614)777-0020,53.25.1427,Fire Protection Organization - Company,12/19/1995,07/01/2027,Active,ACTIVE,,,,,,
"NICKOLAS SAVKO & SONS, INC",,4636 SHUSTER RD,,COLUMBUS,OH,43214-1934,(614)451-2242,53.25.1449,Fire Protection Organization - Company,08/27/1997,07/01/2027,Active,ACTIVE,,,,,,
THE WATERWORKS,,550 SCHROCK RD,,COLUMBUS,OH,43229-1062,(614)876-0999,53.25.1450,Fire Protection Organization - Company,08/18/1997,07/01/2027,Active,ACTIVE,,,,,,
SHOWE CONSTRUCTION COMPANY,,45 N 4TH ST,,COLUMBUS,OH,43215-3602,(614)481-8106,53.25.1465,Fire Protection Organization - Company,08/19/1998,07/01/2027,Active,ACTIVE,,,,,,
COMMERCIAL CONTROL SERVICES INC,,1783 KENNY RD,,COLUMBUS,OH,43212-1311,(614)424-9804,53.25.1473,Fire Protection Organization - Company,08/24/1998,07/01/2027,Active,ACTIVE,,,,,,
THE DOOR COMPANY OF OHIO INC,,3247 E 11TH AVE,,COLUMBUS,OH,43219-3735,(614)338-1414,53.25.1477,Fire Protection Organization - Company,09/15/1998,07/01/2027,Active,ACTIVE,,,,,,
DEBRA-KUEMPEL INC DBA DYNALECTRIC OHIO,DBA DYNALECTRIC OHIO,3976 SOUTHERN AVE,,CINCINNATI,OH,45227-3562,(513) 527-8148,53.25.1490,Fire Protection Organization - Company,07/15/1999,07/01/2027,Active,ACTIVE,,,,,,
HOLT MECHANICAL,,137 PATTI DR,,WESTERVILLE,OH,43081-2430,(614)901-8020,53.25.1491,Fire Protection Organization - Company,08/05/1999,07/01/2027,Active,ACTIVE,,,,,,
SHOEMAKER INDUSTRIAL SOLUTIONS,,831 BONHAM AVE,,COLUMBUS,OH,43211,(614)294-5626,53.25.1500,Fire Protection Organization - Company,04/05/2000,07/01/2027,Active,ACTIVE,,,,,,
WW WILLIAMS COMPANY LLC,,3535 PARKWAY LN,ATTN: JOE HERRERA,HILLIARD,OH,43026-1214,(614)527-9400,53.25.1504,Fire Protection Organization - Company,11/06/2000,07/01/2027,Active,ACTIVE,,,,,,
SEALS CONSTRUCTION INC,,10283 BUSEY RD NW,,CANAL WINCHESTER,OH,43110-9629,(614)836-7200,53.25.1524,Fire Protection Organization - Company,05/09/2002,07/01/2027,Active,ACTIVE,,,,,,
FIRE & SAFETY SERVICES LLC,,PO BOX 214,,WESTERVILLE,OH,43086-0214,(614)989-5291,53.25.1552,Fire Protection Organization - Company,01/07/2005,07/01/2027,Active,ACTIVE,,,,,,
GOLDEN RULE SECURITY INC,,PO BOX 20563,,COLUMBUS,OH,43220-0563,,53.25.1553,Fire Protection Organization - Company,02/08/2005,07/01/2027,Active,ACTIVE,,,,,,
COMPETENT ELECTRICAL SERVICES,,PO BOX 535,,WESTERVILLE,OH,43086-0535,(614)726-5046,53.25.1554,Fire Protection Organization - Company,02/18/2005,07/01/2027,Active,ACTIVE,,,,,,
SUPERIOR GROUP,,535 REACH BLVD STE 400,,COLUMBUS,OH,43215-3692,(614)488-8025,53.25.1556,Fire Protection Organization - Company,05/19/2005,07/01/2027,Active,ACTIVE,,,,,,
CAPITAL CITY ELECTRIC INC,,9798 KARMAR CT STE B,,NEW ALBANY,OH,43054,(614)794-8729,53.25.1563,Fire Protection Organization - Company,10/25/2005,07/01/2027,Active,ACTIVE,,,,,,
ALL SECURED SECURITY SERVICE,,343 E BARTHMAN AVE,,COLUMBUS,OH,43207-1919,(614)424-6730,53.25.1566,Fire Protection Organization - Company,01/17/2006,07/01/2027,Active,ACTIVE,,,,,,
CRAWFORD MECHANICAL SERVICES INC,,9464 JERSEY MILL RD NW,,PATASKALA,OH,43062-9749,(614)478-9424,53.25.1569,Fire Protection Organization - Company,02/15/2006,07/01/2027,Active,ACTIVE,,,,,,
GENESIS BUILDING SYSTEMS,,7790 N CENTRAL DR,,LEWIS CENTER,OH,43035-9404,(614)568-7850,53.25.1570,Fire Protection Organization - Company,07/14/2006,07/01/2027,Active,ACTIVE,,,,,,
J & J CLEMENT ELECTRIC CO,,57 PARKVIEW CT,,HOWARD,OH,43028-9427,(740)272-1271,53.25.1571,Fire Protection Organization - Company,07/31/2006,07/01/2027,Active,ACTIVE,,,,,,
MADISON CHRISTIAN CHURCH,,3565 BIXBY RD,,GROVEPORT,OH,43125-9454,(614)491-3232,53.25.1576,Fire Protection Organization - Company,12/07/2006,07/01/2027,Active,ACTIVE,,,,,,
ELECTROCOMM COLUMBUS CORP,,2967 SWITZER AVE,,COLUMBUS,OH,43219,(614)257-0544,53.25.1582,Fire Protection Organization - Company,06/20/2007,07/01/2027,Active,ACTIVE,,,,,,
L & H SAFETY SERVICES LLC,,3782 ANDERSON RD,,BELLVILLE,OH,44813-9406,(614)554-5281,53.25.1602,Fire Protection Organization - Company,12/15/2009,07/01/2027,Active,ACTIVE,,,,,,
STATE SECURITY LLC,,PO BOX 921,,WESTERVILLE,OH,43086-6921,(614)206-6794,53.25.1604,Fire Protection Organization - Company,05/10/2010,07/01/2027,Active,ACTIVE,,,,,,
WINDSOR CONSTRUCTION SERVICES LLC,,PO BOX 417,,POWELL,OH,43065-0417,(614)778-9873,53.25.1607,Fire Protection Organization - Company,07/21/2010,07/01/2027,Active,ACTIVE,,,,,,
ODYSSEY ELECTRONICS LLC,,5167 WAGON WHEEL LANE,,GAHANNA,OH,43230,(614)478-4105,53.25.1608,Fire Protection Organization - Company,08/06/2010,07/01/2027,Active,ACTIVE,,,,,,
API SECURITY SERVICES & INVESTIGATI,,867 HIGH ST STE D,,WORTHINGTON,OH,43085-4154,(614)310-1980,53.25.1609,Fire Protection Organization - Company,10/08/2010,07/01/2027,Active,ACTIVE,,,,,,
B2 ELECTRICAL & ENERGY CONTRACTORS,,19596 HILL RD,,CIRCLEVILLE,OH,43113-9630,(614)584-3390,53.25.1610,Fire Protection Organization - Company,11/05/2010,07/01/2027,Active,ACTIVE,,,,,,
ELECTRONIC SYSTEMS CONSULTANTS,,1187 CLEVELAND AVE,,COLUMBUS,OH,43201-2972,(614) 420-1491,53.25.1614,Fire Protection Organization - Company,01/21/2011,07/01/2027,Active,ACTIVE,,,,,,
SHELLY AND SANDS INC,,1515 HARMON AVE,,COLUMBUS,OH,43223-3309,(614)444-5100,53.25.1615,Fire Protection Organization - Company,02/08/2011,07/01/2027,Active,ACTIVE,,,,,,
MIKE BAUMANN PLUMBING INC,,550 STIMMEL RD,,COLUMBUS,OH,43223-2902,(614)491-2163,53.25.1624,Fire Protection Organization - Company,12/13/2011,07/01/2027,Active,ACTIVE,,,,,,
THE HASBROOK COMPANY INC,,PO BOX 236,,GROVEPORT,OH,43125,(614)409-0680,53.25.1629,Fire Protection Organization - Company,04/09/2012,07/01/2027,Active,ACTIVE,,,,,,
SOUND COMMUNICATIONS INC,,3474 PARK STREET,,GROVE CITY,OH,43123,(614)875-8500,53.25.1635,Fire Protection Organization - Company,04/04/2013,07/01/2027,Active,ACTIVE,,,,,,
PILLAR FIRE PROTECTION INC,,4280 VANATTA RD,,CENTERBURG,OH,43011-8401,(614)847-1952,53.25.1636,Fire Protection Organization - Company,04/10/2013,07/01/2027,Active,ACTIVE,,,,,,
JACKSON EXCAVATING INC,,2400 ALUM CREEK DR,,COLUMBUS,OH,43207-2805,(614)444-5572,53.25.1637,Fire Protection Organization - Company,04/23/2013,07/01/2027,Active,ACTIVE,,,,,,
BOSS EXCAVATING & GRADING,,2800 HARRISON RD,,COLUMBUS,OH,43204-2588,(614)876-1658,53.25.1639,Fire Protection Organization - Company,06/27/2013,07/01/2027,Active,ACTIVE,,,,,,
MOBOTO LLC,,545 METRO PL S STE 100,DBA A T SYSTEMS,DUBLIN,OH,43017-5353,(614)777-6565,53.25.3982,Fire Protection Organization - Company,09/03/2014,07/01/2027,Active,ACTIVE,,,,,,
ALMUR CONSTRUCTION INC,,PO BOX 310,,DUBLIN,OH,43017-0310,(614) 203-4306,53.25.3983,Fire Protection Organization - Company,10/09/2014,07/01/2027,Active,ACTIVE,,,,,,
EXPRESS ELECTRIC LLC,,PO BOX 272,,REYNOLDSBURG,OH,43068-0272,(614) 835-0220,53.25.3988,Fire Protection Organization - Company,03/13/2015,07/01/2027,Active,ACTIVE,,,,,,
ALL PACK SERVICES,,3442 GRANT AVE,,GROVE CITY,OH,43123-2513,(614) 578-1345,53.25.3989,Fire Protection Organization - Company,06/05/2015,07/01/2027,Active,ACTIVE,,,,,,
STARTEC SECURITY LLC,,4520 ALUM CREEK DR,,COLUMBUS,OH,43207-4524,(614) 895-3000,53.25.3990,Fire Protection Organization - Company,07/27/2015,07/01/2027,Active,ACTIVE,,,,,,
OLD SKOOL CONSTRUCTION LLC,,PO BOX 1616,,WESTERVILLE,OH,43086-1616,(614) 313-2927,53.25.3994,Fire Protection Organization - Company,06/14/2016,07/01/2027,Active,ACTIVE,,,,,,
MASSANA CONSTRUCTION INC,,937 HIGH ST STE 201,,WORTHINGTON,OH,43085-4088,(614) 987-7056,53.25.3995,Fire Protection Organization - Company,07/01/2016,07/01/2027,Active,ACTIVE,,,,,,
SNIDER ELECTRIC LLC,,2101 LONDON GROVEPORT RD,,GROVE CITY,OH,43123-9033,(614) 307-2230,53.25.3999,Fire Protection Organization - Company,04/06/2017,07/01/2027,Active,ACTIVE,,,,,,
SP ELECTRIC LLC,,5638 BOYD RD,,GROVE CITY,OH,43123-9761,(614) 827-5317,53.25.4000,Fire Protection Organization - Company,04/13/2017,07/01/2027,Active,ACTIVE,,,,,,
SYNERGY ELECTRICAL LLC,,735 CROSS POINTE RD STE A,,GAHANNA,OH,43230-6786,(614) 252-7031,53.25.4005,Fire Protection Organization - Company,12/26/2017,07/01/2027,Active,ACTIVE,,,,,,
PROPERTY TECH INDUSTRIES LLC,,1080 GIBBARD AVE,,COLUMBUS,OH,43201-3054,(614) 987-8784,53.25.4007,Fire Protection Organization - Company,03/12/2018,07/01/2027,Active,ACTIVE,,,,,,
INTEGRITY POWER SOLUTIONS,,1206 AUTUMN HILL DR,,COLUMBUS,OH,43235-7508,(614) 886-3412,53.25.4008,Fire Protection Organization - Company,03/27/2018,07/01/2027,Active,ACTIVE,,,,,,
FREEDOM UTILITIES LLC,,2152 BRITAINS LN,,COLUMBUS,OH,43224-5610,(614)263-8803,53.25.4010,Fire Protection Organization - Company,08/03/2018,07/01/2027,Active,ACTIVE,,,,,,
ASHER ELECTRIC LLC,,1020 TAYLOR STATION RD STE E,,GAHANNA,OH,43230-6675,(614)762-6877,53.25.4011,Fire Protection Organization - Company,08/29/2018,07/01/2027,Active,ACTIVE,,,,,,
FRONTIER ELECTRIC SERVICES INC,,5755 WESTBOURNE AVE,,COLUMBUS,OH,43213-1488,(614) 694-2950,53.25.4013,Fire Protection Organization - Company,01/24/2019,07/01/2027,Active,ACTIVE,,,,,,
BUCKEYE FIRE SYSTEMS LLC,,299 POWHATAN AVE,,COLUMBUS,OH,43204-1916,(614) 701-8452,53.25.4014,Fire Protection Organization - Company,02/26/2019,07/01/2027,Active,ACTIVE,,,,,,
SERVICE 1 FIRE SAFETY LLC,,6520 SHENANDOAH DR,,REYNOLDSBURG,OH,43068-1950,(614) 209-1756,53.25.4020,Fire Protection Organization - Company,06/21/2019,07/01/2027,Active,ACTIVE,,,,,,
EMP SERVICES LLC,,2087 HENDRIX DR,,GROVE CITY,OH,43123-1216,(614) 756-1412,53.25.4024,Fire Protection Organization - Company,05/18/2021,07/01/2027,Active,ACTIVE,,,,,,
COLUMBUS CONTROLS & DESIGN LLC,,4815 BALDWIN RD,,HILLIARD,OH,43026-7669,(614) 499-1576,53.25.4025,Fire Protection Organization - Company,06/29/2021,07/01/2027,Active,ACTIVE,,,,,,
RELI ELECTRIC LLC,,845 CLAYCRAFT RD STE N,,COLUMBUS,OH,43230-6667,(614) 374-8910,53.25.4026,Fire Protection Organization - Company,08/03/2021,07/01/2027,Active,ACTIVE,,,,,,
DOUBLE EIGHT SERVICES INC,,5930 WILCOX PL STE C,,DUBLIN,OH,43016-6804,(614) 467-9433,53.25.4027,Fire Protection Organization - Company,08/16/2021,07/01/2027,Active,ACTIVE,,,,,,
ICS HOLDING GROUP LLC DBA ICS PROTECTIVE SERVICES,,1071 S HIGH ST,,COLUMBUS,OH,43206-3412,(614) 285-4901,53.25.4029,Fire Protection Organization - Company,10/18/2021,07/01/2027,Active,ACTIVE,,,,,,
BENITEZ FIRE PROTECTION COMPANY LLC,,7481 AUTUMN JOY AVE,,CANAL WINCHESTER,OH,43110-7602,(614) 653-2804,53.25.4030,Fire Protection Organization - Company,01/04/2022,07/01/2027,Active,ACTIVE,,,,,,
TW SECURITY SOLUTIONS LLC,,344 SANDBURG DRIVE,,LITHOPOLIS,OH,43136,(614) 928-6797,53.25.4031,Fire Protection Organization - Company,01/10/2022,07/01/2027,Active,ACTIVE,,,,,,
WOAHENE ELECTRICAL & TECHNOLOGIES LLC,,4062 FORTRESS PL,,COLUMBUS,OH,43230-1549,(614) 743-2414,53.25.4032,Fire Protection Organization - Company,02/03/2022,07/01/2027,Active,ACTIVE,,,,,,
"KOKOSING CONSTRUCTION COMPANY, INC",,6235 WESTERVILLE RD,,WESTERVILLE,OH,43081-4041,(614) 228-1029,53.25.4034,Fire Protection Organization - Company,06/07/2022,07/01/2027,Active,ACTIVE,,,,,,
TRIANGLE FIRE LLC,,721 HUBBARD RD,,GALLOWAY,OH,43119-9481,(614) 745-9024,53.25.4035,Fire Protection Organization - Company,06/14/2022,07/01/2027,Active,ACTIVE,,,,,,
B MARTIN CONSTRUCTION LLC,,11487 JOHNSTOWN RD,,NEW ALBANY,OH,43054-9719,(614) 499-0833,53.25.4040,Fire Protection Organization - Company,04/21/2023,07/01/2027,Active,ACTIVE,,,,,,
VERDE SECURITY LLC,,4182 WORTH AVE,,COLUMBUS,OH,43219-1535,(614) 427-0002,53.25.4042,Fire Protection Organization - Company,06/29/2023,07/01/2027,Active,ACTIVE,,,,,,
FIVE STAR HOME SERVICES LLC,,8160 HOWE INDUSTRIAL PKWY,,CANAL WINCHESTER,OH,43110-7881,(614) 808-6992,53.25.4043,Fire Protection Organization - Company,07/20/2023,07/01/2027,Active,ACTIVE,,,,,,
KITCHEN CONNECT LLC,,3748 SHORELINE DR,,COLUMBUS,OH,43232-6334,(614) 360-7896,53.25.4044,Fire Protection Organization - Company,08/29/2023,07/01/2027,Active,ACTIVE,,,,,,
UNIVERSAL PROTECTION SERVICES LLC DBA ALLIED UNIVERSAL SECURITY,,630 MORRISON RD STE 110,,GAHANNA,OH,43230-5318,(614) 438-4183,53.25.4045,Fire Protection Organization - Company,08/30/2023,07/01/2027,Active,ACTIVE,,,,,,
SYNERGY FIRE SYSTEM LLC,,3249 HILLIARD ROME RD,,HILLIARD,OH,43026-9472,(614) 822-6811,53.25.4046,Fire Protection Organization - Company,09/09/2023,07/01/2027,Active,ACTIVE,,,,,,
TASK FORCE INSTALLATIONS LLC,,3053 GLENSHAW AVE,,COLUMBUS,OH,43231-6010,(614) 725-6239,53.25.4047,Fire Protection Organization - Company,09/18/2023,07/01/2027,Active,ACTIVE,,,,,,
GEER GAS CORPORATION,,1360 MCKINLEY AVE,,COLUMBUS,OH,43222-1117,(614) 272-4337,53.25.4048,Fire Protection Organization - Company,09/27/2023,07/01/2027,Active,ACTIVE,,,,,,
HOLY WATER FIRE PROTECTION CO DBA ROGERS FIRE PROTECTION CO,,2840 FISHER RD STE A,,COLUMBUS,OH,43204-3551,(614) 595-5626,53.25.4049,Fire Protection Organization - Company,10/11/2023,07/01/2027,Active,ACTIVE,,,,,,
EDDS ELECTRIC LLC,,6651 ELM PARK CT,,GALLOWAY,OH,43119-9549,(614) 680-9253,53.25.4051,Fire Protection Organization - Company,12/14/2023,07/01/2027,Active,ACTIVE,,,,,,
CUSTOM CONTROLS GROUP LLC,,848 MORRISON RD,,COLUMBUS,OH,43230-6643,(614) 425-8694,53.25.4052,Fire Protection Organization - Company,05/29/2024,07/01/2027,Active,ACTIVE,,,,,,
AIRTRON LLC,,3021 INTERNATIONAL ST,,COLUMBUS,OH,43228-4635,(614) 324-9972,53.25.4055,Fire Protection Organization - Company,01/30/2025,07/01/2027,Active,ACTIVE,,,,,,
GROVE CITY FIRE PROTECTION LLC,,6278 SEEDS RD,,GROVE CITY,OH,43123-8932,(614) 365-0836,53.25.4056,Fire Protection Organization - Company,02/21/2025,07/01/2027,Active,ACTIVE,,,,,,
MEYERS FIRE LLC,,2844 BLANKNER DR,,GROVE CITY,OH,43123-2009,(614) 579-0839,53.25.4057,Fire Protection Organization - Company,03/10/2025,07/01/2027,Active,ACTIVE,,,,,,
ELITE FACILITIES MANAGEMENT LLC,,3645 PARAGON DR,,COLUMBUS,OH,43228-9751,(567) 876-9035,53.25.4058,Fire Protection Organization - Company,03/14/2025,07/01/2027,Active,ACTIVE,,,,,,
ATLAS INDUSTRIAL CONTRACTORS LLC,,5275 SINCLAIR RD,,COLUMBUS,OH,43229-5042,(614) 841-4500,53.25.4060,Fire Protection Organization - Company,03/28/2025,07/01/2027,Active,ACTIVE,,,,,,
ALERT ALARMS INC,,480 S GRENER AVE,,COLUMBUS,OH,43228-1990,(614) 870-1088,53.25.4061,Fire Protection Organization - Company,05/07/2025,07/01/2027,Active,ACTIVE,,,,,,
APEX PROS PLUMBING ELECTRICAL HEATING AND AIR LLC,,4300 TULLER RD,,DUBLIN,OH,43017-5008,(740) 334-5663,53.25.4063,Fire Protection Organization - Company,10/21/2025,07/01/2027,Active,ACTIVE,,,,,,
XGENTECH LLC,,5975 WILCOX PL STE C,,DUBLIN,OH,43016-8728,(937) 893-9436,53.25.4064,Fire Protection Organization - Company,10/14/2025,07/01/2027,Active,ACTIVE,,,,,,
BENNETTS FIRE DESIGN,,4785 RENSCH RD,,GROVE CITY,OH,43123-9671,(220) 228-4304,53.25.4066,Fire Protection Organization - Company,11/21/2025,07/01/2027,Active,ACTIVE,,,,,,
HOODTECH LLC,,795 STINSON DR,,COLUMBUS,OH,43214-2957,(380) 900-2360,53.25.4067,Fire Protection Organization - Company,11/24/2025,07/01/2027,Active,ACTIVE,,,,,,
ROMANOFF ELECTRIC RESIDENTIAL LLC,,977 GAHANNA PKWY,,COLUMBUS,OH,43230-6610,(614) 755-4500,53.25.4068,Fire Protection Organization - Company,12/16/2025,07/01/2027,Active,ACTIVE,,,,,,
ESS ELECTRICAL SERVICES,,2771 LAURA GLEN PL UNIT 207,,COLUMBUS,OH,43219-1559,(614) 332-2837,53.25.4069,Fire Protection Organization - Company,01/29/2026,07/01/2027,Active,ACTIVE,,,,,,
ALLEN ELECTRIC & SYSTEMS LLC,,5083 BUFFALO RUN,,WESTERVILLE,OH,43081-6711,(614) 496-8388,53.25.4071,Fire Protection Organization - Company,02/09/2026,07/01/2027,Active,ACTIVE,,,,,,
TB BOYLE LLC,,1987 JONES RD,,HILLIARD,OH,43026-9473,(614) 284-8400,53.25.4072,Fire Protection Organization - Company,04/02/2026,07/01/2027,Active,ACTIVE,,,,,,
MOUNT CARMEL HEALTH SYSTEM,,3100 EASTON SQUARE PL STE 300,,COLUMBUS,OH,43219-6290,(614) 546-3424,53.25.4073,Fire Protection Organization - Company,07/01/2026,07/01/2027,Active,ACTIVE,,,,,,
ENERGY EFFICIENT EQUIPMENT INC,,1850 DIVIDEND DR,,COLUMBUS,OH,43228-3845,(614) 867-5747,53.25.4074,Fire Protection Organization - Company,08/06/2026,07/01/2027,Active,ACTIVE,,,,,,
ION FIRE PROTECTION,,6856 HOOVER RD,,ORIENT,OH,43146-9471,(614)946-3238,53.25.4075,Fire Protection Organization - Company,08/11/2026,07/01/2027,Active,ACTIVE,,,,,,
LARKIN INC,,388 E WHITTIER ST,,COLUMBUS,OH,43206-2327,(614) 420-1461,53.25.4076,Fire Protection Organization - Company,09/09/2026,07/01/2027,Active,ACTIVE,,,,,,
THE CORVIN GROUP LLC,,3737 EASTON MARKET STE 1191,,COLUMBUS,OH,43219-6023,(326) 600-4475,53.25.4077,Fire Protection Organization - Company,09/15/2026,07/01/2027,Active,ACTIVE,,,,,,
NOFZINGER ELECTRIC INC,,18372 COUNTY ROAD D,,WAUSEON,OH,43567-9190,(419)445-7707,53.26.0003,Fire Protection Organization - Company,08/11/1994,07/01/2027,Active,ACTIVE,,,,,,
HNJ HOLDINGS LLC,,2432 LENAWEE HWY,,PALMYRA,MI,49268-9792,(419)392-7576,53.26.0006,Fire Protection Organization - Company,04/29/2002,07/01/2027,Active,ACTIVE,,,,,,
ANDERZACK-PITZEN CONSTRUCTION INC,,PO BOX H,424 E MAIN ST,METAMORA,OH,43540-0207,(419)644-2111,53.26.0008,Fire Protection Organization - Company,12/20/2002,07/01/2027,Active,ACTIVE,,,,,,
MILLER BROS CONSTRUCTION,,1613 S DEFIANCE ST,PO BOX 30,ARCHBOLD,OH,43502-9488,(419)445-1015,53.26.0009,Fire Protection Organization - Company,07/31/2006,07/01/2027,Active,ACTIVE,,,,,,
TAYLOR EXCAVATING INC,,8670 COUNTY ROAD HJ,,DELTA,OH,43515-9694,(419) 822-5065,53.26.1006,Fire Protection Organization - Company,08/01/2014,07/01/2027,Active,ACTIVE,,,,,,
WYSE ELECTRIC LLC,,405 SHORT BUEHRER RD,,ARCHBOLD,OH,43502-1672,(419) 572-1726,53.26.1007,Fire Protection Organization - Company,03/24/2016,07/01/2027,Active,ACTIVE,,,,,,
CREIGHTON ELECTRIC LLC,,260 WESTFIELD DR,,ARCHBOLD,OH,43502-1047,(419) 445-2223,53.26.1008,Fire Protection Organization - Company,12/05/2017,07/01/2027,Active,ACTIVE,,,,,,
TJD PARTNERS LLC DBA FME ELECTRIC,,1101 E LUTZ RD,,ARCHBOLD,OH,43502-9144,(419) 335-0703,53.26.1010,Fire Protection Organization - Company,11/24/2025,07/01/2027,Active,ACTIVE,,,,,,
MRM CONSTRUCTION LLC,,110 BELLOMY DR,,GALLIPOLIS,OH,45631,(740)388-9515,53.27.0003,Fire Protection Organization - Company,11/19/1999,07/01/2027,Active,ACTIVE,,,,,,
CROWN EXCAVATING INC,,5885 STATE ROUTE 218,,GALLIPOLIS,OH,45631-8912,(740) 256-6456,53.27.1005,Fire Protection Organization - Company,03/11/2024,07/01/2027,Active,ACTIVE,,,,,,
JL TAYLOR CO INC,,PO BOX 93,,BURTON,OH,44021-0093,(440) 834-1223,53.28.0004,Fire Protection Organization - Company,06/14/1991,07/01/2027,Active,ACTIVE,,,,,,
DE WILLIAMS ELECTRIC INC,,16776 W PARK CIRCLE DR,,CHAGRIN FALLS,OH,44022,(440)543-1222,53.28.1000,Fire Protection Organization - Company,06/05/1991,07/01/2027,Active,ACTIVE,,,,,,
NORHIO PLUMBING INC,,11342 CHAMBERLAIN RD,,AURORA,OH,44202-9360,(330)562-9671,53.28.1003,Fire Protection Organization - Company,06/14/1991,07/01/2027,Active,ACTIVE,,,,,,
AYRSHIRE INC,,191 5TH AVE,,CHARDON,OH,44024-1005,(440)286-9507,53.28.1009,Fire Protection Organization - Company,07/16/1991,07/01/2027,Active,ACTIVE,,,,,,
THOMAS A HALL EXCAVATING & CONTRACTING,,PO BOX 435,,CHARDON,OH,44024-0435,(440)285-2840,53.28.1019,Fire Protection Organization - Company,10/20/1992,07/01/2027,Active,ACTIVE,,,,,,
PEERLESS ELECTRIC CO INC,,7325 PRODUCTION DR,,MENTOR,OH,44060,(440)729-9473,53.28.1021,Fire Protection Organization - Company,03/11/1993,07/01/2027,Active,ACTIVE,,,,,,
MR EXCAVATOR INC,,8616 EUCLID CHARDON RD,,KIRTLAND,OH,44094,(440)256-2008,53.28.1029,Fire Protection Organization - Company,07/05/1996,07/01/2027,Active,ACTIVE,,,,,,
ACQUIRE FIRE PROTECTION INC,,PO BOX 636,,MIDDLEFIELD,OH,44062-0636,(440)632-5600,53.28.1034,Fire Protection Organization - Company,03/21/2000,07/01/2027,Active,ACTIVE,,,,,,
FIREHOUSE 8 EXTINGUISHER SERVICE,,9783 AUBURN RD,,CHARDON,OH,44024-8644,(440)286-7348,53.28.1037,Fire Protection Organization - Company,03/15/2007,07/01/2027,Active,ACTIVE,,,,,,
SNAVELY EXCAVATING COMPANY,,16740 PARK CIRCLE DR,,CHAGRIN FALLS,OH,44023-4563,(440)591-5393,53.28.1041,Fire Protection Organization - Company,06/22/2010,07/01/2027,Active,ACTIVE,,,,,,
FIRE PROTECTION SOLUTIONS LLC,,1810 JOSEPH LLOYD PKWY,,WILLOUGHBY,OH,44094-8042,(216) 403-6352,53.28.1042,Fire Protection Organization - Company,05/19/2011,07/01/2027,Active,ACTIVE,,,,,,
SPENCER ELECTRIC INC AKA LYLE ELECT,,PO BOX 1016,,CHARDON,OH,44024-5016,(440)279-0074,53.28.1043,Fire Protection Organization - Company,06/03/2011,07/01/2027,Active,ACTIVE,,,,,,
MACK PLUMBING & FIRE SUPPRESSION,,12564 MAYFIELD ROAD,,CHARDON,OH,44024,(440)286-2073,53.28.1044,Fire Protection Organization - Company,09/12/2011,07/01/2027,Active,ACTIVE,,,,,,
HARTMAN ELECTRIC INC,,17665 HASKINS RD,,CHAGRIN FALLS,OH,44023-5731,(440) 478-3699,53.28.1047,Fire Protection Organization - Company,05/06/2019,07/01/2027,Active,ACTIVE,,,,,,
RADIO ACTIVE SECURITY LLC,,15624 W HIGH ST,,MIDDLEFIELD,OH,44062-9293,(440) 632-1601,53.28.1048,Fire Protection Organization - Company,02/13/2024,07/01/2027,Active,ACTIVE,,,,,,
TALCOTT ELECTRIC LLC,,4372 OAK AVE,,PERRY,OH,44081-9008,(440) 654-3796,53.28.1049,Fire Protection Organization - Company,06/07/2024,07/01/2027,Active,ACTIVE,,,,,,
AGRESTA ELECTRIC CORPORATION,,11554 WASHINGTON ST,,CHAGRIN FALLS,OH,44023-9213,(440) 589-4689,53.28.1050,Fire Protection Organization - Company,10/04/2024,07/01/2027,Active,ACTIVE,,,,,,
REDDY ELECTRIC CO,,1145 BELLBROOK AVE,,XENIA,OH,45385-4013,(800)543-6997,53.29.1016,Fire Protection Organization - Company,07/05/1991,07/01/2027,Active,ACTIVE,,,,,,
SPRING VALLEY ELECTRIC,,820 N WEBB RD,,WILMINGTON,OH,45177-8587,(937) 725-7265,53.29.1021,Fire Protection Organization - Company,06/05/1991,07/01/2027,Active,ACTIVE,,,,,,
PHILLIPS COMPANIES,,620 PHILLIPS DR,,BEAVERCREEK,OH,45434,(937)431-7985,53.29.1032,Fire Protection Organization - Company,02/08/1999,07/01/2027,Active,ACTIVE,,,,,,
EARTH & PIPE CONTRACTING INC,,1985 ROXANNA NEW BURLINGTON RD,,WAYNESVILLE,OH,45068-8694,(937)862-7000,53.29.1037,Fire Protection Organization - Company,01/09/2008,07/01/2027,Active,ACTIVE,,,,,,
SELECT FIRE PROTECTION LLC,,710 PRESERVATION STREET,,FAIRBORN,OH,45324,(937)545-9565,53.29.1041,Fire Protection Organization - Company,08/11/2011,07/01/2027,Active,ACTIVE,,,,,,
MATRONIC INSTALLATIONS LLC,,2887 GREEN VISTA DR,,BEAVERCREEK,OH,45431-8740,937-901-0015,53.29.1042,Fire Protection Organization - Company,10/23/2015,07/01/2027,Active,ACTIVE,,,,,,
INNOVATIVE ELECTRICAL SOLUTIONS,,2151 PACER TRL,,BEAVERCREEK TOWNSHIP,OH,45434-5601,(937) 546-6989,53.29.1044,Fire Protection Organization - Company,06/27/2016,07/01/2027,Active,ACTIVE,,,,,,
DIGITAL WATCHMAN LLC,,1096 E SPRING VALLEY PAINTERSVILLE RD,,XENIA,OH,45385-9722,(937) 985-6526,53.29.1045,Fire Protection Organization - Company,03/03/2017,07/01/2027,Active,ACTIVE,,,,,,
SB III LLC,,2960 W ENON RD STE 17,,XENIA,OH,45385-8548,(937) 239-3352,53.29.1046,Fire Protection Organization - Company,03/06/2017,07/01/2027,Active,ACTIVE,,,,,,
TA ONEAL & SONS LLC,,1181 HYANNIS DR,,BEAVERCREEK,OH,45434-6534,(937) 241-1901,53.29.1047,Fire Protection Organization - Company,03/20/2017,07/01/2027,Active,ACTIVE,,,,,,
SURVEILLANCE & MORE LLC,,8780 EMERALDGATE DR,,HUBER HEIGHTS,OH,45424-6405,(517)980-6243,53.29.1048,Fire Protection Organization - Company,07/20/2018,07/01/2027,Active,ACTIVE,,,,,,
BCS INTEGRATION LLC,,1834 WOODS DR,,BEAVERCREEK,OH,45432-2261,(937) 431-9363,53.29.1052,Fire Protection Organization - Company,12/19/2024,07/01/2027,Active,ACTIVE,,,,,,
ARSENAL SECURITY LLC,,266 S ALPHA BELLBROOK RD,,BELLBROOK,OH,45305-8772,(937) 344-2118,53.29.1053,Fire Protection Organization - Company,10/07/2025,07/01/2027,Active,ACTIVE,,,,,,
MARATHON ALARMS,,68358 TYSON MILL RD,,QUAKER CITY,OH,43773-9721,,53.30.0011,Fire Protection Organization - Company,11/21/2003,07/01/2027,Active,ACTIVE,,,,,,
JERRY ABLES ELECTRIC INC,,3370 EAST PIKE,,ZANESVILLE,OH,43701-1745,(740) 439-2186,53.30.1005,Fire Protection Organization - Company,06/05/1991,07/01/2027,Active,ACTIVE,,,,,,
BI-CON SERVICES INC,,10901 CLAY PIKE RD,,DERWENT,OH,43733-9900,(740)685-2542,53.30.1006,Fire Protection Organization - Company,07/16/1991,07/01/2027,Active,ACTIVE,,,,,,
ALERT ALARMS INC,,9896 STATE ROUTE 93 N,,NEW STRAITSVILLE,OH,43766-9618,(888) 962-5878,53.30.1011,Fire Protection Organization - Company,01/25/2022,07/01/2027,Active,ACTIVE,,,,,,
XTREME FIRE PROTECTION LLC,,305 SMITH AVE,,QUAKER CITY,OH,43773-8903,(740) 679-3648,53.30.1012,Fire Protection Organization - Company,06/28/2022,07/01/2027,Active,ACTIVE,,,,,,
BANTA ELECTRICAL CONTRACTORS INC,,5701 ST RT 128,,CLEVES,OH,45002,(513)353-4446,53.31.0002,Fire Protection Organization - Company,07/16/1991,07/01/2027,Active,ACTIVE,,,,,,
AB BONDED LOCKSMITHS INC,,4344 MONTGOMERY RD,,CINCINNATI,OH,45212-3104,(513)531-7334,53.31.0004,Fire Protection Organization - Company,07/22/1991,07/01/2027,Active,ACTIVE,,,,,,
ENERGY TREND SOLUTIONS LLC,,3326 READING RD,,CINCINNATI,OH,45229-3114,(513)281-0783,53.31.0005,Fire Protection Organization - Company,06/27/1991,07/01/2027,Active,ACTIVE,,,,,,
OSTERWISCH COMPANY,,6755 HIGHLAND AVE,,CINCINNATI,OH,45236,(513)791-3282,53.31.0013,Fire Protection Organization - Company,05/20/1991,07/01/2027,Active,ACTIVE,,,,,,
UNITED ELECTRIC CO INC,,1309 ETHAN AVE,,CINCINNATI,OH,45225-1809,(513) 383-7547,53.31.0026,Fire Protection Organization - Company,06/14/1991,07/01/2027,Active,ACTIVE,,,,,,
RIVERSIDE ELECTRIC INC,,680 REDNA TER,,CINCINNATI,OH,45215-1108,(513)936-0100,53.31.0031,Fire Protection Organization - Company,06/27/1991,07/01/2027,Active,ACTIVE,,,,,,
SILCO FIRE & SECURITY,,10200 READING RD,,CINCINNATI,OH,45241-3112,(513)733-5655,53.31.1003,Fire Protection Organization - Company,06/10/1991,07/01/2027,Active,ACTIVE,,,,,,
RICHARD HOLTHAUS PLUMBING CO,,503 W BENSON ST,,CINCINNATI,OH,45215,(513)761-1238,53.31.1006,Fire Protection Organization - Company,06/05/1991,07/01/2027,Active,ACTIVE,,,,,,
JOHANN PLUMBING CO INC,,5761 MORGAN RD,,CLEVES,OH,45002-9426,(513)922-0484,53.31.1011,Fire Protection Organization - Company,06/14/1991,07/01/2027,Active,ACTIVE,,,,,,
ARCHIABLE ELECTRIC CO,,3803 FORD CIR,,CINCINNATI,OH,45227,(513)621-1307,53.31.1019,Fire Protection Organization - Company,07/05/1991,07/01/2027,Active,ACTIVE,,,,,,
DENIER ELECTRIC CO INC,,7266 NEW HAVEN RD,,HARRISON,OH,45030-9278,(513)738-2641,53.31.1033,Fire Protection Organization - Company,07/16/1991,07/01/2027,Active,ACTIVE,,,,,,
ESI INC,,4696 DEVITT DR,,CINCINNATI,OH,45246,(513)454-3741,53.31.1039,Fire Protection Organization - Company,06/03/1991,07/01/2027,Active,ACTIVE,,,,,,
BERTKE ELECTRIC CO INC,,11005 STATE ROUTE 128,,HARRISON,OH,45030-9710,(513)542-2350,53.31.1040,Fire Protection Organization - Company,06/05/1991,07/01/2027,Active,ACTIVE,,,,,,
STAPLETON ELECTRIC CO,,4845 ST RT 128,,CLEVES,OH,45002,(513)353-1007,53.31.1041,Fire Protection Organization - Company,06/05/1991,07/01/2027,Active,ACTIVE,,,,,,
MAYERS ELECTRIC CO INC,,4004 ERIE CT,,CINCINNATI,OH,45227-2110,(513)272-2900,53.31.1046,Fire Protection Organization - Company,05/20/1991,07/01/2027,Active,ACTIVE,,,,,,
HERRMANN PLUMBING CO INC,,8256 CLARA AVE,,CINCINNATI,OH,45239,(513)931-2830,53.31.1052,Fire Protection Organization - Company,06/27/1991,07/01/2027,Active,ACTIVE,,,,,,
CORPORATE EQUIPMENT CO,,607 REDNA TER STE 100,,CINCINNATI,OH,45215-1183,(513)771-6696,53.31.1053,Fire Protection Organization - Company,06/03/1991,07/01/2027,Active,ACTIVE,,,,,,
NELSON STARK CO,,7685 FIELDS ERTEL RD,,CINCINNATI,OH,45241,(513)489-0866,53.31.1069,Fire Protection Organization - Company,06/05/1991,07/01/2027,Active,ACTIVE,,,,,,
JOHN CARRIGAN PLUMBING CO,,48 W MCMICKEN AVE,,CINCINNATI,OH,45202,(513)381-8591,53.31.1074,Fire Protection Organization - Company,06/03/1991,07/01/2027,Active,ACTIVE,,,,,,
B & J ELECTRIC CO INC,,6265 WIEHE RD,,CINCINNATI,OH,45237-4211,(513) 351-7100,53.31.1075,Fire Protection Organization - Company,07/16/1991,07/01/2027,Active,ACTIVE,,,,,,
NIEMAN PLUMBING INC,,2030 STAPLETON CT,,CINCINNATI,OH,45240-2778,(513)851-5588,53.31.1083,Fire Protection Organization - Company,06/27/1991,07/01/2027,Active,ACTIVE,,,,,,
CINTAS CORPORATION #2,,2909 CRESCENTVILLE RD,DBA CINTAS FIRE PROTECTION,WEST CHESTER,OH,45069-3883,(513)346-5900,53.31.1094,Fire Protection Organization - Company,07/05/1991,07/01/2027,Active,ACTIVE,,,,,,
ARCHER PLUMBING CO,,1003 KIELEY PL,,CINCINNATI,OH,45217-1139,(513)641-0020,53.31.1106,Fire Protection Organization - Company,06/27/1991,07/01/2027,Active,ACTIVE,,,,,,
GLENWOOD ELECTRIC INC,,12250 CHANDLER DRIVE,,WALTON,KY,41094,(859)485-3700,53.31.1110,Fire Protection Organization - Company,06/27/1991,07/01/2027,Active,ACTIVE,,,,,,
BEACON ELECTRIC CO,,7815 REDSKY DR,,CINCINNATI,OH,45249-1636,(513)851-0711,53.31.1118,Fire Protection Organization - Company,06/27/1991,07/01/2027,Active,ACTIVE,,,,,,
ZINS PLUMBING LLC,,3827 SPRING GROVE AVE,,CINCINNATI,OH,45223-2655,(513)681-2501,53.31.1130,Fire Protection Organization - Company,06/03/1991,07/01/2027,Active,ACTIVE,,,,,,
RAY JACOBS PLUMBING CO LLC,,PO BOX 244,,W CHESTER,OH,45071,(513)777-8604,53.31.1131,Fire Protection Organization - Company,06/27/1991,07/01/2027,Active,ACTIVE,,,,,,
C & D MECHANICAL INC,,7600 PRODUCTION DR,,CINCINNATI,OH,45237,(513)574-4699,53.31.1139,Fire Protection Organization - Company,07/16/1991,07/01/2027,Active,ACTIVE,,,,,,
GENERAL ELECTRONIC SECURITY,,6114 MADISON RD,,CINCINNATI,OH,45227-1906,(513)527-4400,53.31.1152,Fire Protection Organization - Company,06/27/1991,07/01/2027,Active,ACTIVE,,,,,,
PREFERRED FIRE PROTECTION,,375 COMMERCIAL DR,,FAIRFIELD,OH,45014-5567,(513)874-9099,53.31.1154,Fire Protection Organization - Company,10/15/1991,07/01/2027,Active,ACTIVE,,,,,,
ADVANCED FACILITIES INC,,2467 CROWNE POINT DR,,CINCINNATI,OH,45241-5407,(513)942-9900,53.31.1403,Fire Protection Organization - Company,06/27/1991,07/01/2027,Active,ACTIVE,,,,,,
FREY ELECTRIC INC,,5700 CHEVIOT RD,,CINCINNATI,OH,45247-7095,(513)385-0700,53.31.1408,Fire Protection Organization - Company,05/20/1991,07/01/2027,Active,ACTIVE,,,,,,
HOFFMAN ELECTRIC CO INC,,2078 SCHAPPELLE LN,,CINCINNATI,OH,45240-2713,(513)742-3360,53.31.1409,Fire Protection Organization - Company,07/16/1991,07/01/2027,Active,ACTIVE,,,,,,
J. BEISCHEL ELECTRIC,,10175 INTERNATIONAL BLVD,,CINCINNATI,OH,45246,(513)860-3290,53.31.1411,Fire Protection Organization - Company,06/27/1991,07/01/2027,Active,ACTIVE,,,,,,
JOHN H COOPER ELECTRICAL CONT INC,,1769 ELMORE ST,,CINCINNATI,OH,45223-2482,(513)271-5000,53.31.1414,Fire Protection Organization - Company,07/05/1991,07/01/2027,Active,ACTIVE,,,,,,
KENMARC INC,,1055 HEYWOOD ST,,CINCINNATI,OH,45225,(513)541-2791,53.31.1419,Fire Protection Organization - Company,07/05/1991,07/01/2027,Active,ACTIVE,,,,,,
TMI ELECTRICAL CONTRACTORS INC,,423 W WYOMING AVE,,CINCINNATI,OH,45215-3001,(513)821-9900,53.31.1421,Fire Protection Organization - Company,06/27/1991,07/01/2027,Active,ACTIVE,,,,,,
SCHNEIDER BROS ELECTRIC,,10945 ST RT 128,,HARRISON,OH,45030,(513)738-1600,53.31.1430,Fire Protection Organization - Company,07/16/1991,07/01/2027,Active,ACTIVE,,,,,,
FRANK NIESEN CO,,500 W SHARON RD,,CINCINNATI,OH,45240,(513)541-4444,53.31.1436,Fire Protection Organization - Company,06/03/1991,07/01/2027,Active,ACTIVE,,,,,,
BIZ COM ELECTRIC INC,,682 TUXEDO PLACE,,CINCINNATI,OH,45206,(513)961-7200,53.31.1439,Fire Protection Organization - Company,07/16/1991,07/01/2027,Active,ACTIVE,,,,,,
INDROLECT CO,,630 W WYOMING AVE,,CINCINNATI,OH,45215-4527,(513)821-4788,53.31.1443,Fire Protection Organization - Company,05/20/1991,07/01/2027,Active,ACTIVE,,,,,,
FORD DEVELOPMENT CORP,,11148 WOODWARD LN,,CINCINNATI,OH,45241,(513)772-1521,53.31.1445,Fire Protection Organization - Company,07/16/1991,07/01/2027,Active,ACTIVE,,,,,,
CRAFTSMAN ELECTRIC INC,,3855 ALTA AVE,,CINCINNATI,OH,45236-3932,(513)891-4426,53.31.1452,Fire Protection Organization - Company,06/27/1991,07/01/2027,Active,ACTIVE,,,,,,
TJ WILLIAMS ELECTRIC,,PO BOX 586,,MIAMITOWN,OH,45041-0586,(513)738-5366,53.31.1453,Fire Protection Organization - Company,06/27/1991,07/01/2027,Active,ACTIVE,,,,,,
CHILDRENS HOSPITAL MEDICAL CENTER,PLANT ENGINEERING,3333 BURNET AVE  ML7026,,CINCINNATI,OH,45229,,53.31.1462,Fire Protection Organization - Company,07/16/1991,07/01/2027,Active,ACTIVE,,,,,,
UNIVERSITY OF CINCINNATI,,PO BOX 210215,DEPT OF PUBLIC SAFETY/TECH SERV,CINCINNATI,OH,45221-0215,(513)556-4900,53.31.1489,Fire Protection Organization - Company,11/19/1991,07/01/2027,Active,ACTIVE,,,,,,
FES FIRE & SECURITY LLC,,PO BOX 127,,MIAMITOWN,OH,45041,(513)574-4277,53.31.1504,Fire Protection Organization - Company,12/15/1992,07/01/2027,Active,ACTIVE,,,,,,
MULTISOURCE HOME ELECTRONICS INC,,4816 PETER PL,,WEST CHESTER,OH,45246-1037,(513)874-8700,53.31.1512,Fire Protection Organization - Company,07/16/1993,07/01/2027,Active,ACTIVE,,,,,,
NSG INC,,1014 VINE ST STE 2400,,CINCINNATI,OH,45202-1148,(513)621-5018,53.31.1519,Fire Protection Organization - Company,12/08/1993,07/01/2027,Active,ACTIVE,,,,,,
MATTAR ELECTRIC INC,,3130 HOMEWARD WAY,,FAIRFIELD,OH,45014-4254,(513) 874-9200,53.31.1521,Fire Protection Organization - Company,02/02/1994,07/01/2027,Active,ACTIVE,,,,,,
CONCORD FIRE PROTECTION INC,,4964 PROVIDENT DR,,CINCINNATI,OH,45246,(513)942-3005,53.31.1543,Fire Protection Organization - Company,08/10/1995,07/01/2027,Active,ACTIVE,,,,,,
CORSMEIER INDUSTRIAL INC,,5841 DRY FORK RD,,CLEVES,OH,45002-9700,(513)202-5050,53.31.1550,Fire Protection Organization - Company,03/20/1996,07/01/2027,Active,ACTIVE,,,,,,
PERFECTION GROUP INC,,2649 COMMERCE BLVD,,CINCINNATI,OH,45241-1553,(513)772-7545,53.31.1551,Fire Protection Organization - Company,04/03/1996,07/01/2027,Active,ACTIVE,,,,,,
CARR ELECTRIC HEATING AND COOLING,,109 MAY DR,,HARRISON,OH,45030-2023,(513)574-3753,53.31.1552,Fire Protection Organization - Company,05/22/1996,07/01/2027,Active,ACTIVE,,,,,,
SOUTHERN ELECTRIC CONTRACTORS INC,,PO BOX 238,,MIAMITOWN,OH,45041-0238,(513) 353-4800,53.31.1559,Fire Protection Organization - Company,08/06/1996,07/01/2027,Active,ACTIVE,,,,,,
KRAFT ELECTRICAL CONTRACTING INC,,PO BOX 33078,,CINCINNATI,OH,45233-0078,(513) 467-0500,53.31.1564,Fire Protection Organization - Company,04/23/1997,07/01/2027,Active,ACTIVE,,,,,,
INTEGRATED PROTECTION SERVICES INC,,5303 LESTER RD,,CINCINNATI,OH,45213-2523,(513)631-5505,53.31.1571,Fire Protection Organization - Company,10/15/1997,07/01/2027,Active,ACTIVE,,,,,,
BILL SPADE ELECTRIC INC,,PO BOX 191,,MIAMITOWN,OH,45041-0191,(513)941-0075,53.31.1576,Fire Protection Organization - Company,02/11/1998,07/01/2027,Active,ACTIVE,,,,,,
ICS INC,,11355 SEBRING DR,,CINCINNATI,OH,45240,(513)662-2600,53.31.1579,Fire Protection Organization - Company,05/19/1998,07/01/2027,Active,ACTIVE,,,,,,
JOHNSON CONTROLS SECURITY SOLUTIONS LLC,,4750 WESLEY AVE STE Q,,CINCINNATI,OH,45212-2273,(561) 226-8222,53.31.1582,Fire Protection Organization - Company,08/09/1998,07/01/2027,Active,ACTIVE,,,,,,
SOUND N SECURE SYSTEMS,,PO BOX 33050,,CINCINNATI,OH,45233-0050,(513) 941-9400,53.31.1584,Fire Protection Organization - Company,01/15/1999,07/01/2027,Active,ACTIVE,,,,,,
USAUTOMATIC SPRINKLER CORP,,110 S PARK BLVD,,GREENWOOD,IN,46143-8837,(317) 883-9433,53.31.1586,Fire Protection Organization - Company,01/20/1999,07/01/2027,Active,ACTIVE,,,,,,
AC ELECTRICAL SYSTEMS,,9866 HARRISON AVE,,HARRISON,OH,45030-1977,(513)202-9269,53.31.1590,Fire Protection Organization - Company,08/06/1999,07/01/2027,Active,ACTIVE,,,,,,
CAM INDUSTRIAL SOLUTIONS US M&T INC,,1500 CITYWEST BLVD STE 650,,HOUSTON,TX,77042-2546,(281)-223-1580,53.31.1593,Fire Protection Organization - Company,04/27/2000,07/01/2027,Active,ACTIVE,,,,,,
HILVERT & POPE ELECTRIC INC,,348 PIKE ST,,COVINGTON,KY,41011-2127,(513)825-7685,53.31.1602,Fire Protection Organization - Company,07/12/2001,07/01/2027,Active,ACTIVE,,,,,,
COMPLETE FIRE PROTECTION,,10815 BLUE ROCK ROAD,,HARRISON,OH,45030,(513)598-8865,53.31.1610,Fire Protection Organization - Company,06/27/2002,07/01/2027,Active,ACTIVE,,,,,,
HARRIGAN REFRIGERATION & A/C CO INC,,11298 SEBRING DR,,CINCINNATI,OH,45240-4601,(513)542-7500,53.31.1613,Fire Protection Organization - Company,12/27/2002,07/01/2027,Active,ACTIVE,,,,,,
GERKE ELECTRIC CO,,13 PHILLIPS AVE,,CINCINNATI,OH,45217-1231,(513)641-5385,53.31.1618,Fire Protection Organization - Company,01/30/2004,07/01/2027,Active,ACTIVE,,,,,,
ATKINS & STANG INC,,1031 META DR,,CINCINNATI,OH,45237-5007,(513)242-8300,53.31.1621,Fire Protection Organization - Company,06/29/2004,07/01/2027,Active,ACTIVE,,,,,,
COMMERCIAL HVAC,,5240 LESTER RD,,CINCINNATI,OH,45213-2522,(513)531-8400,53.31.1622,Fire Protection Organization - Company,09/17/2004,07/01/2027,Active,ACTIVE,,,,,,
QUEEN CITY MECHANICALS INC,,1950 WAYCROSS RD,,CINCINNATI,OH,45240,(513)353-1430,53.31.1625,Fire Protection Organization - Company,03/03/2005,07/01/2027,Active,ACTIVE,,,,,,
CSK ELECTRIC,,5700 HAMILTON CLEVES RD,,CLEVES,OH,45002-9504,(513)281-7777,53.31.1627,Fire Protection Organization - Company,11/04/2005,07/01/2027,Active,ACTIVE,,,,,,
QUEEN CITY ELECTRICAL,,100 WASHINGTON ST,,HOOVEN,OH,45033-7600,(513)591-2600,53.31.1630,Fire Protection Organization - Company,08/17/2006,07/01/2027,Active,ACTIVE,,,,,,
J II FIRE SYSTEMS INC,,5867 FILVIEW CIR,,CINCINNATI,OH,45248-1611,(513)574-0609,53.31.1631,Fire Protection Organization - Company,08/29/2006,07/01/2027,Active,ACTIVE,,,,,,
DORN FIRE PROTECTION LLC,,4132 DUMONT ST # 4,,CINCINNATI,OH,45226-1604,(513)871-7456,53.31.1633,Fire Protection Organization - Company,10/11/2006,07/01/2027,Active,ACTIVE,,,,,,
COMPLETE CONTROLS INC,,1870 RUSTICWOOD LN,,CINCINNATI,OH,45255,(513)200-0255,53.31.1634,Fire Protection Organization - Company,10/17/2006,07/01/2027,Active,ACTIVE,,,,,,
WELSH EXCAVATION CO INC,,5780 ST RT 128,,CLEVES,OH,45002,(513)353-9014,53.31.1636,Fire Protection Organization - Company,10/20/2006,07/01/2027,Active,ACTIVE,,,,,,
JONES LANG LASALLE,,1 PROCTER AND GAMBLE PLZ,C-LL BOX 5,CINCINNATI,OH,45202-3315,(513) 706-8842,53.31.1638,Fire Protection Organization - Company,05/09/2007,07/01/2027,Active,ACTIVE,,,,,,
"FASTECH ALARMS & TELECOMMUNICATION SERVICES, LLC",,4270 MOUNT CARMEL TOBASCO RD,,CINCINNATI,OH,45244-2320,(513)481-5555,53.31.1639,Fire Protection Organization - Company,08/17/2007,07/01/2027,Active,ACTIVE,,,,,,
OHIO VALLEY MONITORING LLC,,PO BOX 33046,,CINCINNATI,OH,45233-0046,(513)941-5476,53.31.1641,Fire Protection Organization - Company,11/16/2007,07/01/2027,Active,ACTIVE,,,,,,
BECKER FIRE PROTECTION,,5693 ANNA JOE CT,,CINCINNATI,OH,45233,(513)383-9140,53.31.1643,Fire Protection Organization - Company,01/30/2008,07/01/2027,Active,ACTIVE,,,,,,
ABEL BUILDING SYSTEMS,,47 TECHVIEW DR,,CINCINNATI,OH,45215,(513)772-0401,53.31.1649,Fire Protection Organization - Company,06/05/2008,07/01/2027,Active,ACTIVE,,,,,,
HERBERT PLUMBING,,9825 STATE ROUTE 128,,HARRISON,OH,45030-9708,(513)741-4559,53.31.1653,Fire Protection Organization - Company,03/02/2009,07/01/2027,Active,ACTIVE,,,,,,
WATER & SEWER SERVICE CONSTRUCTION,,5229 ZION RD,,CLEVES,OH,45002-9692,(513)574-6331,53.31.1654,Fire Protection Organization - Company,03/18/2009,07/01/2027,Active,ACTIVE,,,,,,
WESTSIDE PAVING & EXCAVATING INC,,PO BOX 605,,MIAMITOWN,OH,45041,(513)353-3400,53.31.1655,Fire Protection Organization - Company,09/01/2009,07/01/2027,Active,ACTIVE,,,,,,
AEGIS PROTECTIVE SERVICES,,3033 ROBERTSON AVE,DANSON INC DBA,CINCINNATI,OH,45209-1233,(513)948-0066,53.31.1656,Fire Protection Organization - Company,09/01/2009,07/01/2027,Active,ACTIVE,,,,,,
OHIO VALLEY ELECTRICAL SERVICES INC,,4585 CORNELL RD,,BLUE ASH,OH,45241-2439,(513) 771-2410,53.31.1657,Fire Protection Organization - Company,01/27/2010,07/01/2027,Active,ACTIVE,,,,,,
CINCY ELECTRICAL SOLUTIONS LLC,,4240 ROSSPLAIN DR,,BLUE ASH,OH,45236-1206,(513)703-6845,53.31.1658,Fire Protection Organization - Company,03/17/2010,07/01/2027,Active,ACTIVE,,,,,,
C & C PROSERVICE,,3792 BELFAST AVE,,CINCINNATI,OH,45236-1573,(513)602-2084,53.31.1660,Fire Protection Organization - Company,05/03/2010,07/01/2027,Active,ACTIVE,,,,,,
COMPLETE MECHANICAL SERVICES LLC,,11399 GROOMS ROAD,,BLUE ASH,OH,45242,(513)489-3080,53.31.1663,Fire Protection Organization - Company,02/22/2011,07/01/2027,Active,ACTIVE,,,,,,
ZUBER SAFETY & SECURITY LLC,,10537 STATE ROAD 48,,SUNMAN,IN,47041-8790,(812) 209-9238,53.31.1666,Fire Protection Organization - Company,02/23/2012,07/01/2027,Active,ACTIVE,,,,,,
SEHLHORST EQUIPMENT SERVICES LLC,,8073 FURLONG DR,,CLEVES,OH,45002-9117,(513)353-9300,53.31.1668,Fire Protection Organization - Company,10/04/2012,07/01/2027,Active,ACTIVE,,,,,,
TEKSYSTEMS INC,SHANNON CLARK/FRONT OFFICE,7437 RACE RD,,HANOVER,MD,21076-1112,(410) 864-8010,53.31.3428,Fire Protection Organization - Company,11/04/2014,07/01/2027,Active,ACTIVE,,,,,,
PROTEC FIRE SYSTEM SERVICES LTD,,10404 CHARLOTTE PINE CT,,HARRISON,OH,45030-4938,(513) 444-9889,53.31.3429,Fire Protection Organization - Company,03/19/2015,07/01/2027,Active,ACTIVE,,,,,,
BOGGESS INC,,1240 GLENDALE MILFORD RD,,CINCINNATI,OH,45215-1209,(513) 771-3300,53.31.3432,Fire Protection Organization - Company,11/13/2015,07/01/2027,Active,ACTIVE,,,,,,
JMW PLUMBING & FIRE PROTECTION LTD,,7628 FORFEIT RUN RD,,CINCINNATI,OH,45247-2542,(513) 616-3944,53.31.3439,Fire Protection Organization - Company,07/03/2017,07/01/2027,Active,ACTIVE,,,,,,
J & D RACK CO,,5033 N BEND RD,,CINCINNATI,OH,45211-1911,(513) 574-7661,53.31.3440,Fire Protection Organization - Company,04/09/2019,07/01/2027,Active,ACTIVE,,,,,,
M J ADAMS ELECTRICAL CONTRACTORS INC,,3901 SPRING GROVE AVE,,CINCINNATI,OH,45223-3302,(513) 741-1164,53.31.3441,Fire Protection Organization - Company,07/18/2019,07/01/2027,Active,ACTIVE,,,,,,
PRECISION SITE DEVELOPMENT LLC,,PO BOX 43248,,CINCINNATI,OH,45243-0248,(513) 739-2475,53.31.3442,Fire Protection Organization - Company,08/07/2019,07/01/2027,Active,ACTIVE,,,,,,
THOMPSON POWER CONTROL SOLUTIONS LLC,,3642 CHADWELL SPGS,,CLEVES,OH,45002-2359,(513) 702-5320,53.31.3443,Fire Protection Organization - Company,08/12/2019,07/01/2027,Active,ACTIVE,,,,,,
EXPRESS SECURITY TECHNOLOGIES LLC,,2455 ARNAZ DR,,MULBERRY,FL,33860-8567,,53.31.3444,Fire Protection Organization - Company,08/27/2019,07/01/2027,Active,ACTIVE,,,,,,
FIRESIDE TECHNOLOGIES LLC,,6291 MUDDY CREEK RD,,CINCINNATI,OH,45233-4435,(513) 200-7715,53.31.3445,Fire Protection Organization - Company,09/25/2019,07/01/2027,Active,ACTIVE,,,,,,
PETRO ENVIRONMENTAL LLC,,8160 CORPORATE PARK DR STE 300,,CINCINNATI,OH,45242-3307,(513) 489-6789,53.31.3446,Fire Protection Organization - Company,02/26/2020,07/01/2027,Active,ACTIVE,,,,,,
DELTA ELECTRICAL CONTRACTORS LTD,,4890 GRAY RD,,CINCINNATI,OH,45232-1512,(513) 421-7744,53.31.3447,Fire Protection Organization - Company,05/08/2020,07/01/2027,Active,ACTIVE,,,,,,
SEVEN HILLS FIRE PROTECTION LLC,,1733 ELLA ST,,CINCINNATI,OH,45223-2036,(513) 325-6363,53.31.3448,Fire Protection Organization - Company,08/20/2020,07/01/2027,Active,ACTIVE,,,,,,
ENERFAB INC,,4430 CHICKERING AVE,,CINCINNATI,OH,45232-1931,(513) 641-0500,53.31.3450,Fire Protection Organization - Company,08/28/2020,07/01/2027,Active,ACTIVE,,,,,,
3S SALES & SERVICE LLC,,11278 SEBRING DR,,CINCINNATI,OH,45240,(513)772-2402,53.31.3451,Fire Protection Organization - Company,12/01/2020,07/01/2027,Active,ACTIVE,,,,,,
DMG MECHANICALS LLC,,2050 STAPLETON CT,,CINCINNATI,OH,45240-2778,(513) 825-1141,53.31.3452,Fire Protection Organization - Company,12/31/2020,07/01/2027,Active,ACTIVE,,,,,,
FLASHPOINT SERVICES LLC,,3015 FIDDLERS GREEN RD,,CINCINNATI,OH,45248-2801,(513) 379-0884,53.31.3454,Fire Protection Organization - Company,04/22/2021,07/01/2027,Active,ACTIVE,,,,,,
HOLLSTEGGE ELECTRIC LLC,,PO BOX 27,,MIAMITOWN,OH,45041-0027,(513) 648-9300,53.31.3455,Fire Protection Organization - Company,08/10/2021,07/01/2027,Active,ACTIVE,,,,,,
BLACK WATER FIRE PROTECTION LLC,,PO BOX 415,,HARRISON,OH,45030-0415,(513) 377-4626,53.31.3456,Fire Protection Organization - Company,01/18/2022,07/01/2027,Active,ACTIVE,,,,,,
TDG FACILITIES SERVICES,,11400 ROCKFIELD CT,,CINCINNATI,OH,45241-1917,(513) 834-6105,53.31.3457,Fire Protection Organization - Company,11/28/2022,07/01/2027,Active,ACTIVE,,,,,,
BRODBECK ELECTRIC LLC,,3828 ROUND BOTTOM RD STE B,,CINCINNATI,OH,45244-2451,(513) 282-9522,53.31.3460,Fire Protection Organization - Company,10/24/2023,07/01/2027,Active,ACTIVE,,,,,,
PRUS CONSTRUCTION INC,,5235 WOOSTER PIKE,,CINCINNATI,OH,45226-2228,(513) 321-7774,53.31.3464,Fire Protection Organization - Company,02/28/2024,07/01/2027,Active,ACTIVE,,,,,,
GALLEY ELECTRIC LLC,,4333 MAYHEW AVE,,CINCINNATI,OH,45238-5596,(513) 823-6020,53.31.3465,Fire Protection Organization - Company,05/24/2024,07/01/2027,Active,ACTIVE,,,,,,
CAMP FIRE LLC,,1532 ADAMS RD,,CINCINNATI,OH,45231-3356,(513) 295-7273,53.31.3466,Fire Protection Organization - Company,10/07/2024,07/01/2027,Active,ACTIVE,,,,,,
MESSER CONSTRUCTION CO,,643 W COURT ST,,CINCINNATI,OH,45203-1511,(513) 242-1541,53.31.3467,Fire Protection Organization - Company,01/08/2025,07/01/2027,Active,ACTIVE,,,,,,
KFS INTEGRATED LLC,,4426 OAKVILLE DR,,CINCINNATI,OH,45211-2461,(513) 403-3583,53.31.3468,Fire Protection Organization - Company,03/12/2025,07/01/2027,Active,ACTIVE,,,,,,
MEINEKE ELECTRONICS LLC,,7883 MAIN ST,,CINCINNATI,OH,45244-3158,(513) 271-8877,53.31.3469,Fire Protection Organization - Company,03/13/2025,07/01/2027,Active,ACTIVE,,,,,,
HAVEN SERVICES CIN LLC,,4895 HAMILTON CLEVES RD,,CLEVES,OH,45002-9752,(513) 353-3311,53.31.3470,Fire Protection Organization - Company,04/10/2025,07/01/2027,Active,ACTIVE,,,,,,
BDC ELECTRIC LLC,,6326 GRACELY DR,,CINCINNATI,OH,45233-1341,(513) 467-0156,53.31.3471,Fire Protection Organization - Company,06/24/2025,07/01/2027,Active,ACTIVE,,,,,,
QUEENCITY ENGINEERING LLC,,1550 TREMONT ST,,CINCINNATI,OH,45214-1432,(815) 797-9191,53.31.3472,Fire Protection Organization - Company,07/25/2025,07/01/2027,Active,ACTIVE,,,,,,
PAVION CORP,,6813 HARRISON AVE,,CINCINNATI,OH,45247-3203,(513) 725-2177,53.31.3473,Fire Protection Organization - Company,09/10/2025,07/01/2027,Active,ACTIVE,,,,,,
JUERGENSEN QUALITY ELECTRIC SOLUTIONS LLC DBA MR ELECTRIC,,10548 HARRISON AVE STE 2000,,HARRISON,OH,45030-2902,(513) 928-3377,53.31.3474,Fire Protection Organization - Company,01/21/2026,07/01/2027,Active,ACTIVE,,,,,,
DJX CONSTRUCTION COMPANY LLC,,5005 WINTON RD,,CINCINNATI,OH,45232-1506,(513) 577-2323,53.31.3475,Fire Protection Organization - Company,03/26/2026,07/01/2027,Active,ACTIVE,,,,,,
STUMPS FIRE PROTECTION & SAFETY,,501 E BIGELOW,,FINDLAY,OH,45840,(419)424-3150,53.32.1001,Fire Protection Organization - Company,06/14/1991,07/01/2027,Active,ACTIVE,,,,,,
VULCAN ENTERPRISES INC,,2600 STATE HIGHWAY 568 STE D,,CAREY,OH,43316-1178,(419)396-3535,53.32.1012,Fire Protection Organization - Company,07/05/1991,07/01/2027,Active,ACTIVE,,,,,,
LONG ELECTRIC SERVICES LLC,,8375 JERRY CITY RD,,WAYNE,OH,43466-9737,(419)423-0075,53.32.1014,Fire Protection Organization - Company,07/22/1991,07/01/2027,Active,ACTIVE,,,,,,
BLANCHARD VALLEY HEALTH SYSTEM,,1900 S MAIN ST,,FINDLAY,OH,45840-1214,(419)423-5244,53.32.1017,Fire Protection Organization - Company,11/21/1991,07/01/2027,Active,ACTIVE,,,,,,
H & R ELECTRIC INC,,"PO BOX 547, 520 E EDGAR AVE",,FINDLAY,OH,45839,(419)423-7900,53.32.1022,Fire Protection Organization - Company,04/15/1994,07/01/2027,Active,ACTIVE,,,,,,
JDR EXCAVATING INC,,PO BOX 1591,433 1/2 OAK AVE,FINDLAY,OH,45839,(419)423-0267,53.32.1030,Fire Protection Organization - Company,05/22/2003,07/01/2027,Active,ACTIVE,,,,,,
NORTHWEST OHIO PROTECTIONS,,1665 TIFFIN AVE STE A1,,FINDLAY,OH,45840-6853,(419)429-1207,53.32.1036,Fire Protection Organization - Company,03/24/2010,07/01/2027,Active,ACTIVE,,,,,,
ALL TERRA INC,,4283 TOWNSHIP ROAD 25,,RAWSON,OH,45881-9720,(419) 963-1000,53.32.1041,Fire Protection Organization - Company,04/18/2017,07/01/2027,Active,ACTIVE,,,,,,
BOWMAN ELECTRIC OF OHIO INC,,3707 WANDA WAY,,FINDLAY,OH,45840-7759,(419) 957-3131,53.32.1042,Fire Protection Organization - Company,12/05/2017,07/01/2027,Active,ACTIVE,,,,,,
HOHENBRINK EXCAVATING LLC,,PO BOX 1743,,FINDLAY,OH,45839-1743,(419) 427-3444,53.32.1043,Fire Protection Organization - Company,11/14/2018,07/01/2027,Active,ACTIVE,,,,,,
FORGE SAFETY SOLUTIONS LLC,,2408 WESTMOOR RD,,FINDLAY,OH,45840-2857,(419) 494-2637,53.32.1045,Fire Protection Organization - Company,07/24/2026,07/01/2027,Active,ACTIVE,,,,,,
"D & E ELECTRIC OF OHIO, LLC",,48401 HAGMAR RIDGE RD,,CADIZ,OH,43907-8747,(740)546-3361,53.34.0001,Fire Protection Organization - Company,08/29/2006,07/01/2027,Active,ACTIVE,,,,,,
J PATERCHAK ENTERPRISES LLC,,78960 HAMILTON RIDGE RD,,FREEPORT,OH,43973-9323,(440) 666-3539,53.34.0004,Fire Protection Organization - Company,01/28/2025,07/01/2027,Active,ACTIVE,,,,,,
BARTELS ELECTRIC INC,,13-414 CTY RD S,PO BOX 110,NAPOLEON,OH,43545,(419)599-2992,53.35.1001,Fire Protection Organization - Company,10/25/1995,07/01/2027,Active,ACTIVE,,,,,,
VONDEYLEN PLUMBING & HEATING INC,,116 E CLINTON ST,,NAPOLEON,OH,43545,(419)592-4756,53.35.1002,Fire Protection Organization - Company,04/23/1997,07/01/2027,Active,ACTIVE,,,,,,
VERNON NAGEL INC,,0154 COUNTY RD 11C,,NAPOLEON,OH,43545,(419) 592-3861,53.35.1451,Fire Protection Organization - Company,05/22/2015,07/01/2027,Active,ACTIVE,,,,,,
JIM SPEISER & SONS INC ELECTRICAL CONTRACTORS,,725 FILLMORE ST,,NAPOLEON,OH,43545-1652,(419) 599-1846,53.35.1452,Fire Protection Organization - Company,03/16/2017,07/01/2027,Active,ACTIVE,,,,,,
WELLER'S PLUMBING & HEATING,,429 S WASHINGTON ST,,GREENFIELD,OH,45123-1438,(937)981-7737,53.36.0001,Fire Protection Organization - Company,07/05/1991,07/01/2027,Active,ACTIVE,,,,,,
GREYSTONE SYSTEMS INC,,4416 TURKEY PIKE,,HILLSBORO,OH,45133,(937)466-2300,53.36.1004,Fire Protection Organization - Company,06/27/1991,07/01/2027,Active,ACTIVE,,,,,,
COX PAVING LLC,,2754 STATE ROUTE 22 SW,,WASHINGTON COURT HOUSE,OH,43160-9200,(937) 584-3200,53.36.1010,Fire Protection Organization - Company,04/01/2010,07/01/2027,Active,ACTIVE,,,,,,
STIMMEL CONSTRUCTION,,PO BOX 737,,LOGAN,OH,43138,(740)380-9800,53.37.0006,Fire Protection Organization - Company,09/21/2000,07/01/2027,Active,ACTIVE,,,,,,
WALTERS SITE DEVELOPMENT INC,,PO BOX 55,,WASHINGTON COURT HOUSE,OH,43160-0055,(740)332-6020,53.37.0014,Fire Protection Organization - Company,01/11/2011,07/01/2027,Active,ACTIVE,,,,,,
BJ'S ELECTRIC INC,,PO BOX 210,,LAURELVILLE,OH,43135,(740)332-3903,53.37.0015,Fire Protection Organization - Company,03/11/2011,07/01/2027,Active,ACTIVE,,,,,,
ED GREEN ELECTRIC INC,,406 W 2ND ST,PO BOX 26,LOGAN,OH,43138-1654,(740)385-8624,53.37.0016,Fire Protection Organization - Company,01/20/2012,07/01/2027,Active,ACTIVE,,,,,,
MILLERSBURG ELECTRIC,,996 S WASHINGTON ST,,MILLERSBURG,OH,44654-8903,(330)674-3806,53.38.0001,Fire Protection Organization - Company,06/27/1991,07/01/2027,Active,ACTIVE,,,,,,
MRE SERVICES INC,,105 DUNKER RD,,BALTIC,OH,43804-9663,(330)897-4869,53.38.1004,Fire Protection Organization - Company,05/20/1991,07/01/2027,Active,ACTIVE,,,,,,
HOLMESVILLE ELECTRIC INC,,PO BOX 81,,HOLMESVILLE,OH,44633-0081,330-279-4522,53.38.1005,Fire Protection Organization - Company,10/02/1991,07/01/2027,Active,ACTIVE,,,,,,
PEPPERS PLUMBING,,5973 STATE ROUTE 241,,MILLERSBURG,OH,44654-9464,(330)674-6961,53.38.1011,Fire Protection Organization - Company,10/11/2007,07/01/2027,Active,ACTIVE,,,,,,
HOLMES FIRE & SAFETY SOLUTIONS LLC,,4841 TWP RD 366,PO BOX 201,BERLIN,OH,44610,(330)893-3139,53.38.1013,Fire Protection Organization - Company,04/28/2009,07/01/2027,Active,ACTIVE,,,,,,
J&M REPAIR LLC,,PO BOX 184,,WINESBURG,OH,44690-0184,(330)234-5025,53.38.1015,Fire Protection Organization - Company,05/13/2013,07/01/2027,Active,ACTIVE,,,,,,
VALLEY VIEW PLUMBING,,DBA BERLIN PLUMBING,PO BOX 265,BERLIN,OH,44610,(330)893-2261,53.38.1016,Fire Protection Organization - Company,05/21/2013,07/01/2027,Active,ACTIVE,,,,,,
J MILLER & SON EXCAVATING LTD,,5924 STATE ROUTE 39,,MILLERSBURG,OH,44654-8331,(330) 674-7238,53.38.1017,Fire Protection Organization - Company,06/24/2014,07/01/2027,Active,ACTIVE,,,,,,
NR EXCAVATING,,5230 TR 355,,MILLERSBURG,OH,44654,(330) 600-8752,53.38.1018,Fire Protection Organization - Company,08/22/2019,07/01/2027,Active,ACTIVE,,,,,,
GRASSBAUGH LLC,,13619 TOWNSHIP ROAD 20,,GLENMONT,OH,44628-9745,(330) 600-8035,53.38.1019,Fire Protection Organization - Company,02/10/2021,07/01/2027,Active,ACTIVE,,,,,,
OHIO FIREWATCH PROTECTION,,7659 TOWNSHIP ROAD 334,,MILLERSBURG,OH,44654-8812,(330) 473-5112,53.38.1020,Fire Protection Organization - Company,01/06/2023,07/01/2027,Active,ACTIVE,,,,,,
FRYBURG EXCAVATING & TRUCKING LLC,,5493 COUNTY ROAD 201,,MILLERSBURG,OH,44654-8846,(330) 231-1127,53.38.1021,Fire Protection Organization - Company,05/18/2023,07/01/2027,Active,ACTIVE,,,,,,
YODER EXCAVATING LLC,,1893 TOWNSHIP ROAD 174,,BALTIC,OH,43804-9625,(330) 897-4081,53.38.1023,Fire Protection Organization - Company,06/17/2024,07/01/2027,Active,ACTIVE,,,,,,
FIRE SAFETY EQUIPMENT INC,,10318 ST RT 269 N,,BELLEVUE,OH,44811,(419)483-7154,53.39.1001,Fire Protection Organization - Company,07/16/1991,07/01/2027,Active,ACTIVE,,,,,,
RJ BECK PROTECTIVE SYSTEMS INC,,300 INDUSTRIAL PKWY,,NORWALK,OH,44857,(419)668-3056,53.39.1004,Fire Protection Organization - Company,06/27/1991,07/01/2027,Active,ACTIVE,,,,,,
MARK SCHAFFER EXCAVATING & TRUCKING,,1623 OLD STATE RD,,NORWALK,OH,44857,(419)668-5990,53.39.1007,Fire Protection Organization - Company,06/07/2001,07/01/2027,Active,ACTIVE,,,,,,
MIDWEST ELECTRIC CO INC,,3875 STATE ROUTE 103 S,PO BOX 46,WILLARD,OH,44890-9042,(419)935-1054,53.39.1010,Fire Protection Organization - Company,12/27/2002,07/01/2027,Active,ACTIVE,,,,,,
A J RILEY INC,,151 AKRON RD,,NORWALK,OH,44857,(419)668-1022,53.39.1012,Fire Protection Organization - Company,02/22/2008,07/01/2027,Active,ACTIVE,,,,,,
R A BORES EXCAVATING INC,,PO BOX 217,,MONROEVILLE,OH,44847-0217,(419)465-4673,53.39.1013,Fire Protection Organization - Company,02/10/2012,07/01/2027,Active,ACTIVE,,,,,,
SUPERIOR FIRE SERVICES,,911 MEADOW LN N,,NORWALK,OH,44857-9391,(419) 202-3633,53.39.1015,Fire Protection Organization - Company,02/17/2016,07/01/2027,Active,ACTIVE,,,,,,
JOHN SMITH FIRE EXTINGUISHER SALES & SERVICE LLC,,209 W OAK ST,,JACKSON,OH,45640-1521,(740)286-4557,53.40.1000,Fire Protection Organization - Company,06/27/1991,07/01/2027,Active,ACTIVE,,,,,,
GEIGER BROTHERS INC,,317 RALPH ST,,JACKSON,OH,45640-2036,(740) 286-0800,53.40.1009,Fire Protection Organization - Company,06/26/2024,07/01/2027,Active,ACTIVE,,,,,,
TRI STATE SECURITY INC,,200 N 4TH ST,,STEUBENVILLE,OH,43952-2104,(740)282-2770,53.41.0001,Fire Protection Organization - Company,05/20/1991,07/01/2027,Active,ACTIVE,,,,,,
TRI STATE FIRE EXTINGUISHER CO INC,,122 S 7TH ST,,STEUBENVILLE,OH,43952-4801,(740) 283-3665,53.41.1001,Fire Protection Organization - Company,06/14/1991,07/01/2027,Active,ACTIVE,,,,,,
FIRE PROTECTION SERVICE LTD,,2904 STATE ROUTE 150,,DILLONVALE,OH,43917-7831,(740) 769-2266,53.41.1019,Fire Protection Organization - Company,05/07/1999,07/01/2027,Active,ACTIVE,,,,,,
CAMPION PIPEFITTING LLC,,4205 ST RT 213,,STEUBENVILLE,OH,43952,(740)283-3319,53.41.1020,Fire Protection Organization - Company,08/12/2004,07/01/2027,Active,ACTIVE,,,,,,
CATTRELL COMPANIES INC,,PO BOX 367,906 FRANKLIN ST,TORONTO,OH,43964-0367,(740)537-2481,53.41.1021,Fire Protection Organization - Company,02/18/2005,07/01/2027,Active,ACTIVE,,,,,,
TS ELECTRIC,,210 S PARK ST,,RICHMOND,OH,43944-6949,(740)765-4321,53.41.1023,Fire Protection Organization - Company,04/22/2005,07/01/2027,Active,ACTIVE,,,,,,
BUCKEYE SECURITY &  INVESTICATIONS LLC,,PO BOX 2454,,STEUBENVILLE,OH,43953-0454,(740) 264-5904,53.41.1024,Fire Protection Organization - Company,06/19/2017,07/01/2027,Active,ACTIVE,,,,,,
FORT STEUBEN MAINTENANCE INC,,PO BOX 310,,STEUBENVILLE,OH,43952-5310,(740) 283-4890,53.41.1025,Fire Protection Organization - Company,03/28/2024,07/01/2027,Active,ACTIVE,,,,,,
CANYON CONSTRUCTION CO,,PO BOX 335,,FREDERICKTOWN,OH,43019-0335,(740)694-9195,53.42.1009,Fire Protection Organization - Company,05/17/1999,07/01/2027,Active,ACTIVE,,,,,,
BUCKINGHAM ELECTRIC LLC,,70 PITTSBURGH AVE,,MOUNT VERNON,OH,43050-3902,(740)504-2959,53.42.1015,Fire Protection Organization - Company,03/26/2009,07/01/2027,Active,ACTIVE,,,,,,
BOWER FIRE EXTINGUISHER SALES & SERVICE,,13892 GILCHRIST RD,,MOUNT VERNON,OH,43050-9214,,53.42.1023,Fire Protection Organization - Company,10/04/2016,07/01/2027,Active,ACTIVE,,,,,,
MILLER ELECTRICAL SOLUTIONS,,15049 CASSELL RD,,FREDERICKTOWN,OH,43019-9053,(740) 507-2004,53.42.1025,Fire Protection Organization - Company,03/08/2017,07/01/2027,Active,ACTIVE,,,,,,
FREEDOM FIRE PROTECTION LLC,,1545 APPLE VALLEY DR,,HOWARD,OH,43028-9008,(740) 501-1310,53.42.1026,Fire Protection Organization - Company,10/03/2019,07/01/2027,Active,ACTIVE,,,,,,
T & T EXCAVATING LTD,,3849 COLUMBUS RD,,CENTERBURG,OH,43011-9015,(740) 625-7918,53.42.1027,Fire Protection Organization - Company,05/18/2021,07/01/2027,Active,ACTIVE,,,,,,
STELLAR 1 COMMUNICATIONS INC,,16 W MAIN ST,,CENTERBURG,OH,43011-7048,(866) 328-1900,53.42.1028,Fire Protection Organization - Company,03/11/2024,07/01/2027,Active,ACTIVE,,,,,,
CUSTOM WIRED LLC DBA CUSTOM WIRED SOLUTIONS,,6430 BREECE RD,,MOUNT VERNON,OH,43050-9113,(740) 397-6123,53.42.1029,Fire Protection Organization - Company,10/07/2024,07/01/2027,Active,ACTIVE,,,,,,
KN EXCAVATION LLC,,PO BOX 183,,MARTINSBURG,OH,43037-0183,(740) 668-3870,53.42.1030,Fire Protection Organization - Company,10/08/2024,07/01/2027,Active,ACTIVE,,,,,,
COFFING ELECTRIC LLC,,601 PITTSBURGH AVE STE D,,MOUNT VERNON,OH,43050-4254,(740) 485-0682,53.42.1032,Fire Protection Organization - Company,09/08/2025,07/01/2027,Active,ACTIVE,,,,,,
LAKE COUNTY SEWER CO INC,,32900 LAKELAND BLVD,,WILLOWICK,OH,44095-5234,(440) 585-5757,53.43.0005,Fire Protection Organization - Company,06/27/1991,07/01/2027,Active,ACTIVE,,,,,,
FORMICA PLUMBING & SEWER CO,,1445 E 289TH ST,,WICKLIFFE,OH,44092-2305,(440)943-0033,53.43.0007,Fire Protection Organization - Company,06/27/1991,07/01/2027,Active,ACTIVE,,,,,,
JOHN F GALLAGHER PLUMBING CO,,36360 LAKELAND BLVD,,EASTLAKE,OH,44095-5314,(440)946-4256,53.43.1017,Fire Protection Organization - Company,05/20/1991,07/01/2027,Active,ACTIVE,,,,,,
AJ GOULDER ELECTRIC CO,,4307 HAMANN PARKWAY,,WILLOUGHBY,OH,44094,(440) 942-4026,53.43.1019,Fire Protection Organization - Company,05/20/1991,07/01/2027,Active,ACTIVE,,,,,,
JTO INC,,6011 HEISLEY RD,,MENTOR,OH,44060,(440)352-1900,53.43.1023,Fire Protection Organization - Company,06/14/1991,07/01/2027,Active,ACTIVE,,,,,,
CHAMPION FIRE EQUIPMENT INC,,5316 LORAIN AVE,PO BOX 602060,CLEVELAND,OH,44102,(216)281-5700,53.43.1026,Fire Protection Organization - Company,05/20/1991,07/01/2027,Active,ACTIVE,,,,,,
RESIDENTIAL SECURITY SYSTEMS INC,,7552 SAINT CLAIR AVE STE E,,MENTOR,OH,44060-5201,(216)946-2715,53.43.1032,Fire Protection Organization - Company,07/05/1991,07/01/2027,Active,ACTIVE,,,,,,
POWER ALARM INC,,25086 LAKELAND BLVD,,EUCLID,OH,44132-2628,(216)289-5600,53.43.1034,Fire Protection Organization - Company,06/27/1991,07/01/2027,Active,ACTIVE,,,,,,
LUBRIZOL CORP,,29400 LAKELAND BLVD,"MICHAEL SATER, MAIL DROP 011A",WICKLIFFE,OH,44092-2201,(440)391-7223,53.43.1046,Fire Protection Organization - Company,06/14/1991,07/01/2027,Active,ACTIVE,,,,,,
COMPLETE CONSTRUCTION SITE MNGMT CO,,8263 DINES ROAD,,NOVELTY,OH,44072,(216)469-2408,53.43.1065,Fire Protection Organization - Company,04/28/1992,07/01/2027,Active,ACTIVE,,,,,,
KENCO ELECTRIC INC,,8541 EAST AVE,,MENTOR,OH,44060,(440)255-9188,53.43.1071,Fire Protection Organization - Company,07/14/1993,07/01/2027,Active,ACTIVE,,,,,,
CAMINO CONSTRUCTION INC,,1548 E 367TH ST,,EASTLAKE,OH,44095,(440)942-1626,53.43.1076,Fire Protection Organization - Company,03/14/1994,07/01/2027,Active,ACTIVE,,,,,,
TERRACE CONSTRUCTION CO INC,,3965 PEARL RD,,CLEVELAND,OH,44109-3103,(216)946-1314,53.43.1077,Fire Protection Organization - Company,04/13/1995,07/01/2027,Active,ACTIVE,,,,,,
VIP ELECTRIC CO,,8358 MENTOR AVE,,MENTOR,OH,44060,(440)255-0180,53.43.1086,Fire Protection Organization - Company,12/05/1997,07/01/2027,Active,ACTIVE,,,,,,
BROTHERS CONSTRUCTION INC,,PO BOX 484,,GRAND RIVER,OH,44045,(440)669-1907,53.43.1091,Fire Protection Organization - Company,12/31/1998,07/01/2027,Active,ACTIVE,,,,,,
NORTHEASTERN REFRIGERATION CORP,,38274 WESTERN PKWY,,WILLOUGHBY,OH,44094-7590,(440)942-7676,53.43.1093,Fire Protection Organization - Company,01/27/1999,07/01/2027,Active,ACTIVE,,,,,,
FARINACCI CONTRACTORS INC,,34980 LAKELAND BLVD,,EASTLAKE,OH,44095,(440)946-1117,53.43.1094,Fire Protection Organization - Company,04/02/1999,07/01/2027,Active,ACTIVE,,,,,,
AMERICAN FIRE & SPRINKLER LLC,,1285 E 49TH ST,,CLEVELAND,OH,44114-3809,(440)463-5012,53.43.1101,Fire Protection Organization - Company,12/29/2005,07/01/2027,Active,ACTIVE,,,,,,
MAROUS BROTHERS CONSTRUCTION,,36933 VINE ST,,WILLOUGHBY,OH,44094-6340,(440)951-3904,53.43.1102,Fire Protection Organization - Company,01/17/2006,07/01/2027,Active,ACTIVE,,,,,,
DAVIS DIGGERS INC,,7985 KING MEMORIAL RD,,MENTOR,OH,44060-7328,(440)205-5500,53.43.1103,Fire Protection Organization - Company,01/24/2006,07/01/2027,Active,ACTIVE,,,,,,
LIFE SAFETY ENTERPRISES INC,,4699 HAMANN PKWY,,WILLOUGHBY,OH,44094-5631,(440)918-1641,53.43.1105,Fire Protection Organization - Company,05/23/2007,07/01/2027,Active,ACTIVE,,,,,,
HANNAH ELECTRIC LLC,,4680 LANE RD,PO BOX 24,PERRY,OH,44081-9654,(440)259-2464,53.43.1108,Fire Protection Organization - Company,01/23/2008,07/01/2027,Active,ACTIVE,,,,,,
HORNER NETWORKS LLC,,9112 TYLER BLVD,,MENTOR,OH,44060,(440)368-5649,53.43.1109,Fire Protection Organization - Company,02/15/2008,07/01/2027,Active,ACTIVE,,,,,,
ABV CONTRACTORS INC,,36315 READING AVE,,WILLOUGHBY,OH,44094-8206,(440)951-9420,53.43.1113,Fire Protection Organization - Company,05/25/2010,07/01/2027,Active,ACTIVE,,,,,,
J R SBROCCO PLUMBING INC,,38310 WILLOUGHBY PKWY,,WILLOUGHBY,OH,44094-7584,(440)278-4151,53.43.1115,Fire Protection Organization - Company,12/28/2010,07/01/2027,Active,ACTIVE,,,,,,
GREAT LAKES CRUSHING LTD,,30831 EUCLID AVE,,WICKLIFFE,OH,44092-1042,(440)944-5500,53.43.1116,Fire Protection Organization - Company,04/22/2011,07/01/2027,Active,ACTIVE,,,,,,
PRECISION ALARMTECH INC,,25730 LAKELAND BLVD,,EUCLID,OH,44132-2635,(440) 278-4375,53.43.1118,Fire Protection Organization - Company,05/02/2011,07/01/2027,Active,ACTIVE,,,,,,
V.L. CHAPMAN ELECTRIC INC,,624 RIVER STREET,,GRAND RIVER,OH,44045,,53.43.1120,Fire Protection Organization - Company,06/17/2011,07/01/2027,Active,ACTIVE,,,,,,
HECKMAN EXCAVATING INC,,8958 TYLER BLVD,,MENTOR,OH,44060-2185,(440)226-0180,53.43.1123,Fire Protection Organization - Company,04/23/2013,07/01/2027,Active,ACTIVE,,,,,,
DIFONZO MASONRY & CEMENT INC,,36036 LAKELAND BLVD,,EASTLAKE,OH,44095,(440)942-7441,53.43.1181,Fire Protection Organization - Company,04/12/2007,07/01/2027,Active,ACTIVE,,,,,,
PLATFORM CONTRACTING,,7503 TYLER BLVD,,MENTOR,OH,44060-5403,(440) 602-9750,53.43.1184,Fire Protection Organization - Company,03/02/2015,07/01/2027,Active,ACTIVE,,,,,,
TRI - D PLUMBING LLC,,6345 CARNEGIE ST,,MENTOR,OH,44060-4532,(440) 269-8461,53.43.1185,Fire Protection Organization - Company,03/27/2017,07/01/2027,Active,ACTIVE,,,,,,
HALLMARK EXCAVATING INC,,482 BLACKBROOK RD,,PAINESVILLE,OH,44077-1219,(440) 352-3138,53.43.1187,Fire Protection Organization - Company,02/06/2018,07/01/2027,Active,ACTIVE,,,,,,
ELECTRONIC FORTRESS INC,,1110 DARTMOUTH DR,,PAINESVILLE,OH,44077-5287,(440) 392-6002,53.43.1189,Fire Protection Organization - Company,10/10/2018,07/01/2027,Active,ACTIVE,,,,,,
EDENS EXCAVATING INC,,PO BOX 7103,,EASTLAKE,OH,44097-0103,(440) 525-5495,53.43.1190,Fire Protection Organization - Company,04/19/2019,07/01/2027,Active,ACTIVE,,,,,,
ADELIOS CONTRACTING,,24971 ROCKWELL DR,,EUCLID,OH,44117-1237,(440) 943-2233,53.43.1191,Fire Protection Organization - Company,10/25/2019,07/01/2027,Active,ACTIVE,,,,,,
LEGACY FIRE AND SECURITY,,30432 EUCLID AVE STE 105,,WICKLIFFE,OH,44092-1560,(440) 571-1609,53.43.1195,Fire Protection Organization - Company,03/17/2021,07/01/2027,Active,ACTIVE,,,,,,
A FRIEND INDEED LLC DBA MAC FIRE PROTECTION,,PO BOX 824,,WICKLIFFE,OH,44092-0824,(440) 753-6333,53.43.1197,Fire Protection Organization - Company,01/14/2022,07/01/2027,Active,ACTIVE,,,,,,
OHIO STATE FIRE PROTECTION CORPORATION,,7988 LINDEN ST,,MENTOR ON THE LAKE,OH,44060-2552,(216) 235-3681,53.43.1198,Fire Protection Organization - Company,03/06/2023,07/01/2027,Active,ACTIVE,,,,,,
BUCKEYE REPAIR AND MAINTENANCE LLC,,9401 MENTOR AVE UNIT 261,,MENTOR,OH,44060-4519,(440) 679-8962,53.43.1201,Fire Protection Organization - Company,02/25/2025,07/01/2027,Active,ACTIVE,,,,,,
MT4 LLC,,3625 LOST NATION RD,,WILLOUGHBY,OH,44094-7756,(440) 269-8898,53.43.1203,Fire Protection Organization - Company,04/10/2025,07/01/2027,Active,ACTIVE,,,,,,
NEXTGEN ELECTRIC INC,,11 KEEWAYDIN DR,,TIMBERLAKE,OH,44095-1919,(440) 336-0816,53.43.1204,Fire Protection Organization - Company,05/29/2025,07/01/2027,Active,ACTIVE,,,,,,
BPC REALTY HOLDINGS LLC,,9049 TYLER BLVD,,MENTOR,OH,44060-1868,(440) 205-3383,53.43.1205,Fire Protection Organization - Company,01/12/2026,07/01/2027,Active,ACTIVE,,,,,,
VISUAL ARMOR DBA VISUAL ARMOR SECURITY,,13575 LEROY CENTER RD,,PAINESVILLE,OH,44077-9780,(440) 336-1719,53.43.1206,Fire Protection Organization - Company,06/10/2026,07/01/2027,Active,ACTIVE,,,,,,
GLS ELECTRIC INC,,704 4TH ST W,,SOUTH POINT,OH,45680-9356,(740)377-9696,53.44.1007,Fire Protection Organization - Company,03/18/2009,07/01/2027,Active,ACTIVE,,,,,,
TRI STATE FIRE SPRINKLER LLC,,161 COUNTY ROAD 104,,CHESAPEAKE,OH,45619-8562,(740) 744-6191,53.44.1010,Fire Protection Organization - Company,10/11/2023,07/01/2027,Active,ACTIVE,,,,,,
KE GUTRIDGE LLC,,88 S 2ND ST,,NEWARK,OH,43055-5417,(740)349-9411,53.45.1011,Fire Protection Organization - Company,06/27/1991,07/01/2027,Active,ACTIVE,,,,,,
GB FIRE SYSTEMS INC,,14076 DUTCH CROSS RD,,CENTERBURG,OH,43011-9341,(740)893-2075,53.45.1027,Fire Protection Organization - Company,06/14/1991,07/01/2027,Active,ACTIVE,,,,,,
LAYTON EXCAVATING INC,,169 DAYTON RD NE,,NEWARK,OH,43055-8879,(740)349-7101,53.45.1051,Fire Protection Organization - Company,04/02/1999,07/01/2027,Active,ACTIVE,,,,,,
SECURITY CONTRACTORS,,6550 OUTVILLE RD SW,,PATASKALA,OH,43062-9525,(740)927-0657,53.45.1052,Fire Protection Organization - Company,08/31/2000,07/01/2027,Active,ACTIVE,,,,,,
STEVE SALYER ELECTRIC,,7472 ROCKY RIDGE RD NE,,NEWARK,OH,43055-9696,(740)745-3359,53.45.1053,Fire Protection Organization - Company,09/05/2000,07/01/2027,Active,ACTIVE,,,,,,
HOUSTON PLUMBING & HEATING INC,,724 MONTGOMERY RD NE,,NEWARK,OH,43055,(740)763-3961,53.45.1058,Fire Protection Organization - Company,05/21/2001,07/01/2027,Active,ACTIVE,,,,,,
A R C ELECTRICAL CONTRACTORS,,1059 SAILING CT,,WESTERVILLE,OH,43082,(740)344-2839,53.45.1063,Fire Protection Organization - Company,01/22/2003,07/01/2027,Active,ACTIVE,,,,,,
MID OHIO SECURITY AND ELECTRIC,,1050 HARRIS AVE,,NEWARK,OH,43055-2429,(740) 345-3340,53.45.1066,Fire Protection Organization - Company,01/12/2004,07/01/2027,Active,ACTIVE,,,,,,
WEEKLEY ELECTRIC LLC,,1960 MOUNT VERNON RD,,NEWARK,OH,43055-3412,(740)366-0095,53.45.1069,Fire Protection Organization - Company,04/17/2006,07/01/2027,Active,ACTIVE,,,,,,
NUWAY INCORPORATED,,996 THORNWOOD DR,,HEATH,OH,43056-9333,(740)587-2452,53.45.1076,Fire Protection Organization - Company,06/18/2010,07/01/2027,Active,ACTIVE,,,,,,
LAYTON TRUCKING INC,DBA LAYTON SERVICES,1384 E MAIN ST,,NEWARK,OH,43055-1199,(740)366-1447,53.45.1078,Fire Protection Organization - Company,09/14/2011,07/01/2027,Active,ACTIVE,,,,,,
ADVANCED BUSINESS COMMUNICATIONS,,77 DAYTON RD NE,,NEWARK,OH,43055-8814,(740)328-4037,53.45.1080,Fire Protection Organization - Company,02/27/2012,07/01/2027,Active,ACTIVE,,,,,,
HOCKING TECHNICAL COLLEGE,,3301 HOCKING PKWY,,NELSONVILLE,OH,45764-9582,(740) 438-4702,53.45.1165,Fire Protection Organization - Company,05/11/2001,07/01/2027,Active,ACTIVE,,,,,,
TECHNICOM  EFS LLC,,480 E WILSON BRIDGE RD STE E,,WORTHINGTON,OH,43085-2372,(614) 546-9697,53.45.1168,Fire Protection Organization - Company,05/06/2015,07/01/2027,Active,ACTIVE,,,,,,
WATSON GENERAL CONTRACTING,,PO BOX 425,,NEWARK,OH,43058-0425,740-366-9066,53.45.1169,Fire Protection Organization - Company,04/27/2016,07/01/2027,Active,ACTIVE,,,,,,
MARK CANTRELL PLUMBING,,142 E PRATT ST,,JOHNSTOWN,OH,43031-1241,(740) 967-2000,53.45.1170,Fire Protection Organization - Company,04/29/2016,07/01/2027,Active,ACTIVE,,,,,,
TAYLOR GRADE LLC,,5677 CRISTLAND HILL RD,,THORNVILLE,OH,43076-9356,(740) 404-1266,53.45.1173,Fire Protection Organization - Company,08/27/2019,07/01/2027,Active,ACTIVE,,,,,,
TLV SERVICES INC,,4240 MORSE RD,,ALEXANDRIA,OH,43001-8737,(740) 587-0044,53.45.1174,Fire Protection Organization - Company,12/02/2019,07/01/2027,Active,ACTIVE,,,,,,
DMO PROTECTIVE SERVICES LLC,,PO BOX 4325,,NEWARK,OH,43058-4325,(740) 344-6256,53.45.1178,Fire Protection Organization - Company,08/26/2021,07/01/2027,Active,ACTIVE,,,,,,
SECURITY ONE SYSTEMS INC,,PO BOX 74,,PATASKALA,OH,43062-0074,(614) 868-0918,53.45.1179,Fire Protection Organization - Company,04/13/2022,07/01/2027,Active,ACTIVE,,,,,,
COLE CONSTRUCTION HOME REMODELING INC,,PO BOX 97,,ETNA,OH,43018-0097,(740) 739-0146,53.45.1180,Fire Protection Organization - Company,07/11/2022,07/01/2027,Active,ACTIVE,,,,,,
J COM DATA INC,,6706 WATKINS RD SW,,PATASKALA,OH,43062-9538,(614) 304-1455,53.45.1181,Fire Protection Organization - Company,07/20/2022,07/01/2027,Active,ACTIVE,,,,,,
DESIGN BUILD ELECTRIC LTD,,10014 HONDA HILLS RD,,THORNVILLE,OH,43076-9019,(614) 578-2874,53.45.1182,Fire Protection Organization - Company,01/31/2023,07/01/2027,Active,ACTIVE,,,,,,
MIDWEST SITE DEVELOPMENT LLC,,6498 TAYLOR RD SW,,REYNOLDSBURG,OH,43068-9633,(220) 228-4937,53.45.1183,Fire Protection Organization - Company,08/14/2023,07/01/2027,Active,ACTIVE,,,,,,
BEREAN ELECTRIC LLC,,11845 MOUNT HOPE,,GLENFORD,OH,43739,(833) 548-3877,53.45.1184,Fire Protection Organization - Company,11/30/2023,07/01/2027,Active,ACTIVE,,,,,,
TD4 ELECTRICAL LLC,,3413 LICKING VALLEY RD,,NEWARK,OH,43055-9108,(740) 755-5536,53.45.1185,Fire Protection Organization - Company,01/09/2024,07/01/2027,Active,ACTIVE,,,,,,
HEARTLAND FIRE & SAFETY LLC,,PO BOX 840,,JOHNSTOWN,OH,43031-0840,(740) 789-6578,53.45.1186,Fire Protection Organization - Company,02/23/2024,07/01/2027,Active,ACTIVE,,,,,,
FALCON FIRE PROTECTION,,159 DELAWARE ST,,CROTON,OH,43013-9701,(614) 374-2001,53.45.1188,Fire Protection Organization - Company,06/20/2024,07/01/2027,Active,ACTIVE,,,,,,
LAW GENERAL CONTRACTING INC,,9128 MOUNT VERNON RD,,SAINT LOUISVILLE,OH,43071-9637,(740) 745-3420,53.45.1189,Fire Protection Organization - Company,06/10/2025,07/01/2027,Active,ACTIVE,,,,,,
HL SECURITY,,1052 S COUNTY LINE RD,,JOHNSTOWN,OH,43031-9214,(614) 218-5853,53.45.1190,Fire Protection Organization - Company,07/11/2025,07/01/2027,Active,ACTIVE,,,,,,
ROBERTSON CONSTRUCTION SERVICES LLC,,1801 THORNWOOD DR,,HEATH,OH,43056-9311,(740) 929-1000,53.45.1191,Fire Protection Organization - Company,10/07/2025,07/01/2027,Active,ACTIVE,,,,,,
ALLIANCE ELECTRIC CO LLC,,3333 BLACKS RD SW,,HEBRON,OH,43025-9775,(614) 500-0595,53.45.1192,Fire Protection Organization - Company,12/17/2025,07/01/2027,Active,ACTIVE,,,,,,
FIRE SAFETY SERVICES INC,,6228 ROAD 95,,HUNTSVILLE,OH,43324,(937) 686-2000,53.46.1000,Fire Protection Organization - Company,06/10/1991,07/01/2027,Active,ACTIVE,,,,,,
THE STRAYER CO,,PO BOX 446,131 W CHILLICOTHE AVE,BELLEFONTAINE,OH,43311,(935)592-5826,53.46.1005,Fire Protection Organization - Company,08/21/1991,07/01/2027,Active,ACTIVE,,,,,,
OHIO HI POINT JVS,,2280 STATE ROUTE 540,,BELLEFONTAINE,OH,43311-9508,(937) 408-4935,53.46.1007,Fire Protection Organization - Company,06/03/1991,07/01/2027,Active,ACTIVE,,,,,,
H B I ELECTRIC,,10164 COUNTY ROAD 10,,EAST LIBERTY,OH,43319-9455,(937)666-5088,53.46.1009,Fire Protection Organization - Company,07/21/1995,07/01/2027,Active,ACTIVE,,,,,,
REICHERT EXCAVATING INC,,11418 STATE ROUTE 274,,LEWISTOWN,OH,43333-9706,(937)843-6527,53.46.1014,Fire Protection Organization - Company,04/07/2005,07/01/2027,Active,ACTIVE,,,,,,
LINK CONSTRUCTION GROUP INC,,895 COUNTY ROAD 32 N,,BELLEFONTAINE,OH,43311-9210,(937)292-7774,53.46.1015,Fire Protection Organization - Company,05/22/2012,07/01/2027,Active,ACTIVE,,,,,,
LA ROBSON & SONS LLC,,2705 SANDUSKY ST,,ZANESFIELD,OH,43360-1100,(937) 844-2086,53.46.1017,Fire Protection Organization - Company,04/09/2018,07/01/2027,Active,ACTIVE,,,,,,
LEVANS EXCAVATING INC,,4198 US HIGHWAY 68 S,,WEST LIBERTY,OH,43357-9431,(937) 599-2535,53.46.1018,Fire Protection Organization - Company,10/04/2022,07/01/2027,Active,ACTIVE,,,,,,
ROMCO FIRE & SAFETY,,800 W 6TH ST,PO BOX 342,LORAIN,OH,44052-1716,(440) 282-9226,53.47.1001,Fire Protection Organization - Company,07/05/1991,07/01/2027,Active,ACTIVE,,,,,,
GROSS PLUMBING INC,,6843 LAKE AVE,,ELYRIA,OH,44035-2149,(440)324-7677,53.47.1006,Fire Protection Organization - Company,06/26/1991,07/01/2027,Active,ACTIVE,,,,,,
NOVAK ELECTRIC CO,,574 TERNES LN,,ELYRIA,OH,44035-6252,(440)366-3413,53.47.1009,Fire Protection Organization - Company,06/27/1991,07/01/2027,Active,ACTIVE,,,,,,
REBMAN SYSTEMS INC,,1909 N RIDGE RD E,,LORAIN,OH,44055-3379,(440)282-2008,53.47.1014,Fire Protection Organization - Company,07/16/1991,07/01/2027,Active,ACTIVE,,,,,,
BAY MECHANICAL & ELECTRICAL CORP,,2221 W PARK DR,,LORAIN,OH,44053-1158,(440)282-6816,53.47.1022,Fire Protection Organization - Company,05/20/1991,07/01/2027,Active,ACTIVE,,,,,,
SOUTH SHORE ELECTRIC INC,,589 TERNES LN,PO BOX 321,ELYRIA,OH,44035-6251,(440)366-6289,53.47.1025,Fire Protection Organization - Company,07/16/1991,07/01/2027,Active,ACTIVE,,,,,,
LUCAS PLUMBING & HEATING INC,,2125 W PARK DR,,LORAIN,OH,44053,(440)282-4567,53.47.1048,Fire Protection Organization - Company,07/16/1993,07/01/2027,Active,ACTIVE,,,,,,
CALLIHAN ELECTRIC INC,,10359 VERMILION RD,,OBERLIN,OH,44074-9216,(440)965-4228,53.47.1049,Fire Protection Organization - Company,07/21/1993,07/01/2027,Active,ACTIVE,,,,,,
JIMS ELECTRIC,,39221 CENTER RIDGE RD,,NORTH RIDGEVILLE,OH,44039-2747,(440) 327-8800,53.47.1053,Fire Protection Organization - Company,09/07/1993,07/01/2027,Active,ACTIVE,,,,,,
RAY ESSER SONS INC,,830 WALNUT ST STE 1,,ELYRIA,OH,44035,(440)324-2018,53.47.1063,Fire Protection Organization - Company,01/31/1995,07/01/2027,Active,ACTIVE,,,,,,
DICK ESSER PLUMBING & HEATING INC,,830 WALNUT ST,,ELYRIA,OH,44035-3353,,53.47.1064,Fire Protection Organization - Company,01/31/1995,07/01/2027,Active,ACTIVE,,,,,,
PRECISION EXHAUST HOOD CO,,33780 MILLS RD,,AVON,OH,44011,(216)252-0014,53.47.1077,Fire Protection Organization - Company,10/22/1998,07/01/2027,Active,ACTIVE,,,,,,
KELLY BROTHERS CONSTRUCTION INC,,PO BOX 311,,ELYRIA,OH,44036-0311,,53.47.1078,Fire Protection Organization - Company,02/25/1999,07/01/2027,Active,ACTIVE,,,,,,
"SUBURBAN PROCESS PIPING, INC",,490 NICHOLSON AVE,,VERMILION,OH,44089,(440)967-0469,53.47.1082,Fire Protection Organization - Company,09/11/2000,07/01/2027,Active,ACTIVE,,,,,,
AKA ELECTRIC INC,,33900 LEAR INDUSTRIAL PKWY,,AVON,OH,44011-1377,(330) 648-9922,53.47.1097,Fire Protection Organization - Company,04/17/2006,07/01/2027,Active,ACTIVE,,,,,,
NORTHCOAST INTEGRATED TECHNOLOGIES,,26260 CENTER RIDGE RD,,WESTLAKE,OH,44145-4016,(440)930-5117,53.47.1098,Fire Protection Organization - Company,09/21/2006,07/01/2027,Active,ACTIVE,,,,,,
ARMOR PLUMBING & FIRE PROTECTION,,35250 DUNHAM RD,,LITCHFIELD,OH,44253-9433,(440)355-4480,53.47.1101,Fire Protection Organization - Company,12/07/2006,07/01/2027,Active,ACTIVE,,,,,,
HERCULES FIRE PROTECTION & PLUMBING,,11060 DURKEE RD,,GRAFTON,OH,44044-9100,(440)748-3778,53.47.1102,Fire Protection Organization - Company,01/02/2007,07/01/2027,Active,ACTIVE,,,,,,
KMU TRUCKING & EXCAVATING INC,,4436 CENTER RD,,AVON,OH,44011-2369,(440)934-1008,53.47.1103,Fire Protection Organization - Company,01/30/2007,07/01/2027,Active,ACTIVE,,,,,,
BUTCHKO ELECTRIC INC,,7333 S DEWEY RD,,AMHERST,OH,44001,(440)985-3180,53.47.1108,Fire Protection Organization - Company,08/24/2007,07/01/2027,Active,ACTIVE,,,,,,
LIFE SAFETY TECHNOLOGIES SPEC SYS,,760 SUNNY SIDE RD,,VERMILION,OH,44089,(440)963-4010,53.47.1109,Fire Protection Organization - Company,11/30/2007,07/01/2027,Active,ACTIVE,,,,,,
"SITETECH, INC",,35700 ROYALTON RD,,GRAFTON,OH,44044-9586,(440)748-7483,53.47.1110,Fire Protection Organization - Company,01/04/2008,07/01/2027,Active,ACTIVE,,,,,,
KENDERA ENTERPRISES INC,,1067 JAYCOX RD,,AVON,OH,44011,(440)937-5200,53.47.1111,Fire Protection Organization - Company,02/22/2008,07/01/2027,Active,ACTIVE,,,,,,
KODIAK CONSTRUCTION INC,,4431 STONEY RIDGE RD,,AVON,OH,44011-2229,(440)934-1586,53.47.1117,Fire Protection Organization - Company,09/29/2009,07/01/2027,Active,ACTIVE,,,,,,
DIGGERS OF OHIO LLC,,507 W MAIN ST,,AMHERST,OH,44001-9709,(440)986-8028,53.47.1119,Fire Protection Organization - Company,11/20/2009,07/01/2027,Active,ACTIVE,,,,,,
WINK ELECTRIC,,5640 BROAD BLVD,,NORTH RIDGEVILLE,OH,44039,(440)346-4125,53.47.1120,Fire Protection Organization - Company,01/13/2010,07/01/2027,Active,ACTIVE,,,,,,
BCT ALARM SERVICES INC,,5064 OBERLIN AVE,,LORAIN,OH,44053-3432,(440)669-8153,53.47.1121,Fire Protection Organization - Company,02/11/2010,07/01/2027,Active,ACTIVE,,,,,,
MCCONNELL EXCAVATING LTD,,15804 STATE ROUTE 58,,OBERLIN,OH,44074-9580,(440)774-4578,53.47.1122,Fire Protection Organization - Company,06/18/2010,07/01/2027,Active,ACTIVE,,,,,,
KLR FIRE & SECURITY LLC,,12450 EATON COMMERCE PKWY STE 3,,COLUMBIA STATION,OH,44028-9213,(440)236-8915,53.47.1123,Fire Protection Organization - Company,02/10/2011,07/01/2027,Active,ACTIVE,,,,,,
AA FIRE PROTECTION LLC,,620 SUGAR LN,,ELYRIA,OH,44035-6310,(866) 647-3398,53.47.1124,Fire Protection Organization - Company,05/03/2011,07/01/2027,Active,ACTIVE,,,,,,
SHANNON ELECTRIC,,1400 E 34TH ST,,CLEVELAND,OH,44114-4113,(216)410-7951,53.47.1126,Fire Protection Organization - Company,06/17/2011,07/01/2027,Active,ACTIVE,,,,,,
MODERN POURED WALLS INC,,PO BOX 598,,LAGRANGE,OH,44050-0598,(440)647-6661,53.47.1127,Fire Protection Organization - Company,10/03/2011,07/01/2027,Active,ACTIVE,,,,,,
KLINECT TV LLC,,891 MAIN ST,,GRAFTON,OH,44044-1435,(440) 926-2419,53.47.1133,Fire Protection Organization - Company,01/13/2017,07/01/2027,Active,ACTIVE,,,,,,
MCMILLEN FIRE PROTECTION LLC,,620 SUGAR LN,,ELYRIA,OH,44035-6310,(866) 347-6869,53.47.1140,Fire Protection Organization - Company,03/26/2021,07/01/2027,Active,ACTIVE,,,,,,
3J ENTERPRISES INC,,8365 GORE ORPHANAGE RD,,VERMILION,OH,44089-9424,(567) 623-3330,53.47.1141,Fire Protection Organization - Company,01/18/2022,07/01/2027,Active,ACTIVE,,,,,,
Z PROTECTION SERVICES LLC,,620 E SMITH RD # 14,,MEDINA,OH,44256-2692,(330) 940-1309,53.47.1142,Fire Protection Organization - Company,07/05/2022,07/01/2027,Active,ACTIVE,,,,,,
SCHAFER EXCAVATING LLC,,1471 LEAR INDUSTRIAL PKWY,,AVON,OH,44011-1359,(440) 506-7015,53.47.1143,Fire Protection Organization - Company,02/21/2023,07/01/2027,Active,ACTIVE,,,,,,
AVANTI ONE LLC,,117 BUCKEYE ST,,SOUTH AMHERST,OH,44001-2809,(440) 452-5078,53.47.1144,Fire Protection Organization - Company,03/06/2023,07/01/2027,Active,ACTIVE,,,,,,
STACK HEATING AND COOLING LLC,,37520 COLORADO AVE,,AVON,OH,44011-1534,(440) 937-9134,53.47.1146,Fire Protection Organization - Company,04/24/2024,07/01/2027,Active,ACTIVE,,,,,,
SALVATORE EXCAVATING LLC,,40005 BANKS RD,,GRAFTON,OH,44044-9702,(216) 256-0818,53.47.1147,Fire Protection Organization - Company,06/04/2024,07/01/2027,Active,ACTIVE,,,,,,
TURNKEY LOCKSMITH & SECURITY LLC,,513 BAYBERRY RD,,LORAIN,OH,44053-3813,(440) 830-9039,53.47.1148,Fire Protection Organization - Company,06/28/2024,07/01/2027,Active,ACTIVE,,,,,,
J A KILBY ENTERPRISES INC,,PO BOX 39067,,NORTH RIDGEVILLE,OH,44039-0067,(440) 327-3433,53.47.1149,Fire Protection Organization - Company,08/28/2024,07/01/2027,Active,ACTIVE,,,,,,
HOHMAN ELECTRIC INC,,6241 AVON BELDEN RD,,NORTH RIDGEVILLE,OH,44039-1311,(440) 459-2753,53.47.1150,Fire Protection Organization - Company,12/02/2024,07/01/2027,Active,ACTIVE,,,,,,
WEST SHORE FIRE AND SECURITY LLC,,5269 SANCTUARY LN,,SHEFFIELD LAKE,OH,44054-3101,(440) 865-7102,53.47.1151,Fire Protection Organization - Company,12/17/2024,07/01/2027,Active,ACTIVE,,,,,,
C & C MECHANICAL LLC,,40061 JONES RD,,WELLINGTON,OH,44090-9663,(330) 368-4663,53.47.1152,Fire Protection Organization - Company,01/10/2025,07/01/2027,Active,ACTIVE,,,,,,
RELIABLE BASEMENT AND DRAIN LLC,,214 E 34TH ST,,LORAIN,OH,44055-1218,(440) 324-2380,53.47.1154,Fire Protection Organization - Company,03/14/2025,07/01/2027,Active,ACTIVE,,,,,,
BULLDOG BACKFLOW SERVICES LLC,,32360 STONEY BROOK DR,,AVON LAKE,OH,44012-2153,(419) 541-0514,53.47.1156,Fire Protection Organization - Company,11/07/2025,07/01/2027,Active,ACTIVE,,,,,,
DOVIN LANDWORKS LLC,,48090 STATE ROUTE 303,,WELLINGTON,OH,44090-9713,(440) 935-8989,53.47.1157,Fire Protection Organization - Company,02/03/2026,07/01/2027,Active,ACTIVE,,,,,,
SUNSHINE ELECTRIC INC,,601 GREENLAWN DR,,AMHERST,OH,44001-1027,(440) 864-4088,53.47.1158,Fire Protection Organization - Company,03/06/2026,07/01/2027,Active,ACTIVE,,,,,,
PHIL SOFIA ENTERPRISES LLC,,5821 OAK POINT RD,,LORAIN,OH,44053-1856,(770) 712-6497,53.47.1159,Fire Protection Organization - Company,03/30/2026,07/01/2027,Active,ACTIVE,,,,,,
INDUSTRIAL POWER SYSTEMS INC,,146 DIXIE HWY,,ROSSFORD,OH,43460-1215,(419)531-3121,53.48.0003,Fire Protection Organization - Company,07/16/1991,07/01/2027,Active,ACTIVE,,,,,,
WESTRIVER GROUP INC,,501 W SOPHIA ST,,MAUMEE,OH,43537,(419) 893-1480,53.48.0011,Fire Protection Organization - Company,05/20/1991,07/01/2027,Active,ACTIVE,,,,,,
GUARDIAN ALARM COMPANY,JENNIFER BOWIN,26711 NORTHWESTERN HWY STE 600,,SOUTHFIELD,MI,48033-2156,(419)255-8400,53.48.1002,Fire Protection Organization - Company,06/10/1991,07/01/2027,Active,ACTIVE,,,,,,
HABITEC SECURITY INC,,1545 TIMBER WOLF DR,,HOLLAND,OH,43528-9130,(419) 534-4623,53.48.1005,Fire Protection Organization - Company,07/16/1991,07/01/2027,Active,ACTIVE,,,,,,
JOHNSON CONTROLS FIRE PROTECTION LP,LICENSEING DEPT,PO BOX 3042,,BOCA RATON,FL,33431-0942,,53.48.1017,Fire Protection Organization - Company,06/27/1991,07/01/2027,Active,ACTIVE,,,,,,
ROMANOFF ELECTRIC COMPANY LLC,,5570 ENTERPRISE BLVD,,TOLEDO,OH,43612-3815,(419)726-2627,53.48.1022,Fire Protection Organization - Company,06/05/1991,07/01/2027,Active,ACTIVE,,,,,,
REGENT ELECTRIC INC,,5235 TRACTOR RD,,TOLEDO,OH,43612-3439,(419)476-8333,53.48.1033,Fire Protection Organization - Company,06/14/1991,07/01/2027,Active,ACTIVE,,,,,,
LAIBE ELECTRIC CO,,26440 SOUTHPOINT RD,,PERRYSBURG,OH,43551-1370,(419) 724-8200,53.48.1037,Fire Protection Organization - Company,06/10/1991,07/01/2027,Active,ACTIVE,,,,,,
TURNER ELECTRIC COMPANY,,8530 CENTRAL AVE STE 1,,SYLVANIA,OH,43560-9393,(419)841-5446,53.48.1056,Fire Protection Organization - Company,07/16/1991,07/01/2027,Active,ACTIVE,,,,,,
DIMECH SERVICES INC,,5505 ENTERPRISE BLVD,,TOLEDO,OH,43612-3814,(419)727-0111,53.48.1066,Fire Protection Organization - Company,06/27/1991,07/01/2027,Active,ACTIVE,,,,,,
GEM INDUSTRIAL INC,,6842 COMMADORE DR,,WALBRIDGE,OH,43465,(419)666-6554,53.48.1068,Fire Protection Organization - Company,06/14/1991,07/01/2027,Active,ACTIVE,,,,,,
BRINT ELECTRIC INC,,7825 W CENTRAL AVE,,TOLEDO,OH,43617-1529,(419)841-3326,53.48.1081,Fire Protection Organization - Company,05/20/1991,07/01/2027,Active,ACTIVE,,,,,,
NORTHWEST ELECTRICAL CONTRACTING,,3149 CENTENNIAL RD,,SYLVANIA,OH,43560-9689,(419)865-4757,53.48.1105,Fire Protection Organization - Company,06/14/1991,07/01/2027,Active,ACTIVE,,,,,,
COLGAN-DAVIS INC,,1682 LANCE POINTE RD,,MAUMEE,OH,43537-1600,(419)893-6116,53.48.1107,Fire Protection Organization - Company,07/16/1991,07/01/2027,Active,ACTIVE,,,,,,
GEO GRADEL CO,,3135 FRONT ST,,TOLEDO,OH,43605,(419)691-7123,53.48.1112,Fire Protection Organization - Company,07/13/1992,07/01/2027,Active,ACTIVE,,,,,,
BAYES INC,,7414 PONDEROSA RD,,PERRYSBURG,OH,43551-4857,(419)661-3933,53.48.1113,Fire Protection Organization - Company,07/28/1992,07/01/2027,Active,ACTIVE,,,,,,
TODD ALSPAUGH & ASSOC INC,,952 MATZINGER RD,,TOLEDO,OH,43612,(419)476-8126,53.48.1115,Fire Protection Organization - Company,02/11/1993,07/01/2027,Active,ACTIVE,,,,,,
"TAS, INC ELECTRICAL CONTRACTORS",,433 DEARBORN AVE,,TOLEDO,OH,43605,(419)693-3353,53.48.1122,Fire Protection Organization - Company,01/20/1994,07/01/2027,Active,ACTIVE,,,,,,
PROMEDICA FLOWER HOSPITAL A DIVISION OF PROMEDICA TOLEDO HOSPITAL,FACILITIES DEPT,5200 HARROUN RD,,SYLVANIA,OH,43560-2168,(419)824-1444,53.48.1128,Fire Protection Organization - Company,12/30/1994,07/01/2027,Active,ACTIVE,,,,,,
THE SHELLY COMPANY,,,1771 HARMON AVE,COLUMBUS,OH,43223,(614)437-2345,53.48.1132,Fire Protection Organization - Company,03/14/1995,07/01/2027,Active,ACTIVE,,,,,,
BORDER FIRE PROTECTION INC,,4033 CODER COVE CT,,MAUMEE,OH,43537-9771,(419)866-5944,53.48.1133,Fire Protection Organization - Company,03/27/1995,07/01/2027,Active,ACTIVE,,,,,,
ACCEL FIRE SYSTEMS INC,,3365 SILICA RD,,SYLVANIA,OH,43560-9802,(419) 843-7756,53.48.1141,Fire Protection Organization - Company,12/02/1996,07/01/2027,Active,ACTIVE,,,,,,
TRANSTAR ELECTRIC INC,,767 WAREHOUSE RD,,TOLEDO,OH,43615,(419)385-7573,53.48.1154,Fire Protection Organization - Company,03/04/1999,07/01/2027,Active,ACTIVE,,,,,,
UNIVERSITY OF TOLEDO,DOUGLAS QUEENAN,1135 E MEDICAL LOOP,,TOLEDO,OH,43614-8003,(419) 383-5499,53.48.1156,Fire Protection Organization - Company,05/07/1999,07/01/2027,Active,ACTIVE,,,,,,
LP ELECTRIC INC,,PO BOX 181,,SYLVANIA,OH,43560,(419)475-2491,53.48.1159,Fire Protection Organization - Company,11/24/1999,07/01/2027,Active,ACTIVE,,,,,,
A E ELECTRIC INC,,PO BOX 2744,,WHITEHOUSE,OH,43571,(419)832-4924,53.48.1177,Fire Protection Organization - Company,03/23/2006,07/01/2027,Active,ACTIVE,,,,,,
ONE SEA GATE PARTNERS LLC,,1 SEAGATE STE 10,,TOLEDO,OH,43604-1563,(419)243-2000,53.48.1180,Fire Protection Organization - Company,11/06/2006,07/01/2027,Active,ACTIVE,,,,,,
DUNBAR MECHANICAL INC,,2806 N REYNOLDS RD,,TOLEDO,OH,43615-2034,(419)537-1900,53.48.1184,Fire Protection Organization - Company,09/13/2007,07/01/2027,Active,ACTIVE,,,,,,
TEKIN SYSTEMS LLC,,PO BOX 53,,SWANTON,OH,43558-0053,,53.48.1188,Fire Protection Organization - Company,12/07/2009,07/01/2027,Active,ACTIVE,,,,,,
GEDDIS PAVING & EXC INC,,1019 WAMBA AVE,,TOLEDO,OH,43607-3256,(419)536-8501,53.48.1194,Fire Protection Organization - Company,05/31/2011,07/01/2027,Active,ACTIVE,,,,,,
UNDERGROUND SYSTEMS CORP,,6530 ANGOLA ROAD,PO BOX 307,HOLLAND,OH,43528,(419)865-0572,53.48.1197,Fire Protection Organization - Company,03/12/2013,07/01/2027,Active,ACTIVE,,,,,,
MCELHENEY LOCKSMITHS INC,,1214 JEFFERSON AVE,,TOLEDO,OH,43604-5837,(419)244-5851,53.48.1198,Fire Protection Organization - Company,03/12/2013,07/01/2027,Active,ACTIVE,,,,,,
IMPACT ELECTRICAL,,3545 SILICA RD,,SYLVANIA,OH,43560-9888,(419)841-6064,53.48.1199,Fire Protection Organization - Company,04/16/2013,07/01/2027,Active,ACTIVE,,,,,,
E S WAGNER COMPANY,,840 PATCHEN RD,,OREGON,OH,43616-3147,(419) 691-8651,53.48.1202,Fire Protection Organization - Company,11/07/2013,07/01/2027,Active,ACTIVE,,,,,,
FET CONSTRUCTION SERVICES LLC,,2955 GRADWOHL RD,,TOLEDO,OH,43617-1507,(419) 726-6466,53.48.1203,Fire Protection Organization - Company,07/25/2014,07/01/2027,Active,ACTIVE,,,,,,
TAYLOR MADE ELECTRIC LLC,,5301 EDGEWATER DR,,TOLEDO,OH,43611-2639,(419) 466-3474,53.48.1204,Fire Protection Organization - Company,07/29/2014,07/01/2027,Active,ACTIVE,,,,,,
PROVO CONSTRUCTION COMPANY LLC,,3359 SILICA RD STE A,,SYLVANIA,OH,43560-9891,(419) 517-0048,53.48.1206,Fire Protection Organization - Company,10/07/2014,07/01/2027,Active,ACTIVE,,,,,,
CALGIE ELECTRIC LTD,,2325 DETROIT AVE,,MAUMEE,OH,43537-3712,(419) 351-3886,53.48.1207,Fire Protection Organization - Company,01/07/2015,07/01/2027,Active,ACTIVE,,,,,,
CRESTLINE PAVING & EXCAVATING CO INC,,1913 NEBRASKA AVE,,TOLEDO,OH,43607-3830,(419) 536-8229,53.48.1208,Fire Protection Organization - Company,09/01/2015,07/01/2027,Active,ACTIVE,,,,,,
GREAT LAKES ELECTRICAL CONTRACTING INC,,440 ARCO DR,,TOLEDO,OH,43607-2909,(419) 480-1235,53.48.1211,Fire Protection Organization - Company,10/28/2015,07/01/2027,Active,ACTIVE,,,,,,
AA BOOS & SONS INC,,2015 PICKLE RD,,OREGON,OH,43616-3155,(419) 691-2329,53.48.1212,Fire Protection Organization - Company,12/14/2015,07/01/2027,Active,ACTIVE,,,,,,
COUSINO ELECTRIC LTD,,14420 COUNTY ROAD 4-3,,METAMORA,OH,43540,(419) 885-3532,53.48.1214,Fire Protection Organization - Company,09/13/2016,07/01/2027,Active,ACTIVE,,,,,,
JG EWING SEWER CONTRACTORS INC DBA E&K CONTRACTORS,,4030 FITCH RD,,TOLEDO,OH,43613-4006,(419)474-9454,53.48.1216,Fire Protection Organization - Company,07/10/2018,07/01/2027,Active,ACTIVE,,,,,,
T & J ROOTER SERVICE INC,,3264 SOUTH AVE,,TOLEDO,OH,43609-1104,(419) 690-1878,53.48.1218,Fire Protection Organization - Company,02/22/2019,07/01/2027,Active,ACTIVE,,,,,,
SUNG MECHANICAL LLC,,719 HAMMERSMITH CIR,,HOLLAND,OH,43528-7972,(419) 206-5896,53.48.1219,Fire Protection Organization - Company,05/20/2020,07/01/2027,Active,ACTIVE,,,,,,
GREAT LAKES INDUSTRIAL CONTRACTING LTD,,580 LONGBOW DR,,MAUMEE,OH,43537-1759,(419) 392-5846,53.48.1221,Fire Protection Organization - Company,10/13/2022,07/01/2027,Active,ACTIVE,,,,,,
BUCKEYE HYDRANT LLC,,14961 OLIVE GREEN RD,,CENTERBURG,OH,43011-9506,(614) 404-3996,53.48.1222,Fire Protection Organization - Company,06/21/2023,07/01/2027,Active,ACTIVE,,,,,,
SELF FIRE & SECURITY LLC,,814 WOODLAWN DR,,TOLEDO,OH,43612-4335,(567) 322-0421,53.48.1224,Fire Protection Organization - Company,02/23/2024,07/01/2027,Active,ACTIVE,,,,,,
KLUMM BROS LANDSCAPING LLC,,9241 W BANCROFT ST,,HOLLAND,OH,43528-9731,(419) 829-3166,53.48.1225,Fire Protection Organization - Company,03/11/2024,07/01/2027,Active,ACTIVE,,,,,,
FORTRESS FIRE PROTECTION LLC,,5602 304TH ST,,TOLEDO,OH,43611-2348,(419) 349-6984,53.48.1226,Fire Protection Organization - Company,10/07/2024,07/01/2027,Active,ACTIVE,,,,,,
OHIO EXCAVATING & SEWER CONTRACTORS CORP,,9339 W BANCROFT ST,,HOLLAND,OH,43528-8874,(419) 829-2965,53.48.1227,Fire Protection Organization - Company,10/16/2024,07/01/2027,Active,ACTIVE,,,,,,
TUCKER ELECTRICAL SERVICE LLC,,50 ELMDALE RD,,TOLEDO,OH,43607-2912,(419) 536-2293,53.48.1228,Fire Protection Organization - Company,11/17/2025,07/01/2027,Active,ACTIVE,,,,,,
ALTERNATIVE PLUMBING PLUS INC,,6205 N SUMMIT ST,,TOLEDO,OH,43611-1244,(419) 727-8777,53.48.1229,Fire Protection Organization - Company,02/02/2026,07/01/2027,Active,ACTIVE,,,,,,
JARMS LLC,,836 BROADWAY ST,,TOLEDO,OH,43609-2502,(419) 508-6144,53.48.1230,Fire Protection Organization - Company,02/05/2026,07/01/2027,Active,ACTIVE,,,,,,
JOHNSON CONTROLS BUILDING SOLUTIIONS LLC,LICENSING DEPT,PO BOX 3042,,BOCA RATON,FL,33431-0942,,53.48.1231,Fire Protection Organization - Company,05/04/2026,07/01/2027,Active,ACTIVE,,,,,,
MADISON FIRE PROTECTION SERVICES,,5865 STATE ROUTE 56 SE,,LONDON,OH,43140-8619,(614)275-2488,53.49.1010,Fire Protection Organization - Company,01/25/2000,07/01/2027,Active,ACTIVE,,,,,,
R & T YODER ELECTRIC INC,,7927 MEMORIAL DR STE A,,PLAIN CITY,OH,43064-8713,(614) 206-5401,53.49.1014,Fire Protection Organization - Company,05/22/2014,07/01/2027,Active,ACTIVE,,,,,,
JDL VENTURES LLC DBA ALLIED FIRE EXTINGUISHER SERV & SALES,,PO BOX 220,,COMMERCIAL POINT,OH,43116-0220,614.582.2255,53.49.1019,Fire Protection Organization - Company,11/13/2020,07/01/2027,Active,ACTIVE,,,,,,
HAGERMAN FIRE & LIFE SAFETY LLC,,2250 OLD COLUMBUS RD,,LONDON,OH,43140-9640,(740) 406-1660,53.49.1021,Fire Protection Organization - Company,10/28/2025,07/01/2027,Active,ACTIVE,,,,,,
KIRKNER ELECTRIC INC,,1 FEDERAL PLAZA W - STE 904,,YOUNGSTOWN,OH,44503,(330)747-5055,53.50.0007,Fire Protection Organization - Company,06/27/1991,07/01/2027,Active,ACTIVE,,,,,,
UNIVERSITY ELECTRIC INC,,PO BOX 6416,419 BELMONT AVE,YOUNGSTOWN,OH,44501-6416,(330)746-7444,53.50.0009,Fire Protection Organization - Company,06/27/1991,07/01/2027,Active,ACTIVE,,,,,,
STRAYCO INC,,1375 SALEM PKWY,P.O. BOX 716,SALEM,OH,44460-1068,(330)337-9916,53.50.1003,Fire Protection Organization - Company,07/16/1991,07/01/2027,Active,ACTIVE,,,,,,
VEC INC,,977 TIBBETTS WICK RD,,GIRARD,OH,44420,(330)539-4044,53.50.1009,Fire Protection Organization - Company,07/16/1991,07/01/2027,Active,ACTIVE,,,,,,
JOE DICKEY ELECTRIC INC,,PO BOX 158,,NORTH LIMA,OH,44452-0158,(330) 549-3976,53.50.1015,Fire Protection Organization - Company,10/16/1991,07/01/2027,Active,ACTIVE,,,,,,
SANTON ELECTRIC CO INC,,PO BOX 3431,,YOUNGSTOWN,OH,44513,(330)758-0082,53.50.1037,Fire Protection Organization - Company,06/27/1991,07/01/2027,Active,ACTIVE,,,,,,
CONMAR INC,,624 SQUIRREL HILL DR,,BOARDMAN,OH,44512,(330)506-0550,53.50.1041,Fire Protection Organization - Company,06/27/1991,07/01/2027,Active,ACTIVE,,,,,,
B & J ELECTRIC OF POLAND INC,,PO BOX 215,10950 WOODWORTH RD,NORTH LIMA,OH,44452-0215,(330)549-5509,53.50.1044,Fire Protection Organization - Company,06/26/1991,07/01/2027,Active,ACTIVE,,,,,,
ENERTECH ELECTRICAL INC,,101 YOUNGSTOWN LOWELLVILLE RD,,LOWELLVILLE,OH,44436-1010,(330)536-2131,53.50.1045,Fire Protection Organization - Company,06/27/1991,07/01/2027,Active,ACTIVE,,,,,,
SOS SECURITY SYSTEMS INC,,490 W MAIN ST,,CANFIELD,OH,44406-1441,(330) 702-9400,53.50.1047,Fire Protection Organization - Company,05/09/1991,07/01/2027,Active,ACTIVE,,,,,,
WT LEONE'S TRI AREA ELECTRIC,,185 ROSEMONT RD,,NORTH JACKSON,OH,44451-9632,(330) 744-0151,53.50.1053,Fire Protection Organization - Company,09/20/1991,07/01/2027,Active,ACTIVE,,,,,,
AEY ELECTRIC,,801 N MERIDIAN RD,,YOUNGSTOWN,OH,44509-1008,(330)792-5745,53.50.1057,Fire Protection Organization - Company,08/24/1993,07/01/2027,Active,ACTIVE,,,,,,
MORRONE MECHANICAL INC,,230 E LIBERTY ST,,LOWELLVILLE,OH,44436-1231,(330)536-8800,53.50.1061,Fire Protection Organization - Company,08/10/1994,07/01/2027,Active,ACTIVE,,,,,,
ALCON MECHANICAL INC,,1932 WARREN AVE,,NILES,OH,44446-1146,(330)505-1704,53.50.1077,Fire Protection Organization - Company,10/31/2001,07/01/2027,Active,ACTIVE,,,,,,
VECTOR SECURITY INC DBA VECTOR SECURITY NETWORKS,,2000 ERICSSON DR,,WARRENDALE,PA,15086-6507,724-741-2200,53.50.1081,Fire Protection Organization - Company,05/21/2004,07/01/2027,Active,ACTIVE,,,,,,
BARNETT & SON TRUCKING &,,PO BOX 162,,BELOIT,OH,44609-0162,(330)938-2557,53.50.1082,Fire Protection Organization - Company,02/18/2005,07/01/2027,Active,ACTIVE,,,,,,
MARUCCI & GAFFNEY EXC,,18 HOGUE ST,,YOUNGSTOWN,OH,44502-1425,(330)743-8170,53.50.1085,Fire Protection Organization - Company,08/19/2005,07/01/2027,Active,ACTIVE,,,,,,
L & S EXCAVATING AND TRUCKING INC,,4085 MIDDLETOWN RD E,,NEW MIDDLETOWN,OH,44442-9418,(330)207-3924,53.50.1094,Fire Protection Organization - Company,01/12/2009,07/01/2027,Active,ACTIVE,,,,,,
PROFESSIONAL ELECTRONICS INC,,3624 HUNTERS HL,,POLAND,OH,44514-5305,,53.50.1095,Fire Protection Organization - Company,04/02/2009,07/01/2027,Active,ACTIVE,,,,,,
KEELING BROTHERS ELECTRIC LLC,,PO BOX 337,,LAKE MILTON,OH,44429-0337,(330)980-1555,53.50.1096,Fire Protection Organization - Company,08/03/2009,07/01/2027,Active,ACTIVE,,,,,,
GULU ELECTRICAL CONTRACTORS INC,,1295 CRESCENT ST,,YOUNGSTOWN,OH,44502-1303,(330)743-6510,53.50.1099,Fire Protection Organization - Company,06/08/2011,07/01/2027,Active,ACTIVE,,,,,,
RUDZIK EXCAVATING INC,,PO BOX 206,401 LOWELLVILLE RD,STRUTHERS,OH,44471-0206,(330) 755-1540,53.50.1103,Fire Protection Organization - Company,04/30/2014,07/01/2027,Active,ACTIVE,,,,,,
BOOT ELECTRIC LLC,,3110 W MIDDLETOWN RD,,COLUMBIANA,OH,44408-9348,(330) 519-5925,53.50.1106,Fire Protection Organization - Company,03/14/2016,07/01/2027,Active,ACTIVE,,,,,,
CHANCE ELECTRIC LLC,,17630 ELLSWORTH RD,,LAKE MILTON,OH,44429-9516,(330) 550-9378,53.50.1107,Fire Protection Organization - Company,08/08/2016,07/01/2027,Active,ACTIVE,,,,,,
PARISI EXCAVATING CORP,,8095 SOUTHERN BLVD,,YOUNGSTOWN,OH,44512-6336,(330) 758-0508,53.50.1108,Fire Protection Organization - Company,12/30/2016,07/01/2027,Active,ACTIVE,,,,,,
UTILITY CONTRACTING INC,,321 S MERIDIAN RD,PO BOX 2367,YOUNGSTOWN,OH,44509-2927,(330) 793-6525,53.50.1109,Fire Protection Organization - Company,03/13/2017,07/01/2027,Active,ACTIVE,,,,,,
RNL FIRE SYSTEMS LLC,,8431 SOUTH AVE STE 2,,YOUNGSTOWN,OH,44514-3665,(330) 953-2615,53.50.1110,Fire Protection Organization - Company,03/28/2017,07/01/2027,Active,ACTIVE,,,,,,
FIRST CHOICE COM INC,,648 MARSHALL ST,,YOUNGSTOWN,OH,44502-1419,(330) 782-2200,53.50.1111,Fire Protection Organization - Company,01/12/2018,07/01/2027,Active,ACTIVE,,,,,,
MORRIS BUILDING INC,,14533 STATE ROUTE 534,,SALEM,OH,44460-9173,(330) 537-4874,53.50.1113,Fire Protection Organization - Company,12/18/2018,07/01/2027,Active,ACTIVE,,,,,,
S E T INC,,235 E WATER ST,,LOWELLVILLE,OH,44436-1273,(330) 536-6724,53.50.1116,Fire Protection Organization - Company,11/16/2021,07/01/2027,Active,ACTIVE,,,,,,
AMERICAN CONTRACTING INC,,3519 UNION ST STE 3,,MINERAL RIDGE,OH,44440-9008,(330) 349-0014,53.50.1117,Fire Protection Organization - Company,02/15/2022,07/01/2027,Active,ACTIVE,,,,,,
YOCHMAN EXCAVATING LLC,,610 NEWTON FALLS RD,,DIAMOND,OH,44412-9612,(330) 774-9233,53.50.1119,Fire Protection Organization - Company,02/28/2023,07/01/2027,Active,ACTIVE,,,,,,
STEAMER CAP HYDRANTS LLC,,763 OAKRIDGE DR,,YOUNGSTOWN,OH,44512-3546,(330) 207-1045,53.50.1120,Fire Protection Organization - Company,05/18/2023,07/01/2027,Active,ACTIVE,,,,,,
INTEGRA EXCAVATING LLC,,2530 HUBBARD RD,,YOUNGSTOWN,OH,44505-3151,(330) 286-9739,53.50.1121,Fire Protection Organization - Company,09/02/2023,07/01/2027,Active,ACTIVE,,,,,,
MADE II MODIFY LLC,,11619 YOUNGSTOWN PITTSBURGH RD,,NEW MIDDLETOWN,OH,44442-8790,(234) 201-2563,53.50.1122,Fire Protection Organization - Company,12/18/2023,07/01/2027,Active,ACTIVE,,,,,,
MG ELECTRIC LLC,,1551 W WESTERN RESERVE RD,,POLAND,OH,44514-3551,(330) 549-6146,53.50.1123,Fire Protection Organization - Company,05/07/2024,07/01/2027,Active,ACTIVE,,,,,,
HK CONCRETE LLC,,11265 YOUNGSTOWN SALEM RD,,SALEM,OH,44460-7630,(234) 567-2012,53.50.1124,Fire Protection Organization - Company,09/18/2024,07/01/2027,Active,ACTIVE,,,,,,
ARMORED VISION TECHNOLOGY LLC,,1931 CONCORD AVE,,YOUNGSTOWN,OH,44509-1624,(330) 367-9425,53.50.1126,Fire Protection Organization - Company,01/05/2026,07/01/2027,Active,ACTIVE,,,,,,
ALLISON FIRE SUPPRESSION,,2720 NORMANDY DR,,YOUNGSTOWN,OH,44511-2264,(330) 261-4086,53.50.1127,Fire Protection Organization - Company,05/18/2026,07/01/2027,Active,ACTIVE,,,,,,
TIME PLUS SECURITY LLC,,796 ORLO LN,,YOUNGSTOWN,OH,44512-1728,(330) 651-6663,53.50.1128,Fire Protection Organization - Company,06/16/2026,07/01/2027,Active,ACTIVE,,,,,,
GIBBS EXCAVATING INC,,2794 S BAILEY RD,,NORTH JACKSON,OH,44451-9630,(330) 538-0174,53.50.1129,Fire Protection Organization - Company,06/23/2026,07/01/2027,Active,ACTIVE,,,,,,
CESTEK LLC DBA LUCAS SECURITY,,2219 ELM RD NE,,WARREN,OH,44483-4006,(330)348-9223,53.50.1130,Fire Protection Organization - Company,07/21/2026,07/01/2027,Active,ACTIVE,,,,,,
OWENS ELECTRIC CO,,146 S GREENWOOD ST,,MARION,OH,43302-4114,(740)387-1111,53.51.1006,Fire Protection Organization - Company,06/05/1991,07/01/2027,Active,ACTIVE,,,,,,
NEFF ELECTRICAL CONSTRUCTION CO,,783 WOODY ACRES DR,,MARION,OH,43302-6646,(740)383-4308,53.51.1008,Fire Protection Organization - Company,07/16/1991,07/01/2027,Active,ACTIVE,,,,,,
HARBOLT ELECTRICAL & ALARMS INC,,239 CALEDONIA ASHLEY RD S,PO BOX  205,CALEDONIA,OH,43314-9411,(740)387-0080,53.51.1018,Fire Protection Organization - Company,10/02/1992,07/01/2027,Active,ACTIVE,,,,,,
ATOM/THIEL ELECTRIC LLC,,216 DIX AVE,,MARION,OH,43302,(740)382-8658,53.51.1022,Fire Protection Organization - Company,09/10/1998,07/01/2027,Active,ACTIVE,,,,,,
COGBURN ELECTRIC INC,,2890 HARDING HWY E UNIT D,,MARION,OH,43302-1111,(740)223-8052,53.51.1026,Fire Protection Organization - Company,01/29/2001,07/01/2027,Active,ACTIVE,,,,,,
PARK ENTERPRISE CONSTRUCTION CO INC,,560 BARKS RD W,,MARION,OH,43302,(740)223-7275,53.51.1028,Fire Protection Organization - Company,03/13/2008,07/01/2027,Active,ACTIVE,,,,,,
MID STATE FIRE PREVENTION LLC,,PO BOX 97,,GREEN CAMP,OH,43322-0097,(740) 396-9089,53.51.1030,Fire Protection Organization - Company,01/10/2014,07/01/2027,Active,ACTIVE,,,,,,
PICKENS UNDERGROUND UTILITIES SERVICE INC,,6632 ALMENDINGER RD,,PROSPECT,OH,43342-9703,(740) 726-2067,53.51.1032,Fire Protection Organization - Company,04/09/2018,07/01/2027,Active,ACTIVE,,,,,,
COMMON GROUND ELECTRIC LTD,,1179 E CHURCH ST,,MARION,OH,43302-4456,(740) 361-7205,53.51.1034,Fire Protection Organization - Company,08/12/2021,07/01/2027,Active,ACTIVE,,,,,,
HOOD HEROES FIRE PREVENTION LLC,,381 N MAIN ST,,MARION,OH,43302-2357,(740) 244-3614,53.51.1035,Fire Protection Organization - Company,12/01/2023,07/01/2027,Active,ACTIVE,,,,,,
MCDANIEL EXCAVATING LLC,,943 ADAMS ST,,MARION,OH,43302-2711,(740) 361-1080,53.51.1037,Fire Protection Organization - Company,11/07/2024,07/01/2027,Active,ACTIVE,,,,,,
THE MARION FIRE PROTECTION COMPANY LLC,,115 N PROSPECT ST,,MARION,OH,43302-3023,(614) 314-6704,53.51.1038,Fire Protection Organization - Company,08/05/2026,07/01/2027,Active,ACTIVE,,,,,,
"JP SWINGLE MECHANICAL CONT, INC",,645 LAFAYETTE RD,,MEDINA,OH,44256-2341,(330)723-4840,53.52.0005,Fire Protection Organization - Company,06/27/1991,07/01/2027,Active,ACTIVE,,,,,,
MIELKE MECHANICAL INC,,1040 INDUSTRIAL PKWY,,MEDINA,OH,44256-2449,(330) 725-8845,53.52.1000,Fire Protection Organization - Company,12/23/1991,07/01/2027,Active,ACTIVE,,,,,,
STEINGASS MECHANICAL CONT INC,,754 PROGRESS DR,,MEDINA,OH,44256,(216)725-6090,53.52.1011,Fire Protection Organization - Company,06/14/1991,07/01/2027,Active,ACTIVE,,,,,,
EDWARDS SYSTEMS DISTRIBUTER INC,,1348 WATERBURY DR,,MEDINA,OH,44256-3873,(216)591-4615,53.52.1031,Fire Protection Organization - Company,07/02/1993,07/01/2027,Active,ACTIVE,,,,,,
FIRE TECH INC,,12640 TRISKETT RD,,CLEVELAND,OH,44111,(216)941-8324,53.52.1036,Fire Protection Organization - Company,04/15/1994,07/01/2027,Active,ACTIVE,,,,,,
MARKS CONSTRUCTION INC,,5855 CENTER RD,,VALLEY CITY,OH,44280-9315,(330)273-3121,53.52.1050,Fire Protection Organization - Company,02/05/1999,07/01/2027,Active,ACTIVE,,,,,,
KENTS EXCAVATING SERVICES INC,,260 RYAN RD,,SEVILLE,OH,44273-8883,(330) 769-3161,53.52.1051,Fire Protection Organization - Company,02/26/1999,07/01/2027,Active,ACTIVE,,,,,,
MEDINA EXCAVATING INC,,3377 FOSKETT RD,,MEDINA,OH,44256-7636,(330)723-4604,53.52.1053,Fire Protection Organization - Company,04/26/1999,07/01/2027,Active,ACTIVE,,,,,,
FECHKO EXCAVATING INC,,865 W LIBERTY ST - STE 120,,MEDINA,OH,44256,(330)722-2890,53.52.1060,Fire Protection Organization - Company,02/26/2001,07/01/2027,Active,ACTIVE,,,,,,
ENVIRONMENTAL CONTROLS FIRE PROTECTION INC,,227 W BERGEY ST,,WADSWORTH,OH,44281-1334,(330) 334-0150,53.52.1063,Fire Protection Organization - Company,08/14/2002,07/01/2027,Active,ACTIVE,,,,,,
"SECURITEC ONE, INC",,965 MEDINA RD,,MEDINA,OH,44256-8132,(330)239-2322,53.52.1069,Fire Protection Organization - Company,02/27/2004,07/01/2027,Active,ACTIVE,,,,,,
TONY BECK,,2808 LESTER RD,,MEDINA,OH,44256-9479,(330) 635-3682,53.52.1072,Fire Protection Organization - Company,03/15/2006,07/01/2027,Active,ACTIVE,,,,,,
DENNIS ALBER EXCAVATING INC,,1904 REMSON ROAD,,MEDINA,OH,44256,(330)239-2379,53.52.1073,Fire Protection Organization - Company,04/26/2006,07/01/2027,Active,ACTIVE,,,,,,
FOX CONSTRUCTION SERVICES,,5730 LAFAYETTE RD,,MEDINA,OH,44256-8501,(216) 215-0436,53.52.1075,Fire Protection Organization - Company,07/23/2007,07/01/2027,Active,ACTIVE,,,,,,
GENE'S REFRIGERATION HTG & AC INC,,6222 NORWALK RD,,MEDINA,OH,44256-9454,(330)723-4104,53.52.1082,Fire Protection Organization - Company,06/23/2011,07/01/2027,Active,ACTIVE,,,,,,
YES ELECTRIC INC,,4176 CHERRYSHIRE DR,,BRUNSWICK,OH,44212-4082,(330) 273-1234,53.52.1084,Fire Protection Organization - Company,01/07/2014,07/01/2027,Active,ACTIVE,,,,,,
GREAT LAKES SECURITY SYSTEMS,,11029 BRIGGS RD,,CLEVELAND,OH,44111-5335,,53.52.1085,Fire Protection Organization - Company,03/03/2014,07/01/2027,Active,ACTIVE,,,,,,
NORTHERN OHIO ELECTIC LLC,,5457 HARTNECK RD,,VALLEY CITY,OH,44280-9721,(330) 220-0663,53.52.1089,Fire Protection Organization - Company,09/01/2017,07/01/2027,Active,ACTIVE,,,,,,
FECHKO EXCAVATING LLC,,865 W LIBERTY ST STE 120,,MEDINA,OH,44256-1332,(330) 722-2890,53.52.1090,Fire Protection Organization - Company,02/02/2018,07/01/2027,Active,ACTIVE,,,,,,
BECCO INC,,PO BOX 457,,HINCKLEY,OH,44233-0457,(330) 278-2258,53.52.1091,Fire Protection Organization - Company,03/26/2018,07/01/2027,Active,ACTIVE,,,,,,
H & M FIRE PROTECTION LLC,,815 W LIBERTY ST STE 5,,MEDINA,OH,44256-1362,(216)970-8340,53.52.1092,Fire Protection Organization - Company,08/03/2018,07/01/2027,Active,ACTIVE,,,,,,
SOUTHSIDE CONTRACTING,,12801 BEREA RD STE E,,CLEVELAND,OH,44111-1646,(216) 359-8229,53.52.1096,Fire Protection Organization - Company,04/15/2022,07/01/2027,Active,ACTIVE,,,,,,
LED ELECTRIC SOLUTIONS LLC,,1006 SLATE DR,,BRUNSWICK,OH,44212-6254,(216) 212-0099,53.52.1097,Fire Protection Organization - Company,09/20/2022,07/01/2027,Active,ACTIVE,,,,,,
COLLINS EXCAVATING & CONSTRUCTION LLC,,4524 S MEDINA LINE RD,,NORTON,OH,44203-8006,(330) 590-1319,53.52.1099,Fire Protection Organization - Company,01/17/2024,07/01/2027,Active,ACTIVE,,,,,,
NOWAK MECHANICAL SERVICES INC,,732 CONCORD PL,,WADSWORTH,OH,44281-9586,(330) 705-5950,53.52.1101,Fire Protection Organization - Company,04/05/2024,07/01/2027,Active,ACTIVE,,,,,,
PLEASANT VALLEY CORPORATION,,1093 MEDINA RD STE 100,,MEDINA,OH,44256-8352,(330) 239-7936,53.52.1102,Fire Protection Organization - Company,06/04/2024,07/01/2027,Active,ACTIVE,,,,,,
JRB ELECTRICAL LLC,,3485 NICHOLS RD,,MEDINA,OH,44256-9260,(330) 242-4991,53.52.1103,Fire Protection Organization - Company,11/26/2024,07/01/2027,Active,ACTIVE,,,,,,
HSH CONSTRUCTIONS & EXCAVATING INC,,PO BOX 150,,WADSWORTH,OH,44282-0150,(330) 350-0007,53.52.1105,Fire Protection Organization - Company,06/03/2025,07/01/2027,Active,ACTIVE,,,,,,
MYERESS TECHNOLOGIES LLC,,3793 ENGLISH TURN DR,,MEDINA,OH,44256-6409,(330) 708-5370,53.52.1106,Fire Protection Organization - Company,07/01/2025,07/01/2027,Active,ACTIVE,,,,,,
MK EARTHWORKS & TRUCKING LLC,,5972 STATE RD,,WADSWORTH,OH,44281-9723,(330) 690-8790,53.52.1107,Fire Protection Organization - Company,09/08/2025,07/01/2027,Active,ACTIVE,,,,,,
SABIR SOLUTIONS LLC,,1795 PEARL RD,,BRUNSWICK,OH,44212-3225,(330) 931-1409,53.52.1108,Fire Protection Organization - Company,10/07/2025,07/01/2027,Active,ACTIVE,,,,,,
REDLINE FIRE AND SAFETY LLC,,7935 COON CLUB RD,,MEDINA,OH,44256-9181,(330) 667-0136,53.52.1109,Fire Protection Organization - Company,11/06/2025,07/01/2027,Active,ACTIVE,,,,,,
MEDINA HOOD CLEANING LLC,,5426 LANCE RD,,MEDINA,OH,44256-7522,(330) 559-0034,53.52.1110,Fire Protection Organization - Company,12/18/2025,07/01/2027,Active,ACTIVE,,,,,,
STAGS MECHANICAL LLC,,4470 SHARON COPLEY RD,,MEDINA,OH,44256-9733,(330) 441-0474,53.52.1111,Fire Protection Organization - Company,01/28/2026,07/01/2027,Active,ACTIVE,,,,,,
HAVEN SERVICES CLE LLC,,1988 PEARL RD,,BRUNSWICK,OH,44212-3202,(216) 249-9160,53.52.1112,Fire Protection Organization - Company,02/10/2026,07/01/2027,Active,ACTIVE,,,,,,
CLINE MECHANICAL INC,,9976 RITTMAN RD,,WADSWORTH,OH,44281-9556,(330) 777-4340,53.52.1113,Fire Protection Organization - Company,02/26/2026,07/01/2027,Active,ACTIVE,,,,,,
THE RUHLIN COMPANY,,6931 RIDGE RD,PO BOX 190,SHARON CENTER,OH,44274-7000,(330) 239-2800,53.52.1114,Fire Protection Organization - Company,03/25/2026,07/01/2027,Active,ACTIVE,,,,,,
ELECTRICAL FIRE AND DATA SYS LLC DBA LAWNDALE ELECTRIC,,4841 LAUREL RD,,BRUNSWICK,OH,44212-3223,(216) 409-1811,53.52.1115,Fire Protection Organization - Company,04/09/2026,07/01/2027,Active,ACTIVE,,,,,,
GED FIRE PROTECTION LLC,,2967 NATIONWIDE PKWY STE 4,,BRUNSWICK,OH,44212-2300,(234) 433-3473,53.52.1116,Fire Protection Organization - Company,04/21/2026,07/01/2027,Active,ACTIVE,,,,,,
SNOUFFERS FIRE SAFETY EQUIPMENT,,172 N 2ND AVE,,MIDDLEPORT,OH,45760-1004,(740) 992-7075,53.53.0003,Fire Protection Organization - Company,06/14/1991,07/01/2027,Active,ACTIVE,,,,,,
DV WEBER CONSTRUCTION INC,,PO BOX 116,,REEDSVILLE,OH,45772-0116,(740) 378-6293,53.53.1005,Fire Protection Organization - Company,02/15/2018,07/01/2027,Active,ACTIVE,,,,,,
KOESTER ELECTRIC INC,,PO BOX 125,,COLDWATER,OH,45828-0125,(419)678-3302,53.54.1004,Fire Protection Organization - Company,05/20/1991,07/01/2027,Active,ACTIVE,,,,,,
NUWAVE TECHNOLOGY INC,,3259 STATE ROUTE 219,,COLDWATER,OH,45828-9721,(419) 678-8412,53.54.1009,Fire Protection Organization - Company,04/19/1994,07/01/2027,Active,ACTIVE,,,,,,
KAUP PHARMACY INC,,1201 COMMERCE ST,PO BOX 605,FORT RECOVERY,OH,45846-0605,(419)375-7007,53.54.1011,Fire Protection Organization - Company,10/12/2001,07/01/2027,Active,ACTIVE,,,,,,
JUTTE ELECTRIC ENTERPRISES LLC,,3719 WABASH RD,,FORT RECOVERY,OH,45846-9513,(419)375-4056,53.54.1012,Fire Protection Organization - Company,10/16/2008,07/01/2027,Active,ACTIVE,,,,,,
ACUMEN BUILDINGS SOLUTIONS LLC,,PO BOX 153,,VERSAILLES,OH,45380-0153,(419) 852-0363,53.54.1014,Fire Protection Organization - Company,11/01/2013,07/01/2027,Active,ACTIVE,,,,,,
BRUNS CONSTRUCTION ENTERPRISE INC,,1429 CRANBERRY RD,,SAINT HENRY,OH,45883-9749,(419) 925-4078,53.54.1015,Fire Protection Organization - Company,12/08/2016,07/01/2027,Active,ACTIVE,,,,,,
FORT ELECTRIC LLC,,PO BOX 62,,COLDWATER,OH,45828-0062,,53.54.1017,Fire Protection Organization - Company,07/05/2018,07/01/2027,Active,ACTIVE,,,,,,
ARMCORP CONSTRUCTION INC,,8511 STATE ROUTE 703,,CELINA,OH,45822-2940,(419) 778-7024,53.54.1018,Fire Protection Organization - Company,09/20/2019,07/01/2027,Active,ACTIVE,,,,,,
VTF EXCAVATION LLC,,8398 CELINA MENDON RD,,CELINA,OH,45822-9339,(419) 586-3077,53.54.1019,Fire Protection Organization - Company,10/28/2019,07/01/2027,Active,ACTIVE,,,,,,
BENDER ELECTRICAL CONTRACTING LTD,,4950 STATE ROUTE 119,,SAINT HENRY,OH,45883-9808,(419)678-0002,53.54.1020,Fire Protection Organization - Company,07/16/2020,07/01/2027,Active,ACTIVE,,,,,,
WABASH VALLEY ELECTRIC LLC,,4486 WABASH RD,,FORT RECOVERY,OH,45846-9565,(419) 942-5983,53.54.1021,Fire Protection Organization - Company,05/18/2022,07/01/2027,Active,ACTIVE,,,,,,
ACTIVE ELECTRIC INC,,1885 SOUTHTOWN BLVD,,DAYTON,OH,45439-1931,(937)299-1885,53.55.0002,Fire Protection Organization - Company,12/31/1992,07/01/2027,Active,ACTIVE,,,,,,
D & M CONSTRUCTION INC,,9465 S STATE ROUTE 202,,TIPP CITY,OH,45371-8301,(937)667-8713,53.55.1019,Fire Protection Organization - Company,10/05/1998,07/01/2027,Active,ACTIVE,,,,,,
TOTAL COMMUNICATION GROUP INC,,2664 S COUNTY ROAD 25A,,TROY,OH,45373-9365,(937) 440-1639,53.55.1025,Fire Protection Organization - Company,07/19/2002,07/01/2027,Active,ACTIVE,,,,,,
RESPONSE FIRE PROTECTION INC,,233 LEO ST,,DAYTON,OH,45404-1005,(937)252-7400,53.55.1029,Fire Protection Organization - Company,08/29/2006,07/01/2027,Active,ACTIVE,,,,,,
B-SAFE SYSTEMS LLC,,3330 N STATE ROUTE 48,,COVINGTON,OH,45318-9776,(937)339-6421,53.55.1032,Fire Protection Organization - Company,04/16/2010,07/01/2027,Active,ACTIVE,,,,,,
TC HOLZEN INC,,2230 N DAYTON LAKEVIEW RD,,NEW CARLISLE,OH,45344-9577,(937) 667-0870,53.55.1036,Fire Protection Organization - Company,12/19/2014,07/01/2027,Active,ACTIVE,,,,,,
C MILLER EXCAVATING LLC,,2615 N MONTGOMERY COUNTY LINE RD,,TIPP CITY,OH,45371-8960,(937) 875-0165,53.55.1037,Fire Protection Organization - Company,08/04/2017,07/01/2027,Active,ACTIVE,,,,,,
B ELECTRIC INC,,3424 N STATE ROUTE 48,,COVINGTON,OH,45318-9706,(937) 473-2307,53.55.1039,Fire Protection Organization - Company,01/21/2020,07/01/2027,Active,ACTIVE,,,,,,
K S REESE LIMITED,,3011 PARKWOOD DR,,TROY,OH,45373,(937) 216-6029,53.55.1040,Fire Protection Organization - Company,11/25/2019,07/01/2027,Active,ACTIVE,,,,,,
CENTURION SECURITY SYSTEMS LLC,,3195 DOGWOOD DR,,TROY,OH,45373-9392,(937) 552-5669,53.55.1042,Fire Protection Organization - Company,01/11/2021,07/01/2027,Active,ACTIVE,,,,,,
MILCON CONCRETE INC,,1360 S CR 25A,,TROY,OH,45373,(937) 339-6274,53.55.1043,Fire Protection Organization - Company,03/01/2021,07/01/2027,Active,ACTIVE,,,,,,
S2K EXCAVATING LLC,,PO BOX 10,,WEST MILTON,OH,45383-0010,,53.55.1044,Fire Protection Organization - Company,04/21/2021,07/01/2027,Active,ACTIVE,,,,,,
MIAMI VALLEY PROTECTIONS LLC,,1040 N MARKET ST,,TROY,OH,45373-1434,(937) 703-9055,53.55.1045,Fire Protection Organization - Company,10/20/2021,07/01/2027,Active,ACTIVE,,,,,,
J AND M SERVICES OF MIAMI VALLEY LLC,,PO BOX 81,5665 N ADDISON NEW CARISLE RD,CASSTOWN,OH,45312-0081,(937) 751-3989,53.55.1046,Fire Protection Organization - Company,11/27/2023,07/01/2027,Active,ACTIVE,,,,,,
D & L SERVICES SERVICES AND SUPPORT LLC,,1252 W HIGH ST,,PIQUA,OH,45356-2543,(937) 271-9491,53.55.1047,Fire Protection Organization - Company,02/28/2024,07/01/2027,Active,ACTIVE,,,,,,
ALL AMERICAN FIRE PROTECTION LLC,,9 MICAELA CT,,WEST MILTON,OH,45383-1381,(937) 776-3261,53.55.1048,Fire Protection Organization - Company,10/02/2024,07/01/2027,Active,ACTIVE,,,,,,
FLORA EXCAVATING INC,,6701 GREENTREE RD,,BRADFORD,OH,45308-9757,(937) 548-5303,53.55.1049,Fire Protection Organization - Company,08/06/2026,07/01/2027,Active,ACTIVE,,,,,,
SWISS VALLEY ASSOCIATES INC,,PO BOX 39,,HANNIBAL,OH,43931-0039,(740)483-2351,53.56.0003,Fire Protection Organization - Company,08/12/2009,07/01/2027,Active,ACTIVE,,,,,,
"FRECKER SERVICES I, LLC",,PO BOX 957,,DAYTON,OH,45409-0957,(937)331-5444,53.57.0011,Fire Protection Organization - Company,05/28/1991,07/01/2027,Active,ACTIVE,,,,,,
CAREY ELECTRIC CO,,3925 VANCO LN,,VANDALIA,OH,45377-9743,(937)669-3399,53.57.0012,Fire Protection Organization - Company,05/20/1991,07/01/2027,Active,ACTIVE,,,,,,
LONG ELECTRIC,,PO BOX 751012,,DAYTON,OH,45475-1012,(513)897-6545,53.57.0036,Fire Protection Organization - Company,06/14/1991,07/01/2027,Active,ACTIVE,,,,,,
SHIVER SECURITY SYSTEMS INC DBA SONITROL OF SW OHIO,,15 PINNACLE POINT DR,,MIAMISBURG,OH,45342-5015,(937) 228-7301,53.57.1012,Fire Protection Organization - Company,07/17/1992,07/01/2027,Active,ACTIVE,,,,,,
WAT KEM MECHANICAL INC,,2755 S COUNTY ROAD 25A,,TROY,OH,45373,(937)573-3072,53.57.1018,Fire Protection Organization - Company,06/27/1991,07/01/2027,Active,ACTIVE,,,,,,
MEGACITY FIRE & SECURITY INC,,8210 EXPANSION WAY,,DAYTON,OH,45424,(937)879-5000,53.57.1021,Fire Protection Organization - Company,07/22/1991,07/01/2027,Active,ACTIVE,,,,,,
WAGNER INDUSTRIAL ELECTRIC INC,,3178 ENCRETE LANE,,DAYTON,OH,45439,(937)298-7481,53.57.1026,Fire Protection Organization - Company,06/27/1991,07/01/2027,Active,ACTIVE,,,,,,
YORK ELECTRIC INC,,530 E 2ND ST,PO BOX 3138,DAYTON,OH,45401,(513)233-2580,53.57.1029,Fire Protection Organization - Company,06/27/1991,07/01/2027,Active,ACTIVE,,,,,,
CHAPEL ELECTRIC COMPANY,,1985 FOUNDERS DR,,DAYTON,OH,45420-4012,(937)222-2290,53.57.1036,Fire Protection Organization - Company,07/16/1991,07/01/2027,Active,ACTIVE,,,,,,
STARCO INC,,PO BOX 170160,1147 S BROADWAY ST,DAYTON,OH,45417-0160,(937)461-2422,53.57.1042,Fire Protection Organization - Company,06/27/1991,07/01/2027,Active,ACTIVE,,,,,,
ACE SPRINKLER AND FIRE PROTECTION LLC,,6897 N DIXIE DR,,DAYTON,OH,45414-3263,(937)236-8082,53.57.1047,Fire Protection Organization - Company,05/20/1991,07/01/2027,Active,ACTIVE,,,,,,
JOE SCHMITT & SON'S PLUMBING,,500 ALTA AVE,PO BOX 237,ENGLEWOOD,OH,45322-1801,(937)836-3086,53.57.1063,Fire Protection Organization - Company,07/05/1991,07/01/2027,Active,ACTIVE,,,,,,
STUDEBAKER ELECTRIC CO,,8459 N MAIN ST STE 114,,DAYTON,OH,45415-1324,(937)890-9510,53.57.1065,Fire Protection Organization - Company,06/27/1991,07/01/2027,Active,ACTIVE,,,,,,
SATURN ELECTRIC INC,,PO BOX 13830,,DAYTON,OH,45413-0830,(937)278-2580,53.57.1078,Fire Protection Organization - Company,07/16/1991,07/01/2027,Active,ACTIVE,,,,,,
LARKIN ELECTRIC CO LLC,,408 LEXOW AVE,,DAYTON,OH,45419,(513)294-4115,53.57.1084,Fire Protection Organization - Company,06/27/1991,07/01/2027,Active,ACTIVE,,,,,,
CENTRAL FIRE PROTECTION CO INC,,583 SELMA RD,,SPRINGFIELD,OH,45505-2000,(937)322-0713,53.57.1093,Fire Protection Organization - Company,06/05/1991,07/01/2027,Active,ACTIVE,,,,,,
JP SPARKS CO,,1314 LORAIN AVE,,DAYTON,OH,45410,(937)252-9600,53.57.1094,Fire Protection Organization - Company,06/27/1991,07/01/2027,Active,ACTIVE,,,,,,
WELLS ELECTRIC SERVICE,,PO BOX 449,,DAYTON,OH,45405-0449,(937)274-7351,53.57.1110,Fire Protection Organization - Company,07/16/1991,07/01/2027,Active,ACTIVE,,,,,,
KORRECT PLUMBING HEATING & AIR COND,,7967 W 3RD ST,,DAYTON,OH,45417-7545,(937)837-2333,53.57.1116,Fire Protection Organization - Company,07/16/1991,07/01/2027,Active,ACTIVE,,,,,,
ADAMS ROBINSON CONSTRUCTION CO,,2735 NEEDMORE RD,,DAYTON,OH,45414,(937)274-5318,53.57.1120,Fire Protection Organization - Company,06/03/1991,07/01/2027,Active,ACTIVE,,,,,,
GEBHART ELECTRIC INC,,629 E DIXIE DR,PO BOX 69,WEST CARROLLTON,OH,45449-1830,(937)859-3565,53.57.1122,Fire Protection Organization - Company,06/05/1991,07/01/2027,Active,ACTIVE,,,,,,
JERGENS CONSTRUCTION INC,,1280 BRANDT PIKE,,DAYTON,OH,45404-2468,(513)233-3081,53.57.1123,Fire Protection Organization - Company,06/10/1991,07/01/2027,Active,ACTIVE,,,,,,
MECHANICAL SERVICES & DESIGN INC/MSD INC,,4401 SPRINGFIELD ST,,DAYTON,OH,45431-1040,(937) 254-3235,53.57.1126,Fire Protection Organization - Company,06/05/1991,07/01/2027,Active,ACTIVE,,,,,,
ENVIRONMENTAL ENGINEERING SYSTEMS,,17 CRESTON AVE,,DAYTON,OH,45404-1701,(937) 228-6492,53.57.1131,Fire Protection Organization - Company,07/05/1991,07/01/2027,Active,ACTIVE,,,,,,
MONROE MECHANICAL INC,,150 BREADEN DR,STE A&B,MONROE,OH,45050,(513) 539-7555,53.57.1133,Fire Protection Organization - Company,08/21/1991,07/01/2027,Active,ACTIVE,,,,,,
DON MYERS ELECTRIC INC,,3915 VANCO LN,,VANDALIA,OH,45377,(937)667-5014,53.57.1144,Fire Protection Organization - Company,06/14/1991,07/01/2027,Active,ACTIVE,,,,,,
TANNER HEATING AIR CONDITIONING,,2238 E RIVER RD,,MORAINE,OH,45439-1526,(937)299-2500,53.57.1147,Fire Protection Organization - Company,06/05/1991,07/01/2027,Active,ACTIVE,,,,,,
DAYTON FIRE PROTECTION INC,,PO BOX 397,,VANDALIA,OH,45377-0397,(937)506-8800,53.57.1176,Fire Protection Organization - Company,10/29/1993,07/01/2027,Active,ACTIVE,,,,,,
JEFF BONHAM ELECTRIC INC,,3647 WRIGHT WAY RD,,DAYTON,OH,45424-5165,(937)233-7662,53.57.1181,Fire Protection Organization - Company,03/22/1994,07/01/2027,Active,ACTIVE,,,,,,
METRO FIRE PROTECTION,,7748 WILDCAT RD,,DAYTON,OH,45424-1959,(937)233-1333,53.57.1188,Fire Protection Organization - Company,10/14/1994,07/01/2027,Active,ACTIVE,,,,,,
RELIABLE CONSTRUCTION SERVICES,,100 PERIMETER PARK DR STE H,,MORRISVILLE,NC,27560-9203,(863) 347-4578,53.57.1202,Fire Protection Organization - Company,06/20/1996,07/01/2027,Active,ACTIVE,,,,,,
ACCURATE FIRE PROTECTION,,2267 WOODMAN DR,,DAYTON,OH,45420-1478,(937)254-3473,53.57.1205,Fire Protection Organization - Company,10/11/1996,07/01/2027,Active,ACTIVE,,,,,,
MCKEEVER & NIEKAMP ELECTRIC,,1834 WOODS DR,,BEAVERCREEK,OH,45432-2261,(937)431-9363,53.57.1208,Fire Protection Organization - Company,08/05/1999,07/01/2027,Active,ACTIVE,,,,,,
M & L ELECTRIC INC,,4439A NEW MARKET BANTA RD,,LEWISBURG,OH,45338-7747,(937)833-5154,53.57.1210,Fire Protection Organization - Company,08/18/1998,07/01/2027,Active,ACTIVE,,,,,,
BALSBAUGH EXCAVATING INC,,5405 PHILLIPSBURG RD,,ENGLEWOOD,OH,45322,(937)836-9790,53.57.1213,Fire Protection Organization - Company,11/17/1998,07/01/2027,Active,ACTIVE,,,,,,
RELIABLE ELECTRIC CONTRACTORS,,94 COMPARK RD - STE 200,,CENTERVILLE,OH,45459,(937) 433-0262,53.57.1214,Fire Protection Organization - Company,11/30/1998,07/01/2027,Active,ACTIVE,,,,,,
OHIO ELECTRIC SERV OF DAYTON INC,,1555 STANLEY AVE,,DAYTON,OH,45404,(937)228-4073,53.57.1235,Fire Protection Organization - Company,11/04/2005,07/01/2027,Active,ACTIVE,,,,,,
PROTECTOR HOME SECURITY LTD,,3439 LINDEN AVE,,DAYTON,OH,45410,(937)254-6330,53.57.1245,Fire Protection Organization - Company,07/15/2008,07/01/2027,Active,ACTIVE,,,,,,
CHAPEL ROMANOFF TECHNOLOGIES LLC,,1985 FOUNDERS DR,,DAYTON,OH,45420-4012,(937)222-9840,53.57.1246,Fire Protection Organization - Company,09/04/2008,07/01/2027,Active,ACTIVE,,,,,,
PLE SECURITY INC,,533 E STROOP RD,,KETTERING,OH,45429-3224,(937)853-2369,53.57.1248,Fire Protection Organization - Company,01/26/2009,07/01/2027,Active,ACTIVE,,,,,,
MIDWEST SECURITY SERVICES,,1201 E DAVID RD,,DAYTON,OH,45429-5701,(937)222-6890,53.57.1250,Fire Protection Organization - Company,03/10/2009,07/01/2027,Active,ACTIVE,,,,,,
K-CO SPECIALTY SERVICES LLC,,5001 WEBSTER ST,,DAYTON,OH,45414-4832,(937) 938-1324,53.57.1251,Fire Protection Organization - Company,08/05/2010,07/01/2027,Active,ACTIVE,,,,,,
KETTERING HEALTH NETWORK,,3535 SOUTHERN BLVD,,KETTERING,OH,45429-1221,(937) 914-7703,53.57.1260,Fire Protection Organization - Company,06/28/2013,07/01/2027,Active,ACTIVE,,,,,,
HSI SECURITY,,3506 ENCRETE LN,,MORAINE,OH,45439-1951,(937) 479-6628,53.57.1262,Fire Protection Organization - Company,05/16/2014,07/01/2027,Active,ACTIVE,,,,,,
SGI MATRIX LLC,,1041 BYERS RD,,MIAMISBURG,OH,45342-5487,(614) 452-7300,53.57.1264,Fire Protection Organization - Company,05/29/2014,07/01/2027,Active,ACTIVE,,,,,,
DUNHAM FIRE & SAFETY COMPANY,,561 TORLAGE DR,,DAYTON,OH,45431-2203,(937) 608-0292,53.57.1266,Fire Protection Organization - Company,03/13/2015,07/01/2027,Active,ACTIVE,,,,,,
STEVE RAUCH INC,,1550 SOLDIERS HOME WEST CARROLLTON RD,,DAYTON,OH,45417,(937) 263-2676,53.57.1268,Fire Protection Organization - Company,12/29/2015,07/01/2027,Active,ACTIVE,,,,,,
PBS SERVICES,,1536 E 4TH ST,,DAYTON,OH,45403-1802,(937) 609-1591,53.57.1269,Fire Protection Organization - Company,05/31/2016,07/01/2027,Active,ACTIVE,,,,,,
KOTASEC INCORPORATED,,627 CONGRESS PARK DR,,DAYTON,OH,45459-4007,(866) 568-2732,53.57.1272,Fire Protection Organization - Company,09/29/2017,07/01/2027,Active,ACTIVE,,,,,,
CHARLES GELOFF FIRE PROTECTION,,4326 OLD SPRINGFIELD RD,,VANDALIA,OH,45377-9315,,53.57.1274,Fire Protection Organization - Company,03/24/2018,07/01/2027,Active,ACTIVE,,,,,,
STAR CITY ELECTRIC LLC,,4770 CRAINS RUN RD,,MIAMISBURG,OH,45342-6216,(937) 361-5171,53.57.1277,Fire Protection Organization - Company,08/27/2019,07/01/2027,Active,ACTIVE,,,,,,
COMET SECURITY SOLUTIONS LLC,,5086 DIAMOND MILL RD,,BROOKVILLE,OH,45309-9328,(937) 510-1038,53.57.1278,Fire Protection Organization - Company,11/05/2019,07/01/2027,Active,ACTIVE,,,,,,
SECURITY & ADVANCED FIRE SYSTEMS LLC,,4310 GORMAN AVE,,ENGLEWOOD,OH,45322-2528,(937) 279-7966,53.57.1281,Fire Protection Organization - Company,06/15/2022,07/01/2027,Active,ACTIVE,,,,,,
HOBBS INDUSTRIAL PIPING INC,,2516 NORDIC RD,,DAYTON,OH,45414-3422,(937) 275-1248,53.57.1282,Fire Protection Organization - Company,12/22/2022,07/01/2027,Active,ACTIVE,,,,,,
ELEMENTAL FIRE PROTECTION LLC,,406 TIMBERWIND LN,,VANDALIA,OH,45377-9768,(646) 343-9679,53.57.1283,Fire Protection Organization - Company,06/14/2023,07/01/2027,Active,ACTIVE,,,,,,
APPLIED MECHANICAL SYSTEMS INC,,5598 WOLF CREEK PIKE,,DAYTON,OH,45426-2432,(937) 854-3073,53.57.1285,Fire Protection Organization - Company,07/12/2023,07/01/2027,Active,ACTIVE,,,,,,
SPARKS ELECTRIC SERVICE,,8242 N DIXIE DR,,DAYTON,OH,45414-2760,(937) 890-7188,53.57.1286,Fire Protection Organization - Company,09/05/2023,07/01/2027,Active,ACTIVE,,,,,,
ELECTRONIC DESIGN GROUP,,PO BOX 341410,,BEAVERCREEK,OH,45434-1410,(937) 401-0060,53.57.1287,Fire Protection Organization - Company,09/27/2023,07/01/2027,Active,ACTIVE,,,,,,
INTEGRITY PLUMBING SOLUTIONS LLC,,3577 LITTLE YORK RD,,DAYTON,OH,45414-2471,(937) 387-6224,53.57.1289,Fire Protection Organization - Company,01/30/2024,07/01/2027,Active,ACTIVE,,,,,,
ANDREW CASEY ELECTRIC LLC,,4008 N DIXIE DR,,DAYTON,OH,45414-5241,(937) 765-4210,53.57.1290,Fire Protection Organization - Company,07/24/2024,07/01/2027,Active,ACTIVE,,,,,,
PHOENIX FIRE & SYSTEMS LLC,,313 SMITH DR,,ENGLEWOOD,OH,45315-8705,(937) 248-1851,53.57.1291,Fire Protection Organization - Company,08/12/2024,07/01/2027,Active,ACTIVE,,,,,,
A1 PROPERTY PROS LLC,,PO BOX 340974,,DAYTON,OH,45432,(937) 203-1300,53.57.1292,Fire Protection Organization - Company,02/04/2025,07/01/2027,Active,ACTIVE,,,,,,
STEVERSON CONSTRUCTION LLC,,6271 WEYBRIDGE DR,,DAYTON,OH,45426-1441,(937) 305-1224,53.57.1293,Fire Protection Organization - Company,05/05/2025,07/01/2027,Active,ACTIVE,,,,,,
TD ELECTRIC LLC,,7429 HARSHMANVILLE RD,,DAYTON,OH,45424-3012,(937) 233-7611,53.57.1294,Fire Protection Organization - Company,10/21/2025,07/01/2027,Active,ACTIVE,,,,,,
SWOOSH PLUMBING SERVICES LLC,,843 E FRANKLIN ST,,DAYTON,OH,45459-5661,(937) 260-4442,53.57.1296,Fire Protection Organization - Company,01/13/2026,07/01/2027,Active,ACTIVE,,,,,,
TRI COUNTY ELECTRIC LLC,,10696 WENGERLAWN RD,,BROOKVILLE,OH,45309-9626,(937) 510-0424,53.57.1297,Fire Protection Organization - Company,03/06/2026,07/01/2027,Active,ACTIVE,,,,,,
CC ACQUISITION LLC DBA COMMCONNECT,,4008 N DIXIE DR,,DAYTON,OH,45414-5241,(937) 247-5807,53.57.1298,Fire Protection Organization - Company,06/05/2026,07/01/2027,Active,ACTIVE,,,,,,
METCON LTD,,PO BOX 13607,,DAYTON,OH,45413-0607,(937) 447-9200,53.58.1001,Fire Protection Organization - Company,04/29/2026,07/01/2027,Active,ACTIVE,,,,,,
G M C EXCAVATION & TRUCKING LTD,,PO BOX 203,,IBERIA,OH,43325-0203,(419) 295-2779,53.59.1001,Fire Protection Organization - Company,01/10/2019,07/01/2027,Active,ACTIVE,,,,,,
MORCO ELECTRIC LLC,,109 E 2ND ST,,CARDINGTON,OH,43315-1101,(614) 361-5819,53.59.1002,Fire Protection Organization - Company,03/26/2021,07/01/2027,Active,ACTIVE,,,,,,
HITEK SECURE SOLUTIONS LLC,,4441 TOWNSHIP ROAD 232,,MARENGO,OH,43334-9773,(614) 322-0205,53.59.1003,Fire Protection Organization - Company,03/06/2023,07/01/2027,Active,ACTIVE,,,,,,
AJ SECURITY SOLUTIONS LLC,,7326 STATE ROUTE 19 UNIT 5404,,MOUNT GILEAD,OH,43338-9349,(740) 692-2811,53.59.1004,Fire Protection Organization - Company,04/17/2023,07/01/2027,Active,ACTIVE,,,,,,
E R F ELECTRIC LLC,,4423 COUNTY ROAD 25,,MARENGO,OH,43334-9769,(740) 971-1257,53.59.1005,Fire Protection Organization - Company,10/17/2023,07/01/2027,Active,ACTIVE,,,,,,
YOUNG & SONS EXCAVATING LLC,,1825 COUNTY ROAD 170,,MARENGO,OH,43334-9756,(740) 404-3629,53.59.1006,Fire Protection Organization - Company,11/07/2024,07/01/2027,Active,ACTIVE,,,,,,
MINOR REPAIRS ELECTRICAL LLC DBA EOL FIRE PROTECTION,,1140 TOWNSHIP ROAD 208,,MARENGO,OH,43334-9628,(614) 800-4698,53.59.1007,Fire Protection Organization - Company,11/14/2024,07/01/2027,Active,ACTIVE,,,,,,
HANNA ELECTRIC,,4024 LOWER BLOOMFIELD RD,,NEW CONCORD,OH,43762-9663,(740)826-7293,53.60.1010,Fire Protection Organization - Company,06/27/1991,07/01/2027,Active,ACTIVE,,,,,,
"GENESIS HEALTH CARE SYSTEMS, INC.",,2951 MAPLE AVE,,ZANESVILLE,OH,43701-1406,(740)454-5490,53.60.1014,Fire Protection Organization - Company,04/15/1993,07/01/2027,Active,ACTIVE,,,,,,
HUMPHREY ELECTRIC,,1868 POTTS LN,,ZANESVILLE,OH,43701-6025,(740)453-6404,53.60.1015,Fire Protection Organization - Company,04/15/1993,07/01/2027,Active,ACTIVE,,,,,,
CUSTOM HOME ELECTRONICS SAFE & SEC,,3617 OLDE FALLS RD,,ZANESVILLE,OH,43701-8737,(740)454-3154,53.60.1025,Fire Protection Organization - Company,11/06/2000,07/01/2027,Active,ACTIVE,,,,,,
SEWARD PLUMBING HEATING & COOLING,,1058 LINDEN AVE,,ZANESVILLE,OH,43701-3051,(740)452-6470,53.60.1026,Fire Protection Organization - Company,05/15/2003,07/01/2027,Active,ACTIVE,,,,,,
ENVIRO-FLOW COMPANIES LTD,,4830 NORTHPOINTE DR,,ZANESVILLE,OH,43701-7273,(740)453-9935,53.60.1028,Fire Protection Organization - Company,01/07/2005,07/01/2027,Active,ACTIVE,,,,,,
ROGER TOUVELL HEATING & A/C INC,,2182 S RIVER RD,,ZANESVILLE,OH,43701,(740)453-2547,53.60.1029,Fire Protection Organization - Company,02/03/2005,07/01/2027,Active,ACTIVE,,,,,,
ZEMBA BROTHERS INC,,3401 EAST PIKE,,ZANESVILLE,OH,43701-8419,(740)452-1880,53.60.1032,Fire Protection Organization - Company,10/27/2006,07/01/2027,Active,ACTIVE,,,,,,
PROFESSIONAL PLUMBING SERVICES INC,,3570 OLD WHEELING RD,,ZANESVILLE,OH,43701-9684,(740)454-1066,53.60.1035,Fire Protection Organization - Company,10/11/2007,07/01/2027,Active,ACTIVE,,,,,,
KE SITE COMPANY,,5797 RAIDERS RD,,FRAZEYSBURG,OH,43822-9392,(740) 828-2505,53.60.1041,Fire Protection Organization - Company,06/23/2017,07/01/2027,Active,ACTIVE,,,,,,
MESSERSCHMIDT CONSTRUCTION CO LLC,,PO BOX 188,,NEW CONCORD,OH,43762-0188,(740) 439-3669,53.60.1044,Fire Protection Organization - Company,09/27/2019,07/01/2027,Active,ACTIVE,,,,,,
WOLFORD EXCAVATING LLC,,13260 SCOUT RD,,FRAZEYSBURG,OH,43822-9372,(740) 644-1741,53.60.1045,Fire Protection Organization - Company,04/24/2020,07/01/2027,Active,ACTIVE,,,,,,
BROWN SECURITY LLC,,4910 OLD COOPERMILL RD,,ZANESVILLE,OH,43701-8125,(740) 404-5666,53.60.1049,Fire Protection Organization - Company,10/31/2023,07/01/2027,Active,ACTIVE,,,,,,
MID OHIO VALLEY INTEGRATED SYSTEMS LLC,,43734 MARIETTA RD,,CALDWELL,OH,43724-9137,(740) 305-5171,53.61.1001,Fire Protection Organization - Company,07/28/2021,07/01/2027,Active,ACTIVE,,,,,,
KWEST GROUP LLC,,8305 FREMONT PIKE,,PERRYSBURG,OH,43551-9427,(419)734-5533,53.62.0005,Fire Protection Organization - Company,03/20/2006,07/01/2027,Active,ACTIVE,,,,,,
DUBLIN COMMERCIAL PROPERTY SERVICES,,127 MADISON ST,,PORT CLINTON,OH,43452-1103,(419) 732-6732,53.62.0007,Fire Protection Organization - Company,06/24/2008,07/01/2027,Active,ACTIVE,,,,,,
CATAWBA SECURITY LLC,,4062 E HARBOR RD,,PORT CLINTON,OH,43452-2647,(419) 797-4091,53.62.1003,Fire Protection Organization - Company,05/12/2014,07/01/2027,Active,ACTIVE,,,,,,
SCHWELLER ELECTRIC LLC,,11501 ROAD 144,,PAULDING,OH,45879,(419)399-5512,53.63.1001,Fire Protection Organization - Company,06/27/1991,07/01/2027,Active,ACTIVE,,,,,,
DANGLER EXCAVATING LLC,,9391 ROAD 98,,PAULDING,OH,45879-9137,(419) 670-4232,53.63.1004,Fire Protection Organization - Company,06/04/2025,07/01/2027,Active,ACTIVE,,,,,,
CENTRAL CITY ELECTRIC LLC,,8430 BOUNDARIES RD,,THORNVILLE,OH,43076-9706,(740)246-4789,53.64.0004,Fire Protection Organization - Company,04/27/2007,07/01/2027,Active,ACTIVE,,,,,,
SOUTHEASTERN ELECTRIC INC,,242 WALNUT ST,PO BOX 225,CROOKSVILLE,OH,43731-1160,(740) 982-5581,53.64.0006,Fire Protection Organization - Company,02/03/2016,07/01/2027,Active,ACTIVE,,,,,,
FERGUSON CERTIFIED BACKFLOW TESTING & PLUMBING,,4985 CERAMIC RD,PO BOX 115,CROOKSVILLE,OH,43731-9739,(740) 982-0005,53.64.0007,Fire Protection Organization - Company,10/30/2017,07/01/2027,Active,ACTIVE,,,,,,
PENDENT FIRE PROTECTION SERVICES LLC,,462 ROYMA RD NE,,CORNING,OH,43730-9744,(740) 684-4197,53.64.0008,Fire Protection Organization - Company,01/06/2023,07/01/2027,Active,ACTIVE,,,,,,
DARBY CREEK EXCAVATING INC,,19524 LONDON RD,,CIRCLEVILLE,OH,43113-9614,(614)833-1910,53.65.0005,Fire Protection Organization - Company,12/19/1995,07/01/2027,Active,ACTIVE,,,,,,
HATZEL & BUEHLER INC,,51 MANUFACTURING CENTER DR,,PIKETON,OH,45661,(740)420-3088,53.65.0008,Fire Protection Organization - Company,01/15/1999,07/01/2027,Active,ACTIVE,,,,,,
NUTTER EXCAVATING LLC,,13918 WALNUT CREEK PIKE,PO BOX 27,ASHVILLE,OH,43103-9591,(740)983-3200,53.65.0011,Fire Protection Organization - Company,02/06/2004,07/01/2027,Active,ACTIVE,,,,,,
PRECISION GRADING LLC,,25836 ST RT 159,,CIRCLEVILLE,OH,43113,(740)207-6677,53.65.0012,Fire Protection Organization - Company,04/12/2007,07/01/2027,Active,ACTIVE,,,,,,
TOOLE ELECTRIC,,11 W MAIN ST,,ASHVILLE,OH,43103,(614)206-5735,53.65.1001,Fire Protection Organization - Company,06/03/1991,07/01/2027,Active,ACTIVE,,,,,,
J&C DAVIS ENTERPRISES,,PO BOX 268,,CIRCLEVILLE,OH,43113-0268,(740) 412-1396,53.65.1009,Fire Protection Organization - Company,10/13/2022,07/01/2027,Active,ACTIVE,,,,,,
ABC SITE DEVELOPMENT LLC,,19224 RINGGOLD SOUTHERN RD,,CIRCLEVILLE,OH,43113-9254,(740) 474-1234,53.65.1011,Fire Protection Organization - Company,03/03/2026,07/01/2027,Active,ACTIVE,,,,,,
LARGE FIRE PROTECTION LLC,,5900 N STATE ROUTE 139,,LUCASVILLE,OH,45648-8615,(740) 820-8855,53.66.1005,Fire Protection Organization - Company,12/30/2019,07/01/2027,Active,ACTIVE,,,,,,
APPALACHIAN BACKFLOWTESTING & FIRE SAFETY SOLUTIONS LLC,,1423 MILLERS LN,,WAVERLY,OH,45690-9188,(740) 835-6272,53.66.1006,Fire Protection Organization - Company,03/17/2026,07/01/2027,Active,ACTIVE,,,,,,
BLUESTONE COMMUNICATIONS INC,,51 MANUFACTURING CENTER DR,,PIKETON,OH,45661-9153,(740) 240-3088,53.66.1007,Fire Protection Organization - Company,03/26/2026,07/01/2027,Active,ACTIVE,,,,,,
EMERY ELECTRIC INC,,2080 CASE PKWY S,,TWINSBURG,OH,44087-2360,(330)963-7811,53.67.1004,Fire Protection Organization - Company,05/20/1991,07/01/2027,Active,ACTIVE,,,,,,
FIRE PROTECTION INC,,2480 BARTLETT RD,,MANTUA,OH,44255-9417,(330) 274-0160,53.67.1005,Fire Protection Organization - Company,05/20/1991,07/01/2027,Active,ACTIVE,,,,,,
AURORA MANTUA ELECTRIC,,PO BOX 417,4167 DUDLEY RD,MANTUA,OH,44255,(330)274-4714,53.67.1007,Fire Protection Organization - Company,07/05/1991,07/01/2027,Active,ACTIVE,,,,,,
ASHTON SOUND COMMUNICATIONS INC,,109 E SPRUCE AVE,,RAVENNA,OH,44266-3019,(216)297-6525,53.67.1010,Fire Protection Organization - Company,06/27/1991,07/01/2027,Active,ACTIVE,,,,,,
KM ELECTRIC CO,,2919 ST RT 59,,RAVENNA,OH,44266,(330)673-1452,53.67.1028,Fire Protection Organization - Company,03/08/2000,07/01/2027,Active,ACTIVE,,,,,,
SAYRE CONSTRUCTION,,4406 WINCHELL RD,,MANTUA,OH,44255-9667,(330)562-8088,53.67.1030,Fire Protection Organization - Company,07/30/2002,07/01/2027,Active,ACTIVE,,,,,,
KENT MACHINERY SALES INC,,563 OLD FORGE RD,,KENT,OH,44240,(330)678-3600,53.67.1033,Fire Protection Organization - Company,01/05/2006,07/01/2027,Active,ACTIVE,,,,,,
JC ELECTRIC LLC,,PO BOX 304,,GARRETTSVILLE,OH,44231,(330)527-4786,53.67.1039,Fire Protection Organization - Company,04/21/2009,07/01/2027,Active,ACTIVE,,,,,,
SCOTCHMAN ELECTRIC LLC,,PO BOX 195,,GARRETTSVILLE,OH,44231,(330)527-4795,53.67.1041,Fire Protection Organization - Company,02/11/2011,07/01/2027,Active,ACTIVE,,,,,,
SYNERGY FIRE AND SECURITY LLC,,PO BOX 750,,MANTUA,OH,44255-0750,(330) 646-0215,53.67.1043,Fire Protection Organization - Company,08/27/2013,07/01/2027,Active,ACTIVE,,,,,,
AMERICAN SECURITY & AV SYSTEMS INC,,10000 AURORA HUDSON RD,,HUDSON,OH,44236-2520,(330)468-3366,53.67.1045,Fire Protection Organization - Company,02/18/2015,07/01/2027,Active,ACTIVE,,,,,,
UNITED EARTHWORKS LLC,,758 TWIN OAKS RD,,DEERFIELD,OH,44411-9717,(330) 507-8170,53.67.1046,Fire Protection Organization - Company,07/09/2015,07/01/2027,Active,ACTIVE,,,,,,
DETECT ALARM SYSTEMS INC,,7311 CLARK RD,,ATWATER,OH,44201-9550,(330) 571-6201,53.67.1049,Fire Protection Organization - Company,11/22/2017,07/01/2027,Active,ACTIVE,,,,,,
MATT WINTERS EXCAVATING LLC,,PO BOX 2,626 FRANKLIN AVE,KENT,OH,44240-0001,,53.67.1052,Fire Protection Organization - Company,04/20/2020,07/01/2027,Active,ACTIVE,,,,,,
AFH ELECTRIC LLC,,5417 LEDGE ROCK DR,,ROOTSTOWN,OH,44272-9554,(330) 839-3660,53.67.1053,Fire Protection Organization - Company,02/12/2021,07/01/2027,Active,ACTIVE,,,,,,
DON WARTKO CONSTRUCTION INC,,975 TALLMADGE RD,,KENT,OH,44240-6474,(330) 673-5252,53.67.1054,Fire Protection Organization - Company,06/17/2024,07/01/2027,Active,ACTIVE,,,,,,
FREEDOM ELECTRIC LLC,,9900 NICHOLS RD,,WINDHAM,OH,44288-9741,(330) 671-4482,53.67.1055,Fire Protection Organization - Company,03/12/2026,07/01/2027,Active,ACTIVE,,,,,,
GARBER ELECTRICAL CONTRACTORS,,100 ROCKRIDGE RD,,ENGLEWOOD,OH,45322,(937)771-5202,53.68.0001,Fire Protection Organization - Company,07/05/1991,07/01/2027,Active,ACTIVE,,,,,,
MARKLEY EXCAVATING LLC,,PO BOX 718,,LEWISBURG,OH,45338-0718,(937) 437-0187,53.68.0010,Fire Protection Organization - Company,04/27/2005,07/01/2027,Active,ACTIVE,,,,,,
M & J EXCAVATING LLC,,1877 ORPHANS RD,,EATON,OH,45320-9212,937-239-6134,53.68.1002,Fire Protection Organization - Company,10/03/2016,07/01/2027,Active,ACTIVE,,,,,,
COUNTY ELECTRIC LLC,,815 N LOCUST ST,,OTTAWA,OH,45875-1216,(419)523-6688,53.69.0001,Fire Protection Organization - Company,05/20/1991,07/01/2027,Active,ACTIVE,,,,,,
ALL TEMP REFRIGERATION INC,,3515 ELIDA RD,,LIMA,OH,45807-1538,(419) 991-1010,53.69.0005,Fire Protection Organization - Company,05/15/2002,07/01/2027,Active,ACTIVE,,,,,,
ALL PURPOSE CONTRACTING INC,,21870 STATE ROUTE 190,,DELPHOS,OH,45833-9376,(419) 695-4165,53.69.0007,Fire Protection Organization - Company,11/21/2012,07/01/2027,Active,ACTIVE,,,,,,
MILLER CONTRACTING GROUP INC,,17359 STATE ROUTE 66,,OTTOVILLE,OH,45876,419-453-3825,53.69.0008,Fire Protection Organization - Company,09/09/2016,07/01/2027,Active,ACTIVE,,,,,,
FENSON CONTRACTING LLC,,17670 STATE ROUTE 190,,FORT JENNINGS,OH,45844-9102,(419) 286-2458,53.69.0009,Fire Protection Organization - Company,08/04/2026,07/01/2027,Active,ACTIVE,,,,,,
"H & H PLUMBING, HEATING, COOLING",,243 N MULBERRY ST,,MANSFIELD,OH,44902-1053,(419)522-5852,53.70.0002,Fire Protection Organization - Company,06/27/1991,07/01/2027,Active,ACTIVE,,,,,,
KAHLS ELECTRIC INC,,2740 LEXINGTON AVE,,MANSFIELD,OH,44904,(419)884-2277,53.70.1030,Fire Protection Organization - Company,07/16/1991,07/01/2027,Active,ACTIVE,,,,,,
ALPINE ELECTRIC INC,,57 E SIXTH ST,,MANSFIELD,OH,44902,(419)522-6616,53.70.1033,Fire Protection Organization - Company,06/05/1991,07/01/2027,Active,ACTIVE,,,,,,
W WILLIAM SCHMIDT & ASSOC INC,,241 INDUSTRIAL PKWY,,MANSFIELD,OH,44903-8800,(419)526-4747,53.70.1040,Fire Protection Organization - Company,09/15/1993,07/01/2027,Active,ACTIVE,,,,,,
SPRING ELECTRICAL CONST CO INC,,1500 LINDAIRE LN E,,MANSFIELD,OH,44906-1830,(419) 747-7911,53.70.1054,Fire Protection Organization - Company,12/08/2000,07/01/2027,Active,ACTIVE,,,,,,
R W ROBINSON INC,,DBA TERRA VALLEY EXC.,PO BOX 325,BELLVILLE,OH,44813,(419)886-4755,53.70.1060,Fire Protection Organization - Company,02/22/2008,07/01/2027,Active,ACTIVE,,,,,,
CLINE FIRE LLC,,161 N TRIMBLE RD,,MANSFIELD,OH,44906-2630,(419)571-4119,53.70.1566,Fire Protection Organization - Company,07/24/2018,07/01/2027,Active,ACTIVE,,,,,,
ASC EXCAVATING LLC,,2726 MANSFIELD LUCAS RD,,LUCAS,OH,44843-9760,(419) 651-5261,53.70.1567,Fire Protection Organization - Company,12/18/2018,07/01/2027,Active,ACTIVE,,,,,,
STURTS BUILDERS LLC,,781 5TH AVE,,MANSFIELD,OH,44905-1420,(419) 524-2547,53.70.1568,Fire Protection Organization - Company,03/18/2019,07/01/2027,Active,ACTIVE,,,,,,
NICHOLS ELECTRICAL CO LLC,,4670 STATE ROUTE 288,,GALION,OH,44833-9625,(419) 571-6830,53.70.1570,Fire Protection Organization - Company,05/08/2019,07/01/2027,Active,ACTIVE,,,,,,
TRUE NORTH FIRE PROTECTION COMPANY,,3409 GRUBB RD,,MANSFIELD,OH,44904-9217,(419) 566-8940,53.70.1571,Fire Protection Organization - Company,01/12/2021,07/01/2027,Active,ACTIVE,,,,,,
INTEGRITY CONSTRUCTION II,,PO BOX 728,,BELLVILLE,OH,44813-0728,(419) 631-5212,53.70.1572,Fire Protection Organization - Company,10/21/2021,07/01/2027,Active,ACTIVE,,,,,,
PATRIOT FIRE PROTECTION,,2900 W 4TH ST,,ONTARIO,OH,44906-1288,(567) 226-8389,53.70.1573,Fire Protection Organization - Company,08/25/2022,07/01/2027,Active,ACTIVE,,,,,,
CENTRAL OHIO ASSOCIATES LTD,,18 ALLISON DR,,SHELBY,OH,44875-2141,(419) 342-6256,53.70.1574,Fire Protection Organization - Company,06/28/2024,07/01/2027,Active,ACTIVE,,,,,,
CLINE SECURITY LLC,,159 N TRIMBLE RD,,MANSFIELD,OH,44906-2630,(419) 571-6387,53.70.1576,Fire Protection Organization - Company,01/21/2025,07/01/2027,Active,ACTIVE,,,,,,
SEISMIC EXCAVATING LLC,,1330 POORMAN RD,,BELLVILLE,OH,44813-8955,(419) 561-2326,53.70.1577,Fire Protection Organization - Company,08/17/2026,07/01/2027,Active,ACTIVE,,,,,,
PERRY ELECTRIC INC,,PO BOX 401,,WAVERLY,OH,45690,(740)775-7712,53.71.0007,Fire Protection Organization - Company,03/14/1994,07/01/2027,Active,ACTIVE,,,,,,
CHILLICOTHE FIRE AND SECURITY,,1404 DELANO RD,,CHILLICOTHE,OH,45601-8440,(740)775-3473,53.71.1001,Fire Protection Organization - Company,07/05/1991,07/01/2027,Active,ACTIVE,,,,,,
OYER ELECTRIC INC DBA SOS ELECTRIC INC,,14650 PLEASANT VALLEY RD,P.O. BOX 1800,CHILLICOTHE,OH,45601-4049,(740)773-2828,53.71.1004,Fire Protection Organization - Company,05/20/1991,07/01/2027,Active,ACTIVE,,,,,,
FLOW MASTERS INC,,15000 PLEASANT VALLEY RD,,CHILLICOTHE,OH,45601-4026,(614)774-4041,53.71.1010,Fire Protection Organization - Company,05/20/1991,07/01/2027,Active,ACTIVE,,,,,,
PAPER CITY FIRE PROTECTION LLC,,6985 EGYPT PIKE,,CHILLICOTHE,OH,45601-9077,(740) 656-4477,53.71.1018,Fire Protection Organization - Company,08/13/2024,07/01/2027,Active,ACTIVE,,,,,,
BALL FIRE AND SAFETY LLC,,14116 STATE ROUTE 28,,FRANKFORT,OH,45628-9733,(740) 466-9144,53.71.1019,Fire Protection Organization - Company,01/29/2026,07/01/2027,Active,ACTIVE,,,,,,
WESTFIELD ELECTRIC INC,,PO BOX 93,,GIBSONBURG,OH,43431,(419)862-0078,53.72.0006,Fire Protection Organization - Company,03/13/2001,07/01/2027,Active,ACTIVE,,,,,,
MOSSER CONSTRUCTION INC,,122 S WILSON AVE,DRAWER D,FREMONT,OH,43420-2767,(419)334-3801,53.72.0008,Fire Protection Organization - Company,11/19/2010,07/01/2027,Active,ACTIVE,,,,,,
SABROSKE ELECTRIC INC,,115 LINCOLN ST,,FREMONT,OH,43420-2852,(419)332-6444,53.72.1000,Fire Protection Organization - Company,06/27/1991,07/01/2027,Active,ACTIVE,,,,,,
VALLEY ELECTRIC CO INC,,432 N WOOD ST,,FREMONT,OH,43420,(419)332-6405,53.72.1004,Fire Protection Organization - Company,04/16/1997,07/01/2027,Active,ACTIVE,,,,,,
MARLIN WHITE & SONS,,1004 SOUTH ST,,FREMONT,OH,43420,(419)332-3631,53.72.1005,Fire Protection Organization - Company,07/16/1991,07/01/2027,Active,ACTIVE,,,,,,
BURKETT INDUSTRIES INC,,507 VINE ST,,FREMONT,OH,43420-3452,(419)332-4391,53.72.1009,Fire Protection Organization - Company,05/20/1991,07/01/2027,Active,ACTIVE,,,,,,
KF CONSTRUCTION & EXCAVATING,,220 NORWEST ST,,CLYDE,OH,43410-2162,(419) 547-7555,53.72.1011,Fire Protection Organization - Company,02/26/2016,07/01/2027,Active,ACTIVE,,,,,,
JETT FIRE EQUIPMENT CO,,429 WALLER ST,,PORTSMOUTH,OH,45662-4374,(740) 353-5900,53.73.1005,Fire Protection Organization - Company,07/05/1991,07/01/2027,Active,ACTIVE,,,,,,
WEST END ELECTRIC CO INC,,640 2ND ST,,PORTSMOUTH,OH,45662-3902,(740)354-8671,53.73.1006,Fire Protection Organization - Company,07/16/1991,07/01/2027,Active,ACTIVE,,,,,,
SOUTHERN OHIO SECURITY,,625 3RD ST,,PORTSMOUTH,OH,45662-3903,(740)355-1106,53.73.1018,Fire Protection Organization - Company,02/14/2002,07/01/2027,Active,ACTIVE,,,,,,
J & H REINFORCING & STRUCTURAL,,PO BOX 60,,PORTSMOUTH,OH,45662-0060,,53.73.1021,Fire Protection Organization - Company,02/20/2007,07/01/2027,Active,ACTIVE,,,,,,
CONTINENTAL FIRE SYSTEMS LLC,,PO BOX 177,,WHEELERSBURG,OH,45694-0177,(740)574-1076,53.73.1024,Fire Protection Organization - Company,03/10/2010,07/01/2027,Active,ACTIVE,,,,,,
ALARM TECH SECURITY LLC,,PO BOX 931,,PORTSMOUTH,OH,45662,(740) 876-9031,53.73.1025,Fire Protection Organization - Company,12/23/2014,07/01/2027,Active,ACTIVE,,,,,,
NOLAN ELECTRICAL CONSTRUCTION INC,,891 TIPTON LN,,STOUT,OH,45684-8931,(740) 821-2322,53.73.1027,Fire Protection Organization - Company,06/07/2018,07/01/2027,Active,ACTIVE,,,,,,
LITTLES PLUMBING LLC DBA MR ROOTER OF THE TRI STATE,,239 CLAY ST,,WHEELERSBURG,OH,45694-8407,(740) 574-2033,53.73.1029,Fire Protection Organization - Company,04/28/2026,07/01/2027,Active,ACTIVE,,,,,,
FINDLAY PLUMBING AND HEATING INC,,PO BOX 1086,,FOSTORIA,OH,44830-1086,(419) 423-9300,53.74.0002,Fire Protection Organization - Company,07/16/1991,07/01/2027,Active,ACTIVE,,,,,,
ELECTRO ALARMS CO INC,,24 S WASHINGTON ST,,TIFFIN,OH,44883-2346,(419)447-3062,53.74.1006,Fire Protection Organization - Company,05/20/1991,07/01/2027,Active,ACTIVE,,,,,,
BROMACK ELECTRIC SERVICES INC,,51 W TIFFIN ST,,NEW RIEGEL,OH,44853-9656,(419)595-2074,53.74.1010,Fire Protection Organization - Company,04/14/1992,07/01/2027,Active,ACTIVE,,,,,,
CLOUSE ELECTRIC INC,,877 E US RT 224,PO BOX 655,TIFFIN,OH,44883,(419)447-0165,53.74.1012,Fire Protection Organization - Company,10/13/1999,07/01/2027,Active,ACTIVE,,,,,,
ACI CONST CO INC,,PO BOX 390,16380 US 224 EAST,FINDLAY,OH,45839-0390,(419)595-4224,53.74.1014,Fire Protection Organization - Company,03/20/2003,07/01/2027,Active,ACTIVE,,,,,,
FRANKART ELECTRIC,,550 E ZELLER RD,PO BOX 627,FOSTORIA,OH,44830-3230,(419)435-4220,53.74.1015,Fire Protection Organization - Company,01/24/2006,07/01/2027,Active,ACTIVE,,,,,,
AMERICAN FIRE SAFETY SERVICES INC,,289 SOUTH WASHINGTON ST,,TIFFIN,OH,44883,(567)230-0360,53.74.1016,Fire Protection Organization - Company,07/17/2006,07/01/2027,Active,ACTIVE,,,,,,
ZENDER ELECTRIC LLC,,966 SPRINGVILLE AVE,,FOSTORIA,OH,44830,(419)436-1538,53.74.1017,Fire Protection Organization - Company,04/16/2010,07/01/2027,Active,ACTIVE,,,,,,
WYNN-REETH INC,,137 S BROADWAY ST,,GREEN SPRINGS,OH,44836-9319,(419) 639-2094,53.74.1018,Fire Protection Organization - Company,12/07/2015,07/01/2027,Active,ACTIVE,,,,,,
OFFSET ELECTRIC INC,,PO BOX 119,,NEW RIEGEL,OH,44853-0119,,53.74.1019,Fire Protection Organization - Company,04/04/2017,07/01/2027,Active,ACTIVE,,,,,,
BODIE MECHANICAL SERVICES INC,,16380 E US ROUTE 224,,FINDLAY,OH,45840-9761,(419) 595-4055,53.74.1020,Fire Protection Organization - Company,02/26/2019,07/01/2027,Active,ACTIVE,,,,,,
SSW ELECTRIC LLC,,903 N UNION ST,,FOSTORIA,OH,44830-2050,(419) 427-8357,53.74.1021,Fire Protection Organization - Company,08/13/2019,07/01/2027,Active,ACTIVE,,,,,,
SENECA HOME REPAIR LLC,,2964 S COUNTY ROAD 17,,TIFFIN,OH,44883-9726,(567) 314-9330,53.74.1023,Fire Protection Organization - Company,03/11/2025,07/01/2027,Active,ACTIVE,,,,,,
DEPINET FIRE SERVICES LLC,,164 N TOWNSHIP ROAD 109,,TIFFIN,OH,44883,(567) 278-1602,53.74.1024,Fire Protection Organization - Company,06/23/2025,07/01/2027,Active,ACTIVE,,,,,,
SIDNEY ELECTRIC CO,,840 S VANDEMARK RD,,SIDNEY,OH,45365-8139,(937) 498-2357,53.75.1000,Fire Protection Organization - Company,06/10/1991,07/01/2027,Active,ACTIVE,,,,,,
AREA ENERGY AND ELECTRIC INC,,2001 COMMERCE DR,,SIDNEY,OH,45365-9393,(937)498-4784,53.75.1005,Fire Protection Organization - Company,06/05/1991,07/01/2027,Active,ACTIVE,,,,,,
SOLLMANN ELECTRIC,,310 E RUSSELL RD,,SIDNEY,OH,45365-1765,(937)492-0346,53.75.1006,Fire Protection Organization - Company,07/16/1991,07/01/2027,Active,ACTIVE,,,,,,
MEYER ELECTRIC CO,,5047 TAWAWA MAPLEWOOD RD,,SIDNEY,OH,45365-8256,(937)492-7988,53.75.1007,Fire Protection Organization - Company,06/27/1991,07/01/2027,Active,ACTIVE,,,,,,
GREVE ELECTRICAL & PLUMBING,,PO BOX 420,103 E WALNUT,BOTKINS,OH,45306-0420,(937)693-6838,53.75.1008,Fire Protection Organization - Company,04/26/1993,07/01/2027,Active,ACTIVE,,,,,,
SCHNIPPEL CONSTRUCTION INC,,PO BOX 477,302 N MAIN ST,BOTKINS,OH,45306,(937)693-3831,53.75.1011,Fire Protection Organization - Company,06/04/2004,07/01/2027,Active,ACTIVE,,,,,,
MILLIGAN CONSTRUCTION COMPANY,,1120 MILLIGAN CT STE 102,,SIDNEY,OH,45365-9196,(937)492-8710,53.75.1012,Fire Protection Organization - Company,03/03/2005,07/01/2027,Active,ACTIVE,,,,,,
WELLS BROTHERS INC,,105 SHUE DR,,ANNA,OH,45302-8402,(937)394-7559,53.75.1013,Fire Protection Organization - Company,07/24/2006,07/01/2027,Active,ACTIVE,,,,,,
NOLL-FISHER INC,,310 W MAIN ST,,ANNA,OH,45302,(937)394-4181,53.75.1014,Fire Protection Organization - Company,07/27/2007,07/01/2027,Active,ACTIVE,,,,,,
DONALD A SOMMER INC,,13167 STATE ROUTE 274,,ANNA,OH,45302-9456,(937) 693-6411,53.75.1017,Fire Protection Organization - Company,10/19/2017,07/01/2027,Active,ACTIVE,,,,,,
T & D MONITORING SERVICES LLC,,535 SCIOTO ST,,URBANA,OH,43078-2132,(937) 603-4027,53.75.1018,Fire Protection Organization - Company,02/21/2019,07/01/2027,Active,ACTIVE,,,,,,
J CLARKS EXCAVATING LLC,,9061 PASCO MONTRA RD,,SIDNEY,OH,45365-8557,(937) 493-0365,53.75.1019,Fire Protection Organization - Company,06/21/2023,07/01/2027,Active,ACTIVE,,,,,,
R & M CONTROLS LLC,,3150 THOMPSON SCHIFF RD,,SIDNEY,OH,45365-8468,(937) 658-1646,53.75.1021,Fire Protection Organization - Company,03/10/2025,07/01/2027,Active,ACTIVE,,,,,,
NIENBERG ELECTRIC LLC,,208 DIAMOND DR,,ANNA,OH,45302-8531,(419) 890-9701,53.75.1022,Fire Protection Organization - Company,07/24/2026,07/01/2027,Active,ACTIVE,,,,,,
GRABILL PLUMBING & HEATING INC,,10235 MANCHESTER AVE SW,,BEACH CITY,OH,44608,(330)756-2075,53.76.0001,Fire Protection Organization - Company,07/16/1991,07/01/2027,Active,ACTIVE,,,,,,
B-LEE ELECTRIC CO INC,,1410 2ND ST SW,,CANTON,OH,44702-2002,(330)456-0053,53.76.0005,Fire Protection Organization - Company,05/20/1991,07/01/2027,Active,ACTIVE,,,,,,
DOERSCHUK PLUMBING HEATING,,1225 INDUSTRIAL AVE SW,,MASSILLON,OH,44647-7602,(330)580-1333,53.76.1001,Fire Protection Organization - Company,05/20/1991,07/01/2027,Active,ACTIVE,,,,,,
PITTS FIRE EXTINGUISHER INC,,26 6TH ST SW,,MASSILLON,OH,44647-6522,(800)834-3632,53.76.1008,Fire Protection Organization - Company,07/16/1991,07/01/2027,Active,ACTIVE,,,,,,
SOEHNLEN PIPING CO INC,,11197 CLEVELAND AVE NW,PO BOX 1030,UNIONTOWN,OH,44685-9401,(216) 587-7214,53.76.1019,Fire Protection Organization - Company,06/14/1991,07/01/2027,Active,ACTIVE,,,,,,
HILSCHER CLARKE ELECTRIC,,519 4TH ST NW,,CANTON,OH,44703-2605,(330)452-9806,53.76.1022,Fire Protection Organization - Company,07/05/1991,07/01/2027,Active,ACTIVE,,,,,,
BURDEN ELECTRIC CO INC,,245 W MAIN ST,,ALLIANCE,OH,44601-2310,(330)823-5229,53.76.1026,Fire Protection Organization - Company,06/27/1991,07/01/2027,Active,ACTIVE,,,,,,
OD MILLER ELECTRIC CO INC,,1115 W MAIN ST,,LOUISVILLE,OH,44641,(216)875-1651,53.76.1031,Fire Protection Organization - Company,06/27/1991,07/01/2027,Active,ACTIVE,,,,,,
D & A PLUMBING & HEATING INC,,11197 CLEVELAND AVE NW,PO BOX 1017,UNIONTOWN,OH,44685-9401,(330)499-8733,53.76.1035,Fire Protection Organization - Company,06/05/1991,07/01/2027,Active,ACTIVE,,,,,,
INDEPENDENT PROTECTION SYSTEMS LLC,,2510 UPLAND AVE SW,,MASSILLON,OH,44647-7270,(330) 832-7992,53.76.1047,Fire Protection Organization - Company,06/05/1991,07/01/2027,Active,ACTIVE,,,,,,
ABBOTT ELECTRIC LLC,,1935 ALLEN AVE SE,,CANTON,OH,44707-3605,(330)452-6601,53.76.1048,Fire Protection Organization - Company,06/14/1991,07/01/2027,Active,ACTIVE,,,,,,
JL KOLP PLUMBING HEATING & COOLING,,1105 PORTAGE ST NW,,NORTH CANTON,OH,44720-2353,(330) 499-2318,53.76.1053,Fire Protection Organization - Company,07/16/1991,07/01/2027,Active,ACTIVE,,,,,,
BEAVER EXCAVATING CO,,PO BOX 6059,,CANTON,OH,44706-0059,(330)478-2151,53.76.1062,Fire Protection Organization - Company,07/05/1991,07/01/2027,Active,ACTIVE,,,,,,
CANAL FULTON ENTERPRISES INC,,4589 ERIE AVE NW,,CANAL FULTON,OH,44614,(330)832-7200,53.76.1065,Fire Protection Organization - Company,06/27/1991,07/01/2027,Active,ACTIVE,,,,,,
DIEBOLD NIXDORF INC,,PO BOX 3077,,NORTH CANTON,OH,44720-8077,(330) 490-4000,53.76.1066,Fire Protection Organization - Company,07/05/1991,07/01/2027,Active,ACTIVE,,,,,,
SUNDANCE LTD,,1513 S CLEVELAND MASSILLON RD,,COPLEY,OH,44321-1907,(330)665-0387,53.76.1072,Fire Protection Organization - Company,10/15/1991,07/01/2027,Active,ACTIVE,,,,,,
RT HAMPTON PLBG & HTG INC,,1225 INDUSTRIAL AVENUE S W,,MASSILLON,OH,44647,(330) 809-6200,53.76.1082,Fire Protection Organization - Company,05/04/1994,07/01/2027,Active,ACTIVE,,,,,,
ROMAN PLUMBING CO,,2411 SHEPLER CHURCH RD SW,,CANTON,OH,44706,(330)455-5155,53.76.1088,Fire Protection Organization - Company,08/22/1994,07/01/2027,Active,ACTIVE,,,,,,
BUCKEYE PLUMBING,,277 MARKET AVE SW,,HARTVILLE,OH,44632-8521,(330)877-3122,53.76.1092,Fire Protection Organization - Company,01/31/1995,07/01/2027,Active,ACTIVE,,,,,,
SECURI COM OF CANTON,,8762 CLEVELAND AVE NW,,NORTH CANTON,OH,44720-7902,(330)497-4001,53.76.1099,Fire Protection Organization - Company,02/14/1997,07/01/2027,Active,ACTIVE,,,,,,
R & K ELECTRIC LTD,,134 S CHAPEL ST,,LOUISVILLE,OH,44641,(330)875-2325,53.76.1100,Fire Protection Organization - Company,07/15/1997,07/01/2027,Active,ACTIVE,,,,,,
SENTRY SECURITY INC,,4720 EVERHARD RD NW,,CANTON,OH,44718-2423,(330)498-9040,53.76.1102,Fire Protection Organization - Company,01/20/1999,07/01/2027,Active,ACTIVE,,,,,,
STANLEY MILLER CONSTRUCTION CO INC,,2250 HOWENSTINE DR SE,,EAST SPARTA,OH,44626-9538,(330)484-2229,53.76.1103,Fire Protection Organization - Company,09/13/1999,07/01/2027,Active,ACTIVE,,,,,,
SAFE-N-SOUND SECURITY INC,,5555 COUNTY ROAD 203,,MILLERSBURG,OH,44654-8242,(330)491-1148,53.76.1104,Fire Protection Organization - Company,01/26/2000,07/01/2027,Active,ACTIVE,,,,,,
BE-SAFE FIRE & SECURITY,,600 LEVEE CIR,,MAGNOLIA,OH,44643-9224,(330) 484-6000,53.76.1105,Fire Protection Organization - Company,04/13/2000,07/01/2027,Active,ACTIVE,,,,,,
PAULI ELECTRIC INC,,475 E STATE ST,,ALLIANCE,OH,44601-4909,(330) 821-0997,53.76.1106,Fire Protection Organization - Company,06/09/2000,07/01/2027,Active,ACTIVE,,,,,,
STANDARD PLUMBING & HEATING CO,,435 WALNUT AVE SE,,CANTON,OH,44702-1348,(330)453-9191,53.76.1111,Fire Protection Organization - Company,11/29/2001,07/01/2027,Active,ACTIVE,,,,,,
ABBOTT FIRE AND SECURITY INC,,1935 ALLEN AVE SE,,CANTON,OH,44707-3605,(330)452-6601,53.76.1113,Fire Protection Organization - Company,01/06/2003,07/01/2027,Active,ACTIVE,,,,,,
SAFETY RESOURCES COMPANY OF OHIO,,4650 SOUTHWAY ST SW,,CANTON,OH,44706,(330)477-1100,53.76.1117,Fire Protection Organization - Company,01/05/2004,07/01/2027,Active,ACTIVE,,,,,,
DIPIETRO EXCAVATING INC,,7706 LINCOLN ST SE,,EAST CANTON,OH,44730,(330)488-6450,53.76.1118,Fire Protection Organization - Company,04/16/2004,07/01/2027,Active,ACTIVE,,,,,,
HIGHLAND MECHANICAL LLC,,198 MT PLEASANT NW,,CLINTON,OH,44216,(330)882-4550,53.76.1126,Fire Protection Organization - Company,01/18/2007,07/01/2027,Active,ACTIVE,,,,,,
GRAGG ELECTRICAL SERVICES,,333 CEDAR ST S,,EAST CANTON,OH,44730-1335,(330) 488-8009,53.76.1131,Fire Protection Organization - Company,03/02/2009,07/01/2027,Active,ACTIVE,,,,,,
BONTRAGER EXCAVATING LTD,,11087 CLEVELAND AVE,,UNIONTOWN,OH,44685,(330)499-8775,53.76.1133,Fire Protection Organization - Company,01/28/2010,07/01/2027,Active,ACTIVE,,,,,,
JOSEPH A JEFFRIES COMPANY INC,,5211 LOUISVILLE ST NE,,LOUISVILLE,OH,44641,(330)454-6103,53.76.1135,Fire Protection Organization - Company,11/24/2010,07/01/2027,Active,ACTIVE,,,,,,
BACHTEL EXCAVATING INC,,4113 MILLENNIUM BLVD SE,,MASSILLON,OH,44646-7449,(330)844-3345,53.76.1141,Fire Protection Organization - Company,02/27/2013,07/01/2027,Active,ACTIVE,,,,,,
DENNIS MILLER ENTERPRISES INC,,2509 LAKE CENTER ST,,UNIONTOWN,OH,44685,(330)936-3370,53.76.1144,Fire Protection Organization - Company,10/25/2013,07/01/2027,Active,ACTIVE,,,,,,
RG FIRE PROTECTION COMPANY,,1249 DUEBER AVE SW,,CANTON,OH,44706-1635,(330) 456-8848,53.76.1148,Fire Protection Organization - Company,05/31/2016,07/01/2027,Active,ACTIVE,,,,,,
DERUYTER ELECTRIC LLC,,900 BATTLESBURG ST SW,,EAST SPARTA,OH,44626-9731,(330) 844-2693,53.76.1149,Fire Protection Organization - Company,06/09/2016,07/01/2027,Active,ACTIVE,,,,,,
FIRST CHOICE ELECTRICAL SOLUTIONS,,2115 S UNION AVE,,ALLIANCE,OH,44601-4961,(330) 596-1885,53.76.1151,Fire Protection Organization - Company,02/01/2017,07/01/2027,Active,ACTIVE,,,,,,
PATRIOT FIRE AND SECURITY INC,,1458 WATERLOO RD,,BARBERTON,OH,44203-1204,(330) 317-7300,53.76.1153,Fire Protection Organization - Company,08/29/2019,07/01/2027,Active,ACTIVE,,,,,,
ELECTRICAL CONTRACTORS USA LLC,,8365 MAPLEHURST AVE SE,,EAST SPARTA,OH,44626-9320,(330) 575-6511,53.76.1154,Fire Protection Organization - Company,02/11/2020,07/01/2027,Active,ACTIVE,,,,,,
MEDIA 144 LLC,,PO BOX 789,,UNIONTOWN,OH,44685-0789,,53.76.1155,Fire Protection Organization - Company,08/20/2020,07/01/2027,Active,ACTIVE,,,,,,
EASTON CONSTRUCTION INC,,3924 STATE ST NW,PO BOX 2718,NORTH CANTON,OH,44720,(330) 936-3548,53.76.1156,Fire Protection Organization - Company,03/05/2021,07/01/2027,Active,ACTIVE,,,,,,
TWO NICKS ELECTRIC,,4501 CLEVELAND AVE NW UNIT B,,CANTON,OH,44709-1835,(330) 280-3388,53.76.1157,Fire Protection Organization - Company,10/25/2022,07/01/2027,Active,ACTIVE,,,,,,
DIPIETRO CONSTRUCTION LLC,,8174 LISBON ST E,,EAST CANTON,OH,44730-2024,(330) 488-3159,53.76.1158,Fire Protection Organization - Company,07/01/2024,07/01/2027,Active,ACTIVE,,,,,,
GATOR CONSTRUCTION INC,,15492 ORRVILLE ST NW,,NORTH LAWRENCE,OH,44666-9613,(330) 854-0860,53.76.1159,Fire Protection Organization - Company,07/23/2024,07/01/2027,Active,ACTIVE,,,,,,
RBS GENERAL CONTRACTING LLC,,12806 LINCOLN WAY NW,,MASSILLON,OH,44647-9636,(330) 830-4655,53.76.1160,Fire Protection Organization - Company,02/14/2025,07/01/2027,Active,ACTIVE,,,,,,
M B YOUNG FIRE & SECURITY LLC,,4501 CLEVELAND AVE NW UNIT B,,CANTON,OH,44709-1835,(330) 617-6788,53.76.1161,Fire Protection Organization - Company,03/11/2025,07/01/2027,Active,ACTIVE,,,,,,
HALL ELECTRICAL CONTRACTING LLC,,10924 FORTY CORNERS RD NW,,MASSILLON,OH,44647-9406,(330) 417-3976,53.76.1162,Fire Protection Organization - Company,10/15/2025,07/01/2027,Active,ACTIVE,,,,,,
PROTECH SECURITY LLC,,7026 SUNSET STRIP AVE NW,,NORTH CANTON,OH,44720-7077,(330) 499-3555,53.76.1163,Fire Protection Organization - Company,12/01/2025,07/01/2027,Active,ACTIVE,,,,,,
ROGERS EXCAVATING LLC,,10216 ERIE AVE SW,,BEACH CITY,OH,44608-9547,(330) 465-4147,53.76.1164,Fire Protection Organization - Company,05/14/2026,07/01/2027,Active,ACTIVE,,,,,,
FRED OLIVIERI CONSTRUCTION COMPANY,,6315 PROMWAY AVE NW,,NORTH CANTON,OH,44720-7619,(330) 494-1007,53.76.1165,Fire Protection Organization - Company,09/09/2026,07/01/2027,Active,ACTIVE,,,,,,
SHUMAN INC,,28 CASTLE DR # 373,,MUNROE FALLS,OH,44262-1602,(330)688-2322,53.77.0002,Fire Protection Organization - Company,06/27/1991,07/01/2027,Active,ACTIVE,,,,,,
PIPELINE PLUMBING CO LLC,,148 N SUMMIT ST,,AKRON,OH,44304,(330)253-3832,53.77.0004,Fire Protection Organization - Company,06/14/1991,07/01/2027,Active,ACTIVE,,,,,,
STG ELECTRIC SERVICES LLC,,360 HIGHLAND RD E,,MACEDONIA,OH,44056-2169,(330) 650-0513,53.77.0008,Fire Protection Organization - Company,07/16/1991,07/01/2027,Active,ACTIVE,,,,,,
BECHTER PLUMBING INC,,1151 TOWER DR,,AKRON,OH,44305-1089,(330)633-1180,53.77.0009,Fire Protection Organization - Company,06/27/1991,07/01/2027,Active,ACTIVE,,,,,,
EAGLE SYSTEMS INC,,8285 MANCHESTER AVE NW,,CANAL FULTON,OH,44614-8602,(330)724-6290,53.77.1010,Fire Protection Organization - Company,07/16/1991,07/01/2027,Active,ACTIVE,,,,,,
MECCON INC,,529 GRANT ST - #100,,AKRON,OH,44311,(330)253-6188,53.77.1011,Fire Protection Organization - Company,07/16/1991,07/01/2027,Active,ACTIVE,,,,,,
SA COMUNALE,,2900 NEWPARK DR,,BARBERTON,OH,44203,(330) 706-3040,53.77.1016,Fire Protection Organization - Company,07/16/1991,07/01/2027,Active,ACTIVE,,,,,,
JOHN P NOVATNY ELECTRIC CO,,955 EVANS AVE,,AKRON,OH,44305-1041,(330)630-8900,53.77.1024,Fire Protection Organization - Company,06/10/1991,07/01/2027,Active,ACTIVE,,,,,,
DIES ELECTRIC CO,,643 E TALLMADGE AVE,,AKRON,OH,44310-2404,(330)253-9959,53.77.1042,Fire Protection Organization - Company,07/05/1991,07/01/2027,Active,ACTIVE,,,,,,
THOMPSON ELECTRIC INC,,49 NORTHMORELAND AVE,,MUNROE FALLS,OH,44262-1717,(330)686-2300,53.77.1046,Fire Protection Organization - Company,07/05/1991,07/01/2027,Active,ACTIVE,,,,,,
M & M ELECTRICAL CONTRACTORS INC,,363 TACOMA AVE,,TALLMADGE,OH,44278-2716,(330) 612-0734,53.77.1055,Fire Protection Organization - Company,06/10/1991,07/01/2027,Active,ACTIVE,,,,,,
FRECKA INC,,1770 NEWBERRY ST,,CUYAHOGA FALLS,OH,44223,(216)928-9230,53.77.1064,Fire Protection Organization - Company,06/27/1991,07/01/2027,Active,ACTIVE,,,,,,
LOCKHART CONCRETE CO,,800 W WATERLOO RD,,AKRON,OH,44314,(330)745-6520,53.77.1072,Fire Protection Organization - Company,07/16/1991,07/01/2027,Active,ACTIVE,,,,,,
SPEELMAN ELECTRIC LLC,,235 NORTHEAST AVE,,TALLMADGE,OH,44278-1401,(216)633-1410,53.77.1083,Fire Protection Organization - Company,07/16/1991,07/01/2027,Active,ACTIVE,,,,,,
N G N ELECTRIC CORP,,PO BOX 1119,538 W STREETSBORO ST,HUDSON,OH,44236-6319,(330)923-2777,53.77.1084,Fire Protection Organization - Company,06/14/1991,07/01/2027,Active,ACTIVE,,,,,,
CD WHITFIELD CO,,2919 E 37TH ST,,CLEVELAND,OH,44115,(216)883-8668,53.77.1098,Fire Protection Organization - Company,07/16/1991,07/01/2027,Active,ACTIVE,,,,,,
AKRON GENERAL MEDICAL CENTER,,400 WABASH AVE,,AKRON,OH,44307,(330)344-6000,53.77.1104,Fire Protection Organization - Company,10/15/1991,07/01/2027,Active,ACTIVE,,,,,,
SCHECK ELECTRONICS INC,,254 FULMER AVE,,AKRON,OH,44312-1981,(330)784-7144,53.77.1108,Fire Protection Organization - Company,06/19/1992,07/01/2027,Active,ACTIVE,,,,,,
SOUTHEAST SECURITY LLC,,PO BOX 326,1385 WOLF CREEK TR,SHARON CENTER,OH,44274-0326,(330)239-4600,53.77.1120,Fire Protection Organization - Company,08/11/1993,07/01/2027,Active,ACTIVE,,,,,,
ACE BROTHERS PLUMBING & HTG,,1447 S MAIN ST,,AKRON,OH,44301-1651,(330) 899-8800,53.77.1124,Fire Protection Organization - Company,05/04/1994,07/01/2027,Active,ACTIVE,,,,,,
VIDEO SYSTEMS & SECURITY,,586 SEIBERLING ST,,AKRON,OH,44306-3200,(330)784-7500,53.77.1142,Fire Protection Organization - Company,01/29/1996,07/01/2027,Active,ACTIVE,,,,,,
I C R ELECTRIC INC,,2311 N REVERE RD,,AKRON,OH,44333-1964,(330)576-6106,53.77.1145,Fire Protection Organization - Company,07/22/1996,07/01/2027,Active,ACTIVE,,,,,,
INTEGRATED PRECISION SYSTEMS INC,,8555 SWEET VALLEY DR,,VALLEY VIEW,OH,44125-4254,(330)963-0064,53.77.1147,Fire Protection Organization - Company,11/26/1996,07/01/2027,Active,ACTIVE,,,,,,
GLEN W BUELOW INC,,7529 CORAL TREE,,PUNTA GORDA,FL,33955-1006,(216) 469-7391,53.77.1148,Fire Protection Organization - Company,01/03/1997,07/01/2027,Active,ACTIVE,,,,,,
SPANO BROTHERS,,2595 PRESSLER RD,,AKRON,OH,44312-5553,(330)645-1544,53.77.1154,Fire Protection Organization - Company,05/19/1997,07/01/2027,Active,ACTIVE,,,,,,
ACE SECURITY SYSTEMS,,3643 COPLEY RD,,AKRON,OH,44321,(330)666-6007,53.77.1155,Fire Protection Organization - Company,06/11/1997,07/01/2027,Active,ACTIVE,,,,,,
AKRON PUBLIC SCHOOLS,,515 GRANT ST,,AKRON,OH,44311-1109,(330)761-2977,53.77.1158,Fire Protection Organization - Company,07/25/1997,07/01/2027,Active,ACTIVE,,,,,,
A CRANO EXCAVATING INC,,1505 INDUSTRIAL PKWY,,AKRON,OH,44310,(330)630-1115,53.77.1162,Fire Protection Organization - Company,05/05/1998,07/01/2027,Active,ACTIVE,,,,,,
SENN CONSTRUCTION COMPANY,,1277 RUTH AVE,,COPLEY,OH,44321,(330)666-5751,53.77.1163,Fire Protection Organization - Company,05/05/1998,07/01/2027,Active,ACTIVE,,,,,,
FLEET ELECTRIC,,6629 CONGRESS RD,,SPENCER,OH,44275-9555,(330) 671-4636,53.77.1164,Fire Protection Organization - Company,06/19/1998,07/01/2027,Active,ACTIVE,,,,,,
BOB BENNETT CONSTRUCTION COMPANY,,2795 BARBER RD,,NORTON,OH,44203,(330)753-9191,53.77.1169,Fire Protection Organization - Company,01/15/1999,07/01/2027,Active,ACTIVE,,,,,,
RAY BERTOLINI TRUCKING CO,,2070 WRIGHT RD,,AKRON,OH,44320,(330)867-0666,53.77.1170,Fire Protection Organization - Company,06/22/1999,07/01/2027,Active,ACTIVE,,,,,,
TANK PRO,,2099 WADSWORTH RD,,NORTON,OH,44203-5305,(330)848-9166,53.77.1178,Fire Protection Organization - Company,01/25/2001,07/01/2027,Active,ACTIVE,,,,,,
CAVANAUGH BUILDING CORP,,1744 COLLIER RD,,AKRON,OH,44320,(330)753-6658,53.77.1179,Fire Protection Organization - Company,05/04/2001,07/01/2027,Active,ACTIVE,,,,,,
UNIVERSITY OF AKRON,,146 HILL ST,,AKRON,OH,44325-0032,(330) 972-6146,53.77.1182,Fire Protection Organization - Company,10/31/2001,07/01/2027,Active,ACTIVE,,,,,,
SHERISE INC,,98 N ROSE BLVD,,AKRON,OH,44302,(330)865-0112,53.77.1184,Fire Protection Organization - Company,07/29/2002,07/01/2027,Active,ACTIVE,,,,,,
BERNARD MECHANICAL INC,,359 STANTON AVE,,AKRON,OH,44301,(330)785-3830,53.77.1187,Fire Protection Organization - Company,10/17/2002,07/01/2027,Active,ACTIVE,,,,,,
ADVANCED ELECTRONIC SECURITY,,1076 BRUCE RD,,AKRON,OH,44306,(330)687-7733,53.77.1193,Fire Protection Organization - Company,02/15/2005,07/01/2027,Active,ACTIVE,,,,,,
"JEFF THE PLUMBER, INC",,1100 TOWER DR,,AKRON,OH,44305-1090,(330)940-2600,53.77.1194,Fire Protection Organization - Company,09/06/2005,07/01/2027,Active,ACTIVE,,,,,,
THOMANN ELECTRICAL SERVICE LTD,,4310 COTTAGE GROVE RD,,UNIONTOWN,OH,44685-9679,(330)805-8658,53.77.1196,Fire Protection Organization - Company,12/19/2005,07/01/2027,Active,ACTIVE,,,,,,
DUTTON ELECTRIC INC,,1217 ASHWOOD RD,,AKRON,OH,44312-5801,(330) 608-1429,53.77.1199,Fire Protection Organization - Company,02/02/2006,07/01/2027,Active,ACTIVE,,,,,,
SUMMIT DIVERSIFIED SYSTEMS,,4020 GENEVIEVE BLVD,,STOW,OH,44224-3534,(234) 678-0328,53.77.1201,Fire Protection Organization - Company,08/03/2006,07/01/2027,Active,ACTIVE,,,,,,
ADVANCED ELECTRIC,,PO BOX 6104,,AKRON,OH,44312-0104,(330) 573-0098,53.77.1206,Fire Protection Organization - Company,06/26/2007,07/01/2027,Active,ACTIVE,,,,,,
WESTERN RESERVE HOSPITAL,FACILITIES ENGINEERING,1900 23RD ST,,CUYAHOGA FALLS,OH,44223-1404,(330) 971-7106,53.77.1210,Fire Protection Organization - Company,03/20/2008,07/01/2027,Active,ACTIVE,,,,,,
MASTERS ELECTRICAL SERVICES CORP,,3140 N BENDER AVE,,AKRON,OH,44319,(330)620-8245,53.77.1217,Fire Protection Organization - Company,11/02/2009,07/01/2027,Active,ACTIVE,,,,,,
S3 TECHNOLOGIES LLC,,90 N PROSPECT ST,,AKRON,OH,44304-1273,(330) 648-5408,53.77.1220,Fire Protection Organization - Company,02/01/2010,07/01/2027,Active,ACTIVE,,,,,,
PETIT ELECTRIC & PLUMBING,,286 N CLEVELAND AVE,,MOGADORE,OH,44260,(330)628-3133,53.77.1222,Fire Protection Organization - Company,02/09/2010,07/01/2027,Active,ACTIVE,,,,,,
CERTASITE,,9855 CROSSPOINT BLVD STE 126,,INDIANAPOLIS,IN,46256-3336,(574) 287-3662,53.77.2009,Fire Protection Organization - Company,03/05/2001,07/01/2027,Active,ACTIVE,,,,,,
ACME FIRE PROTECTION LLC,,6307 CARIBOU DR,,CLINTON,OH,44216-8653,(330) 529-4434,53.77.2010,Fire Protection Organization - Company,02/07/2014,07/01/2027,Active,ACTIVE,,,,,,
ANR ELECTRIC LLC,,3783 STATE RD,,AKRON,OH,44319-2129,(330) 644-4454,53.77.2013,Fire Protection Organization - Company,05/08/2015,07/01/2027,Active,ACTIVE,,,,,,
OHIO TECHNICRAFT INC DBA TELE CARE,,9329 RAVENNA RD STE M,,TWINSBURG,OH,44087-2457,(330) 425-3320,53.77.2017,Fire Protection Organization - Company,04/28/2017,07/01/2027,Active,ACTIVE,,,,,,
CHOICE AIRE LLC,,1940 ENGLEWOOD AVE,,AKRON,OH,44312-1056,(330) 630-9822,53.77.2018,Fire Protection Organization - Company,09/26/2017,07/01/2027,Active,ACTIVE,,,,,,
CONSTRUCTION WORKS INC,,3236 PRAIRIE VISTA CT,,RICHFIELD,OH,44286-9078,(216) 469-9536,53.77.2019,Fire Protection Organization - Company,11/03/2017,07/01/2027,Active,ACTIVE,,,,,,
M CAMPBELL CONTRACTING LLC,,700 MCCAULEY RD,,STOW,OH,44224-1004,(330) 658-3033,53.77.2020,Fire Protection Organization - Company,12/22/2017,07/01/2027,Active,ACTIVE,,,,,,
PRECISION EXCAVATING GRADING CO,,835 SOUTHEAST AVE STE 1,,TALLMADGE,OH,44278-2882,(800) 204-1729,53.77.2022,Fire Protection Organization - Company,05/01/2018,07/01/2027,Active,ACTIVE,,,,,,
BERWIN ELECTRIC,,1194 BERWIN ST,,AKRON,OH,44310-1061,(330) 760-1651,53.77.2026,Fire Protection Organization - Company,09/06/2019,07/01/2027,Active,ACTIVE,,,,,,
SUBCON SECURITY LLC,,6856 SCHOEPF DR,,NORTHFIELD,OH,44067-2836,(440) 476-6124,53.77.2034,Fire Protection Organization - Company,10/27/2020,07/01/2027,Active,ACTIVE,,,,,,
PRICELESS SECURITY,,844 SHERIDAN AVE,,AKRON,OH,44307-1149,(330) 858-7856,53.77.2036,Fire Protection Organization - Company,07/19/2021,07/01/2027,Active,ACTIVE,,,,,,
"SCW SPRINKLER DBA S S SPRINKLER CO., INC.",,772 JONATHAN AVE,,AKRON,OH,44306-3647,(330) 541-7929,53.77.2037,Fire Protection Organization - Company,05/31/2022,07/01/2027,Active,ACTIVE,,,,,,
KENMORE CONSTRUCTION CO INC,,700 HOME AVE,,AKRON,OH,44310-4104,(330) 762-9373,53.77.2040,Fire Protection Organization - Company,01/16/2024,07/01/2027,Active,ACTIVE,,,,,,
JONES COMPLETE CONSTRUCTION LLC,,120 WHALEY RD,,PENINSULA,OH,44264-9728,(330) 814-4338,53.77.2041,Fire Protection Organization - Company,03/15/2024,07/01/2027,Active,ACTIVE,,,,,,
SECURADYNE SYSTEMS INTERMEDIATE LLC DBA ALLIED UNIVERSAL TECH,,5924 MAYFAIR RD,,NORTH CANTON,OH,44720-1549,(919) 815-8340,53.77.2042,Fire Protection Organization - Company,03/26/2024,07/01/2027,Active,ACTIVE,,,,,,
KDA INDUSTRIES LLC,,5221 S CLEVELAND MASSILLON RD,,NORTON,OH,44203-7819,(330) 590-7430,53.77.2043,Fire Protection Organization - Company,09/10/2024,07/01/2027,Active,ACTIVE,,,,,,
THE FIRE EXTINGUISHER GUY LLC,,1789 JUNIATA RD,,AKRON,OH,44305-1423,(330) 714-5862,53.77.2044,Fire Protection Organization - Company,09/18/2024,07/01/2027,Active,ACTIVE,,,,,,
TRI MOR CORP,,8530 N BOYLE PKWY,,TWINSBURG,OH,44087-2267,(330) 963-3101,53.77.2045,Fire Protection Organization - Company,01/14/2025,07/01/2027,Active,ACTIVE,,,,,,
LIBERTY FIRE PROTECTION LLC,,550 HUDSON RUN RD,,BARBERTON,OH,44203-3933,(330) 715-9430,53.77.2046,Fire Protection Organization - Company,01/30/2025,07/01/2027,Active,ACTIVE,,,,,,
XTREME ELEMENTS LLC,,1016 MORSE ST,,AKRON,OH,44320-3926,(330) 325-2807,53.77.2051,Fire Protection Organization - Company,01/20/2026,07/01/2027,Active,ACTIVE,,,,,,
CURTIS J FOX INC DBA FOX BROS CONSTRUCTION,,PO BOX 1168,,NORTON,OH,44203-9168,(330) 825-8266,53.77.2052,Fire Protection Organization - Company,01/28/2026,07/01/2027,Active,ACTIVE,,,,,,
FORTIFY FIRE AND SECURITY LLC,,3770 MANCHESTER RD,,COVENTRY TOWNSHIP,OH,44319-2143,(330) 644-4966,53.77.2053,Fire Protection Organization - Company,01/29/2026,07/01/2027,Active,ACTIVE,,,,,,
AVERA MEDIA GROUP LLC,,9329 RAVENNA RD STE B,,TWINSBURG,OH,44087-2457,(440) 532-0691,53.77.2054,Fire Protection Organization - Company,07/21/2026,07/01/2027,Active,ACTIVE,,,,,,
NORTH COAST FIRE PROTECTION INC,,1260 N PARK AVE,,WARREN,OH,44483-3732,(330)392-7200,53.78.0001,Fire Protection Organization - Company,07/16/1991,07/01/2027,Active,ACTIVE,,,,,,
WJ ALARM SERVICES,,2592 ELM RD NE,,WARREN,OH,44483,(330)372-3188,53.78.0006,Fire Protection Organization - Company,05/09/1991,07/01/2027,Active,ACTIVE,,,,,,
FIRE FOE CORP,,999 TRUMBULL AVE,,GIRARD,OH,44420-3448,(330)759-9834,53.78.1000,Fire Protection Organization - Company,06/05/1991,07/01/2027,Active,ACTIVE,,,,,,
PENN-OHIO ELECTRICAL CO,,1370 SHARON HOGUE RD,,MASURY,OH,44438-8710,(330)448-4066,53.78.1002,Fire Protection Organization - Company,06/27/1991,07/01/2027,Active,ACTIVE,,,,,,
HOWLAND ALARM CO,,2489 NILES CORTLAND RD NE,,CORTLAND,OH,44410-1723,(330)369-2956,53.78.1025,Fire Protection Organization - Company,08/11/1993,07/01/2027,Active,ACTIVE,,,,,,
WESTERN RESERVE MECHANICAL INC,,3041 S MAIN ST,,NILES,OH,44446,(330)652-3888,53.78.1031,Fire Protection Organization - Company,10/03/1995,07/01/2027,Active,ACTIVE,,,,,,
TRUMBULL SECURITY SYSTEMS INC,,2844 WILSON SHARPSVILLE RD,,CORTLAND,OH,44410-9474,(330)638-5224,53.78.1038,Fire Protection Organization - Company,05/18/2005,07/01/2027,Active,ACTIVE,,,,,,
FIRE FOE ALARMS INC,,999 TRUMBULL AVE # A,,GIRARD,OH,44420-3448,(330)759-8936,53.78.1041,Fire Protection Organization - Company,01/09/2007,07/01/2027,Active,ACTIVE,,,,,,
BECDEL CONTROLS INC,,1869 WARREN AVE,,NILES,OH,44446,(330) 619-5172,53.78.1045,Fire Protection Organization - Company,02/03/2012,07/01/2027,Active,ACTIVE,,,,,,
DEGREE FIRE PROTECTION INC,,3228 WOODBINE AVE SE,,WARREN,OH,44484-3428,(330) 219-2089,53.78.1047,Fire Protection Organization - Company,09/17/2013,07/01/2027,Active,ACTIVE,,,,,,
QUALITY ALARM SERVICE,,PO BOX 286,,NILES,OH,44446-0286,(330)544-3808,53.78.1051,Fire Protection Organization - Company,03/14/2017,07/01/2027,Active,ACTIVE,,,,,,
WOODFORD EXCAVATING LLC,,701 DIEHL SOUTH RD,,LEAVITTSBURG,OH,44430-9743,(330) 395-3478,53.78.1052,Fire Protection Organization - Company,05/15/2017,07/01/2027,Active,ACTIVE,,,,,,
TOTAL FIRE PROTECTION LLC,,3873 NILES CARVER RD,,MINERAL RIDGE,OH,44440-9507,(330) 720-8353,53.78.1053,Fire Protection Organization - Company,02/08/2019,07/01/2027,Active,ACTIVE,,,,,,
ADVANCED LIGHTWAVE COMMUNICATIONS LLC,,100 WEST ST,,NILES,OH,44446-2644,(330) 394-8000,53.78.1054,Fire Protection Organization - Company,02/20/2020,07/01/2027,Active,ACTIVE,,,,,,
DCT SERVICES LLC,,707 LAWRENCE AVE,,GIRARD,OH,44420-2230,(330) 502-2216,53.78.1055,Fire Protection Organization - Company,04/14/2020,07/01/2027,Active,ACTIVE,,,,,,
TURA VENTURES LLC,,3640 ELLSWORTH BAILEY RD SW,,WARREN,OH,44481-9200,(330) 717-7451,53.78.1056,Fire Protection Organization - Company,08/18/2020,07/01/2027,Active,ACTIVE,,,,,,
M E FIRE PROTECTION INC,,488 DIEHL SOUTH RD,,LEAVITTSBURG,OH,44430-9707,(330) 978-1030,53.78.1057,Fire Protection Organization - Company,10/05/2020,07/01/2027,Active,ACTIVE,,,,,,
PRIME SERVERS INC,,19 N MARKET ST UNIT 112,,GIRARD,OH,44420-9504,(307) 392-4900,53.78.1059,Fire Protection Organization - Company,07/15/2021,07/01/2027,Active,ACTIVE,,,,,,
STELLAR ELECTRIC LLC,,1209 HOWLAND SPRINGS BLVD SE,,WARREN,OH,44484-3118,(330) 980-2818,53.78.1063,Fire Protection Organization - Company,02/14/2023,07/01/2027,Active,ACTIVE,,,,,,
SITEWORX UNLIMITED LLC,,4200 G P EASTERLY RD,,WEST FARMINGTON,OH,44491-9745,(330) 488-5539,53.78.1064,Fire Protection Organization - Company,03/20/2023,07/01/2027,Active,ACTIVE,,,,,,
ADVANCED ENGINEERING AND CONSTRUCTION CORP,,2641 BAZETTA RD NE,,WARREN,OH,44481-9328,(330) 307-7584,53.78.1065,Fire Protection Organization - Company,09/18/2024,07/01/2027,Active,ACTIVE,,,,,,
MES SERVICE COMPANY LLC,,6880 TOD AVE SW,,WARREN,OH,44481-8628,(330) 824-3523,53.78.1066,Fire Protection Organization - Company,05/01/2025,07/01/2027,Active,ACTIVE,,,,,,
STEEL VALLEY FIRE PROTECTION,,1052 MAHONING AVE NW,,WARREN,OH,44483-4622,(330) 717-5309,53.78.1067,Fire Protection Organization - Company,08/15/2025,07/01/2027,Active,ACTIVE,,,,,,
MILLER YOUNT PAVING INC,,2295 HOAGLAND BLACKSTUB RD,,CORTLAND,OH,44410-9318,(330) 372-4408,53.78.1068,Fire Protection Organization - Company,02/02/2026,07/01/2027,Active,ACTIVE,,,,,,
BASH FIRE PROTECTION LLC,,2621 BLAIR DR NE,,WARREN,OH,44483-2617,(440) 313-1767,53.78.1069,Fire Protection Organization - Company,05/28/2026,07/01/2027,Active,ACTIVE,,,,,,
WOOD ELECTRIC INC,,210 11TH ST NW,,NEW PHILADELPHIA,OH,44663,(330)339-7002,53.79.1010,Fire Protection Organization - Company,06/27/1991,07/01/2027,Active,ACTIVE,,,,,,
FLICKINGER PIPING CO INC,,439 S TUSCARAWAS AVE,,DOVER,OH,44622,(330)364-4224,53.79.1011,Fire Protection Organization - Company,06/27/1991,07/01/2027,Active,ACTIVE,,,,,,
CURRENT SYSTEMS INC,,2813 BROAD RUN DAIRY RD NW,,DOVER,OH,44622-7706,(330)364-5961,53.79.1016,Fire Protection Organization - Company,07/11/1997,07/01/2027,Active,ACTIVE,,,,,,
"TUCSON, INC",,3497 UNIVERSITY DR NE,,NEW PHILADELPHIA,OH,44663,(330)339-4935,53.79.1021,Fire Protection Organization - Company,01/24/2007,07/01/2027,Active,ACTIVE,,,,,,
BRIDGES EXCAVATING LLC,,2233 GOSHEN VALLEY RD SE,,NEW PHILADELPHIA,OH,44663-6788,(330) 339-7473,53.79.1024,Fire Protection Organization - Company,01/23/2017,07/01/2027,Active,ACTIVE,,,,,,
HENRY HEATING AND COOLING INC,,2370 STATE ROUTE 516 NW,,DOVER,OH,44622-7082,(330)364-5571,53.79.1025,Fire Protection Organization - Company,07/04/2018,07/01/2027,Active,ACTIVE,,,,,,
SCHILLING ELECTRIC INC,,3715 SANI RD SE,,NEW PHILADELPHIA,OH,44663-6847,(234) 801-8578,53.79.1027,Fire Protection Organization - Company,03/04/2024,07/01/2027,Active,ACTIVE,,,,,,
WAYNE GARAGE DOOR SALES & SERVICE INC,,2150 STATE ROUTE 39 NW,,DOVER,OH,44622-7419,(330) 343-6679,53.79.1028,Fire Protection Organization - Company,05/01/2025,07/01/2027,Active,ACTIVE,,,,,,
MAXX ELECTRIC LLC,,2184 STATE ROUTE 39 NW,,DOVER,OH,44622,(330) 749-2498,53.79.1029,Fire Protection Organization - Company,05/01/2025,07/01/2027,Active,ACTIVE,,,,,,
ARCPRO LLC,,4645 CROOKED RUN RD NW,,NEW PHILADELPHIA,OH,44663-7916,(330) 204-4754,53.79.1030,Fire Protection Organization - Company,10/23/2025,07/01/2027,Active,ACTIVE,,,,,,
DAWSON SECURITY AND HOME AUTOMATION LLC,,1175 HILLTOP RD NW,,NEW PHILADELPHIA,OH,44663-1328,(330) 343-8768,53.79.1031,Fire Protection Organization - Company,02/06/2026,07/01/2027,Active,ACTIVE,,,,,,
ACCURATE FIRE PROTECTION,,533 SURREY LN,,MARYSVILLE,OH,43040-1274,,53.80.0001,Fire Protection Organization - Company,05/20/1991,07/01/2027,Active,ACTIVE,,,,,,
TECHCO LIFE SAFETY SYSTEMS,,PO BOX 704,,MARYSVILLE,OH,43040,(937)644-9368,53.80.0006,Fire Protection Organization - Company,03/18/2004,07/01/2027,Active,ACTIVE,,,,,,
"DANBERT, INC",,8077 MEMORIAL DR,,PLAIN CITY,OH,43064,(614)873-4677,53.80.0007,Fire Protection Organization - Company,07/18/2005,07/01/2027,Active,ACTIVE,,,,,,
APPLIED ELECTRIC LLC,,402 E 4TH ST,,MARYSVILLE,OH,43040-8563,(937)644-2559,53.80.0008,Fire Protection Organization - Company,08/10/2005,07/01/2027,Active,ACTIVE,,,,,,
"BRETT SHORT CIRCUITS, LLC",,7124 HUNT CLYMER RD,,MECHANICSBURG,OH,43044-9534,(937)644-2188,53.80.0009,Fire Protection Organization - Company,06/19/2006,07/01/2027,Active,ACTIVE,,,,,,
STOVER EXCAVATING INC,,2365 PERFORMANCE WAY,,COLUMBUS,OH,43207-2858,(740) 993-0608,53.80.0010,Fire Protection Organization - Company,03/02/2009,07/01/2027,Active,ACTIVE,,,,,,
AT GRADE INC,,13302 US HIGHWAY 36,,MARYSVILLE,OH,43040-8340,(614) 873-7004,53.80.0014,Fire Protection Organization - Company,11/22/2017,07/01/2027,Active,ACTIVE,,,,,,
CCS CONSTRUCTION LLC,,8675 MEMORIAL DR,,PLAIN CITY,OH,43064-8639,(614) 467-9910,53.80.0015,Fire Protection Organization - Company,03/06/2018,07/01/2027,Active,ACTIVE,,,,,,
VITITOE CONSTRUCTION INC,,18415 COUNTY LINE RD,,OSTRANDER,OH,43061-9501,(740) 666-1045,53.80.0016,Fire Protection Organization - Company,07/10/2018,07/01/2027,Active,ACTIVE,,,,,,
MYERS ELECTRIC,,2186 MENTZER RD,,CONVOY,OH,45832,(419)749-2429,53.81.0003,Fire Protection Organization - Company,04/11/1996,07/01/2027,Active,ACTIVE,,,,,,
VAN WERT FIRE EQUIP CO,,134 E CRAWFORD ST,,VAN WERT,OH,45891-2072,(419)238-4126,53.81.1000,Fire Protection Organization - Company,06/14/1991,07/01/2027,Active,ACTIVE,,,,,,
ALEXANDER AND BEBOUT INC,,10098 LINCOLN HWY,,VAN WERT,OH,45891-9351,(419) 238-9567,53.81.1002,Fire Protection Organization - Company,05/12/2023,07/01/2027,Active,ACTIVE,,,,,,
NIXCO PLUMBING INC,,4281 A US 42,,MASON,OH,45040,(513)398-5907,53.83.1000,Fire Protection Organization - Company,07/05/1991,07/01/2027,Active,ACTIVE,,,,,,
ROSSMANN ELECTRIC CO,,289 W FOSTERS MAINEVILLE RD,,MAINEVILLE,OH,45039-8312,(513)683-1830,53.83.1004,Fire Protection Organization - Company,07/05/1991,07/01/2027,Active,ACTIVE,,,,,,
DALMATIAN FIRE A DIVISION OF SHAMBAUGH & SON LP,,7785 E KEMPER RD,,CINCINNATI,OH,45249-1611,(513)398-4500,53.83.1006,Fire Protection Organization - Company,05/20/1991,07/01/2027,Active,ACTIVE,,,,,,
KINGS ELECTRIC SERVICE,,PO BOX 382,,LEBANON,OH,45036-0382,(513)932-2293,53.83.1012,Fire Protection Organization - Company,02/11/1993,07/01/2027,Active,ACTIVE,,,,,,
CHARLES H HAMILTON CO,,PO BOX 99,5875 S 48 HWY,MAINEVILLE,OH,45039-0099,(513)683-2442,53.83.1026,Fire Protection Organization - Company,10/20/2006,07/01/2027,Active,ACTIVE,,,,,,
KELCHNER INC / WOOD GROUP / WOOD,,50 ADVANCED DR,,SPRINGBORO,OH,45066-1805,(937)704-9890,53.83.1029,Fire Protection Organization - Company,10/13/2009,07/01/2027,Active,ACTIVE,,,,,,
"SITE WORX, LLC",,PO BOX 767,,LEBANON,OH,45036-0767,(513)229-0295,53.83.1032,Fire Protection Organization - Company,02/10/2011,07/01/2027,Active,ACTIVE,,,,,,
TW ROY EXCAVATION INC,,9055 MORROW WOODVILLE RD,,PLEASANT PLAIN,OH,45162-8102,(513)877-2239,53.83.1033,Fire Protection Organization - Company,10/27/2011,07/01/2027,Active,ACTIVE,,,,,,
FIREFIGHTER SAFE LLC,,440 FAME RD,,DAYTON,OH,45449-2315,(937) 414-7725,53.83.1034,Fire Protection Organization - Company,01/10/2014,07/01/2027,Active,ACTIVE,,,,,,
WIRE WORKS LLC,,5159 RIVERSTONE DR,,SOUTH LEBANON,OH,45065-8714,(513) 678-9823,53.83.1035,Fire Protection Organization - Company,02/10/2015,07/01/2027,Active,ACTIVE,,,,,,
OHIO VALLEY EXCAVATING,,2316 W STATE ROUTE 122,,LEBANON,OH,45036-9782,(937) 502-4189,53.83.1036,Fire Protection Organization - Company,04/14/2016,07/01/2027,Active,ACTIVE,,,,,,
LIBERTY ELECTRICAL SYSTEMS INC,,PO BOX 284,,MASON,OH,45040-0284,(513) 616-4860,53.83.1037,Fire Protection Organization - Company,09/30/2016,07/01/2027,Active,ACTIVE,,,,,,
DIGGIT EXCAVATING INC,,3099 HART RD,,LEBANON,OH,45036-9123,(513) 934-0478,53.83.1038,Fire Protection Organization - Company,09/25/2018,07/01/2027,Active,ACTIVE,,,,,,
KT HOLDEN CONSTRUCTION LLC,,2300 LEBANON RD,,LEBANON,OH,45036-9681,(513) 968-3028,53.83.1045,Fire Protection Organization - Company,06/17/2024,07/01/2027,Active,ACTIVE,,,,,,
REBCO ELECTRIC LLC,,1770 W MASON MORROW MILLGROVE RD,,LEBANON,OH,45036-9688,(513) 855-0049,53.83.1047,Fire Protection Organization - Company,06/24/2026,07/01/2027,Active,ACTIVE,,,,,,
T&M DATACOM SERVICES II LLC,,6314 SNIDERCREST RD,,MASON,OH,45040-9087,(513) 602-6400,53.83.1048,Fire Protection Organization - Company,09/02/2026,07/01/2027,Active,ACTIVE,,,,,,
PIONEER PIPE INC,,2021 HANNA RD,,MARIETTA,OH,45750-8255,(740)376-2400,53.84.0005,Fire Protection Organization - Company,07/16/1991,07/01/2027,Active,ACTIVE,,,,,,
FIRE EXTINGUISHER SPECIALISTS,,320 FRANKLIN ST,PO BOX 48,MARIETTA,OH,45750-2719,(614)373-0515,53.84.1000,Fire Protection Organization - Company,06/10/1991,07/01/2027,Active,ACTIVE,,,,,,
CARVERS ELECTRIC PLUMBING & HEATING,,214 BROUGHTON AVE,,MARIETTA,OH,45750-9509,(614)373-5816,53.84.1005,Fire Protection Organization - Company,06/27/1991,07/01/2027,Active,ACTIVE,,,,,,
FRANKLIN FIRE EQUIPMENT CO INC,,501 VIRGINIA ST UNIT C,,MARIETTA,OH,45750-2873,(740)373-9302,53.84.1009,Fire Protection Organization - Company,06/03/1991,07/01/2027,Active,ACTIVE,,,,,,
SECURITY ELECTRONICS INC,,778 GUNCLUB RD,,LOWELL,OH,45744-7343,(740)374-9647,53.84.1010,Fire Protection Organization - Company,07/05/1991,07/01/2027,Active,ACTIVE,,,,,,
SES ALARM SYSTEMS LLC,,PO BOX 68,,WATERFORD,OH,45786-0068,(740)984-1661,53.84.1011,Fire Protection Organization - Company,05/28/1991,07/01/2027,Active,ACTIVE,,,,,,
AARDVARK COMMUNICATIONS & SECURITY LLC,,27823 STATE ROUTE 7,,MARIETTA,OH,45750-9060,(740) 376-1475,53.84.1012,Fire Protection Organization - Company,08/15/2019,07/01/2027,Active,ACTIVE,,,,,,
FARNSWORTH LIFE SAFETY SERVICES LLC,,2419 INDIAN RUN RD,,MARIETTA,OH,45750-7836,(740) 350-2432,53.84.1014,Fire Protection Organization - Company,05/25/2023,07/01/2027,Active,ACTIVE,,,,,,
GRAE CON ELECTRIC LLC,,101 INDUSTRY RD,,MARIETTA,OH,45750-9355,(740) 585-2981,53.84.1015,Fire Protection Organization - Company,10/07/2025,07/01/2027,Active,ACTIVE,,,,,,
AC SPLIT BOLT INC,,337 PALMER ST,,WOOSTER,OH,44691-3645,(330)264-8068,53.85.0001,Fire Protection Organization - Company,06/14/1991,07/01/2027,Active,ACTIVE,,,,,,
KIDRON ELECTRIC INC,,PO BOX 248,5358 KIDRON ROAD,KIDRON,OH,44636-0248,(216)857-2871,53.85.0002,Fire Protection Organization - Company,08/15/1991,07/01/2027,Active,ACTIVE,,,,,,
ALBRIGHT WELDING SUPPLY CO INC,,PO BOX 35,3132 E LINCOLN WAY,WOOSTER,OH,44691-0035,(330)264-2021,53.85.1009,Fire Protection Organization - Company,06/27/1991,07/01/2027,Active,ACTIVE,,,,,,
MCCLINTOCK ELECTRIC INC,,402 E HENRY ST,,WOOSTER,OH,44691-4310,(330)264-6380,53.85.1012,Fire Protection Organization - Company,06/27/1991,07/01/2027,Active,ACTIVE,,,,,,
N R H ELECTRIC INC,,366 W MARKET ST,,ORRVILLE,OH,44667,(330)683-1788,53.85.1019,Fire Protection Organization - Company,07/20/1994,07/01/2027,Active,ACTIVE,,,,,,
WENGER EXCAVATING INC,,26 N COCHRAN ST PO BOX 499,,DALTON,OH,44618,(330)837-4767,53.85.1028,Fire Protection Organization - Company,05/07/1999,07/01/2027,Active,ACTIVE,,,,,,
CFE CONSTRUCTION INC,,1960 MYERSVILLE RD,,AKRON,OH,44312-4975,(330) 699-0000,53.85.1031,Fire Protection Organization - Company,03/11/2000,07/01/2027,Active,ACTIVE,,,,,,
CAMPBELL CONSTRUCTION INC,,1159 BLACHLEYVILLE RD,,WOOSTER,OH,44691,(330)262-5186,53.85.1033,Fire Protection Organization - Company,04/02/2001,07/01/2027,Active,ACTIVE,,,,,,
CIRCLE G PLUMBING INC,,5577 W WEST SALEM RD,,BURBANK,OH,44214-9422,(330)624-0331,53.85.1034,Fire Protection Organization - Company,08/01/2002,07/01/2027,Active,ACTIVE,,,,,,
STOUT EXCAVATING INC,,1950 COLUMBUS RD,,WOOSTER,OH,44691-4634,(330)345-8509,53.85.1035,Fire Protection Organization - Company,08/23/2002,07/01/2027,Active,ACTIVE,,,,,,
NIEMAN EXCAVATING CO LLC,,10008 PLEASANT HOME RD,,STERLING,OH,44276-9610,(330)262-3122,53.85.1039,Fire Protection Organization - Company,09/28/2007,07/01/2027,Active,ACTIVE,,,,,,
WATER WATTS INC,,9059 S CARR ROAD,,FREDERICKSBURG,OH,44627,(330)695-3601,53.85.1044,Fire Protection Organization - Company,04/22/2011,07/01/2027,Active,ACTIVE,,,,,,
WEAVER WIRING,,119 N KANSAS RD,,ORRVILLE,OH,44667-9638,(330) 682-8232,53.85.1046,Fire Protection Organization - Company,10/04/2013,07/01/2027,Active,ACTIVE,,,,,,
BURKEY EXCAVATING INC,,4400 SMITHVILLE WESTERN RD,,SMITHVILLE,OH,44677-9758,(330) 345-3027,53.85.1047,Fire Protection Organization - Company,04/11/2018,07/01/2027,Active,ACTIVE,,,,,,
BOGNER CONSTRUCTION COMPANY,,PO BOX 887,,WOOSTER,OH,44691-0887,(330)262-6730,53.85.1048,Fire Protection Organization - Company,08/07/2018,07/01/2027,Active,ACTIVE,,,,,,
G E BAKER CONSTRUCTION INC,,6555 WHARTON RD,,SHREVE,OH,44676-9525,(330) 264-6626,53.85.1049,Fire Protection Organization - Company,07/12/2023,07/01/2027,Active,ACTIVE,,,,,,
HOOBLER ELECTRIC LLC,,1326 W EASTON RD,,BURBANK,OH,44214-9579,(330) 201-9764,53.85.1050,Fire Protection Organization - Company,09/09/2024,07/01/2027,Active,ACTIVE,,,,,,
ARMOR ELECTRICAL GROUP INC,,14433 SERFASS RD,,DOYLESTOWN,OH,44230-9340,(330) 658-5999,53.85.1051,Fire Protection Organization - Company,05/06/2025,07/01/2027,Active,ACTIVE,,,,,,
OHIOHEAT FIRE PROTECTION LLC,,424 N VINE ST,,ORRVILLE,OH,44667-1252,(419) 606-2962,53.85.1052,Fire Protection Organization - Company,02/24/2026,07/01/2027,Active,ACTIVE,,,,,,
SNOWS FIRE PROTECTION SERVICE,,PO BOX 794,,BRYAN,OH,43506-0794,,53.86.1000,Fire Protection Organization - Company,06/28/1991,07/01/2027,Active,ACTIVE,,,,,,
OWENS ELECTRIC,,13050 ST RT 107 E,,MONTPELIER,OH,43543,(419)485-3501,53.86.1001,Fire Protection Organization - Company,07/16/1991,07/01/2027,Active,ACTIVE,,,,,,
WOOLACE ELECTRIC CORP,,1978 COUNTY ROAD 22A,,STRYKER,OH,43557-9778,(419)428-3161,53.86.1003,Fire Protection Organization - Company,07/05/1991,07/01/2027,Active,ACTIVE,,,,,,
CV ELECTRIC LLC,,241 BAKER ST,,BRYAN,OH,43506-1104,(419) 630-0800,53.86.1007,Fire Protection Organization - Company,01/12/2015,07/01/2027,Active,ACTIVE,,,,,,
BRYAN EXCAVATING LLC,,128 S LYNN ST,,BRYAN,OH,43506-1653,(419) 553-9639,53.86.1008,Fire Protection Organization - Company,02/10/2015,07/01/2027,Active,ACTIVE,,,,,,
S&S DIRECTIONAL BORING LTD,,525 WINZELER DR STE 1,,BRYAN,OH,43506-8303,(419) 630-0726,53.86.1009,Fire Protection Organization - Company,11/15/2024,07/01/2027,Active,ACTIVE,,,,,,
KNICKERBOCKER FIRE GUARD,,PO BOX 411,,BOWLING GREEN,OH,43402-0411,(419)352-5335,53.87.1000,Fire Protection Organization - Company,07/16/1991,07/01/2027,Active,ACTIVE,,,,,,
D R EBEL POLICE FIRE EQUIPMENT,,3203 WOODVILLE RD,,NORTHWOOD,OH,43619-1525,(419)698-4004,53.87.1001,Fire Protection Organization - Company,07/16/1991,07/01/2027,Active,ACTIVE,,,,,,
GIBELECTRIC INC,,27200 GLENWOOD RD,,PERRYSBURG,OH,43551-4807,(419)666-5239,53.87.1008,Fire Protection Organization - Company,07/25/1991,07/01/2027,Active,ACTIVE,,,,,,
ASSET PROTECTION CORP,,5211 RENWYCK DR,,TOLEDO,OH,43615-5923,(419)531-3400,53.87.1009,Fire Protection Organization - Company,06/05/1991,07/01/2027,Active,ACTIVE,,,,,,
RUDOLPH LIBBE INC,,6494 LATCHA RD,,WALBRIDGE,OH,43465-9738,(419)246-3671,53.87.1017,Fire Protection Organization - Company,02/21/1992,07/01/2027,Active,ACTIVE,,,,,,
TORRENCE SOUND EQUIPMENT CO,,29050 GLENWOOD RD,,PERRYSBURG,OH,43551,(419)666-0676,53.87.1018,Fire Protection Organization - Company,03/18/1992,07/01/2027,Active,ACTIVE,,,,,,
AUTOMATIC FIRE PROTECTION SYSTEMS,,326 JACKSON ST,,FREMONT,OH,43420,(419)332-5200,53.87.1021,Fire Protection Organization - Company,08/25/1994,07/01/2027,Active,ACTIVE,,,,,,
WONDERLY TRUCKING & EXCAVATING LLC DBA D &  K EXCAVATING,,3939 FREMONT PIKE,,PERRYSBURG,OH,43551-9176,(419)837-6294,53.87.1024,Fire Protection Organization - Company,11/17/1997,07/01/2027,Active,ACTIVE,,,,,,
UNDERGROUND MAINT. SERVICES LTD,,1701 BRADNER RD,,NORTHWOOD,OH,43619-2421,(419)392-6286,53.87.1028,Fire Protection Organization - Company,07/06/2006,07/01/2027,Active,ACTIVE,,,,,,
LAKE ERIE ELECTRIC OF TOLEDO INC,,12763 MIDDLETON PIKE,,BOWLING GREEN,OH,43402-8286,(419)352-7141,53.87.1031,Fire Protection Organization - Company,01/26/2009,07/01/2027,Active,ACTIVE,,,,,,
A-GAS US INC,,1100 HASKINS RD,,BOWLING GREEN,OH,43402-9363,(419)867-8990,53.87.1032,Fire Protection Organization - Company,06/07/2010,07/01/2027,Active,ACTIVE,,,,,,
AFFORDABLE FIRE PROTECTION LLC,,11732 NEWTON RD,,BOWLING GREEN,OH,43402-9693,(419)349-0809,53.87.1033,Fire Protection Organization - Company,11/08/2011,07/01/2027,Active,ACTIVE,,,,,,
WADSWORTH & ASSOCIATES,,1500 MICHAEL OWENS WAY,,PERRYSBURG,OH,43551-2975,(419) 861-8181,53.87.1399,Fire Protection Organization - Company,08/22/2014,07/01/2027,Active,ACTIVE,,,,,,
HILLABRAND & SONS CONSTRUCTION,,5811 WOODVILLE RD,,NORTHWOOD,OH,43619-2325,(419) 972-6061,53.87.1400,Fire Protection Organization - Company,12/03/2014,07/01/2027,Active,ACTIVE,,,,,,
JIM PALMER EXCAVATING INC,,PO BOX 1,,PORTAGE,OH,43451-0001,(419) 353-4692,53.87.1401,Fire Protection Organization - Company,01/14/2015,07/01/2027,Active,ACTIVE,,,,,,
GEARHART PLUMBING INC,,728 W NEWTON RD,,BOWLING GREEN,OH,43402-8754,(419) 352-4384,53.87.1403,Fire Protection Organization - Company,04/26/2016,07/01/2027,Active,ACTIVE,,,,,,
KYLE J SHERMAN EXCAVATING LLC,,23681 DUNBRIDGE RD,,PERRYSBURG,OH,43551-9622,(419) 392-4013,53.87.1404,Fire Protection Organization - Company,02/28/2017,07/01/2027,Active,ACTIVE,,,,,,
B HILL'Z EXCAVATING INC,,8085 MCCUTCHEONVILLE RD,,WAYNE,OH,43466-9770,(419)288-2453,53.87.1405,Fire Protection Organization - Company,03/08/2017,07/01/2027,Active,ACTIVE,,,,,,
VAUGHN INDUSTRIES,,1201 E FINDLAY ST,,CAREY,OH,43316-9686,(419)396-3900,53.88.0003,Fire Protection Organization - Company,06/14/1991,07/01/2027,Active,ACTIVE,,,,,,
BOES-GOSCHE ELECTRICAL,,PO BOX 297,,CAREY,OH,43316,(419)436-1014,53.88.0005,Fire Protection Organization - Company,07/11/1997,07/01/2027,Active,ACTIVE,,,,,,
UPPER FIRE SYSTEMS LLC,,120 N SANDUSKY AVE,,UPPER SANDUSKY,OH,43351-1254,(419) 731-4156,53.88.1004,Fire Protection Organization - Company,02/06/2018,07/01/2027,Active,ACTIVE,,,,,,
HERBERT ELECTRIC INC,,6995 STATE HIGHWAY 53 N,,UPPER SANDUSKY,OH,43351-9115,(419) 788-6023,53.88.1005,Fire Protection Organization - Company,09/17/2020,07/01/2027,Active,ACTIVE,,,,,,
JD ALARM SYSTEMS INC,,19182 COUNTY HIGHWAY 71,,FOREST,OH,45843-9708,(419) 265-6591,53.88.1006,Fire Protection Organization - Company,11/17/2022,07/01/2027,Active,ACTIVE,,,,,,
HERITAGE FIRE PROTECTION INC,,400 S BIG RUN RD,,ASHLAND,KY,41102-9657,(606)928-9265,53.89.0001,Fire Protection Organization - Company,06/28/1991,07/01/2027,Active,ACTIVE,,,,,,
NEW ERA TECHNOLOGY,,3209 UNION PIKE,,RICHMOND,IN,47374-9202,(765)935-7343,53.89.0019,Fire Protection Organization - Company,07/05/1991,07/01/2027,Active,ACTIVE,,,,,,
UNITED STATES FIRE PROT WISCONSIN,,15775 W SCHAEFER CT,,NEW BERLIN,WI,53151-8663,(262)782-3311,53.89.0020,Fire Protection Organization - Company,05/20/1991,07/01/2027,Active,ACTIVE,,,,,,
MIDWEST ALARM SERVICES,,1681 LANCE POINTE RD STE 3,,MAUMEE,OH,43537-1679,(419)887-5810,53.89.0023,Fire Protection Organization - Company,05/20/1991,07/01/2027,Active,ACTIVE,,,,,,
FE MORAN INC SPECIAL HAZARD SYSTEM,,2265 CARLSON DR,,NORTHBROOK,IL,60062-6705,(847)498-4800,53.89.0027,Fire Protection Organization - Company,06/05/1991,07/01/2027,Active,ACTIVE,,,,,,
FLUOR ENTERPRISES INC,,6700 LAS COLINAS BLVD,C/O PATTY RIGGS E3L,IRVING,TX,75039-2902,(864) 281-8091,53.89.0031,Fire Protection Organization - Company,06/28/1991,07/01/2027,Active,ACTIVE,,,,,,
BRIGADE FIRE PROTECTION INC,,5701 SAFETY DR NE,,BELMONT,MI,49306,(616)784-1644,53.89.0032,Fire Protection Organization - Company,06/27/1991,07/01/2027,Active,ACTIVE,,,,,,
VIKING AUTOMATIC SPRINKLER COMPANY D/B/A LANDMARK SPRINKLER,,2317 FRANKFORT CT,,LEXINGTON,KY,40510-9674,(859)254-4422,53.89.0036,Fire Protection Organization - Company,07/16/1991,07/01/2027,Active,ACTIVE,,,,,,
FIRE EQUIPMENT CO INC,,20100 JOHN DR,,HIGHLAND PARK,MI,48203,(313)891-3164,53.89.0038,Fire Protection Organization - Company,06/14/1991,07/01/2027,Active,ACTIVE,,,,,,
RESCOMM SECURITY SYSTEMS INC,,PO BOX 176595,,COVINGTON,KY,41017,(859) 261-0220,53.89.0039,Fire Protection Organization - Company,06/27/1991,07/01/2027,Active,ACTIVE,,,,,,
TJ NOWAK SUPPLY CO INC,,302 W SUPERIOR ST,,FORT WAYNE,IN,46802-1112,(260)424-1901,53.89.1000,Fire Protection Organization - Company,11/03/2005,07/01/2027,Active,ACTIVE,,,,,,
ORR PROTECTION SYSTEMS INC,,9914 WINDISCH RD,,WEST CHESTER,OH,45069-3804,(513)672-8500,53.89.1005,Fire Protection Organization - Company,05/20/1991,07/01/2027,Active,ACTIVE,,,,,,
BREWER & COMPANY OF WV INC,,PO BOX 3108,,CHARLESTON,WV,25331-3108,(304)744-5314,53.89.1007,Fire Protection Organization - Company,05/20/1991,07/01/2027,Active,ACTIVE,,,,,,
HEALEY FIRE PROTECTION,,134 NORTHPOINTE DR,,ORION,MI,48359,(248)373-7800,53.89.1028,Fire Protection Organization - Company,06/28/1991,07/01/2027,Active,ACTIVE,,,,,,
KOORSEN FIRE & SECURITY,,2719 N ARLINGTON AVE,,INDIANAPOLIS,IN,46218-3322,(317)542-1800,53.89.1036,Fire Protection Organization - Company,06/10/1991,07/01/2027,Active,ACTIVE,,,,,,
SHAMBAUGH & SON LP,,7614 OPPORTUNITY DR,,FORT WAYNE,IN,46825-3363,(260)487-7777,53.89.1038,Fire Protection Organization - Company,10/16/1991,07/01/2027,Active,ACTIVE,,,,,,
FIRE DEFENSE EQUIPMENT CO INC,,4350 DELEMERE BLVD,,ROYAL OAK,MI,48073-1807,(248)549-8113,53.89.1039,Fire Protection Organization - Company,05/20/1991,07/01/2027,Active,ACTIVE,,,,,,
AIRGAS USA LLC,,PO BOX 1268,,CHARLESTON,WV,25325,3043536471,53.89.1040,Fire Protection Organization - Company,09/05/1991,07/01/2027,Active,ACTIVE,,,,,,
AVEN FIRE SYSTEMS INC,,10 E CLAYTON ST,,NEW CASTLE,PA,16102-1823,(412)658-3751,53.89.1056,Fire Protection Organization - Company,07/16/1991,07/01/2027,Active,ACTIVE,,,,,,
WOLVERINE FIRE PROT CO,,PO BOX 219,,MT MORRIS,MI,48458-0219,(313)686-4630,53.89.1066,Fire Protection Organization - Company,06/05/1991,07/01/2027,Active,ACTIVE,,,,,,
WILLIAM T SPAEDER CO INC,,1602 E 18TH ST,,ERIE,PA,16510-1054,(814)456-7014,53.89.1068,Fire Protection Organization - Company,05/20/1991,07/01/2027,Active,ACTIVE,,,,,,
VIKING AUTOMATIC SPRINKLER CO DBA VFP FIRE SYSTEMS,,301 YORK AVE,,SAINT PAUL,MN,55130-4039,(800)229-6263,53.89.1121,Fire Protection Organization - Company,06/14/1991,07/01/2027,Active,ACTIVE,,,,,,
FIRE FIGHTERS SALES SERVICE CO,,791 COMMONWEALTH DR,,WARRENDALE,PA,15086-7520,(724)720-6000,53.89.1124,Fire Protection Organization - Company,09/05/1991,07/01/2027,Active,ACTIVE,,,,,,
SHAFFER ENTERPRISES,,154 MAPLEHURST DR,,ALIQUIPPA,PA,15001,(724)495-6208,53.89.1126,Fire Protection Organization - Company,08/07/1991,07/01/2027,Active,ACTIVE,,,,,,
CONTINENTAL FIRE SPRINKLER CO,,4518 S 133RD ST,,OMAHA,NE,68137-1141,(402)330-5170,53.89.1153,Fire Protection Organization - Company,06/14/1991,07/01/2027,Active,ACTIVE,,,,,,
MASTER FIRE,,1019 W 26TH ST,,ERIE,PA,16508-1515,(814)454-4677,53.89.1154,Fire Protection Organization - Company,09/17/1991,07/01/2027,Active,ACTIVE,,,,,,
JACKSON ASSOCIATES INC,,1111 W OAKLEY PARK RD STE 201,,COMMERCE TOWNSHIP,MI,48390-1364,(313)363-6585,53.89.1163,Fire Protection Organization - Company,07/16/1991,07/01/2027,Active,ACTIVE,,,,,,
FLOTRONIX CORP,,12574 PROMISE CREEK LN STE 118,,FISHERS,IN,46038-7713,(317)849-7377,53.89.1166,Fire Protection Organization - Company,06/14/1991,07/01/2027,Active,ACTIVE,,,,,,
WISCHER ELECTRIC INC,,25 E 32ND ST,PO BOX 15609,COVINGTON,KY,41015-1243,(859) 261-1100,53.89.1174,Fire Protection Organization - Company,06/27/1991,07/01/2027,Active,ACTIVE,,,,,,
ARC ELECTRIC AC & HEATING INC,,141 BEACON DR,,WILDER,KY,41076-2501,(859)441-7161,53.89.1177,Fire Protection Organization - Company,07/05/1991,07/01/2027,Active,ACTIVE,,,,,,
JACKSON AUTOMATIC SPRINKLER LTD,,8500 W MICHIGAN AVE,,PARMA,MI,49269-9449,(517)750-3136,53.89.1190,Fire Protection Organization - Company,07/05/1991,07/01/2027,Active,ACTIVE,,,,,,
MCDANIEL ELECTRIC INC,,1309 8TH AVE,,HUNTINGTON,WV,25701,(304)522-8306,53.89.1193,Fire Protection Organization - Company,07/16/1991,07/01/2027,Active,ACTIVE,,,,,,
ANN ARBOR FIRE PROTECTION,,3735 PLAZA DR,,ANN ARBOR,MI,48108-1655,(734)761-7767,53.89.1195,Fire Protection Organization - Company,06/05/1991,07/01/2027,Active,ACTIVE,,,,,,
COPPAGE CONSTRUCTION CO INC,,PO BOX 67,11966 TAYLOR MILL RD,INDEPENDENCE,KY,41051-0067,(859)356-9221,53.89.1198,Fire Protection Organization - Company,06/27/1991,07/01/2027,Active,ACTIVE,,,,,,
SECO ELECTRIC CO INC,,350 PIKE ST,,COVINGTON,KY,41011-2127,(859)491-2984,53.89.1201,Fire Protection Organization - Company,06/27/1991,07/01/2027,Active,ACTIVE,,,,,,
TOWNSLEY ELECTRIC CONTRACTOR INC,,3460 RICHARDSON RD,,INDEPENDENCE,KY,41051-8772,(859) 491-3360,53.89.1205,Fire Protection Organization - Company,12/23/1991,07/01/2027,Active,ACTIVE,,,,,,
ENGINEERED PROTECTION SYSTEMS,,750 FRONT AVE NW STE 300,,GRAND RAPIDS,MI,49504-4470,(616)459-0281,53.89.1208,Fire Protection Organization - Company,06/28/1991,07/01/2027,Active,ACTIVE,,,,,,
RYAN FIREPROTECTION INC,,9740 E 148TH ST,,NOBLESVILLE,IN,46060-4252,(317)770-7100,53.89.1257,Fire Protection Organization - Company,09/14/1992,07/01/2027,Active,ACTIVE,,,,,,
GAYLOR ELECTRIC INC,,10405 CROSSPOINT BLVD,,INDIANAPOLIS,IN,46256-3323,(317)843-0577,53.89.1259,Fire Protection Organization - Company,10/20/1992,07/01/2027,Active,ACTIVE,,,,,,
JT MARTIN FIRE & SAFETY,,PO BOX 670,1 STADIUM DR,CLARKSBURG,WV,26302-0670,(304)622-4278,53.89.1267,Fire Protection Organization - Company,04/20/1993,07/01/2027,Active,ACTIVE,,,,,,
INTERNATIONAL FIRE PROTECTION INC,,243 ROYAL DR,,MADISON,AL,35758,(256)461-9988,53.89.1282,Fire Protection Organization - Company,04/15/1994,07/01/2027,Active,ACTIVE,,,,,,
UNDERWOOD FIRE EQUIPMENT INC,,48216 FRANK ST,,WIXOM,MI,48393-4711,(248)347-4975,53.89.1288,Fire Protection Organization - Company,07/20/1994,07/01/2027,Active,ACTIVE,,,,,,
STURM ELECTRIC INC,,6830 POWER LINE DR,,FLORENCE,KY,41042-3062,(859)342-6620,53.89.1299,Fire Protection Organization - Company,04/10/1995,07/01/2027,Active,ACTIVE,,,,,,
GUARDIAN PROTECTION SERVICES INC,,174 THORN HILL RD,,WARRENDALE,PA,15086-7528,(724)741-3500,53.89.1300,Fire Protection Organization - Company,04/10/1995,07/01/2027,Active,ACTIVE,,,,,,
DEPENDABLE FIRE PROTECTION INC,,13360 WHITE CREEK AVE NE,,CEDAR SPRINGS,MI,49319-9440,(616)696-8000,53.89.1316,Fire Protection Organization - Company,02/16/1996,07/01/2027,Active,ACTIVE,,,,,,
ALPHA FIRE PROTECTION INC,,PO BOX 1087,,FLORENCE,KY,41022-1087,(859)485-1099,53.89.1318,Fire Protection Organization - Company,04/03/1996,07/01/2027,Active,ACTIVE,,,,,,
JO MORY INC,,7470 S STATE ROAD 3,ATTN: KIERSTEN WILD,SOUTH MILFORD,IN,46786-1000,(260)351-2221,53.89.1319,Fire Protection Organization - Company,04/18/1996,07/01/2027,Active,ACTIVE,,,,,,
AHERN FIRE PROTECTION,,201 MORRIS CT,,FOND DU LAC,WI,54935-5661,(920)921-9020,53.89.1320,Fire Protection Organization - Company,05/22/1996,07/01/2027,Active,ACTIVE,,,,,,
SECURICOM LTD,,102 HUMMINGBIRD LN,,WHEELING,WV,26003-9462,(304)243-1351,53.89.1324,Fire Protection Organization - Company,06/27/1996,07/01/2027,Active,ACTIVE,,,,,,
DEMCO NEW YORK CORP,,6701 MANLIUS CENTER RD,,EAST SYRACUSE,NY,13057-2934,,53.89.1333,Fire Protection Organization - Company,12/17/1996,07/01/2027,Active,ACTIVE,,,,,,
RALENKOTTER ELECTRIC CO INC,,2644 CRESCENT SPRINGS PIKE,,ERLANGER,KY,41017-1505,(859)341-0942,53.89.1350,Fire Protection Organization - Company,02/11/1998,07/01/2027,Active,ACTIVE,,,,,,
INTERSTATES INC,,PO BOX 260,,SIOUX CENTER,IA,51250-0260,(712)722-1662,53.89.1351,Fire Protection Organization - Company,03/20/1998,07/01/2027,Active,ACTIVE,,,,,,
DIXON ELECTRICAL SYSTEMS & CONTRACT,,3352 NORWOOD RD,,HUNTINGTON,WV,25705,(304)523-2712,53.89.1362,Fire Protection Organization - Company,07/28/1998,07/01/2027,Active,ACTIVE,,,,,,
AST FIRE PROTECTION CO,,8823 ZEALAND AVE N,SUITE N,BROOKLYN PARK,MN,55445,(763)424-5800,53.89.1372,Fire Protection Organization - Company,01/05/1999,07/01/2027,Active,ACTIVE,,,,,,
ELECTRONIC SPECIALTY CO,,1325 DUNBAR AVE,,DUNBAR,WV,25064,(304)766-6277,53.89.1394,Fire Protection Organization - Company,07/16/1999,07/01/2027,Active,ACTIVE,,,,,,
AADCO INC,,115 N 2ND AVE,,BEECH GROVE,IN,46107-1305,(317)781-7680,53.89.1395,Fire Protection Organization - Company,08/06/1999,07/01/2027,Active,ACTIVE,,,,,,
CENNOX INC,,PO BOX 5108,,MISSOULA,MT,59806-5108,(406)251-5041,53.89.1406,Fire Protection Organization - Company,12/08/1999,07/01/2027,Active,ACTIVE,,,,,,
B SECURE ALARM SYSTEMS INC,,9330 N STATE ROAD 101,,DECATUR,IN,46733-8196,(260) 724-7722,53.89.1407,Fire Protection Organization - Company,12/08/1999,07/01/2027,Active,ACTIVE,,,,,,
TELGIAN CORPORATION,,10230 S 50TH PL,,PHOENIX,AZ,85044-0625,480 248-1215,53.89.1408,Fire Protection Organization - Company,02/07/2000,07/01/2027,Active,ACTIVE,,,,,,
CENTRAL KENTUCKY SPRINKLER,,243 INDUSTRY PKWY,,NICHOLASVILLE,KY,40356-9110,(859)885-7990,53.89.1409,Fire Protection Organization - Company,02/07/2000,07/01/2027,Active,ACTIVE,,,,,,
SARGENT ELECTRIC COMPANY,,2740 SMALLMAN ST,,PITTSBURGH,PA,15222-4743,(412) 391-0588,53.89.1417,Fire Protection Organization - Company,05/31/2000,07/01/2027,Active,ACTIVE,,,,,,
SENTRY FIRE PROTECTION INC,,PO BOX 1138,,WAYNE,WV,25570-1138,(304) 523-7211,53.89.1418,Fire Protection Organization - Company,05/31/2000,07/01/2027,Active,ACTIVE,,,,,,
PRITCHARD ELECTRIC,,2425 8TH AVE,,HUNTINGTON,WV,25703-1901,(304)529-2566,53.89.1424,Fire Protection Organization - Company,07/21/2000,07/01/2027,Active,ACTIVE,,,,,,
PRIORITY 1,,5420 DISTRIBUTION DR,,FORT WAYNE,IN,46825-5114,(800)458-6487,53.89.1428,Fire Protection Organization - Company,07/21/2000,07/01/2027,Active,ACTIVE,,,,,,
PROFESSIONAL FIRE EXTINGUISHER SALE,,3202 WINCHESTER AVE ,,ASHLAND,KY,41101,(606) 324-0807,53.89.1440,Fire Protection Organization - Company,03/05/2001,07/01/2027,Active,ACTIVE,,,,,,
VULCAN FIRE SYSTEMS INC,,3330 GILMORE INDUSTRIAL BLVD,,LOUISVILLE,KY,40213-4107,(502)968-7714,53.89.1448,Fire Protection Organization - Company,07/10/2001,07/01/2027,Active,ACTIVE,,,,,,
INTERSTATE FIRE PROTECTION CO INC,,6183 WILLIAM FLYNN HWY,,VALENCIA,PA,16059-1715,(724)443-1822,53.89.1452,Fire Protection Organization - Company,08/24/2001,07/01/2027,Active,ACTIVE,,,,,,
TOTAL FIRE PROTECTION INC,,5385 PATTERSON AVE SE STE C,,GRAND RAPIDS,MI,49512-9530,(616)735-2300,53.89.1459,Fire Protection Organization - Company,01/22/2002,07/01/2027,Active,ACTIVE,,,,,,
FULLER ENGINEERING COMPANY LLC,,4135 W 99TH ST,,CARMEL,IN,46032-7732,(317)228-5800,53.89.1463,Fire Protection Organization - Company,03/20/2002,07/01/2027,Active,ACTIVE,,,,,,
PRANGER ENTERPRISES INC,,PO BOX 366,,ASHLEY,IN,46705-0366,(260)587-9309,53.89.1467,Fire Protection Organization - Company,05/22/2002,07/01/2027,Active,ACTIVE,,,,,,
BLAZE FIRE PROTECTION INC,,3054 NORTHRIDGE DR NW STE A,,GRAND RAPIDS,MI,49544-9117,(616) 887-7739,53.89.1472,Fire Protection Organization - Company,07/08/2002,07/01/2027,Active,ACTIVE,,,,,,
"ZACHRY INDUSTRIAL, INC",,PO BOX 240130,,SAN ANTONIO,TX,78224-0130,(210)588-5000,53.89.1480,Fire Protection Organization - Company,10/21/2002,07/01/2027,Active,ACTIVE,,,,,,
EDGEWOOD ELECTRIC INC,,939 DUDLEY PIKE,,EDGEWOOD,KY,41017-8120,(859)341-4433,53.89.1483,Fire Protection Organization - Company,11/13/2002,07/01/2027,Active,ACTIVE,,,,,,
TRISTAR FIRE PROTECTION INC,,47810 GALLEON DR,PO BOX 701728,PLYMOUTH,MI,48170-2468,(734)454-1350,53.89.1502,Fire Protection Organization - Company,10/24/2003,07/01/2027,Active,ACTIVE,,,,,,
SECURITAS TECHNOLOGY CORPORATION,,11899 EXIT 5 PKWY STE 100,,FISHERS,IN,46037-8017,678-533-3813,53.89.1512,Fire Protection Organization - Company,07/23/2004,07/01/2027,Active,ACTIVE,,,,,,
ALARM SERVICES NETWORK,,3039 DIXIE HWY,,WATERFORD,MI,48328-1788,(800)808-4472,53.89.1513,Fire Protection Organization - Company,08/12/2004,07/01/2027,Active,ACTIVE,,,,,,
"F E MORAN INC, FIRE PROTECTION",,3001 RESEARCH RD STE A,,CHAMPAIGN,IL,61822-1089,(217) 356-0700,53.89.1516,Fire Protection Organization - Company,10/28/2004,07/01/2027,Active,ACTIVE,,,,,,
ALLIANCE FIRE SYSTEMS INC,,109 GRAND AVE,P O BOX 853,MARS,PA,16046-3428,(724)625-8000,53.89.1519,Fire Protection Organization - Company,01/21/2005,07/01/2027,Active,ACTIVE,,,,,,
INTERTECH SECURITY LLC,,1501 PREBLE AVE,,PITTSBURGH,PA,15233-2248,(412)246-1200,53.89.1521,Fire Protection Organization - Company,01/19/2005,07/01/2027,Active,ACTIVE,,,,,,
PRECISION ELECTRICAL CONT INC,,2403 SIDNEY ST STE 125,,PITTSBURGH,PA,15203,(412)481-9750,53.89.1522,Fire Protection Organization - Company,02/03/2005,07/01/2027,Active,ACTIVE,,,,,,
SECURITY SYSTEMS OF AMERICA,,475 ARDMORE BLVD,,PITTSBURGH,PA,15221-3018,(412)244-4900,53.89.1523,Fire Protection Organization - Company,02/08/2005,07/01/2027,Active,ACTIVE,,,,,,
ABSOLUTE FIRE PROTECTION LLC,,2031 GARRARD ST,,COVINGTON,KY,41014,(859)261-0999,53.89.1525,Fire Protection Organization - Company,04/14/2005,07/01/2027,Active,ACTIVE,,,,,,
SUMMIT FIRE PROTECTION,,575 MINNEHAHA AVE W,,SAINT PAUL,MN,55103-1573,(651)251-1880,53.89.1537,Fire Protection Organization - Company,09/26/2005,07/01/2027,Active,ACTIVE,,,,,,
BLAZE CONTRACTING INC,,5640 SAINT JEAN ST,,DETROIT,MI,48213-3415,(313)361-1000,53.89.1545,Fire Protection Organization - Company,12/27/2005,07/01/2027,Active,ACTIVE,,,,,,
VIVINT INC,,3401 N ASHTON BLVD,,LEHI,UT,84048-5307,(801)705-8066,53.89.1547,Fire Protection Organization - Company,02/16/2006,07/01/2027,Active,ACTIVE,,,,,,
FIRELINE SPRINKLER LLC,,5036 W CLAIREMONT DR,,APPLETON,WI,54913-6505,(920)757-9590,53.89.1549,Fire Protection Organization - Company,03/20/2006,07/01/2027,Active,ACTIVE,,,,,,
PROTEK CORPORATION,,739 N 18TH ST,,RICHMOND,IN,47374-2507,(765)966-3473,53.89.1556,Fire Protection Organization - Company,05/25/2006,07/01/2027,Active,ACTIVE,,,,,,
KINETIX,,12 CREEK PKWY STE 300,,UPPER CHICHESTER,PA,19061-3159,(610)627-1600,53.89.1558,Fire Protection Organization - Company,06/20/2006,07/01/2027,Active,ACTIVE,,,,,,
CHAPMAN CORPORATION,,331 S. MAIN ST.,,WASHINGTON,PA,15301,(724)228-1900,53.89.1560,Fire Protection Organization - Company,05/30/2006,07/01/2027,Active,ACTIVE,,,,,,
SAFETY FIRST FIRE EQUIP,,250 FURNACE HILL RD,,DUNBAR,PA,15431-2452,(724)277-4213,53.89.1563,Fire Protection Organization - Company,07/14/2006,07/01/2027,Active,ACTIVE,,,,,,
AFP CORPORATION,,4905 S 97TH ST,,OMAHA,NE,68127-2202,(402)733-2800,53.89.1571,Fire Protection Organization - Company,10/11/2006,07/01/2027,Active,ACTIVE,,,,,,
SECURITY SIGNAL DEVICES INC,,1740 N LEMON ST,,ANAHEIM,CA,92801-1007,(714)449-9900,53.89.1574,Fire Protection Organization - Company,01/08/2007,07/01/2027,Active,ACTIVE,,,,,,
WALMART STORES INC,,1105 SE 5TH ST MS 610,,BENTONVILLE,AR,72712-6100,(479)277-0289,53.89.1575,Fire Protection Organization - Company,02/15/2007,07/01/2027,Active,ACTIVE,,,,,,
NEWTECH SYSTEMS INC,,1850 DALTON AVE,,ASHLAND,KY,41102,(606)325-0306,53.89.1576,Fire Protection Organization - Company,02/21/2007,07/01/2027,Active,ACTIVE,,,,,,
SECURITY CONSULTANTS & SOLUTIONS,,2841 13TH ST STE 2,,ASHLAND,KY,41102-5475,(606)465-2811,53.89.1578,Fire Protection Organization - Company,03/14/2007,07/01/2027,Active,ACTIVE,,,,,,
SAFETY FIRST FIRE PROTECTION INC,,PO BOX 530,,INDEPENDENCE,KY,41051,(859)291-4111,53.89.1585,Fire Protection Organization - Company,05/09/2007,07/01/2027,Active,ACTIVE,,,,,,
TOTAL SAFETY US INC,,4210 MALONE DR,,PASADENA,TX,77507-1841,(713)353-7100,53.89.1589,Fire Protection Organization - Company,08/15/2007,07/01/2027,Active,ACTIVE,,,,,,
FAIRCHILD COMMUNICATION SYSTEMS INC,,3185 N SHADELAND AVE,,INDIANAPOLIS,IN,46226-6233,(317)576-9115,53.89.1590,Fire Protection Organization - Company,09/11/2007,07/01/2027,Active,ACTIVE,,,,,,
EXTINGUISHER COMPANY NO 1,,5420 DISTRIBUTION DR,,FORT WAYNE,IN,46825,(260)497-9110,53.89.1595,Fire Protection Organization - Company,11/05/2007,07/01/2027,Active,ACTIVE,,,,,,
JCM COMMUNICATIONS,,167 WEIBLE DR,,HOOVERSVILLE,PA,15936-7209,(814)479-7534,53.89.1596,Fire Protection Organization - Company,11/13/2007,07/01/2027,Active,ACTIVE,,,,,,
MCCARL'S LLC,,1413 9TH AVE,,BEAVER FALLS,PA,15010-4106,(724)843-5660,53.89.1598,Fire Protection Organization - Company,12/07/2007,07/01/2027,Active,ACTIVE,,,,,,
PEERLESS-MIDWEST INC,,55860 RUSSELL INDUSTRIAL PKWY,,MISHAWAKA,IN,46545-7599,(574)254-9050,53.89.1606,Fire Protection Organization - Company,02/22/2008,07/01/2027,Active,ACTIVE,,,,,,
CENTURY FIRE PROTECTION LLC,,2450 SATELLITE BLVD,,DULUTH,GA,30096-5801,(770)945-2330,53.89.1607,Fire Protection Organization - Company,02/22/2008,07/01/2027,Active,ACTIVE,,,,,,
E.R. ZEILER EXCAVATING INC,,125 SUBSTATION RD,,TEMPERANCE,MI,48182,(734)847-5745,53.89.1609,Fire Protection Organization - Company,03/13/2008,07/01/2027,Active,ACTIVE,,,,,,
3S INCORPORATED,,8686 SOUTHWEST PARKWAY,,HARRISON,OH,45030,(812)656-8045,53.89.1613,Fire Protection Organization - Company,05/01/2008,07/01/2027,Active,ACTIVE,,,,,,
EDGE FIRE PROTECTION INC,,7 MONROE DR,,PELHAM,AL,35124,(205)620-2433,53.89.1616,Fire Protection Organization - Company,05/27/2008,07/01/2027,Active,ACTIVE,,,,,,
YADEN ENTERPRIZE LLC,,6230 W ORLAND RD,,ANGOLA,IN,46703-8752,(810)623-2209,53.89.1618,Fire Protection Organization - Company,06/05/2008,07/01/2027,Active,ACTIVE,,,,,,
WACHTER INC,,16001 W 99TH ST,,LENEXA,KS,66219-1293,(913)541-2500,53.89.1622,Fire Protection Organization - Company,07/29/2008,07/01/2027,Active,ACTIVE,,,,,,
STONES RIVER ELECTRIC INC,,1244 GALLATIN PIKE S,,MADISON,TN,37115-4613,(615)885-0019,53.89.1624,Fire Protection Organization - Company,08/13/2008,07/01/2027,Active,ACTIVE,,,,,,
JOHN E GREEN COMPANY,,220 VICTOR ST,,HIGHLAND PARK,MI,48203-3116,(313)868-2400,53.89.1627,Fire Protection Organization - Company,10/28/2008,07/01/2027,Active,ACTIVE,,,,,,
SAFECARE ELECTRONICS INC,,1925 SHELBY STREET,,INDIANAPOLIS,IN,46203,(317)359-3455,53.89.1632,Fire Protection Organization - Company,12/18/2008,07/01/2027,Active,ACTIVE,,,,,,
STRONG SYSTEMS INTERNATIONAL INC,,1111 ALDERMAN DR STE 300,,ALPHARETTA,GA,30005-5433,(770)729-1199,53.89.1634,Fire Protection Organization - Company,01/12/2009,07/01/2027,Active,ACTIVE,,,,,,
THE WILKINS CO INC,,PO BOX 8770,,ERIE,PA,16505-0770,(814) 833-6376,53.89.1638,Fire Protection Organization - Company,02/17/2009,07/01/2027,Active,ACTIVE,,,,,,
ALLFIRE SERVICES LLC,,PO BOX 936,,ROCK HILL,SC,29731-6936,(800)216-3473,53.89.1646,Fire Protection Organization - Company,05/13/2009,07/01/2027,Active,ACTIVE,,,,,,
WIGINTON FIRE SYSTEMS,,699 AERO LANE,,SANFORD,FL,32771,(407)585-3200,53.89.1647,Fire Protection Organization - Company,06/02/2009,07/01/2027,Active,ACTIVE,,,,,,
MILTON J WOOD FIRE PROTECTION,,3805 FAYE RD,,JACKSONVILLE,FL,32226-2394,(912)964-2155,53.89.1648,Fire Protection Organization - Company,06/02/2009,07/01/2027,Active,ACTIVE,,,,,,
BAKERS GAS & WELDING SUPPLIES INC,,905 N DIXIE HWY,,MONROE,MI,48162,(734)241-8959,53.89.1649,Fire Protection Organization - Company,07/17/2009,07/01/2027,Active,ACTIVE,,,,,,
ALARM MGMT II DBA SONITROL TRI-CTY,,7241 FENTON RD,,GRAND BLANC,MI,48439-8961,(248)473-9400,53.89.1650,Fire Protection Organization - Company,06/16/2009,07/01/2027,Active,ACTIVE,,,,,,
CONSOLIDATED FABRICATION & CONSTRUC,,3851 ELLSWORTH ST,,GARY,IN,46408-2030,(219)884-6150,53.89.1651,Fire Protection Organization - Company,06/26/2009,07/01/2027,Active,ACTIVE,,,,,,
SAFETY TECH INC,,30 E 7TH ST,PO BOX 665,LAPEL,IN,46051,(765)594-4309,53.89.1658,Fire Protection Organization - Company,09/29/2009,07/01/2027,Active,ACTIVE,,,,,,
"ARBOR INSPECTION SERVICES, LLC",,3735 PLAZA DR,,ANN ARBOR,MI,48108-1655,(734)761-8088,53.89.1659,Fire Protection Organization - Company,10/07/2009,07/01/2027,Active,ACTIVE,,,,,,
HVAC COMPLETE SERVICES LLC,,1233 CASTLE DR STE A3,,MASON,OH,45040-6915,(513) 899-1888,53.89.1661,Fire Protection Organization - Company,11/05/2009,07/01/2027,Active,ACTIVE,,,,,,
INDIANA FIRE SPRINKLER & BACKFLOW,,2331 SOUTHYARD CT.,,FORT WAYNE,IN,46818,(260) 486-3473,53.89.1663,Fire Protection Organization - Company,11/30/2009,07/01/2027,Active,ACTIVE,,,,,,
RANGER FIRE INC,,360 S BLUE MOUND RD,,FORT WORTH,TX,76131-1036,(817) 847-7757,53.89.1667,Fire Protection Organization - Company,01/12/2010,07/01/2027,Active,ACTIVE,,,,,,
GALLAGHER FIRE EQUIPMENT,,30895 W 8 MILE,,LIVONIA,MI,48152,(248)477-1540,53.89.1668,Fire Protection Organization - Company,01/13/2010,07/01/2027,Active,ACTIVE,,,,,,
EC SCHMIDT PLUMBING CONT,,1599 GRANDVIEW ROAD,,ALEXANDRIA,KY,41001,(859)635-4308,53.89.1669,Fire Protection Organization - Company,01/19/2010,07/01/2027,Active,ACTIVE,,,,,,
COLIANT SOLUTIONS INC,,2703 BRICKRON NORTH DRIVE,,BUFORD,GA,30518,(770)614-3454,53.89.1671,Fire Protection Organization - Company,02/11/2010,07/01/2027,Active,ACTIVE,,,,,,
ASCENT SYSTEMS INNOVATIONS,,1803 SUMPTER CT,,UNION,KY,41091-7663,(859)534-6200,53.89.1672,Fire Protection Organization - Company,02/17/2010,07/01/2027,Active,ACTIVE,,,,,,
DYNAMIC FIRE PROTECTION INC,,8730 SWAN CREEK RD,PO BOX 285,NEWPORT,MI,48166-9273,(734)586-6970,53.89.1675,Fire Protection Organization - Company,05/03/2010,07/01/2027,Active,ACTIVE,,,,,,
ALL STAR ALARM LLC,,8345 MAIN ST,,WHITMORE LAKE,MI,48189-9246,(734)449-7302,53.89.1680,Fire Protection Organization - Company,06/02/2010,07/01/2027,Active,ACTIVE,,,,,,
CINCINNATI SAFETY LLC,,3484 RIVER RD,,CINCINNATI,OH,45204-1102,,53.89.1683,Fire Protection Organization - Company,09/20/2010,07/01/2027,Active,ACTIVE,,,,,,
BOYNTON FIRE SAFETY SERVICE LLC,,1031 NORTHCREST RD,,LANSING,MI,48906-1299,(517)316-9911,53.89.1685,Fire Protection Organization - Company,11/24/2010,07/01/2027,Active,ACTIVE,,,,,,
SCFS LLC DBA CENTRAL SAFETY & FIRE,,768 STUMP CT,,DES PERES,MO,63131-2140,(314)965-0707,53.89.1691,Fire Protection Organization - Company,11/03/2010,07/01/2027,Active,ACTIVE,,,,,,
TELAID INDUSTRIES INC,,13 WEST MAIN STREET,,NIANTIC,CT,06357,(860)739-4461,53.89.1693,Fire Protection Organization - Company,12/16/2010,07/01/2027,Active,ACTIVE,,,,,,
MONGIOVI & SON FIRE PROTECTION SERV,,190 BILMAR DR STE 100,,PITTSBURGH,PA,15205-4611,(412)922-6700,53.89.1698,Fire Protection Organization - Company,03/21/2011,07/01/2027,Active,ACTIVE,,,,,,
CLAW INC,,2200 EASTBROOK RD,,NEW CASTLE,PA,16105,(724)656-1223,53.89.1702,Fire Protection Organization - Company,05/02/2011,07/01/2027,Active,ACTIVE,,,,,,
FAITH TECHNOLOGIES INC,,PO BOX 260,,MENASHA,WI,54952-0260,(920)225-6500,53.89.1709,Fire Protection Organization - Company,09/22/2011,07/01/2027,Active,ACTIVE,,,,,,
CURRENT FIRE PROTECTION INC,,2120 EAST WASHINGTON BLVD,,FORT WAYNE,IN,46803,(260)422-4667,53.89.1711,Fire Protection Organization - Company,11/01/2011,07/01/2027,Active,ACTIVE,,,,,,
FIRE FABRICATION AND SUPPLY,,347 EAST MAIN STREET,,SPRING ARBOR,MI,49283,(517)750-4742,53.89.1712,Fire Protection Organization - Company,11/01/2011,07/01/2027,Active,ACTIVE,,,,,,
LVD CONCEPTS SECURE 24,,111 CORPORATE OFFICE DR STE 200,,EARTH CITY,MO,63045-1506,314-941-9264,53.89.1716,Fire Protection Organization - Company,12/06/2011,07/01/2027,Active,ACTIVE,,,,,,
AT EASE SECURITY & TECHNOLOGY,,15914 LOWER GEORGES CREEK RD SW,,LONACONING,MD,21539-1229,(301)463-2371,53.89.1717,Fire Protection Organization - Company,01/05/2012,07/01/2027,Active,ACTIVE,,,,,,
TRAINING SPECIALTIES INC,,300 N POTTSTOWN PIKE STE 190,PO BOX 1167,EXTON,PA,19341,(610)524-2522,53.89.1721,Fire Protection Organization - Company,01/30/2012,07/01/2027,Active,ACTIVE,,,,,,
ADT LLC DBA PROTECTION ONE,,1501 W YAMATO RD,,BOCA RATON,FL,33431-4438,(561) 988-3681,53.89.1726,Fire Protection Organization - Company,03/15/2012,07/01/2027,Active,ACTIVE,,,,,,
AMTECK LLC,,1387 E NEW CIRCLE RD,,LEXINGTON,KY,40505-4262,(859)255-9546,53.89.1731,Fire Protection Organization - Company,05/07/2012,07/01/2027,Active,ACTIVE,,,,,,
COMCAST CTR DBA XFINITY HOME,,1701 JFK BLVD,ATTN: DOUG BASSETT,PHILADELPHIA,PA,19103,(215)286-1700,53.89.1732,Fire Protection Organization - Company,08/08/2012,07/01/2027,Active,ACTIVE,,,,,,
T J CARR INC,,2308 CLEVELAND ST,,BEECH GROVE,IN,46107-1060,(317)491-5111,53.89.1738,Fire Protection Organization - Company,07/18/2012,07/01/2027,Active,ACTIVE,,,,,,
J & J FIRE PROTECTION CO INC,,101 POWELL RD,,BUTLER,PA,16002-0447,(724) 586-6111,53.89.1744,Fire Protection Organization - Company,10/19/2012,07/01/2027,Active,ACTIVE,,,,,,
PROTEX LLC,,PO BOX 609,,DELLSLOW,WV,26531,(888)577-6839,53.89.1748,Fire Protection Organization - Company,12/11/2012,07/01/2027,Active,ACTIVE,,,,,,
LSS LIFE SAFETY SERVICES,,908 S 8TH ST STE 500,,LOUISVILLE,KY,40203-3360,(888)675-4519,53.89.1754,Fire Protection Organization - Company,03/21/2013,07/01/2027,Active,ACTIVE,,,,,,
ALL PRO MECHANICAL & LIFE SAFETY,,PO BOX 3530,,LAWRENCEBURG,IN,47025-3530,(513) 374-6027,53.89.1755,Fire Protection Organization - Company,02/22/2013,07/01/2027,Active,ACTIVE,,,,,,
MASTEC NORTH AMERICA INC,,806 S DOUGLAS RD FL 10,,CORAL GABLES,FL,33134-3157,(305) 447-6477,53.89.1757,Fire Protection Organization - Company,03/12/2013,07/01/2027,Active,ACTIVE,,,,,,
MAXIMUM FIRE PROTECTION,,501 TECHNE CENTER DR STE F,,MILFORD,OH,45150-2772,(859)640-5415,53.89.1759,Fire Protection Organization - Company,03/21/2013,07/01/2027,Active,ACTIVE,,,,,,
GARDNER FIRE PROTECTION INC,,6278 W 400 N,,GREENFIELD,IN,46140-9641,(317)326-8600,53.89.1762,Fire Protection Organization - Company,04/03/2013,07/01/2027,Active,ACTIVE,,,,,,
CONVERGINT TECHNOLOGIES LLC,,921 EASTWIND DR STE 126,,WESTERVILLE,OH,43081-3363,(847)620-5000,53.89.1766,Fire Protection Organization - Company,06/24/2013,07/01/2027,Active,ACTIVE,,,,,,
2 KREW INC,,177 S JEFFERSON ST,,KITTANNING,PA,16201-2419,(724) 543-0274,53.89.1769,Fire Protection Organization - Company,07/30/2013,07/01/2027,Active,ACTIVE,,,,,,
WESTMORELAND ELECTRIC SERVICES LLC,,193 CENTRAL RD,,TARRS,PA,15688-2110,(724) 696-4600,53.89.1771,Fire Protection Organization - Company,08/21/2013,07/01/2027,Active,ACTIVE,,,,,,
PENN FIRE PROTECTION INC,,1768 ROUTE 522,,SELINSGROVE,PA,17870-7908,(570) 374-4508,53.89.1777,Fire Protection Organization - Company,12/05/2013,07/01/2027,Active,ACTIVE,,,,,,
SHAW SYSTEMS & INTEGRATION,,22100 TELEGRAPH RD,,SOUTHFIELD,MI,48033-4213,(248) 228-2000,53.89.1779,Fire Protection Organization - Company,01/21/2014,07/01/2027,Active,ACTIVE,,,,,,
KLUMP EXCAVATING AND CONSTRUCTION INC,,7247 STATE ROAD 46 E,,BATESVILLE,IN,47006-8257,(812) 932-3300,53.89.1780,Fire Protection Organization - Company,01/30/2014,07/01/2027,Active,ACTIVE,,,,,,
VOLUNTEER TECHNOLOGY SYSTEMS LLC,,125 MILLER AVE,,JACKSON,TN,38305-4349,(731) 660-8878,53.89.1782,Fire Protection Organization - Company,02/14/2014,07/01/2027,Active,ACTIVE,,,,,,
CONTI  LLC,,6417 CENTER DR,,STERLING HEIGHTS,MI,48312-2600,(586) 274-4800,53.89.1783,Fire Protection Organization - Company,02/27/2014,07/01/2027,Active,ACTIVE,,,,,,
BROADWAY ELECTRIC SERVICE COMPANY LLC,,1800 N CENTRAL ST,,KNOXVILLE,TN,37917-5411,(865) 524-1851,53.89.1784,Fire Protection Organization - Company,04/16/2014,07/01/2027,Active,ACTIVE,,,,,,
ZIP CITY INDUSTRIES LLC DBA ALLTRONICS,,10706 TRENTON AVE,,SAINT LOUIS,MO,63132-1026,(314) 231-2610,53.89.1785,Fire Protection Organization - Company,05/19/2014,07/01/2027,Active,ACTIVE,,,,,,
JW DIDADO ELECTRIC LLC,,1033 KELLY AVE,,AKRON,OH,44306-3143,(330) 374-0070,53.89.1789,Fire Protection Organization - Company,06/19/2014,07/01/2027,Active,ACTIVE,,,,,,
HOSLER MECHANICAL INC,,10800 GALAXIE AVE,,FERNDALE,MI,48220-2132,(248) 399-4200,53.89.1791,Fire Protection Organization - Company,07/25/2014,07/01/2027,Active,ACTIVE,,,,,,
BLUEGRASS FIRE PROTECTION LLC,,9030 WASHINGTON TRACE RD,,CALIFORNIA,KY,41007-9090,(859) 991-7384,53.89.1796,Fire Protection Organization - Company,08/12/2014,07/01/2027,Active,ACTIVE,,,,,,
RSQ FIRE PROTECTION,,1445 BROOKVILLE WAY STE R,,INDIANAPOLIS,IN,46239-1197,(317) 786-9817,53.89.1799,Fire Protection Organization - Company,08/22/2014,07/01/2027,Active,ACTIVE,,,,,,
FIRE CONTROL INC,,255 ALDERMAN AVE,,WHEELING,IL,60090-6505,(847) 459-4570,53.89.1808,Fire Protection Organization - Company,11/25/2014,07/01/2027,Active,ACTIVE,,,,,,
GREAT LAKES EXCAVATING INC,,6275 S DIXIE HWY,,ERIE,MI,48133-9225,(734) 848-4445,53.89.1809,Fire Protection Organization - Company,12/23/2014,07/01/2027,Active,ACTIVE,,,,,,
FLUENT HOME LLC,,138 E 12300 S STE C147,,DRAPER,UT,84020-7976,(855) 238-4826,53.89.1810,Fire Protection Organization - Company,01/23/2015,07/01/2027,Active,ACTIVE,,,,,,
PHOENIX SECURITY SYSTEMS INC,,1217 N PROVIDENCE RD,,MEDIA,PA,19063-1204,(610) 521-1765,53.89.1811,Fire Protection Organization - Company,01/27/2015,07/01/2027,Active,ACTIVE,,,,,,
CBS SERVICES LLC,,401 E COLFAX AVE STE 304,,SOUTH BEND,IN,46617-2736,(574) 538-2050,53.89.1813,Fire Protection Organization - Company,02/05/2015,07/01/2027,Active,ACTIVE,,,,,,
TP ELECTRIC INC,,3252 STATE ROUTE 31,,ACME,PA,15610-2405,(724) 593-7046,53.89.1819,Fire Protection Organization - Company,04/08/2015,07/01/2027,Active,ACTIVE,,,,,,
MONROE EXTINGUISHER CO INC,,105 DODGE ST,PO BOX 60980,ROCHESTER,NY,14606-1503,(585) 235-3310,53.89.1821,Fire Protection Organization - Company,04/27/2015,07/01/2027,Active,ACTIVE,,,,,,
NORTHSTAR ALARM SERVICES LLC,,545 E UNIVERSITY PKWY STE 500,,OREM,UT,84097-7750,(800) 775-3827,53.89.1822,Fire Protection Organization - Company,05/08/2015,07/01/2027,Active,ACTIVE,,,,,,
NELBUD SERVICES LLC,,51 KOWEBA LN,,INDIANAPOLIS,IN,46201-4107,(317) 202-0360,53.89.1824,Fire Protection Organization - Company,06/10/2015,07/01/2027,Active,ACTIVE,,,,,,
FARNER FIRE LLC,,1299 ROUTE 18,,BURGETTSTOWN,PA,15021-2313,(800) 554-3590,53.89.1827,Fire Protection Organization - Company,08/14/2015,07/01/2027,Active,ACTIVE,,,,,,
FALCON FIRE PROTECTION LLC,,514 WATTS RD,,JACKSON,MI,49203-2331,(517) 764-1332,53.89.1830,Fire Protection Organization - Company,09/17/2015,07/01/2027,Active,ACTIVE,,,,,,
LIGHTHOUSE ELECTRIC COMPANY INC,,5367 HARDT RD,,GIBSONIA,PA,15044-9113,724-873-3500,53.89.1831,Fire Protection Organization - Company,09/29/2015,07/01/2027,Active,ACTIVE,,,,,,
ALDER HOLDINGS LLC DBA ALDER,,450 N 1500 W,,OREM,UT,84057-2829,(385) 218-2754,53.89.1833,Fire Protection Organization - Company,11/09/2015,07/01/2027,Active,ACTIVE,,,,,,
SKYLINE SECURITY MANAGEMENT INC,,10642 DOWNEY AVE STE 205,,DOWNEY,CA,90241-3442,(562) 249-7171,53.89.1836,Fire Protection Organization - Company,12/09/2015,07/01/2027,Active,ACTIVE,,,,,,
METROPOLITAN FIRE PROTECTION INC,,7179 OLD ALEXANDRIA FERRY RD,,CLINTON,MD,20735-1763,(301) 868-0005,53.89.1838,Fire Protection Organization - Company,01/22/2016,07/01/2027,Active,ACTIVE,,,,,,
HEALTH AND SAFETY SCIENCES LLC,,3224 WINCHESTER AVE,,ASHLAND,KY,41101-2050,(606) 922-7951,53.89.1840,Fire Protection Organization - Company,01/19/2016,07/01/2027,Active,ACTIVE,,,,,,
IES COMMUNICATIONS LLC,,2801 S FAIR LN,,TEMPE,AZ,85282-3199,,53.89.1841,Fire Protection Organization - Company,01/26/2016,07/01/2027,Active,ACTIVE,,,,,,
DEPENDABLE BUILDING SERVICES INC,,1125 TOWER RD,,SCHAUMBURG,IL,60173-4305,(630) 595-9563,53.89.1845,Fire Protection Organization - Company,02/16/2016,07/01/2027,Active,ACTIVE,,,,,,
SALENBIEN TRUCKING AND EXCAVATING INC,,9217 N ANN ARBOR RD,,DUNDEE,MI,48131-9423,(734) 529-3823,53.89.1847,Fire Protection Organization - Company,02/17/2016,07/01/2027,Active,ACTIVE,,,,,,
INDUSTRIAL FIRE SERVICES LLC,,1303 E MARKLAND AVE,,KOKOMO,IN,46901-6226,(765) 432-3292,53.89.1851,Fire Protection Organization - Company,04/25/2016,07/01/2027,Active,ACTIVE,,,,,,
PERFORMANCE ELECTRIC LLC,,24248 PROFESSIONAL PARK DR,,LAWRENCEBURG,IN,47025-7604,(513) 283-4640,53.89.1853,Fire Protection Organization - Company,10/26/2016,07/01/2027,Active,ACTIVE,,,,,,
EAST O & M LLC,,7450 HERITAGE VILLAGE PLZ UNIT 202,,GAINESVILLE,VA,20155-3091,(703) 263-0477,53.89.1854,Fire Protection Organization - Company,07/14/2016,07/01/2027,Active,ACTIVE,,,,,,
JOULE FIRE PROTECTION LLC,,1020 ARBOR TECH DR STE D,,HEBRON,KY,41048-7532,(859) 341-0922,53.89.1859,Fire Protection Organization - Company,01/19/2017,07/01/2027,Active,ACTIVE,,,,,,
APTIM SERVICES LLC,,1200 BRICKYARD LN STE 202,,BATON ROUGE,LA,70802-8084,(225) 932-6504,53.89.1861,Fire Protection Organization - Company,03/08/2017,07/01/2027,Active,ACTIVE,,,,,,
FLUOR CONSTRUCTORS INTERNATIONAL INC,,100 FLUOR DANIEL DR # C102B,,GREENVILLE,SC,29607-2761,(864) 281-8091,53.89.1863,Fire Protection Organization - Company,04/27/2017,07/01/2027,Active,ACTIVE,,,,,,
LPM ELECTRIC INC,,200 VINE ST,,WILDER,KY,41076-9711,(859) 694-3186,53.89.1864,Fire Protection Organization - Company,05/02/2017,07/01/2027,Active,ACTIVE,,,,,,
SAFE STREETS USA LLC,,3400 N 1200 W,,LEHI,UT,84043-2685,(480) 339-1251,53.89.1866,Fire Protection Organization - Company,05/12/2017,07/01/2027,Active,ACTIVE,,,,,,
MCCURLEY HOUSTON ELECTRIC INC,,2429 EASTBROOK RD,,NEW CASTLE,PA,16105-6513,(724) 665-9371,53.89.1867,Fire Protection Organization - Company,05/10/2017,07/01/2027,Active,ACTIVE,,,,,,
NITRO CONSTRUCTION SERVICES INC,,4300 1ST AVE,,NITRO,WV,25143-1096,(304) 204-1500,53.89.1869,Fire Protection Organization - Company,06/27/2017,07/01/2027,Active,ACTIVE,,,,,,
HALO FIRE PROTECTION LLC,,4811 E JULEP ST STE 124,,MESA,AZ,85205-3322,(480) 325-2280,53.89.1871,Fire Protection Organization - Company,09/13/2017,07/01/2027,Active,ACTIVE,,,,,,
REEVES INC,,1250 S MERIDIAN RD,,HUDSON,MI,49247-8212,(734) 429-9755,53.89.1872,Fire Protection Organization - Company,09/18/2017,07/01/2027,Active,ACTIVE,,,,,,
PILLAR INNOVATIONS LLC,,92 CORPORATE DR,,GRANTSVILLE,MD,21536-1259,(301) 245-4007,53.89.1877,Fire Protection Organization - Company,09/28/2017,07/01/2027,Active,ACTIVE,,,,,,
LATHROP ELECTRIC INC,,1104 SELINGER AVE,,ERIE,PA,16505-4122,(814) 455-1772,53.89.1879,Fire Protection Organization - Company,11/27/2017,07/01/2027,Active,ACTIVE,,,,,,
SIMPLX SECURITY LLC,,8320 CLINTON PARK DR,,FORT WAYNE,IN,46825-3171,(260) 482-7233,53.89.1880,Fire Protection Organization - Company,12/15/2017,07/01/2027,Active,ACTIVE,,,,,,
IN2GRO TECHNOLOGIES LLC DBA I2G SYSTEMS,,42211 GARFIELD RD # 321,,CLINTON TOWNSHIP,MI,48038-1648,(248) 977-1220,53.89.1881,Fire Protection Organization - Company,02/03/2018,07/01/2027,Active,ACTIVE,,,,,,
COBEX DESIGN LLC,,11315 LAMBS RD,,RILEY,MI,48041-3202,(586) 329-6560,53.89.1882,Fire Protection Organization - Company,02/13/2018,07/01/2027,Active,ACTIVE,,,,,,
PRO 1 ELECTRIC INC,,205 HICKORY ST,,PARKERSBURG,WV,26101-6339,(304) 482-8487,53.89.1883,Fire Protection Organization - Company,02/21/2018,07/01/2027,Active,ACTIVE,,,,,,
GREAT LAKES SPRINKLER SERVICE LLC,,PO BOX 5,,WEST SPRINGFIELD,PA,16443-0005,(814) 299-5399,53.89.1884,Fire Protection Organization - Company,03/21/2018,07/01/2027,Active,ACTIVE,,,,,,
BH SECURITY LLC DBA BRINKS HOME SECURITY,,1501 LYNDON B JOHNSON FWY STE 700,,FARMERS BRANCH,TX,75234-6047,(800) 835-5378,53.89.1885,Fire Protection Organization - Company,03/28/2018,07/01/2027,Active,ACTIVE,,,,,,
RIVER CITY FIRE PROTECTION INC,,4132 COUNTY ROAD 68,,AUBURN,IN,46706-9639,(260) 494-7437,53.89.1886,Fire Protection Organization - Company,04/02/2018,07/01/2027,Active,ACTIVE,,,,,,
FIRE PROTECTION PROS LLC,,2710 NORTHRIDGE DR NW STE F,,GRAND RAPIDS,MI,49544-9112,(616) 453-4800,53.89.1887,Fire Protection Organization - Company,04/11/2018,07/01/2027,Active,ACTIVE,,,,,,
GEORGE R SMALLEY CO INC,,PO BOX 96,79 ATLAS RD,HOPWOOD,PA,15445-0096,(724) 437-1927,53.89.1888,Fire Protection Organization - Company,04/17/2018,07/01/2027,Active,ACTIVE,,,,,,
SWARTZ FIRE ALARM SERVICE,,12960 CAMBRIDGE SPRINGS RD,,EDINBORO,PA,16412-2832,(814) 460-4659,53.89.1889,Fire Protection Organization - Company,05/16/2018,07/01/2027,Active,ACTIVE,,,,,,
AUTOMATIC SPRINKLER CORP,,6145 LOLLIS CREEK RD,,FLOWERY BRANCH,GA,30542-5511,(698) 765-6260,53.89.1891,Fire Protection Organization - Company,05/25/2018,07/01/2027,Active,ACTIVE,,,,,,
COMPLETE CONTRACTORS INC,,77 GOOSE CREEK RD,PO BOX 98,PATRIOT,IN,47038-9575,(812) 290-8182,53.89.1894,Fire Protection Organization - Company,06/22/2018,07/01/2027,Active,ACTIVE,,,,,,
OLYMPIC WEST FIRE PROTECTION LLC,,708 W 22ND ST,,TEMPE,AZ,85282-1906,(480)968-9634,53.89.1895,Fire Protection Organization - Company,07/24/2018,07/01/2027,Active,ACTIVE,,,,,,
OZARK FIRE SPRINKLER CO INC,,19098 DWYER RD,,WARSAW,MO,65355-4162,(660)438-5701,53.89.1896,Fire Protection Organization - Company,07/30/2018,07/01/2027,Active,ACTIVE,,,,,,
CDI ELECTRIC INC,,2018 UHL RD,,COLD SPRING,KY,41076-8648,(859) 393-2047,53.89.1897,Fire Protection Organization - Company,08/02/2018,07/01/2027,Active,ACTIVE,,,,,,
MOUNTAIN STATE OF WEST VIRGINIA LLC DBA UNITED SECURITY ALARMS CO LLC,,PO BOX 489,1420 COMMERCE ST STE 1,WELLSBURG,WV,26070-0489,(304) 737-9891,53.89.1903,Fire Protection Organization - Company,11/16/2018,07/01/2027,Active,ACTIVE,,,,,,
DEVOS EXCAVATING LLC,,10919 S DIXIE HWY,,ERIE,MI,48133-9712,(734) 457-9011,53.89.1904,Fire Protection Organization - Company,11/27/2018,07/01/2027,Active,ACTIVE,,,,,,
INSTALL SUBS LLC,,1841 W 200 N,,GREENFIELD,IN,46140-9594,(859) 983-0500,53.89.1906,Fire Protection Organization - Company,01/25/2019,07/01/2027,Active,ACTIVE,,,,,,
F E MORAN INC SPECIAL HAZARD SYSTEMS,,2265 CARLSON DR,,NORTHBROOK,IL,60062-6705,(847) 498-4800,53.89.1909,Fire Protection Organization - Company,03/05/2019,07/01/2027,Active,ACTIVE,,,,,,
CFP FIRE PROTECTION INC,,153 TECHNOLOGY DR STE 200,,IRVINE,CA,92618-2461,(949) 727-3277,53.89.1912,Fire Protection Organization - Company,04/22/2019,07/01/2027,Active,ACTIVE,,,,,,
JSB CONSULTING LLC DBA MIDWEST FIRE SAFETY V,,2782 E CREEK RD,,SOUTH ROCKWOOD,MI,48179-9753,(877) 942-2121,53.89.1913,Fire Protection Organization - Company,05/08/2019,07/01/2027,Active,ACTIVE,,,,,,
ADVANCED FIRE PROTECTION LLC,,1582 HICKORY HILL CT,,FLORENCE,KY,41042-9710,(859) 250-8289,53.89.1915,Fire Protection Organization - Company,06/04/2019,07/01/2027,Active,ACTIVE,,,,,,
PRIORITY ONE SECURITY SERVICES INC,DAVID E WHITTINGTON,PO BOX 1234,,LENOIR CITY,TN,37771-1234,,53.89.1918,Fire Protection Organization - Company,07/09/2019,07/01/2027,Active,ACTIVE,,,,,,
RIVER RAISIN SECURITY & TECHNOLOGIES LLC,,PO BOX 2629,,MONROE,MI,48161-7629,(734) 265-0091,53.89.1921,Fire Protection Organization - Company,08/27/2019,07/01/2027,Active,ACTIVE,,,,,,
API  NATIONAL SERVICE GROUP INC,,1200 OLD HIGHWAY 8 NW,,NEW BRIGHTON,MN,55112-1567,(888) 274-8595,53.89.1922,Fire Protection Organization - Company,09/16/2019,07/01/2027,Active,ACTIVE,,,,,,
EVERON LLC,,1501 W YAMATO RD,,BOCA RATON,FL,33431-4438,(213) 392-9333,53.89.1925,Fire Protection Organization - Company,01/09/2020,07/01/2027,Active,ACTIVE,,,,,,
UNITED STATES ALLIANCE FIRE PROTECTION INC,,28427 N BALLARD DR STE H,,LAKE FOREST,IL,60045-4542,(847) 816-0050,53.89.1926,Fire Protection Organization - Company,01/17/2020,07/01/2027,Active,ACTIVE,,,,,,
FIRE CONTROL LLC,,PO BOX 400,,ARMADA,MI,48005-0400,(810) 305-2626,53.89.1928,Fire Protection Organization - Company,02/18/2020,07/01/2027,Active,ACTIVE,,,,,,
NETWORK CABLING INFRASTRUCTURES LLC,,4825 RIVER GREEN PKWY,,DULUTH,GA,30096-2569,(770) 495-0798,53.89.1929,Fire Protection Organization - Company,02/28/2020,07/01/2027,Active,ACTIVE,,,,,,
DISH NETWORK SERVICE LLC,,9601 S MERIDIAN BLVD,,ENGLEWOOD,CO,80112-5905,(330) 723-2006,53.89.1930,Fire Protection Organization - Company,03/05/2020,07/01/2027,Active,ACTIVE,,,,,,
ACE ELECTRIC INC,,4081 INNER PERIMETER RD,,VALDOSTA,GA,31602-6470,(229) 244-9288,53.89.1931,Fire Protection Organization - Company,03/04/2020,07/01/2027,Active,ACTIVE,,,,,,
EASTERN FIRE & SAFETY LLC,,1933 HIGHWAY 35 STE 105-343,,WALL TOWNSHIP,NJ,07719-3502,(877) 438-3375,53.89.1932,Fire Protection Organization - Company,03/09/2020,07/01/2027,Active,ACTIVE,,,,,,
ROBINSON & SON PLUMBING & HEATING INC DBA RSP FIRE PROTECTION & EQUIPMENT,,PO BOX 449,,SCOTT DEPOT,WV,25560-0449,(304) 757-8063,53.89.1935,Fire Protection Organization - Company,05/14/2020,07/01/2027,Active,ACTIVE,,,,,,
PYE BARKER FIRE & SAFETY LLC,,11605 HAYNES BRIDGE RD STE 350,,ALPHARETTA,GA,30009-8815,(800) 927-8610,53.89.1936,Fire Protection Organization - Company,06/02/2020,07/01/2027,Active,ACTIVE,,,,,,
PREMIER EQUIPMENT GROUP INC DBA CITATION FIRE & SAFETY,,4319 CRITTENDEN DR,,LOUISVILLE,KY,40209-1622,(502) 367-2239,53.89.1941,Fire Protection Organization - Company,10/05/2020,07/01/2027,Active,ACTIVE,,,,,,
REDGUARD FIRE & SECURITY,,47799 HALYARD DR,,PLYMOUTH,MI,48170-2480,(734) 233-6000,53.89.1942,Fire Protection Organization - Company,10/05/2020,07/01/2027,Active,ACTIVE,,,,,,
TWIN LAKES FIRE SERVICE LLC,,3804 N CUNNINGHAM AVE STE 1,,URBANA,IL,61802-9766,(217) 531-1661,53.89.1944,Fire Protection Organization - Company,10/22/2020,07/01/2027,Active,ACTIVE,,,,,,
TECHWISE INTEGRATED SECURITY LLC,,PO BOX 936,,COLONIAL HEIGHTS,VA,23834-0936,(804) 526-2928,53.89.1945,Fire Protection Organization - Company,10/23/2020,07/01/2027,Active,ACTIVE,,,,,,
SIMPLISAFE INC,,100 SUMMER ST STE 300,,BOSTON,MA,02110-2151,(617) 208-4020,53.89.1946,Fire Protection Organization - Company,11/09/2020,07/01/2027,Active,ACTIVE,,,,,,
ELITE FIRE SAFETY INC,,46620 RYAN CT,,NOVI,MI,48377-1730,(248) 834-4467,53.89.1947,Fire Protection Organization - Company,01/14/2021,07/01/2027,Active,ACTIVE,,,,,,
I C E CONTRACTORS INC,,1415 KATHY LN SW STE A,,DECATUR,AL,35601-3688,(256) 353-7828,53.89.1948,Fire Protection Organization - Company,12/17/2020,07/01/2027,Active,ACTIVE,,,,,,
NEWJAC INDUSTRIAL FIRE PROTECTION LLC,,415 S GRANT ST,,LEBANON,IN,46052-3605,(765) 483-2190,53.89.1950,Fire Protection Organization - Company,02/16/2021,07/01/2027,Active,ACTIVE,,,,,,
VALLEY FIRE PROTECTION SYSTEMS LLC,,555 KIRK RD,,SAINT CHARLES,IL,60174-3096,(630) 761-3168,53.89.1951,Fire Protection Organization - Company,02/18/2021,07/01/2027,Active,ACTIVE,,,,,,
SECURALARM LLC,,921 47TH ST SW,,WYOMING,MI,49509-5156,(616) 773-6300,53.89.1952,Fire Protection Organization - Company,02/19/2021,07/01/2027,Active,ACTIVE,,,,,,
LUCKY 13 FIRE PROTECTION LLC,,223 5TH AVE,,DAYTON,KY,41074-1103,(859) 414-4175,53.89.1953,Fire Protection Organization - Company,03/02/2021,07/01/2027,Active,ACTIVE,,,,,,
APEX PUMPING EQUIPMENT INC,,720 N HEARTLAND DR STE P,,SUGAR GROVE,IL,60554-9864,(630) 263-2739,53.89.1956,Fire Protection Organization - Company,04/21/2021,07/01/2027,Active,ACTIVE,,,,,,
SAFE AND SOUND SECURITY SYSTEMS INC,,201 JEFFERSON ST,,HINTON,WV,25951-1486,(304) 466-4998,53.89.1957,Fire Protection Organization - Company,06/17/2021,07/01/2027,Active,ACTIVE,,,,,,
IMEG CORP,,623 26TH AVE,,ROCK ISLAND,IL,61201-5263,(309) 793-3332,53.89.1958,Fire Protection Organization - Company,07/06/2021,07/01/2027,Active,ACTIVE,,,,,,
NATIONAL ONDEMAND INC,,445 S MAIN ST,,BURLINGTON,NC,27215-5838,(336) 395-4523,53.89.1959,Fire Protection Organization - Company,07/15/2021,07/01/2027,Active,ACTIVE,,,,,,
ALPHA MECHANICAL SERVICE INC,,7200 DISTRIBUTION DR,,LOUISVILLE,KY,40258-2827,(502) 968-0121,53.89.1961,Fire Protection Organization - Company,07/29/2021,07/01/2027,Active,ACTIVE,,,,,,
SMARTWIRED SERVICES LLC,,123 MCCREARY RD,,NEW BRIGHTON,PA,15066-3419,(412) 447-8550,53.89.1963,Fire Protection Organization - Company,08/16/2021,07/01/2027,Active,ACTIVE,,,,,,
REED INDUSTRIAL RESOURCES INC DBA ROWE SPRINKLER SYSTEMS,,PO BOX 407,7993 US RT 522,MIDDLEBURG,PA,17842-0407,(570) 837-7647,53.89.1965,Fire Protection Organization - Company,09/08/2021,07/01/2027,Active,ACTIVE,,,,,,
YAHN ELECTRIC COMPANY INC,,113 17TH ST,,WHEELING,WV,26003-3603,(304) 232-5070,53.89.1966,Fire Protection Organization - Company,09/14/2021,07/01/2027,Active,ACTIVE,,,,,,
ACCESS AUDIO & VIDEO II LLC,,2641 CRESCENT SPRINGS PIKE,,FT MITCHELL,KY,41017-1504,(859) 360-5480,53.89.1967,Fire Protection Organization - Company,11/02/2021,07/01/2027,Active,ACTIVE,,,,,,
SEMPER VIGILES INC,,400 W DIVISION ST,,SYRACUSE,NY,13204-1438,(800) 673-6168,53.89.1969,Fire Protection Organization - Company,10/13/2021,07/01/2027,Active,ACTIVE,,,,,,
RAPID FIRE PROTECTION INC,,1530 SAMCO RD,,RAPID CITY,SD,57702-8008,(605) 348-2342,53.89.1970,Fire Protection Organization - Company,10/18/2021,07/01/2027,Active,ACTIVE,,,,,,
ANTAEAN TECHNOLOGY LLC,,1590 N ROBERTS RD NW STE 209,,KENNESAW,GA,30144-3636,(678) 574-5151,53.89.1971,Fire Protection Organization - Company,10/25/2021,07/01/2027,Active,ACTIVE,,,,,,
M & P SECURITY SOLUTIONS LLC,,330 STATE ST,,BADEN,PA,15005-1904,(412) 945-0280,53.89.1974,Fire Protection Organization - Company,11/16/2021,07/01/2027,Active,ACTIVE,,,,,,
CRV SURVEILLANCE,,277 LYON LN,,BIRMINGHAM,AL,35211-6407,(205) 278-4250,53.89.1976,Fire Protection Organization - Company,01/31/2022,07/01/2027,Active,ACTIVE,,,,,,
API GROUP LIFE SAFETY USA LLC,,7020 S TUCSON WAY,,CENTENNIAL,CO,80112-6791,(303) 790-3813,53.89.1977,Fire Protection Organization - Company,01/31/2022,07/01/2027,Active,ACTIVE,,,,,,
SHORELINE POWER SERVICES INC,,6724 E RAILWAY CMN,,WILLIAMSBURG,MI,49690-8507,(231) 267-3267,53.89.1978,Fire Protection Organization - Company,01/21/2022,07/01/2027,Active,ACTIVE,,,,,,
WSS INTEGRATED TECHNOLOGIES CLE LLC,,1052 MILFORD WARREN GLEN RD,,BLOOMSBURY,NJ,08804-2023,(844) 856-8071,53.89.1979,Fire Protection Organization - Company,02/01/2022,07/01/2027,Active,ACTIVE,,,,,,
MERIT ELECTRIC LLC,,98 US HIGHWAY 95,,CALVERT CITY,KY,42029-8817,(270) 554-3141,53.89.1981,Fire Protection Organization - Company,03/18/2022,07/01/2027,Active,ACTIVE,,,,,,
FIRE SOLUTIONS INC,,2030 ALTOM CT,,SAINT LOUIS,MO,63146-4151,(314) 772-1637,53.89.1982,Fire Protection Organization - Company,04/04/2022,07/01/2027,Active,ACTIVE,,,,,,
CANADOHTA SECURITY LLC,,22396 SOUTH RD,,CENTERVILLE,PA,16404-1500,(814) 315-3058,53.89.1983,Fire Protection Organization - Company,04/15/2022,07/01/2027,Active,ACTIVE,,,,,,
B ARMSTRONG ELECTRICAL SERVICES INC,,3120 E NORTHWESTERN PIKE STE B,,PARKERSBURG,WV,26104-1105,(740) 350-9007,53.89.1984,Fire Protection Organization - Company,04/26/2022,07/01/2027,Active,ACTIVE,,,,,,
SOUTHLAND INDUSTRIES,,12131 WESTERN AVE,,GARDEN GROVE,CA,92841-2914,(714) 901-5800,53.89.1985,Fire Protection Organization - Company,05/25/2022,07/01/2027,Active,ACTIVE,,,,,,
ALERT 360 OPCO INC DBA ALERT 360,,2448 E 81ST ST STE 4300,,TULSA,OK,74137-4285,(833) 360-1595,53.89.1986,Fire Protection Organization - Company,06/01/2022,07/01/2027,Active,ACTIVE,,,,,,
CFM TESTING,,10375 MEADOW RUN,,PARKER,CO,80134-6219,(720) 465-1325,53.89.1989,Fire Protection Organization - Company,08/05/2022,07/01/2027,Active,ACTIVE,,,,,,
A POSITIVE ELECTRIC CO INC,,1953 SMITH TOWNSHIP STATE ROAD,,SLOVAN,PA,15078,(724) 947-2266,53.89.1990,Fire Protection Organization - Company,08/05/2022,07/01/2027,Active,ACTIVE,,,,,,
NETWORK FIRE & SECURITY LLC,,32 JONQUIL ST SW,,GRAND RAPIDS,MI,49548-6742,(616) 365-5766,53.89.1991,Fire Protection Organization - Company,08/22/2022,07/01/2027,Active,ACTIVE,,,,,,
HILL FIRE PROTECTION LLC,,11045 GAGE AVE,,FRANKLIN PARK,IL,60131-1437,(847) 288-5102,53.89.1993,Fire Protection Organization - Company,09/21/2022,07/01/2027,Active,ACTIVE,,,,,,
SUPERIOR FIRE & SECURITY LLC,,11106 LATTIRE RD,,AURORA,IN,47001-7845,(812) 577-2126,53.89.1994,Fire Protection Organization - Company,09/28/2022,07/01/2027,Active,ACTIVE,,,,,,
SOLID SECURITY SERVICES INC,,5067 BRISTOL INDUSTRIAL WAY STE E,,BUFORD,GA,30518-1830,(770) 733-5853,53.89.1995,Fire Protection Organization - Company,10/05/2022,07/01/2027,Active,ACTIVE,,,,,,
CONTROL SYSTEMS INC,,1219 E ELM ST,,ONTARIO,CA,91761-4585,(909) 628-7773,53.89.1996,Fire Protection Organization - Company,10/07/2022,07/01/2027,Active,ACTIVE,,,,,,
REAPER FIRE PROTECTION LLC,,3710 ARENAC STATE RD,,STANDISH,MI,48658-9658,(989) 980-5814,53.89.1997,Fire Protection Organization - Company,10/19/2022,07/01/2027,Active,ACTIVE,,,,,,
MAHONEY FIRE SPRINKLER INC,,11115 O ST,,OMAHA,NE,68137-2337,(402) 553-1221,53.89.1998,Fire Protection Organization - Company,10/19/2022,07/01/2027,Active,ACTIVE,,,,,,
COMMONWEALTH FIRE PROTECTION COMPANY,,2749 CREEK HILL RD,,LEOLA,PA,17540-2006,(717) 656-2981,53.89.2001,Fire Protection Organization - Company,02/07/2023,07/01/2027,Active,ACTIVE,,,,,,
WEBER SECURITY GROUP INC,,1725 E MAPLE RD,,TROY,MI,48083-4210,(586) 582-0000,53.89.2003,Fire Protection Organization - Company,02/22/2023,07/01/2027,Active,ACTIVE,,,,,,
VETERANS INDUSTRIAL PROTECTION INC,,17741 HINTON ST,,HESPERIA,CA,92345-6907,(513) 252-4400,53.89.2004,Fire Protection Organization - Company,02/24/2023,07/01/2027,Active,ACTIVE,,,,,,
JFS HOLDINGS LLC DBA JANUS FIRE SYSTEMS,,1102 RUPCICH DR,,CROWN POINT,IN,46307-7542,(219) 663-1600,53.89.2005,Fire Protection Organization - Company,03/06/2023,07/01/2027,Active,ACTIVE,,,,,,
CAPTIVE-AIRE SYSTEMS INC,,4641 PARAGON PARK RD,,RALEIGH,NC,27616-3406,(919) 882-2410,53.89.2006,Fire Protection Organization - Company,03/23/2023,07/01/2027,Active,ACTIVE,,,,,,
NORTHERN SAFETY CO INC,,1568 GEORGESVILLE RD,,COLUMBUS,OH,43228-3616,(800) 571-4646,53.89.2007,Fire Protection Organization - Company,03/22/2023,07/01/2027,Active,ACTIVE,,,,,,
ARROW ELECTRIC INC,,857 REYNOLDS INDUSTRIAL PARK RD,,GREENVILLE,PA,16125-4211,(724) 646-1903,53.89.2008,Fire Protection Organization - Company,03/23/2023,07/01/2027,Active,ACTIVE,,,,,,
ABSOLUTE FIRE PROTECTION,,1816 GERMAN ST,PO BOX 11276,ERIE,PA,16503-1918,(847) 878-0046,53.89.2009,Fire Protection Organization - Company,03/29/2023,07/01/2027,Active,ACTIVE,,,,,,
KEYSTONE FIRE SYSTEMS LLC,,22396 SOUTH RD,,CENTERVILLE,PA,16404-1500,(814) 315-3058,53.89.2010,Fire Protection Organization - Company,04/17/2023,07/01/2027,Active,ACTIVE,,,,,,
AVERUS INC,,3851 CLEARVIEW CT,,GURNEE,IL,60031-1247,(800) 393-8287,53.89.2011,Fire Protection Organization - Company,05/24/2023,07/01/2027,Active,ACTIVE,,,,,,
SECURITAS HEALTHCARE LLC,,11899 EXIT 5 PKWY STE 100,ATTN: LICENSING,FISHERS,IN,46037-8017,(317) 572-1934,53.89.2012,Fire Protection Organization - Company,05/24/2023,07/01/2027,Active,ACTIVE,,,,,,
WILLIAMS BUSINESS SYSTEMS DBA ADVANCED ALARM TECHNOLOGIES,,326 5TH ST,,PARKERSBURG,WV,26101-5106,(304) 485-2222,53.89.2013,Fire Protection Organization - Company,06/02/2023,07/01/2027,Active,ACTIVE,,,,,,
FULTZ FAMILY ENTERPRISE DBA CENSOR SECURITY SYSTEMS,,1005 E MAIN ST,,CAMBRIDGE CITY,IN,47327-1440,(765) 312-4010,53.89.2014,Fire Protection Organization - Company,07/03/2023,07/01/2027,Active,ACTIVE,,,,,,
FIRE PROTECTION INC,,7 CRAWFORD ST,,MC KEES ROCKS,PA,15136-3633,(412) 931-7401,53.89.2015,Fire Protection Organization - Company,08/29/2023,07/01/2027,Active,ACTIVE,,,,,,
VALLEN DISTRIBUTION INC,,2100 OAKS PKWY,,BELMONT,NC,28012-5141,(800) 932-3746,53.89.2016,Fire Protection Organization - Company,07/24/2023,07/01/2027,Active,ACTIVE,,,,,,
DAVIS ULMER SPRINKLER COMPANY INC,,400 MERIDIAN CENTRE BLVD STE 330,,ROCHESTER,NY,14618-3991,(716) 691-3200,53.89.2017,Fire Protection Organization - Company,07/26/2023,07/01/2027,Active,ACTIVE,,,,,,
MDI SECURITY PLLC,,6611 US HIGHWAY 19 STE 212,,NEW PORT RICHEY,FL,34652-1732,(844) 634-4968,53.89.2018,Fire Protection Organization - Company,07/28/2023,07/01/2027,Active,ACTIVE,,,,,,
M C DEAN INC,,1765 GREENSBORO STATION PL,,MC LEAN,VA,22102-3467,(703) 802-6231,53.89.2019,Fire Protection Organization - Company,08/01/2023,07/01/2027,Active,ACTIVE,,,,,,
R L FIRE PROTECTION INC,,PO BOX 4724,,RANCHO CUCAMONGA,CA,91729-4724,(909) 560-0166,53.89.2020,Fire Protection Organization - Company,08/30/2023,07/01/2027,Active,ACTIVE,,,,,,
EMILY REITER LLC DBA REITER FIRE PROTECTION,,1604 STARLIGHT CT,,UNION,KY,41091-7519,(502) 309-9485,53.89.2023,Fire Protection Organization - Company,09/25/2023,07/01/2027,Active,ACTIVE,,,,,,
WILLIAM T CONNELLY INC DBA CONNELLY ELECTRIC CO,,476 BRIGHTON DR,,BLOOMINGDALE,IL,60108-3100,(630) 543-9059,53.89.2024,Fire Protection Organization - Company,09/27/2023,07/01/2027,Active,ACTIVE,,,,,,
ELECTRONIC SECURITY SYSTEMS INC,,6516 WESTWOOD DR,,CHARLESTOWN,IN,47111-8767,(502) 961-6454,53.89.2028,Fire Protection Organization - Company,10/31/2023,07/01/2027,Active,ACTIVE,,,,,,
MASTER TECHNOLOGY GROUP INC,,7640 GOLDEN TRIANGLE DR,,EDEN PRAIRIE,MN,55344-3732,(952) 960-1212,53.89.2029,Fire Protection Organization - Company,11/14/2023,07/01/2027,Active,ACTIVE,,,,,,
LANDCORE BUILDERS,,1027 STEWART ST,,MILTON,WV,25541-1159,(304) 419-1378,53.89.2030,Fire Protection Organization - Company,11/15/2023,07/01/2027,Active,ACTIVE,,,,,,
SOUTHERN KENTUCKY FIRE AND SPRINKLER LLC,,415 SAMSON ST,,GLASGOW,KY,42141-1638,(270) 215-5082,53.89.2031,Fire Protection Organization - Company,12/01/2023,07/01/2027,Active,ACTIVE,,,,,,
VALLEN SAFETY SERVICES,,4300 PASADENA FWY,,PASADENA,TX,77503-1131,(713) 456-1030,53.89.2032,Fire Protection Organization - Company,12/11/2023,07/01/2027,Active,ACTIVE,,,,,,
UNIFIRST FIRST AID CORPORATION,,3499 RIDER TRL S,,EARTH CITY,MO,63045-1110,(800) 889-6970,53.89.2033,Fire Protection Organization - Company,12/21/2023,07/01/2027,Active,ACTIVE,,,,,,
FIRE SYSTEMS SPECIALISTS INC,,213 FIDDLER LN,,TAYLORSVILLE,KY,40071-7957,(502) 727-4642,53.89.2034,Fire Protection Organization - Company,12/22/2023,07/01/2027,Active,ACTIVE,,,,,,
CARRAWAY FIRE & LIFE SAFETY SYSTEMS LLC,,36131 MONROE ST,,NEW BALTIMORE,MI,48047-6386,(586) 716-0386,53.89.2035,Fire Protection Organization - Company,01/08/2024,07/01/2027,Active,ACTIVE,,,,,,
CORCORAN ENTERPRISES LLC,,3328 ASSOCIATES DR,,BURTON,MI,48529-1302,(810) 715-3067,53.89.2037,Fire Protection Organization - Company,01/11/2024,07/01/2027,Active,ACTIVE,,,,,,
CONNECTION 1 LLC,,5119 HIGHLAND RD # 212,,WATERFORD,MI,48327-1915,(855) 808-0663,53.89.2039,Fire Protection Organization - Company,02/05/2024,07/01/2027,Active,ACTIVE,,,,,,
INTERSTATE FIRE PROTECTION LLC,,7 ABJ DR STE 1,,GARDINER,ME,04345-6057,(207) 582-0942,53.89.2043,Fire Protection Organization - Company,03/04/2024,07/01/2027,Active,ACTIVE,,,,,,
MARTIN INDUSTRIAL SERVICES LLC,,4053 TIMBERVIEW RD,,WEST HARRISON,IN,47060-7585,(513) 805-2686,53.89.2045,Fire Protection Organization - Company,04/04/2024,07/01/2027,Active,ACTIVE,,,,,,
FLORIAN FIRE PROTECTION LLC,,941 MONUMENT DR,,LEBANON,IN,46052-2968,(765) 485-9600,53.89.2046,Fire Protection Organization - Company,04/30/2024,07/01/2027,Active,ACTIVE,,,,,,
OAKLEY FIRE LLC,,10375 WOOD PARK COURT SUITE 104,,ASHLAND,VA,23005,(804) 859-2000,53.89.2047,Fire Protection Organization - Company,05/03/2024,07/01/2027,Active,ACTIVE,,,,,,
IKONIC ELECTRIC LLC,,25722 STATE ROUTE 1,,GUILFORD,IN,47022-8975,(513) 266-3239,53.89.2049,Fire Protection Organization - Company,06/28/2024,07/01/2027,Active,ACTIVE,,,,,,
ELWOOD FIRE EQUIPMENT COMPANY INC,,2600 S M ST,PO BOX 285,ELWOOD,IN,46036-3024,(765) 552-7204,53.89.2050,Fire Protection Organization - Company,06/11/2024,07/01/2027,Active,ACTIVE,,,,,,
VFS FIRE & SECURITY SERVICES,,501 W SOUTHERN AVE,,ORANGE,CA,92865-3217,(714) 778-6070,53.89.2051,Fire Protection Organization - Company,08/05/2024,07/01/2027,Active,ACTIVE,,,,,,
JKES INC DBA SMITH PROJECTS,,238 N MAIN ST,,MAXWELL,IN,46154-9701,(317) 326-8000,53.89.2053,Fire Protection Organization - Company,08/28/2024,07/01/2027,Active,ACTIVE,,,,,,
VULCAN FIRE PROTECTION SERVICES INC,,5969 W 1050 N,,FOUNTAINTOWN,IN,46130-9758,(317) 504-9878,53.89.2054,Fire Protection Organization - Company,09/30/2024,07/01/2027,Active,ACTIVE,,,,,,
EAGLE FIRE INC,,7459 WHITEPINE RD,,NORTH CHESTERFIELD,VA,23237-2261,(804) 743-2500,53.89.2055,Fire Protection Organization - Company,09/04/2024,07/01/2027,Active,ACTIVE,,,,,,
THOMPSON SAFETY LLC,,104 LOCKHAVEN DR,,HOUSTON,TX,77073-5500,(877) 506-4291,53.89.2056,Fire Protection Organization - Company,10/01/2024,07/01/2027,Active,ACTIVE,,,,,,
POWERLINK TECHNOLOGIES INC,,407 CEDAR CREEK RD,,WINDER,GA,30680-3411,(770) 386-8141,53.89.2058,Fire Protection Organization - Company,12/02/2024,07/01/2027,Active,ACTIVE,,,,,,
PRIMO FIRE PROTECTION LLC,,700 HOLCOMB BRIDGE RD STE 600,,ROSWELL,GA,30076-1664,(407) 777-7466,53.89.2060,Fire Protection Organization - Company,10/30/2024,07/01/2027,Active,ACTIVE,,,,,,
PYE BARKER FIRE & SAFETY LLC DBA IOWA FIRE EQUIPMENT CO,,2800 DELAWARE AVE,,DES MOINES,IA,50317-3543,(515) 265-8030,53.89.2061,Fire Protection Organization - Company,11/27/2024,07/01/2027,Active,ACTIVE,,,,,,
COBRA SAFETY TECHNOLOGIES,,1427 FOUR MILE RD,,RUSH,KY,41168-8185,(859) 753-7166,53.89.2062,Fire Protection Organization - Company,01/13/2025,07/01/2027,Active,ACTIVE,,,,,,
COMMUNICATIONS ENGINEERING COMPANY INC,,405 BOYSON RD,,HIAWATHA,IA,52233-1211,(800) 377-0271,53.89.2063,Fire Protection Organization - Company,01/27/2025,07/01/2027,Active,ACTIVE,,,,,,
DETROIT FIRE COMPANY LLC,,19261 MACK AVE,,GROSSE POINTE WOODS,MI,48236-2832,(313) 881-5400,53.89.2064,Fire Protection Organization - Company,01/28/2025,07/01/2027,Active,ACTIVE,,,,,,
J K KONJA INC/DBA MICHIGAN POWER SYSTEMS,,24856 ROMANO ST,,WARREN,MI,48091-3379,(888) 595-7304,53.89.2065,Fire Protection Organization - Company,02/05/2025,07/01/2027,Active,ACTIVE,,,,,,
SOLOMON PLUMBING CO,,29665 WK SMITH DR STE A,,NEW HUDSON,MI,48165-8581,(248) 486-1600,53.89.2066,Fire Protection Organization - Company,02/06/2025,07/01/2027,Active,ACTIVE,,,,,,
NEXUS ALARM AND SUPPRESSION,,6100 S MAPLE AVE STE 116,,TEMPE,AZ,85283-2872,(480) 491-1068,53.89.2067,Fire Protection Organization - Company,02/19/2025,07/01/2027,Active,ACTIVE,,,,,,
ISAK FIRE PROTECTION INC,,875 N MICHIGAN AVE STE 3100,,CHICAGO,IL,60611-1962,(224) 216-2272,53.89.2068,Fire Protection Organization - Company,02/20/2025,07/01/2027,Active,ACTIVE,,,,,,
PLACE SERVICES INCORPORATED,,201 GATEWAY DR,,CANTON,GA,30115-8247,(678) 880-4777,53.89.2069,Fire Protection Organization - Company,02/20/2025,07/01/2027,Active,ACTIVE,,,,,,
INTENSE SECURITY SYSTEMS LLC,,805 HARVEST RIDGE DR,,AVON,IN,46123-7941,(317) 970-5570,53.89.2070,Fire Protection Organization - Company,02/27/2025,07/01/2027,Active,ACTIVE,,,,,,
VF PROS LLC,,325 W MAIN ST # 16,,BRIGHTON,MI,48116-1525,(844) 259-3473,53.89.2073,Fire Protection Organization - Company,04/24/2025,07/01/2027,Active,ACTIVE,,,,,,
HOUSTON FIRE PROTECTION SERVICES,,2439 OLEANDER DR,,PASADENA,TX,77503-4115,(713) 921-3030,53.89.2074,Fire Protection Organization - Company,05/09/2025,07/01/2027,Active,ACTIVE,,,,,,
MG INSTALLATIONS LLC,,813 GREEN SPRINGS HWY STE 130,,HOMEWOOD,AL,35209-4941,(601) 410-1856,53.89.2075,Fire Protection Organization - Company,05/13/2025,07/01/2027,Active,ACTIVE,,,,,,
MULTIGUARD CORPORATION,,2910 N MITTHOEFER PL,,INDIANAPOLIS,IN,46229-1398,(317) 844-8116,53.89.2076,Fire Protection Organization - Company,05/14/2025,07/01/2027,Active,ACTIVE,,,,,,
AFP GROUP INC,,6746 AKRON RD,,LOCKPORT,NY,14094-5372,(716) 438-7970,53.89.2078,Fire Protection Organization - Company,05/23/2025,07/01/2027,Active,ACTIVE,,,,,,
FSS TECHNOLOGIES LLC,,3858 BESTECH RD STE E,,YPSILANTI,MI,48197-3294,(888) 412-5356,53.89.2079,Fire Protection Organization - Company,05/23/2025,07/01/2027,Active,ACTIVE,,,,,,
THE JAMES WHITE CONSTRUCTION COMPANY,,4156 FREEDOM WAY,,WEIRTON,WV,26062-5210,(304) 748-8181,53.89.2080,Fire Protection Organization - Company,06/10/2025,07/01/2027,Active,ACTIVE,,,,,,
RECORE ELECTRICAL CONTRACTORS INC,,1708 SPARTA CT,,GASTONIA,NC,28052-9111,(980) 251-8248,53.89.2081,Fire Protection Organization - Company,07/01/2025,07/01/2027,Active,ACTIVE,,,,,,
T TEXAS SPRINKLER LP,,609 INDUSTRIAL BLVD,,GRAPEVINE,TX,76051-3915,(817) 416-0160,53.89.2083,Fire Protection Organization - Company,07/22/2025,07/01/2027,Active,ACTIVE,,,,,,
NORTH AMERICAN FIRE PROTECTION LLC,,6255 COLBERT LN,,PALM COAST,FL,32137-4637,(260) 348-0078,53.89.2084,Fire Protection Organization - Company,08/06/2025,07/01/2027,Active,ACTIVE,,,,,,
SUPERHERO FIRE PROTECTION LLC,,1615 LAKES PKWY STE K,,LAWRENCEVILLE,GA,30043-5968,(678) 804-6111,53.89.2085,Fire Protection Organization - Company,09/24/2025,07/01/2027,Active,ACTIVE,,,,,,
D & E INITIATIVES LLC,,5649 INDUSTRIAL AVE S,PO BOX 391,CONNERSVILLE,IN,47331-7715,(765) 825-5868,53.89.2086,Fire Protection Organization - Company,08/26/2025,07/01/2027,Active,ACTIVE,,,,,,
COMPREHENSIVE FIRE TECHNOLOGIES INC,,2145 TICONDEROGA BLVD STE 400,,CHESTER SPRINGS,PA,19425-9532,(484) 320-2320,53.89.2087,Fire Protection Organization - Company,08/26/2025,07/01/2027,Active,ACTIVE,,,,,,
CAPITAL TECHNOLOGIES LLC,,260 CHENAULT RD,,FRANKFORT,KY,40601-9260,(502) 352-2865,53.89.2088,Fire Protection Organization - Company,09/08/2025,07/01/2027,Active,ACTIVE,,,,,,
THE HILLER COMPANIES LLC,,2120 CAPITAL DR,,WILMINGTON,NC,28405-6461,(910) 799-9191,53.89.2089,Fire Protection Organization - Company,09/15/2025,07/01/2027,Active,ACTIVE,,,,,,
PREMIER COMMUNICATIONS LLC,,902 INCENTIVE DR,,FORT WAYNE,IN,46825-3276,(260) 497-8338,53.89.2090,Fire Protection Organization - Company,09/15/2025,07/01/2027,Active,ACTIVE,,,,,,
VANGUARD FIRE AND SUPPLY LLC DBA PYE-BARKER FIRE & SAFETY,,2101 MARTINDALE AVE SW,,GRAND RAPIDS,MI,49509-1837,(616) 245-8719,53.89.2092,Fire Protection Organization - Company,09/29/2025,07/01/2027,Active,ACTIVE,,,,,,
UNIVERSAL PIPING INDUSTRIES DBA UNIVERSAL FIRE PROTECTION,,5555 NEW KING DR,,TROY,MI,48098-2616,(248) 548-4900,53.89.2093,Fire Protection Organization - Company,10/01/2025,07/01/2027,Active,ACTIVE,,,,,,
ISC CONSTRUCTORS LLC,,20480 HIGHLAND RD,,BATON ROUGE,LA,70817-7347,(225) 756-8001,53.89.2094,Fire Protection Organization - Company,10/08/2025,07/01/2027,Active,ACTIVE,,,,,,
INDUSTRIAL ELECTRICAL SOLUTIONS LLC,,98 US HIGHWAY 95,,CALVERT CITY,KY,42029-8817,(270) 510-1148,53.89.2095,Fire Protection Organization - Company,10/21/2025,07/01/2027,Active,ACTIVE,,,,,,
HARKER SECURITY LLC,,300 W DOUGLAS AVE STE 1031,,WICHITA,KS,67202-2911,(833) 442-7537,53.89.2096,Fire Protection Organization - Company,10/28/2025,07/01/2027,Active,ACTIVE,,,,,,
BARCOM ELECTRONIC,,923 N BELT W,,SWANSEA,IL,62226-1712,(618) 277-3344,53.89.2097,Fire Protection Organization - Company,11/06/2025,07/01/2027,Active,ACTIVE,,,,,,
DIRECTEC LLC,,155 GILBERT HOLLOW RD,,HOLLSOPPLE,PA,15935-7914,(814) 703-8334,53.89.2098,Fire Protection Organization - Company,11/21/2025,07/01/2027,Active,ACTIVE,,,,,,
SNYDER X LLC,,102 PRY RD,,WEST SUNBURY,PA,16061-1206,(724) 637-2625,53.89.2100,Fire Protection Organization - Company,11/19/2025,07/01/2027,Active,ACTIVE,,,,,,
LIBERTY FIRE PROTECTION SERVICES LLC,,13210 DUNNINGS HWY,,CLAYSBURG,PA,16625-7926,(301) 591-4210,53.89.2101,Fire Protection Organization - Company,12/01/2025,07/01/2027,Active,ACTIVE,,,,,,
SAFETY TO LIFE LLC,,413 E 37TH ST,,ANDERSON,IN,46013-4643,(765) 608-7972,53.89.2103,Fire Protection Organization - Company,12/22/2025,07/01/2027,Active,ACTIVE,,,,,,
M&L ELECTRICAL INC,,6060 SCOTTSVILLE RD,,BOWLING GREEN,KY,42104-0388,(270) 781-0123,53.89.2104,Fire Protection Organization - Company,12/24/2025,07/01/2027,Active,ACTIVE,,,,,,
FIRE ROVER LLC,,24505 INDOPLEX CIR,,FARMINGTON HILLS,MI,48335-9991,(844) 417-6837,53.89.2105,Fire Protection Organization - Company,01/06/2026,07/01/2027,Active,ACTIVE,,,,,,
KARSKI SECURITY ALARMS INC,,2539 WILMINGTON RD,,NEW CASTLE,PA,16105-1636,(724) 654-9958,53.89.2106,Fire Protection Organization - Company,01/09/2026,07/01/2027,Active,ACTIVE,,,,,,
BBC PUMP AND EQUIPMENT COMPANY INC,,777 NORTH TIBBS AVE,,INDIANAPOLIS,IN,46222-3433,(317) 636-1111,53.89.2108,Fire Protection Organization - Company,01/26/2026,07/01/2027,Active,ACTIVE,,,,,,
STEELWATER CONSTRUCTION LLC,,2253 POWDERSVILLE RD,,EASLEY,SC,29642-8922,(864) 350-7350,53.89.2109,Fire Protection Organization - Company,02/12/2026,07/01/2027,Active,ACTIVE,,,,,,
WITTENBACH BUSINESS SYSTEMS LLC,,100 SPARKS VALLEY RD STE B,,SPARKS GLENCOE,MD,21152-9234,(410) 667-6400,53.89.2110,Fire Protection Organization - Company,02/18/2026,07/01/2027,Active,ACTIVE,,,,,,
SHIVER SECURITY SYSTEMS LLC DBA PYE-BARKER FIRE & SAFETY LLC,,3166 CUSTER DR,,LEXINGTON,KY,40517-4000,(801) 395-8700,53.89.2111,Fire Protection Organization - Company,03/03/2026,07/01/2027,Active,ACTIVE,,,,,,
ILLUMINATI LABS LLC,,2503 ELMIRA ST,,AURORA,CO,80010-1164,(303) 393-2911,53.89.2112,Fire Protection Organization - Company,02/23/2026,07/01/2027,Active,ACTIVE,,,,,,
E SHORE TECHNOLOGIES LLC,,626 SPANIARD NECK RD,,CENTREVILLE,MD,21617-2325,(443) 262-2426,53.89.2113,Fire Protection Organization - Company,03/24/2026,07/01/2027,Active,ACTIVE,,,,,,
CROSS SECURITY AND FIRE INC,,15932 LONE OAK DR,,CATLETTSBURG,KY,41129-9290,(606) 923-5590,53.89.2114,Fire Protection Organization - Company,04/15/2026,07/01/2027,Active,ACTIVE,,,,,,
MACQUEEN EQUIPMENT LLC,,1125 7TH ST E,,SAINT PAUL,MN,55106-3900,(651) 278-7623,53.89.2115,Fire Protection Organization - Company,03/25/2026,07/01/2027,Active,ACTIVE,,,,,,
FULL ARMOR PROTECTION LLC,,149 WESTON LN,,SARVER,PA,16055-1501,(724) 612-9695,53.89.2116,Fire Protection Organization - Company,03/26/2026,07/01/2027,Active,ACTIVE,,,,,,
POWER DESIGN INC,,11600 9TH ST N,,SAINT PETERSBURG,FL,33716-2320,(727) 210-0492,53.89.2117,Fire Protection Organization - Company,03/26/2026,07/01/2027,Active,ACTIVE,,,,,,
TRI SECURITY INC,,95 SMITHFIELD RD,,SHELBYVILLE,KY,40065-1944,(925) 567-7128,53.89.2118,Fire Protection Organization - Company,04/15/2026,07/01/2027,Active,ACTIVE,,,,,,
GRAND ISLE SHIPYARD LLC,,18838 HIGHWAY 3235,,GALLIANO,LA,70354-4038,(985) 475-5238,53.89.2119,Fire Protection Organization - Company,04/20/2026,07/01/2027,Active,ACTIVE,,,,,,
TELE PLUS CORPORATION,,916 ELDRIDGE DR,,HAGERSTOWN,MD,21740-6842,(301) 797-9500,53.89.2120,Fire Protection Organization - Company,04/27/2026,07/01/2027,Active,ACTIVE,,,,,,
METRO ALARM SYSTEMS,,46777 7 MILE RD,,NORTHVILLE,MI,48167-1776,(734) 326-7266,53.89.2121,Fire Protection Organization - Company,04/28/2026,07/01/2027,Active,ACTIVE,,,,,,
HURST CONTRACTING LLC,,10165 CREQUE RD,,RIGA,MI,49276-9642,(734) 344-8020,53.89.2122,Fire Protection Organization - Company,04/29/2026,07/01/2027,Active,ACTIVE,,,,,,
MISTER HOODS,,6598 WILLOW WAY,,MCCORDSVILLE,IN,46055-0376,(317) 356-8063,53.89.2123,Fire Protection Organization - Company,04/30/2026,07/01/2027,Active,ACTIVE,,,,,,
STOKES PLUMBING LLC,,1209 PAMPLICO HWY,,FLORENCE,SC,29505-6134,(843) 687-2696,53.89.2124,Fire Protection Organization - Company,05/11/2026,07/01/2027,Active,ACTIVE,,,,,,
BMP EAST COAST,,971 US HIGHWAY 2023 N #6322,,BRANCHBURG,NJ,08876,(718) 289-0174,53.89.2125,Fire Protection Organization - Company,05/27/2026,07/01/2027,Active,ACTIVE,,,,,,
TOWNSEND SYSTEMS LLC,,148 N CONALCO DR,,JACKSON,TN,38301-3658,(731) 935-8757,53.89.2126,Fire Protection Organization - Company,05/28/2026,07/01/2027,Active,ACTIVE,,,,,,
DUKE FIRE LLC DBA  A C E FIRE PROTECTION,,119 HAUSMAN ST,,BROOKLYN,NY,11222-3730,(718) 608-6428,53.89.2127,Fire Protection Organization - Company,05/28/2026,07/01/2027,Active,ACTIVE,,,,,,
FIREWORKS ELECTRIC,,6 KEVIN CT,,JACKSON,NJ,08527-5029,(732) 534-5180,53.89.2128,Fire Protection Organization - Company,06/10/2026,07/01/2027,Active,ACTIVE,,,,,,
SUPERIOR HOLDINGS LLC DBA BEYOND FIRE PROTECTION LLC,,10949 E PEAKVIEW AVE # F11,,CENTENNIAL,CO,80111-6804,(303) 471-2582,53.89.2129,Fire Protection Organization - Company,06/17/2026,07/01/2027,Active,ACTIVE,,,,,,
COMMUNICATION COMPANY OF SOUTH BEND INC,,5320 S MAIN ST,,SOUTH BEND,IN,46614-5285,(574) 299-0020,53.89.2130,Fire Protection Organization - Company,07/20/2026,07/01/2027,Active,ACTIVE,,,,,,
DA VINCI FIRE PROTECTION SERVICES INC,,2033 STILLWATER DR,,DAVISON,MI,48423-2032,(248) 638-3136,53.89.2131,Fire Protection Organization - Company,08/13/2026,07/01/2027,Active,ACTIVE,,,,,,
MARMIC FIRE & SAFETY CO INC,,PO BOX 1086,,JOPLIN,MO,64802-1086,(417) 624-6117,53.89.2132,Fire Protection Organization - Company,08/19/2026,07/01/2027,Active,ACTIVE,,,,,,
VALLEY FIRE EXTINGUISHER SERVICE LLC,,184 WOODMORE DR,,WAYNESVILLE,NC,28785-8419,(828) 926-2759,53.89.2133,Fire Protection Organization - Company,08/19/2026,07/01/2027,Active,ACTIVE,,,,,,
DSSI SAFETY LLC,,517 SUNRISE DR,,LEECHBURG,PA,15656-1533,(724) 991-2254,53.89.2134,Fire Protection Organization - Company,08/24/2026,07/01/2027,Active,ACTIVE,,,,,,
PIPCO LLC,,1409 W ALTORFER DR,,PEORIA,IL,61615-1918,(309) 692-4060,53.89.2135,Fire Protection Organization - Company,09/01/2026,07/01/2027,Active,ACTIVE,,,,,,
PRECISION REPAIR SOLUTIONS LLC DBA AFFORDABLE FIRE SOLUTIONS,,76 CREEKSIDE DR,,FLORENCE,KY,41042-9392,(859) 912-4580,53.89.2136,Fire Protection Organization - Company,09/08/2026,07/01/2027,Active,ACTIVE,,,,,,
